raceId,driverId,stop,lap,time,duration,milliseconds,duration_seconds,is_normal_stop
900,154,1,1,17:09:56,17.255,17255,17.255,1
900,821,1,1,17:10:12,32.657,32657,32.657,1
900,815,1,1,17:10:14,25.541,25541,25.541,1
900,18,1,11,17:26:02,22.411,22411,22.411,1
900,815,2,11,17:27:03,22.497,22497,22.497,1
900,3,1,12,17:27:27,24.331,24331,24.331,1
900,817,1,12,17:27:37,22.994,22994,22.994,1
900,825,1,12,17:27:45,23.150,23150,23.15,1
900,807,1,12,17:27:51,22.615,22615,22.615,1
900,4,1,12,17:27:55,22.887,22887,22.887,1
900,8,1,12,17:28:02,25.543,25543,25.543,1
900,818,1,12,17:28:02,23.124,23124,23.124,1
900,826,1,12,17:28:03,30.514,30514,30.514,1
900,828,1,23,17:48:18,23.238,23238,23.238,1
900,820,1,24,17:49:56,24.209,24209,24.209,1
900,824,1,20,17:54:48,23.821,23821,23.821,1
900,154,2,28,17:56:08,22.264,22264,22.264,1
900,813,1,29,17:57:57,22.847,22847,22.847,1
900,821,2,30,17:59:29,23.797,23797,23.797,1
900,18,2,32,18:02:01,22.399,22399,22.399,1
900,815,3,32,18:02:29,22.526,22526,22.526,1
900,807,2,33,18:03:36,22.933,22933,22.933,1
900,818,2,33,18:03:39,22.978,22978,22.978,1
900,4,2,35,18:06:45,21.978,21978,21.978,1
900,817,2,36,18:08:06,22.427,22427,22.427,1
900,8,2,36,18:08:30,21.825,21825,21.825,1
900,826,2,36,18:08:31,23.920,23920,23.92,1
900,825,2,37,18:09:47,22.273,22273,22.273,1
900,3,2,38,18:10:59,23.673,23673,23.673,1
900,820,2,41,18:18:13,23.493,23493,23.493,1
900,824,2,35,18:19:32,22.656,22656,22.656,1
900,822,1,10,17:24:46,34.921,34921,34.921,1
900,16,1,35,18:07:21,24.305,24305,24.305,1
900,822,2,36,18:08:28,23.117,23117,23.117,1
901,824,1,1,16:07:01,52.836,52836,52.836,1
901,818,1,2,16:07:55,45.629,45629,45.629,1
901,8,1,2,16:08:22,26.399,26399,26.399,1
901,825,1,9,16:20:38,37.116,37116,37.116,1
901,826,1,10,16:22:31,25.109,25109,25.109,1
901,821,1,10,16:22:33,29.420,29420,29.42,1
901,820,1,10,16:22:44,25.639,25639,25.639,1
901,4,1,11,16:24:00,24.466,24466,24.466,1
901,16,1,11,16:24:25,25.998,25998,25.998,1
901,828,1,11,16:24:33,30.040,30040,30.04,1
901,817,1,12,16:25:46,24.709,24709,24.709,1
901,13,1,12,16:26:05,24.637,24637,24.637,1
901,154,1,12,16:26:14,25.046,25046,25.046,1
901,20,1,13,16:27:33,24.432,24432,24.432,1
901,18,1,13,16:27:49,24.841,24841,24.841,1
901,3,1,14,16:29:15,24.723,24723,24.723,1
901,822,1,14,16:29:48,25.020,25020,25.02,1
901,1,1,15,16:30:55,24.604,24604,24.604,1
901,155,1,15,16:31:53,27.124,27124,27.124,1
901,807,1,16,16:33:07,25.336,25336,25.336,1
901,818,2,17,16:36:11,26.598,26598,26.598,1
901,8,2,18,16:37:53,24.417,24417,24.417,1
901,826,2,22,16:44:37,27.473,27473,27.473,1
901,821,2,23,16:46:42,26.325,26325,26.325,1
901,825,2,24,16:48:18,30.661,30661,30.661,1
901,16,2,24,16:48:28,25.493,25493,25.493,1
901,18,2,25,16:49:48,24.524,24524,24.524,1
901,154,2,25,16:50:09,25.596,25596,25.596,1
901,828,2,26,16:52:40,26.515,26515,26.515,1
901,4,2,27,16:53:03,24.222,24222,24.222,1
901,13,2,27,16:53:28,24.577,24577,24.577,1
901,820,2,27,16:54:31,29.210,29210,29.21,1
901,817,2,28,16:54:45,24.775,24775,24.775,1
901,822,2,29,16:57:09,24.964,24964,24.964,1
901,20,2,31,17:00:00,24.728,24728,24.728,1
901,155,2,31,17:01:26,26.505,26505,26.505,1
901,3,2,32,17:01:43,25.287,25287,25.287,1
901,1,2,33,17:03:18,25.296,25296,25.296,1
901,807,2,34,17:05:38,24.887,24887,24.887,1
901,826,3,34,17:06:44,25.289,25289,25.289,1
901,8,3,34,17:07:07,24.246,24246,24.246,1
901,828,3,38,17:15:01,26.030,26030,26.03,1
901,18,3,39,17:15:13,25.028,25028,25.028,1
901,825,3,39,17:15:37,24.415,24415,24.415,1
901,817,3,40,17:16:28,1:49.329,109329,109.329,0
901,154,3,40,17:17:34,25.735,25735,25.735,1
901,4,3,42,17:20:04,24.641,24641,24.641,1
901,820,3,41,17:20:31,27.828,27828,27.828,1
901,13,3,42,17:20:35,24.526,24526,24.526,1
901,817,4,42,17:22:17,34.697,34697,34.697,1
901,822,3,44,17:24:12,24.498,24498,24.498,1
901,817,5,44,17:26:23,34.480,34480,34.48,1
901,20,3,49,17:32:08,25.186,25186,25.186,1
901,3,3,50,17:33:47,24.654,24654,24.654,1
901,1,3,51,17:35:18,24.484,24484,24.484,1
902,818,1,1,18:06:44,33.895,33895,33.895,1
902,16,1,7,18:16:37,25.293,25293,25.293,1
902,822,1,10,18:21:24,25.040,25040,25.04,1
902,826,1,10,18:21:32,26.064,26064,26.064,1
902,824,1,10,18:21:44,25.756,25756,25.756,1
902,828,1,11,18:23:34,25.367,25367,25.367,1
902,820,1,11,18:23:35,25.858,25858,25.858,1
902,4,1,12,18:24:52,25.770,25770,25.77,1
902,821,1,12,18:25:08,25.543,25543,25.543,1
902,13,1,13,18:26:30,24.528,24528,24.528,1
902,8,1,13,18:26:37,25.009,25009,25.009,1
902,154,1,13,18:26:50,25.192,25192,25.192,1
902,824,2,13,18:27:52,29.729,29729,29.729,1
902,825,1,14,18:28:29,24.611,24611,24.611,1
902,16,2,13,18:29:29,40.747,40747,40.747,1
902,818,2,14,18:29:48,25.897,25897,25.897,1
902,807,1,15,18:29:59,24.757,24757,24.757,1
902,155,1,15,18:30:29,27.124,27124,27.124,1
902,815,1,16,18:31:38,24.697,24697,24.697,1
902,20,1,16,18:31:48,24.964,24964,24.964,1
902,18,1,17,18:33:25,24.476,24476,24.476,1
902,817,1,18,18:35:12,24.706,24706,24.706,1
902,1,1,19,18:36:24,24.687,24687,24.687,1
902,813,1,19,18:37:12,25.395,25395,25.395,1
902,824,3,18,18:37:15,18.989,18989,18.989,1
902,3,1,21,18:39:48,24.851,24851,24.851,1
902,826,2,24,18:45:46,25.340,25340,25.34,1
902,822,2,25,18:47:07,25.068,25068,25.068,1
902,825,2,25,18:47:29,24.559,24559,24.559,1
902,828,2,26,18:49:57,25.819,25819,25.819,1
902,821,2,27,18:51:10,25.633,25633,25.633,1
902,13,2,28,18:52:16,25.896,25896,25.896,1
902,4,2,28,18:52:21,24.576,24576,24.576,1
902,154,2,28,18:52:44,25.032,25032,25.032,1
902,820,2,28,18:53:21,27.233,27233,27.233,1
902,824,4,31,19:00:23,25.866,25866,25.866,1
902,8,2,33,19:01:01,25.415,25415,25.415,1
902,815,2,34,19:02:23,24.737,24737,24.737,1
902,20,2,34,19:02:35,26.186,26186,26.186,1
902,807,2,35,19:04:06,24.440,24440,24.44,1
902,18,2,35,19:04:08,25.245,25245,25.245,1
902,817,2,35,19:04:23,24.816,24816,24.816,1
902,155,2,35,19:05:19,26.628,26628,26.628,1
902,154,3,37,19:08:17,25.693,25693,25.693,1
902,13,3,38,19:09:23,24.575,24575,24.575,1
902,825,3,38,19:09:48,25.572,25572,25.572,1
902,813,2,39,19:11:30,26.440,26440,26.44,1
902,826,3,39,19:11:36,25.345,25345,25.345,1
902,822,3,40,19:12:44,25.980,25980,25.98,1
902,1,2,41,19:13:29,25.146,25146,25.146,1
902,3,2,41,19:13:42,24.907,24907,24.907,1
902,813,3,40,19:13:51,34.249,34249,34.249,1
902,820,3,40,19:14:34,25.981,25981,25.981,1
902,4,3,41,19:14:50,24.493,24493,24.493,1
902,8,3,41,19:15:09,24.453,24453,24.453,1
902,824,5,40,19:16:59,25.383,25383,25.383,1
902,813,4,47,19:27:48,32.874,32874,32.874,1
903,18,1,7,15:16:33,22.408,22408,22.408,1
903,154,1,9,15:19:58,23.213,23213,23.213,1
903,13,1,10,15:21:37,1:18.277,78277,78.277,0
903,8,1,10,15:21:45,22.994,22994,22.994,1
903,815,1,10,15:21:51,22.914,22914,22.914,1
903,828,1,10,15:22:18,23.677,23677,23.677,1
903,4,1,11,15:23:16,22.776,22776,22.776,1
903,807,1,11,15:23:24,23.438,23438,23.438,1
903,155,1,11,15:23:49,24.883,24883,24.883,1
903,813,1,11,15:23:51,24.010,24010,24.01,1
903,824,1,11,15:23:56,24.784,24784,24.784,1
903,20,1,12,15:25:00,22.570,22570,22.57,1
903,822,1,12,15:25:09,24.780,24780,24.78,1
903,820,1,12,15:25:48,23.781,23781,23.781,1
903,3,1,13,15:26:51,23.277,23277,23.277,1
903,826,1,14,15:28:56,23.521,23521,23.521,1
903,821,1,14,15:29:04,22.988,22988,22.988,1
903,817,1,15,15:30:17,23.186,23186,23.186,1
903,818,1,15,15:30:46,24.119,24119,24.119,1
903,1,1,17,15:33:31,22.968,22968,22.968,1
903,825,1,17,15:34:28,23.670,23670,23.67,1
903,821,2,27,15:52:18,23.252,23252,23.252,1
903,828,2,27,15:53:08,23.730,23730,23.73,1
903,18,2,28,15:53:59,22.548,22548,22.548,1
903,824,2,28,15:54:28,24.320,24320,24.32,1
903,815,2,30,15:57:11,23.636,23636,23.636,1
903,155,2,30,15:57:59,25.402,25402,25.402,1
903,807,2,31,15:58:34,22.764,22764,22.764,1
903,822,2,31,15:58:35,23.639,23639,23.639,1
903,8,2,31,15:58:50,23.291,23291,23.291,1
903,826,2,31,15:59:08,23.628,23628,23.628,1
903,825,2,31,15:59:19,22.579,22579,22.579,1
903,13,2,31,15:59:50,23.830,23830,23.83,1
903,818,2,32,16:00:58,24.417,24417,24.417,1
903,813,2,32,16:01:12,23.022,23022,23.022,1
903,4,2,33,16:01:40,22.947,22947,22.947,1
903,820,2,32,16:01:49,23.878,23878,23.878,1
903,20,2,34,16:03:40,22.246,22246,22.246,1
903,3,2,37,16:08:37,23.089,23089,23.089,1
903,817,2,37,16:08:42,22.498,22498,22.498,1
903,1,2,38,16:09:59,23.999,23999,23.999,1
903,821,3,40,16:15:29,22.734,22734,22.734,1
903,155,3,40,16:15:53,24.722,24722,24.722,1
903,828,3,42,16:20:02,23.969,23969,23.969,1
903,820,3,48,16:30:26,23.886,23886,23.886,1
904,20,1,12,14:22:29,21.974,21974,21.974,1
904,817,1,14,14:25:18,21.969,21969,21.969,1
904,154,1,15,14:26:57,22.126,22126,22.126,1
904,13,1,15,14:27:02,22.890,22890,22.89,1
904,813,1,15,14:27:21,27.851,27851,27.851,1
904,4,1,16,14:28:34,21.970,21970,21.97,1
904,818,1,16,14:28:57,22.976,22976,22.976,1
904,8,1,17,14:30:07,22.056,22056,22.056,1
904,807,1,17,14:30:13,22.355,22355,22.355,1
904,18,1,17,14:30:19,21.810,21810,21.81,1
904,16,1,17,14:30:29,28.013,28013,28.013,1
904,820,1,17,14:30:46,24.337,24337,24.337,1
904,1,1,18,14:31:07,22.951,22951,22.951,1
904,815,1,18,14:31:48,22.367,22367,22.367,1
904,826,1,18,14:31:51,22.703,22703,22.703,1
904,821,1,18,14:32:02,23.063,23063,23.063,1
904,828,1,18,14:32:30,23.091,23091,23.091,1
904,825,1,19,14:33:31,21.894,21894,21.894,1
904,822,1,20,14:34:39,22.824,22824,22.824,1
904,3,1,21,14:35:43,22.254,22254,22.254,1
904,824,1,21,14:37:01,22.928,22928,22.928,1
904,155,1,23,14:40:18,22.789,22789,22.789,1
904,13,2,28,14:47:33,22.381,22381,22.381,1
904,820,2,31,14:53:03,23.232,23232,23.232,1
904,20,2,33,14:55:18,21.599,21599,21.599,1
904,154,2,34,14:56:49,22.078,22078,22.078,1
904,4,2,35,14:58:14,22.014,22014,22.014,1
904,16,2,35,14:58:53,23.378,23378,23.378,1
904,807,2,36,14:59:56,22.724,22724,22.724,1
904,18,2,36,15:00:01,24.408,24408,24.408,1
904,826,2,36,15:00:07,22.841,22841,22.841,1
904,821,2,36,15:00:25,24.780,24780,24.78,1
904,815,2,37,15:01:31,22.282,22282,22.282,1
904,813,2,37,15:01:54,22.024,22024,22.024,1
904,828,2,40,15:07:44,26.671,26671,26.671,1
904,825,2,41,15:07:56,21.768,21768,21.768,1
904,824,2,41,15:08:45,22.568,22568,22.568,1
904,1,2,43,15:09:35,23.590,23590,23.59,1
904,8,2,43,15:10:34,22.727,22727,22.727,1
904,820,3,42,15:10:46,23.586,23586,23.586,1
904,3,2,45,15:12:42,22.309,22309,22.309,1
904,817,2,45,15:13:16,21.830,21830,21.83,1
904,822,2,45,15:13:31,22.701,22701,22.701,1
904,13,3,46,15:15:37,22.304,22304,22.304,1
904,20,3,52,15:24:24,21.608,21608,21.608,1
904,821,3,52,15:25:31,23.025,23025,23.025,1
904,4,3,53,15:25:53,21.664,21664,21.664,1
904,826,3,53,15:26:38,22.984,22984,22.984,1
905,154,1,1,14:04:54,26.312,26312,26.312,1
905,16,1,1,14:04:55,33.207,33207,33.207,1
905,20,1,4,14:10:25,1:06.065,66065,66.065,0
905,154,2,23,14:37:00,25.029,25029,25.029,1
905,820,1,24,14:38:19,33.074,33074,33.074,1
905,18,1,25,14:38:59,25.992,25992,25.992,1
905,821,1,25,14:39:10,25.906,25906,25.906,1
905,155,1,25,14:39:30,25.421,25421,25.421,1
905,824,1,25,14:39:30,32.658,32658,32.658,1
905,3,1,26,14:39:54,24.672,24672,24.672,1
905,1,1,26,14:40:01,27.509,27509,27.509,1
905,828,1,25,14:40:02,28.091,28091,28.091,1
905,8,1,26,14:40:06,25.282,25282,25.282,1
905,817,1,26,14:40:07,26.584,26584,26.584,1
905,4,1,26,14:40:12,26.499,26499,26.499,1
905,825,1,26,14:40:29,28.943,28943,28.943,1
905,818,1,26,14:40:32,25.444,25444,25.444,1
905,807,1,26,14:40:36,25.714,25714,25.714,1
905,822,1,26,14:40:41,25.595,25595,25.595,1
905,8,2,28,14:44:21,25.684,25684,25.684,1
905,820,2,27,14:44:22,37.352,37352,37.352,1
905,818,2,37,14:57:54,19.385,19385,19.385,1
905,13,1,45,15:08:42,24.264,24264,24.264,1
905,828,2,51,15:17:37,25.585,25585,25.585,1
905,155,2,62,15:34:01,25.116,25116,25.116,1
905,820,3,66,15:40:58,26.137,26137,26.137,1
905,8,3,73,15:47:37,31.896,31896,31.896,1
906,821,1,1,14:05:32,24.370,24370,24.37,1
906,821,2,2,14:07:36,24.768,24768,24.768,1
906,154,1,11,14:23:03,23.943,23943,23.943,1
906,817,1,13,14:25:36,23.606,23606,23.606,1
906,822,1,14,14:26:56,23.448,23448,23.448,1
906,18,1,14,14:27:05,23.493,23493,23.493,1
906,20,1,15,14:28:14,23.904,23904,23.904,1
906,13,1,15,14:28:20,27.949,27949,27.949,1
906,818,1,15,14:28:22,24.433,24433,24.433,1
906,825,1,15,14:28:30,23.479,23479,23.479,1
906,16,1,15,14:28:33,23.703,23703,23.703,1
906,4,1,16,14:29:44,23.932,23932,23.932,1
906,8,1,17,14:31:08,23.925,23925,23.925,1
906,3,1,18,14:32:06,23.882,23882,23.882,1
906,1,1,19,14:33:29,24.417,24417,24.417,1
906,826,1,29,14:47:47,25.235,25235,25.235,1
906,821,3,32,14:52:08,24.403,24403,24.403,1
906,815,1,34,14:54:04,23.907,23907,23.907,1
906,822,2,35,14:55:26,24.491,24491,24.491,1
906,20,2,36,14:56:46,23.340,23340,23.34,1
906,817,2,37,14:58:06,23.274,23274,23.274,1
906,18,2,38,14:59:46,25.050,25050,25.05,1
906,818,2,39,15:01:02,23.975,23975,23.975,1
906,8,2,39,15:01:06,24.221,24221,24.221,1
906,16,2,40,15:02:56,24.068,24068,24.068,1
906,807,1,41,15:03:27,23.902,23902,23.902,1
906,3,2,44,15:07:09,25.102,25102,25.102,1
906,4,2,44,15:07:33,23.790,23790,23.79,1
906,1,2,45,15:08:31,23.554,23554,23.554,1
906,825,2,45,15:09:13,23.907,23907,23.907,1
906,154,2,46,15:10:53,23.856,23856,23.856,1
906,826,2,46,15:10:54,25.698,25698,25.698,1
906,13,2,48,15:12:49,24.012,24012,24.012,1
907,154,1,3,14:07:00,21.884,21884,21.884,1
907,818,1,8,14:13:14,22.232,22232,22.232,1
907,807,1,9,14:14:26,21.920,21920,21.92,1
907,825,1,10,14:15:40,21.670,21670,21.67,1
907,826,1,10,14:15:42,21.906,21906,21.906,1
907,817,1,10,14:15:42,21.467,21467,21.467,1
907,3,1,11,14:16:41,21.474,21474,21.474,1
907,16,1,11,14:17:03,22.960,22960,22.96,1
907,821,1,12,14:18:21,55.222,55222,55.222,1
907,1,1,13,14:19:10,22.226,22226,22.226,1
907,13,1,14,14:20:24,21.896,21896,21.896,1
907,4,1,14,14:20:35,21.234,21234,21.234,1
907,155,1,14,14:21:00,22.480,22480,22.48,1
907,822,1,15,14:21:40,21.133,21133,21.133,1
907,8,1,15,14:22:00,21.914,21914,21.914,1
907,20,1,20,14:29:37,21.381,21381,21.381,1
907,821,2,21,14:30:35,29.067,29067,29.067,1
907,813,1,26,14:36:02,23.343,23343,23.343,1
907,18,1,27,14:37:01,21.505,21505,21.505,1
907,154,2,27,14:37:37,24.212,24212,24.212,1
907,828,1,28,14:39:03,23.177,23177,23.177,1
907,815,1,29,14:39:23,23.770,23770,23.77,1
907,20,2,28,14:39:56,29.844,29844,29.844,1
907,820,1,37,14:50:48,22.977,22977,22.977,1
907,1,2,39,14:51:40,22.555,22555,22.555,1
907,807,2,39,14:52:03,22.246,22246,22.246,1
907,818,2,39,14:52:32,22.374,22374,22.374,1
907,3,2,40,14:52:50,21.664,21664,21.664,1
907,825,2,40,14:53:16,21.882,21882,21.882,1
907,822,2,41,14:54:08,22.208,22208,22.208,1
907,824,1,40,14:54:11,24.452,24452,24.452,1
907,13,2,43,14:56:41,22.096,22096,22.096,1
907,817,2,43,14:57:02,21.398,21398,21.398,1
907,16,2,43,14:57:38,22.449,22449,22.449,1
907,828,2,43,14:58:18,25.178,25178,25.178,1
907,8,2,44,14:58:20,21.618,21618,21.618,1
907,821,3,45,15:01:17,22.530,22530,22.53,1
907,4,2,47,15:01:38,21.276,21276,21.276,1
907,815,2,55,15:11:39,21.960,21960,21.96,1
907,813,2,56,15:13:32,22.612,22612,22.612,1
907,18,2,58,15:15:32,21.242,21242,21.242,1
908,820,2,2,14:09:26,23.154,23154,23.154,1
908,20,1,10,14:20:59,28.558,28558,28.558,1
908,826,1,14,14:27:58,28.700,28700,28.7,1
908,817,1,15,14:29:30,28.483,28483,28.483,1
908,3,1,18,14:33:49,28.329,28329,28.329,1
908,155,1,18,14:35:28,29.507,29507,29.507,1
908,16,1,23,14:43:21,29.956,29956,29.956,1
908,1,1,24,14:43:45,29.679,29679,29.679,1
908,4,1,25,14:46:13,34.410,34410,34.41,1
908,815,1,26,14:48:38,29.599,29599,29.599,1
908,813,1,26,14:48:44,28.831,28831,28.831,1
908,825,1,27,14:49:39,28.745,28745,28.745,1
908,818,1,27,14:50:07,30.218,30218,30.218,1
908,18,1,28,14:51:14,28.645,28645,28.645,1
908,807,1,29,14:53:24,29.579,29579,29.579,1
908,824,1,29,14:54:00,30.353,30353,30.353,1
908,155,2,29,14:54:55,29.540,29540,29.54,1
908,154,1,30,14:55:23,29.710,29710,29.71,1
908,822,1,31,14:55:58,29.104,29104,29.104,1
908,820,3,29,14:56:02,29.737,29737,29.737,1
908,20,2,33,14:59:34,28.787,28787,28.787,1
908,826,2,35,15:03:28,28.575,28575,28.575,1
908,1,2,41,15:12:01,29.291,29291,29.291,1
909,825,1,1,14:05:24,25.859,25859,25.859,1
909,828,1,3,14:08:42,27.495,27495,27.495,1
909,826,1,9,14:17:06,20.313,20313,20.313,1
909,4,1,12,14:20:59,19.174,19174,19.174,1
909,18,1,13,14:22:30,22.604,22604,22.604,1
909,817,1,13,14:22:38,19.050,19050,19.05,1
909,818,1,13,14:22:39,20.274,20274,20.274,1
909,20,1,14,14:23:46,19.607,19607,19.607,1
909,807,1,14,14:23:52,19.564,19564,19.564,1
909,815,1,14,14:24:04,21.802,21802,21.802,1
909,821,1,14,14:24:08,21.002,21002,21.002,1
909,3,1,15,14:24:57,20.055,20055,20.055,1
909,822,1,15,14:25:07,20.115,20115,20.115,1
909,155,1,15,14:25:55,20.121,20121,20.121,1
909,16,1,16,14:26:55,20.031,20031,20.031,1
909,820,1,16,14:27:18,23.883,23883,23.883,1
909,813,1,18,14:29:48,19.099,19099,19.099,1
909,828,2,18,14:30:40,19.890,19890,19.89,1
909,8,1,20,14:32:31,19.737,19737,19.737,1
909,824,1,20,14:32:49,20.031,20031,20.031,1
909,154,1,24,14:38:27,18.928,18928,18.928,1
909,1,1,26,14:40:40,19.710,19710,19.71,1
909,825,2,29,14:45:25,19.135,19135,19.135,1
909,18,2,31,14:47:51,18.916,18916,18.916,1
909,821,2,31,14:48:20,23.305,23305,23.305,1
909,16,2,32,14:49:41,19.638,19638,19.638,1
909,826,2,32,14:49:52,20.251,20251,20.251,1
909,155,2,32,14:50:24,20.092,20092,20.092,1
909,820,2,32,14:50:27,20.920,20920,20.92,1
909,4,2,33,14:50:28,19.032,19032,19.032,1
909,20,2,34,14:51:49,19.061,19061,19.061,1
909,8,2,34,14:52:22,19.867,19867,19.867,1
909,815,2,34,14:52:29,19.843,19843,19.843,1
909,817,2,35,14:53:27,19.358,19358,19.358,1
909,818,2,37,14:56:42,26.711,26711,26.711,1
909,813,2,38,14:58:08,19.126,19126,19.126,1
909,807,2,39,14:59:03,19.514,19514,19.514,1
909,822,2,40,14:59:58,20.206,20206,20.206,1
909,3,2,41,15:01:08,20.257,20257,20.257,1
909,1,2,42,15:02:54,19.918,19918,19.918,1
909,828,3,41,15:03:48,20.423,20423,20.423,1
909,20,3,45,15:07:09,18.879,18879,18.879,1
909,824,2,45,15:08:29,20.575,20575,20.575,1
909,817,3,46,15:08:49,18.868,18868,18.868,1
909,16,3,47,15:10:49,20.424,20424,20.424,1
909,820,3,47,15:11:56,20.632,20632,20.632,1
909,155,3,48,15:13:19,20.358,20358,20.358,1
909,818,3,49,15:13:46,20.431,20431,20.431,1
909,1,3,50,15:13:58,19.868,19868,19.868,1
909,821,3,50,15:15:08,19.779,19779,19.779,1
909,815,3,52,15:17:42,19.932,19932,19.932,1
909,825,3,53,15:18:59,19.427,19427,19.427,1
909,8,3,53,15:19:04,19.740,19740,19.74,1
909,4,3,55,15:21:01,19.308,19308,19.308,1
909,18,3,61,15:29:41,19.221,19221,19.221,1
910,18,1,8,14:17:29,26.737,26737,26.737,1
910,817,1,8,14:17:30,22.205,22205,22.205,1
910,807,1,8,14:17:33,24.040,24040,24.04,1
910,13,1,8,14:17:38,22.851,22851,22.851,1
910,818,1,8,14:17:39,23.809,23809,23.809,1
910,815,1,8,14:17:44,25.535,25535,25.535,1
910,821,1,8,14:17:46,24.050,24050,24.05,1
910,16,1,8,14:17:48,31.956,31956,31.956,1
910,1,1,8,14:17:49,23.800,23800,23.8,1
910,8,1,8,14:17:51,23.214,23214,23.214,1
910,154,1,8,14:17:53,23.979,23979,23.979,1
910,826,1,8,14:17:58,23.423,23423,23.423,1
910,155,1,8,14:18:04,34.086,34086,34.086,1
910,820,1,8,14:18:13,24.625,24625,24.625,1
910,813,1,8,14:18:14,22.376,22376,22.376,1
910,3,1,9,14:19:36,22.827,22827,22.827,1
910,822,1,9,14:19:37,25.497,25497,25.497,1
910,20,1,9,14:19:37,22.170,22170,22.17,1
910,4,1,9,14:19:38,22.253,22253,22.253,1
910,824,1,9,14:19:52,22.892,22892,22.892,1
910,18,2,15,14:32:05,22.807,22807,22.807,1
910,825,1,15,14:32:11,23.546,23546,23.546,1
910,813,2,17,14:35:49,32.608,32608,32.608,1
910,824,2,17,14:35:56,25.504,25504,25.504,1
910,817,2,23,14:44:24,23.741,23741,23.741,1
910,13,2,23,14:44:30,22.111,22111,22.111,1
910,822,2,23,14:44:48,22.518,22518,22.518,1
910,826,2,30,14:57:13,22.202,22202,22.202,1
910,3,2,32,15:00:00,23.864,23864,23.864,1
910,20,2,33,15:01:35,21.608,21608,21.608,1
910,818,2,34,15:03:00,23.123,23123,23.123,1
910,18,3,37,15:07:38,22.211,22211,22.211,1
910,4,2,38,15:08:47,21.634,21634,21.634,1
910,1,2,39,15:10:18,23.364,23364,23.364,1
910,16,2,39,15:10:43,22.500,22500,22.5,1
910,825,2,39,15:10:44,21.812,21812,21.812,1
910,8,2,41,15:13:31,22.154,22154,22.154,1
910,824,3,42,15:15:42,24.226,24226,24.226,1
910,813,3,43,15:16:53,21.818,21818,21.818,1
910,13,3,45,15:19:26,22.278,22278,22.278,1
910,820,2,45,15:20:20,23.232,23232,23.232,1
910,817,3,54,15:32:30,22.273,22273,22.273,1
910,3,3,56,15:35:44,22.001,22001,22.001,1
910,822,3,59,15:40:29,22.589,22589,22.589,1
911,154,1,1,14:06:17,29.256,29256,29.256,1
911,824,1,1,14:06:49,25.362,25362,25.362,1
911,1,1,2,14:08:41,25.580,25580,25.58,1
911,3,1,8,14:19:40,29.997,29997,29.997,1
911,8,1,8,14:19:44,22.858,22858,22.858,1
911,815,1,9,14:21:49,24.104,24104,24.104,1
911,13,1,9,14:21:55,23.945,23945,23.945,1
911,20,1,10,14:23:35,22.800,22800,22.8,1
911,826,1,10,14:23:49,24.082,24082,24.082,1
911,807,1,10,14:23:52,23.823,23823,23.823,1
911,817,1,11,14:25:27,22.913,22913,22.913,1
911,825,1,11,14:25:37,23.115,23115,23.115,1
911,16,1,11,14:25:53,23.755,23755,23.755,1
911,828,1,11,14:26:12,24.083,24083,24.083,1
911,820,1,11,14:26:13,23.734,23734,23.734,1
911,822,1,12,14:27:28,22.769,22769,22.769,1
911,4,1,12,14:27:29,28.920,28920,28.92,1
911,18,1,13,14:29:34,22.800,22800,22.8,1
911,154,2,13,14:30:15,22.838,22838,22.838,1
911,821,1,14,14:31:51,23.259,23259,23.259,1
911,818,1,15,14:33:42,23.571,23571,23.571,1
911,1,2,17,14:38:06,23.066,23066,23.066,1
911,3,2,19,14:41:14,22.936,22936,22.936,1
911,8,2,21,14:44:58,22.819,22819,22.819,1
911,13,2,21,14:45:39,24.083,24083,24.083,1
911,16,2,21,14:45:40,23.779,23779,23.779,1
911,20,2,22,14:46:57,22.731,22731,22.731,1
911,815,2,22,14:47:17,22.977,22977,22.977,1
911,825,2,23,14:49:03,22.414,22414,22.414,1
911,824,2,23,14:50:34,23.918,23918,23.918,1
911,826,2,24,14:51:10,24.436,24436,24.436,1
911,828,2,24,14:52:11,24.213,24213,24.213,1
911,4,2,25,14:52:56,22.974,22974,22.974,1
911,817,2,27,14:56:18,22.675,22675,22.675,1
911,154,3,27,14:57:40,24.569,24569,24.569,1
911,822,2,28,14:58:29,23.176,23176,23.176,1
911,18,2,29,15:00:43,22.588,22588,22.588,1
911,818,2,29,15:01:07,23.202,23202,23.202,1
911,820,2,29,15:02:05,24.873,24873,24.873,1
911,807,2,30,15:02:51,23.841,23841,23.841,1
911,821,2,30,15:03:10,22.898,22898,22.898,1
911,1,3,31,15:05:18,24.757,24757,24.757,1
911,3,3,34,15:09:54,23.392,23392,23.392,1
911,20,3,34,15:10:16,23.190,23190,23.19,1
911,16,3,34,15:10:53,23.732,23732,23.732,1
911,13,3,35,15:12:42,23.224,23224,23.224,1
912,821,1,9,14:17:44,26.376,26376,26.376,1
912,20,1,18,14:31:00,25.176,25176,25.176,1
912,815,1,19,14:32:34,24.938,24938,24.938,1
912,807,1,19,14:32:44,25.547,25547,25.547,1
912,8,1,20,14:34:06,24.547,24547,24.547,1
912,154,1,20,14:34:42,25.098,25098,25.098,1
912,825,1,21,14:35:33,24.214,24214,24.214,1
912,4,1,21,14:35:34,24.913,24913,24.913,1
912,813,1,21,14:35:52,24.223,24223,24.223,1
912,18,1,22,14:37:04,24.669,24669,24.669,1
912,155,1,22,14:37:42,25.277,25277,25.277,1
912,13,1,23,14:38:19,24.323,24323,24.323,1
912,3,1,24,14:39:36,24.583,24583,24.583,1
912,822,1,24,14:40:01,24.991,24991,24.991,1
912,818,1,24,14:40:20,25.046,25046,25.046,1
912,16,1,24,14:40:40,26.864,26864,26.864,1
912,1,1,25,14:41:07,24.453,24453,24.453,1
912,817,1,26,14:43:11,24.388,24388,24.388,1
912,824,1,27,14:45:35,26.641,26641,26.641,1
912,826,1,30,14:49:25,24.651,24651,24.651,1
912,828,1,30,14:50:45,28.685,28685,28.685,1
912,821,2,36,14:59:03,25.693,25693,25.693,1
912,821,3,49,15:19:29,26.849,26849,26.849,1
913,818,2,24,20:50:42,35.309,35309,35.309,1
913,16,2,24,20:51:16,29.748,29748,29.748,1
913,20,2,25,20:52:01,28.733,28733,28.733,1
913,8,2,25,20:52:18,29.164,29164,29.164,1
913,807,2,25,20:52:46,29.362,29362,29.362,1
913,1,2,26,20:53:42,31.040,31040,31.04,1
913,825,2,26,20:54:35,28.841,28841,28.841,1
913,817,2,27,20:55:55,29.113,29113,29.113,1
913,815,2,29,21:00:56,29.502,29502,29.502,1
913,154,3,30,21:02:56,29.761,29761,29.761,1
913,813,3,30,21:03:14,29.363,29363,29.363,1
913,815,3,30,21:03:37,35.289,35289,35.289,1
913,824,2,30,21:03:38,29.885,29885,29.885,1
913,4,3,31,21:04:03,28.991,28991,28.991,1
913,828,2,30,21:04:09,30.364,30364,30.364,1
913,18,2,31,21:04:39,28.627,28627,28.627,1
913,8,3,31,21:04:42,30.194,30194,30.194,1
913,807,3,31,21:05:18,30.415,30415,30.415,1
913,16,3,31,21:06:15,30.672,30672,30.672,1
913,813,4,31,21:06:18,29.655,29655,29.655,1
913,820,3,41,21:28:56,29.877,29877,29.877,1
913,826,3,43,21:32:14,31.092,31092,31.092,1
913,818,3,44,21:34:02,30.111,30111,30.111,1
913,815,4,44,21:34:11,29.339,29339,29.339,1
913,824,3,45,21:36:16,29.752,29752,29.752,1
913,825,3,46,21:37:54,28.706,28706,28.706,1
913,1,3,52,21:48:32,29.284,29284,29.284,1
913,16,1,8,20:19:52,29.887,29887,29.887,1
913,807,1,9,20:21:39,29.987,29987,29.987,1
913,13,1,10,20:23:21,29.578,29578,29.578,1
913,826,1,10,20:23:35,30.089,30089,30.089,1
913,154,1,10,20:23:40,29.322,29322,29.322,1
913,8,1,11,20:25:15,29.702,29702,29.702,1
913,822,1,11,20:25:21,30.340,30340,30.34,1
913,818,1,11,20:25:26,29.806,29806,29.806,1
913,813,1,11,20:25:40,29.960,29960,29.96,1
913,20,1,12,20:26:56,30.147,30147,30.147,1
913,4,1,12,20:27:01,28.912,28912,28.912,1
913,817,1,12,20:27:04,29.761,29761,29.761,1
913,828,1,12,20:28:03,30.144,30144,30.144,1
913,1,1,13,20:28:41,29.422,29422,29.422,1
913,825,1,13,20:29:15,28.684,28684,28.684,1
913,18,1,14,20:31:07,28.641,28641,28.641,1
913,815,1,15,20:33:27,29.979,29979,29.979,1
913,821,1,15,20:33:38,33.679,33679,33.679,1
913,824,1,15,20:33:44,30.413,30413,30.413,1
913,820,1,16,20:36:06,30.751,30751,30.751,1
913,820,2,18,20:40:34,37.975,37975,37.975,1
913,13,2,22,20:46:35,29.006,29006,29.006,1
913,154,2,22,20:47:09,29.040,29040,29.04,1
913,822,2,23,20:48:37,28.880,28880,28.88,1
913,826,2,23,20:49:04,30.188,30188,30.188,1
913,813,2,23,20:49:20,29.036,29036,29.036,1
913,4,2,24,20:50:06,28.810,28810,28.81,1
914,3,1,2,15:06:10,18:56.516,1136516,1136.516,0
914,1,1,2,15:06:11,18:57.295,1137295,1137.295,0
914,822,1,2,15:06:13,18:56.994,1136994,1136.994,0
914,13,1,2,15:06:15,18:56.594,1136594,1136.594,0
914,4,1,2,15:06:17,18:57.051,1137051,1137.051,0
914,817,1,2,15:06:20,18:55.520,1135520,1135.52,0
914,825,1,2,15:06:21,18:55.891,1135891,1135.891,0
914,18,1,2,15:06:23,18:56.054,1136054,1136.054,0
914,20,1,2,15:06:26,18:54.978,1134978,1134.978,0
914,8,1,2,15:06:28,18:55.276,1135276,1135.276,0
914,815,1,2,15:06:30,18:55.712,1135712,1135.712,0
914,826,1,2,15:06:33,18:54.529,1134529,1134.529,0
914,807,1,2,15:06:35,18:56.562,1136562,1136.562,0
914,16,1,2,15:06:37,18:55.797,1135797,1135.797,0
914,821,1,2,15:06:39,18:54.553,1134553,1134.553,0
914,154,1,2,15:06:42,18:53.680,1133680,1133.68,0
914,824,1,2,15:06:44,18:53.708,1133708,1133.708,0
914,155,1,2,15:06:47,18:53.381,1133381,1133.381,0
914,818,1,2,15:06:50,18:56.557,1136557,1136.557,0
914,820,1,2,15:06:52,18:55.937,1135937,1135.937,0
914,813,1,2,15:07:03,18:47.145,1127145,1127.145,0
914,828,1,2,15:07:18,18:33.851,1113851,1113.851,0
914,18,2,9,15:44:19,24.532,24532,24.532,1
914,813,2,9,15:44:28,25.460,25460,25.46,1
914,822,2,11,15:48:14,24.465,24465,24.465,1
914,817,2,11,15:48:16,24.184,24184,24.184,1
914,825,2,11,15:48:17,24.550,24550,24.55,1
914,8,2,11,15:48:20,25.191,25191,25.191,1
914,815,2,11,15:48:20,24.971,24971,24.971,1
914,826,2,11,15:48:22,24.567,24567,24.567,1
914,821,2,11,15:48:25,24.873,24873,24.873,1
914,154,2,11,15:48:26,24.011,24011,24.011,1
914,155,2,11,15:48:28,28.656,28656,28.656,1
914,818,2,11,15:48:29,25.451,25451,25.451,1
914,828,2,11,15:48:34,31.187,31187,31.187,1
914,820,2,11,15:48:36,25.879,25879,25.879,1
914,13,2,12,15:50:12,24.374,24374,24.374,1
914,20,2,12,15:50:13,23.764,23764,23.764,1
914,807,2,12,15:50:17,24.696,24696,24.696,1
914,16,2,12,15:50:21,25.136,25136,25.136,1
914,3,2,13,15:51:49,23.696,23696,23.696,1
914,824,2,13,15:52:24,25.116,25116,25.116,1
914,1,2,14,15:53:43,23.891,23891,23.891,1
914,825,3,15,15:56:34,33.215,33215,33.215,1
914,818,3,19,16:04:37,24.353,24353,24.353,1
914,154,3,21,16:08:25,23.656,23656,23.656,1
914,16,3,22,16:10:19,24.407,24407,24.407,1
914,813,3,22,16:10:28,24.184,24184,24.184,1
914,8,3,23,16:12:06,32.466,32466,32.466,1
914,826,3,23,16:12:08,24.222,24222,24.222,1
914,820,3,23,16:12:57,25.278,25278,25.278,1
914,824,3,24,16:14:29,24.910,24910,24.91,1
914,815,3,25,16:16:02,24.622,24622,24.622,1
914,828,3,25,16:16:32,25.977,25977,25.977,1
914,807,3,26,16:17:49,23.873,23873,23.873,1
914,155,3,26,16:18:42,25.635,25635,25.635,1
914,20,3,29,16:22:58,23.443,23443,23.443,1
914,18,3,31,16:26:40,28.547,28547,28.547,1
914,16,4,32,16:30:14,24.314,24314,24.314,1
914,3,3,33,16:30:17,24.862,24862,24.862,1
914,825,4,33,16:32:03,23.701,23701,23.701,1
914,821,3,34,16:33:51,26.943,26943,26.943,1
914,8,4,34,16:33:52,24.173,24173,24.173,1
914,154,4,34,16:33:58,23.745,23745,23.745,1
914,1,3,35,16:34:00,23.677,23677,23.677,1
914,817,3,36,16:36:14,25.607,25607,25.607,1
914,13,3,37,16:39:03,24.930,24930,24.93,1
914,822,3,38,16:40:55,25.052,25052,25.052,1
914,155,4,38,16:42:35,25.576,25576,25.576,1
914,826,4,39,16:43:18,26.554,26554,26.554,1
914,828,4,39,16:44:06,25.655,25655,25.655,1
914,155,5,39,16:45:03,24.907,24907,24.907,1
914,813,4,40,16:45:34,25.981,25981,25.981,1
914,825,5,40,16:45:43,24.361,24361,24.361,1
914,18,4,42,16:48:03,24.757,24757,24.757,1
914,807,4,43,16:51:01,24.792,24792,24.792,1
914,815,4,43,16:51:21,25.313,25313,25.313,1
914,8,5,43,16:51:48,24.768,24768,24.768,1
914,154,5,43,16:52:21,23.785,23785,23.785,1
915,3,1,1,15:05:38,33.820,33820,33.82,1
915,13,1,1,15:05:45,29.912,29912,29.912,1
915,820,1,4,15:11:25,31.374,31374,31.374,1
915,817,1,11,15:23:27,30.006,30006,30.006,1
915,16,1,12,15:25:38,30.733,30733,30.733,1
915,826,1,20,15:39:18,31.584,31584,31.584,1
915,154,1,20,15:39:40,30.037,30037,30.037,1
915,813,1,21,15:41:54,30.180,30180,30.18,1
915,18,1,22,15:42:24,29.994,29994,29.994,1
915,818,1,23,15:44:29,30.272,30272,30.272,1
915,807,1,24,15:46:32,30.096,30096,30.096,1
915,4,1,25,15:47:40,35.112,35112,35.112,1
915,815,1,25,15:48:06,29.876,29876,29.876,1
915,822,1,26,15:49:13,30.363,30363,30.363,1
915,825,1,26,15:49:27,29.736,29736,29.736,1
915,8,1,26,15:49:44,30.097,30097,30.097,1
915,1,1,27,15:50:40,30.503,30503,30.503,1
915,13,2,27,15:51:39,30.278,30278,30.278,1
915,828,1,27,15:52:14,31.020,31020,31.02,1
915,20,1,30,15:56:37,30.355,30355,30.355,1
915,826,2,37,16:09:35,30.321,30321,30.321,1
915,821,1,39,16:12:57,30.303,30303,30.303,1
915,828,2,43,16:21:18,30.760,30760,30.76,1
916,825,1,1,14:05:26,26.881,26881,26.881,1
916,807,1,1,14:05:32,33.427,33427,33.427,1
916,18,1,1,14:05:32,26.806,26806,26.806,1
916,821,1,1,14:05:34,25.007,25007,25.007,1
916,20,1,1,14:05:37,24.226,24226,24.226,1
916,20,2,2,14:08:25,23.909,23909,23.909,1
916,13,1,14,14:30:44,24.488,24488,24.488,1
916,817,1,14,14:30:46,24.040,24040,24.04,1
916,3,1,15,14:32:19,24.433,24433,24.433,1
916,822,1,15,14:32:30,24.151,24151,24.151,1
916,813,1,15,14:32:45,29.734,29734,29.734,1
916,818,1,15,14:32:46,30.158,30158,30.158,1
916,1,1,16,14:34:07,24.368,24368,24.368,1
916,4,1,16,14:34:26,24.601,24601,24.601,1
916,154,1,16,14:34:33,24.688,24688,24.688,1
916,8,1,17,14:36:16,24.131,24131,24.131,1
916,821,2,20,14:42:01,31.198,31198,31.198,1
916,826,1,21,14:43:32,24.995,24995,24.995,1
916,20,3,26,14:52:33,23.799,23799,23.799,1
916,825,2,27,14:54:14,24.497,24497,24.497,1
916,18,2,28,14:56:05,23.546,23546,23.546,1
916,154,2,29,14:57:45,23.802,23802,23.802,1
916,818,2,29,14:57:50,24.553,24553,24.553,1
916,822,2,30,14:58:59,24.283,24283,24.283,1
916,817,2,31,15:00:38,24.356,24356,24.356,1
916,13,2,32,15:02:21,25.456,25456,25.456,1
916,1,2,33,15:03:57,24.244,24244,24.244,1
916,3,2,34,15:05:43,24.513,24513,24.513,1
916,813,2,35,15:08:22,24.468,24468,24.468,1
916,821,3,40,15:17:42,24.726,24726,24.726,1
916,826,2,41,15:18:59,24.189,24189,24.189,1
916,8,2,42,15:20:41,23.872,23872,23.872,1
916,4,2,43,15:22:10,24.133,24133,24.133,1
916,20,4,48,15:31:17,23.948,23948,23.948,1
916,826,3,51,15:36:52,26.541,26541,26.541,1
916,8,3,52,15:38:29,24.226,24226,24.226,1
917,813,1,4,14:08:39,23.753,23753,23.753,1
917,13,1,5,14:09:42,23.220,23220,23.22,1
917,815,1,5,14:09:55,23.467,23467,23.467,1
917,822,1,6,14:11:00,23.294,23294,23.294,1
917,18,1,6,14:11:00,23.018,23018,23.018,1
917,20,1,6,14:11:07,23.808,23808,23.808,1
917,3,1,7,14:12:10,23.730,23730,23.73,1
917,825,1,7,14:12:21,23.061,23061,23.061,1
917,4,1,7,14:12:23,23.278,23278,23.278,1
917,817,1,7,14:12:24,23.141,23141,23.141,1
917,1,1,8,14:13:27,23.351,23351,23.351,1
917,821,1,8,14:13:43,23.661,23661,23.661,1
917,8,1,8,14:13:44,23.427,23427,23.427,1
917,818,1,9,14:15:04,23.782,23782,23.782,1
917,807,1,16,14:24:01,23.554,23554,23.554,1
917,826,1,18,14:26:39,25.001,25001,25.001,1
917,16,1,18,14:26:52,29.465,29465,29.465,1
917,20,2,24,14:34:28,23.195,23195,23.195,1
917,154,1,24,14:34:30,25.591,25591,25.591,1
917,13,2,25,14:35:32,30.084,30084,30.084,1
917,815,2,25,14:35:57,22.997,22997,22.997,1
917,3,2,26,14:36:33,23.346,23346,23.346,1
917,822,2,26,14:36:50,35.284,35284,35.284,1
917,825,2,26,14:36:58,24.190,24190,24.19,1
917,18,2,27,14:38:10,22.620,22620,22.62,1
917,817,2,27,14:38:18,22.871,22871,22.871,1
917,821,2,27,14:38:26,24.267,24267,24.267,1
917,818,2,27,14:38:30,24.408,24408,24.408,1
917,813,2,27,14:38:36,22.865,22865,22.865,1
917,1,2,28,14:39:09,24.224,24224,24.224,1
917,4,2,28,14:39:32,23.134,23134,23.134,1
917,8,2,35,14:48:30,27.934,27934,27.934,1
917,807,2,36,14:49:47,23.323,23323,23.323,1
917,826,2,38,14:52:30,24.385,24385,24.385,1
917,16,2,39,14:54:06,24.302,24302,24.302,1
917,154,2,40,14:55:19,23.023,23023,23.023,1
917,822,3,42,14:57:48,26.463,26463,26.463,1
917,813,3,45,15:01:47,23.090,23090,23.09,1
917,818,3,46,15:03:02,24.002,24002,24.002,1
917,825,3,47,15:03:59,24.131,24131,24.131,1
917,815,3,47,15:04:19,30.067,30067,30.067,1
917,20,3,48,15:05:05,22.746,22746,22.746,1
917,821,3,48,15:05:32,23.418,23418,23.418,1
917,3,3,50,15:06:59,23.240,23240,23.24,1
917,16,3,49,15:07:08,24.853,24853,24.853,1
917,13,3,50,15:07:25,26.918,26918,26.918,1
917,18,3,50,15:07:33,23.383,23383,23.383,1
917,1,3,51,15:08:16,22.874,22874,22.874,1
917,4,3,52,15:10:12,23.077,23077,23.077,1
917,826,3,59,15:19:23,24.726,24726,24.726,1
917,154,3,59,15:19:41,23.197,23197,23.197,1
917,807,3,60,15:20:21,23.411,23411,23.411,1
918,154,1,1,17:05:39,16.120,16120,16.12,1
918,4,1,5,17:12:48,21.619,21619,21.619,1
918,16,1,5,17:13:03,22.491,22491,22.491,1
918,18,1,6,17:14:36,22.627,22627,22.627,1
918,826,1,6,17:14:38,24.169,24169,24.169,1
918,8,1,6,17:14:41,21.546,21546,21.546,1
918,821,1,7,17:16:39,23.128,23128,23.128,1
918,813,1,7,17:16:42,21.998,21998,21.998,1
918,154,2,8,17:18:40,21.699,21699,21.699,1
918,1,1,10,17:21:35,21.885,21885,21.885,1
918,822,1,10,17:21:52,21.661,21661,21.661,1
918,3,1,11,17:23:26,21.741,21741,21.741,1
918,13,1,13,17:27:05,22.054,22054,22.054,1
918,818,1,13,17:27:37,22.919,22919,22.919,1
918,815,1,14,17:29:24,22.031,22031,22.031,1
918,829,1,14,17:30:04,24.144,24144,24.144,1
918,807,1,15,17:31:09,27.445,27445,27.445,1
918,155,1,15,17:31:40,24.421,24421,24.421,1
918,825,1,21,17:42:16,22.087,22087,22.087,1
918,20,1,21,17:42:18,23.094,23094,23.094,1
918,154,3,21,17:42:47,21.574,21574,21.574,1
918,16,2,22,17:44:35,22.277,22277,22.277,1
918,8,2,26,17:51:27,22.206,22206,22.206,1
918,817,1,27,17:52:58,21.747,21747,21.747,1
918,4,2,27,17:53:14,22.068,22068,22.068,1
918,18,2,28,17:55:03,22.042,22042,22.042,1
918,821,2,28,17:55:32,23.270,23270,23.27,1
918,825,2,29,17:57:15,21.623,21623,21.623,1
918,818,2,30,17:58:48,22.761,22761,22.761,1
918,1,2,31,17:59:40,21.887,21887,21.887,1
918,3,2,34,18:05:35,24.083,24083,24.083,1
918,822,2,35,18:07:17,22.015,22015,22.015,1
918,155,2,36,18:10:43,22.426,22426,22.426,1
918,807,2,37,18:11:24,21.642,21642,21.642,1
918,16,3,37,18:12:07,22.227,22227,22.227,1
918,829,2,37,18:13:03,23.545,23545,23.545,1
918,815,2,41,18:18:37,22.325,22325,22.325,1
918,13,2,43,18:21:15,22.040,22040,22.04,1
918,818,3,44,18:24:19,22.348,22348,22.348,1
918,20,2,46,18:27:33,21.611,21611,21.611,1
918,817,2,47,18:28:55,21.582,21582,21.582,1
926,828,1,1,16:05:59,22.681,22681,22.681,1
926,8,1,16,16:31:07,27.465,27465,27.465,1
926,13,1,21,16:38:38,22.062,22062,22.062,1
926,807,1,21,16:39:11,22.137,22137,22.137,1
926,817,1,23,16:42:09,22.535,22535,22.535,1
926,20,1,24,16:43:16,22.694,22694,22.694,1
926,832,1,24,16:43:48,55.789,55789,55.789,1
926,1,1,25,16:44:32,22.295,22295,22.295,1
926,831,1,25,16:45:12,22.933,22933,22.933,1
926,3,1,26,16:46:11,22.105,22105,22.105,1
926,828,2,26,16:47:15,23.254,23254,23.254,1
926,18,1,27,16:49:15,23.353,23353,23.353,1
926,830,1,32,16:56:30,23.532,23532,23.532,1
926,815,1,38,17:06:52,26.009,26009,26.009,1
926,8,2,40,17:08:30,22.405,22405,22.405,1
926,828,3,43,17:14:28,22.353,22353,22.353,1
926,807,2,44,17:15:43,21.612,21612,21.612,1
927,813,1,1,15:06:15,37.289,37289,37.289,1
927,831,1,2,15:07:27,33.918,33918,33.918,1
927,8,1,2,15:08:04,27.285,27285,27.285,1
927,1,1,4,15:11:07,26.094,26094,26.094,1
927,3,1,4,15:11:11,33.689,33689,33.689,1
927,817,1,4,15:11:13,26.714,26714,26.714,1
927,13,1,4,15:11:16,25.831,25831,25.831,1
927,826,1,4,15:11:17,30.463,30463,30.463,1
927,830,1,4,15:11:22,29.516,29516,29.516,1
927,822,1,4,15:11:24,30.154,30154,30.154,1
927,4,1,4,15:11:32,25.222,25222,25.222,1
927,18,1,4,15:11:38,33.027,33027,33.027,1
927,833,1,5,15:14:03,27.540,27540,27.54,1
927,832,1,14,15:30:50,25.126,25126,25.126,1
927,8,2,14,15:30:53,24.744,24744,24.744,1
927,807,1,15,15:32:38,25.826,25826,25.826,1
927,154,1,15,15:32:40,24.377,24377,24.377,1
927,20,1,17,15:35:47,23.996,23996,23.996,1
927,815,1,17,15:36:31,25.268,25268,25.268,1
927,817,2,18,15:38:11,25.604,25604,25.604,1
927,813,2,18,15:38:27,37.394,37394,37.394,1
927,830,2,20,15:41:45,25.655,25655,25.655,1
927,831,2,20,15:42:00,25.741,25741,25.741,1
927,826,2,21,15:43:36,24.781,24781,24.781,1
927,18,2,21,15:43:48,25.581,25581,25.581,1
927,833,2,22,15:46:29,27.004,27004,27.004,1
927,1,2,24,15:48:25,24.595,24595,24.595,1
927,13,2,24,15:48:49,24.788,24788,24.788,1
927,822,2,25,15:50:42,24.432,24432,24.432,1
927,3,2,26,15:52:07,24.574,24574,24.574,1
927,154,2,26,15:52:37,24.621,24621,24.621,1
927,831,3,30,16:00:16,25.331,25331,25.331,1
927,807,2,31,16:02:02,25.047,25047,25.047,1
927,832,2,32,16:03:31,25.165,25165,25.165,1
927,813,3,33,16:05:48,24.276,24276,24.276,1
927,8,3,34,16:06:41,24.653,24653,24.653,1
927,817,3,34,16:07:16,25.393,25393,25.393,1
927,154,3,34,16:07:29,26.014,26014,26.014,1
927,815,2,35,16:09:15,35.776,35776,35.776,1
927,18,3,35,16:09:16,25.846,25846,25.846,1
927,20,2,37,16:11:15,25.092,25092,25.092,1
927,1,3,38,16:13:14,24.179,24179,24.179,1
927,13,3,38,16:13:54,26.971,26971,26.971,1
927,826,3,39,16:16:13,26.149,26149,26.149,1
927,822,3,40,16:17:30,25.002,25002,25.002,1
927,830,3,40,16:17:48,24.768,24768,24.768,1
927,3,3,41,16:18:40,24.336,24336,24.336,1
927,831,4,43,16:23:49,25.204,25204,25.204,1
927,833,3,42,16:24:30,29.202,29202,29.202,1
927,807,3,44,16:25:34,35.351,35351,35.351,1
928,831,1,10,14:21:26,23.409,23409,23.409,1
928,813,1,11,14:23:09,22.470,22470,22.47,1
928,815,1,11,14:23:19,22.829,22829,22.829,1
928,154,1,12,14:24:52,23.421,23421,23.421,1
928,830,1,12,14:24:59,24.256,24256,24.256,1
928,4,1,12,14:25:14,23.238,23238,23.238,1
928,20,1,13,14:26:23,22.488,22488,22.488,1
928,13,1,13,14:26:33,23.145,23145,23.145,1
928,1,1,14,14:28:00,22.645,22645,22.645,1
928,822,1,14,14:28:20,23.084,23084,23.084,1
928,828,1,14,14:28:36,23.846,23846,23.846,1
928,817,1,14,14:28:38,22.635,22635,22.635,1
928,18,1,14,14:28:51,23.936,23936,23.936,1
928,3,1,15,14:29:48,22.483,22483,22.483,1
928,8,1,15,14:29:55,22.818,22818,22.818,1
928,829,1,16,14:32:55,24.132,24132,24.132,1
928,833,1,17,14:34:51,25.938,25938,25.938,1
928,832,1,19,14:37:55,23.795,23795,23.795,1
928,815,2,26,14:50:03,23.338,23338,23.338,1
928,20,2,30,14:56:09,22.444,22444,22.444,1
928,828,2,30,14:57:12,24.589,24589,24.589,1
928,3,2,31,14:57:50,22.829,22829,22.829,1
928,831,2,31,14:58:53,23.732,23732,23.732,1
928,154,2,32,15:00:30,23.605,23605,23.605,1
928,830,2,32,15:00:35,23.258,23258,23.258,1
928,18,2,32,15:00:57,23.273,23273,23.273,1
928,1,2,33,15:01:11,22.235,22235,22.235,1
928,813,2,33,15:02:42,22.899,22899,22.899,1
928,8,2,34,15:03:09,22.453,22453,22.453,1
928,13,2,34,15:03:37,23.317,23317,23.317,1
928,822,2,35,15:05:28,23.582,23582,23.582,1
928,4,2,35,15:06:28,23.345,23345,23.345,1
928,817,2,36,15:07:45,22.897,22897,22.897,1
928,829,2,38,15:13:29,24.054,24054,24.054,1
928,832,2,39,15:14:00,23.424,23424,23.424,1
928,815,3,41,15:16:42,23.144,23144,23.144,1
928,833,2,40,15:17:19,24.088,24088,24.088,1
928,813,3,48,15:29:49,17.912,17912,17.912,1
929,830,1,6,18:14:10,39.338,39338,39.338,1
929,807,1,10,18:20:48,26.652,26652,26.652,1
929,831,1,10,18:20:56,25.459,25459,25.459,1
929,13,1,10,18:20:57,24.894,24894,24.894,1
929,813,1,10,18:20:58,30.426,30426,30.426,1
929,828,1,11,18:22:33,26.045,26045,26.045,1
929,832,1,11,18:22:40,32.647,32647,32.647,1
929,154,1,12,18:24:12,24.735,24735,24.735,1
929,20,1,13,18:25:38,24.509,24509,24.509,1
929,4,1,13,18:26:08,25.370,25370,25.37,1
929,3,1,14,18:27:16,25.311,25311,25.311,1
929,822,1,14,18:27:28,25.293,25293,25.293,1
929,817,1,14,18:27:29,25.723,25723,25.723,1
929,1,1,15,18:28:52,25.791,25791,25.791,1
929,826,1,15,18:29:32,25.421,25421,25.421,1
929,8,1,17,18:32:23,24.773,24773,24.773,1
929,815,1,17,18:32:51,25.573,25573,25.573,1
929,833,1,18,18:35:44,25.834,25834,25.834,1
929,829,1,19,18:37:18,26.103,26103,26.103,1
929,831,2,24,18:44:52,25.898,25898,25.898,1
929,13,2,24,18:44:53,25.017,25017,25.017,1
929,813,2,24,18:44:54,24.310,24310,24.31,1
929,828,2,25,18:46:26,49.162,49162,49.162,1
929,807,2,25,18:46:33,24.679,24679,24.679,1
929,832,2,29,18:53:43,26.593,26593,26.593,1
929,830,2,30,18:55:37,27.225,27225,27.225,1
929,154,2,31,18:56:32,25.259,25259,25.259,1
929,20,2,32,18:57:31,24.449,24449,24.449,1
929,1,2,33,18:59:01,24.528,24528,24.528,1
929,822,2,33,18:59:33,24.623,24623,24.623,1
929,3,2,34,19:00:48,25.418,25418,25.418,1
929,829,2,33,19:01:49,26.479,26479,26.479,1
929,826,2,34,19:01:53,24.692,24692,24.692,1
929,817,2,35,19:03:02,24.943,24943,24.943,1
929,4,2,35,19:03:51,24.878,24878,24.878,1
929,833,2,34,19:04:04,27.573,27573,27.573,1
929,20,3,36,19:04:29,33.921,33921,33.921,1
929,815,2,37,19:06:50,25.288,25288,25.288,1
929,828,3,37,19:07:13,26.042,26042,26.042,1
929,807,3,38,19:08:50,24.979,24979,24.979,1
929,8,2,40,19:10:55,24.547,24547,24.547,1
929,813,3,41,19:13:31,1:47.394,107394,107.394,0
929,831,3,41,19:13:54,26.210,26210,26.21,1
930,807,1,10,14:19:46,22.659,22659,22.659,1
930,826,1,11,14:21:18,22.667,22667,22.667,1
930,18,1,11,14:21:23,22.589,22589,22.589,1
930,831,1,12,14:22:55,22.677,22677,22.677,1
930,1,1,13,14:23:49,24.586,24586,24.586,1
930,817,1,13,14:24:18,22.440,22440,22.44,1
930,830,1,13,14:24:19,24.396,24396,24.396,1
930,20,1,14,14:25:21,21.762,21762,21.762,1
930,13,1,14,14:25:37,22.139,22139,22.139,1
930,813,1,14,14:25:48,24.976,24976,24.976,1
930,832,1,14,14:25:58,22.859,22859,22.859,1
930,3,1,15,14:26:45,21.870,21870,21.87,1
930,822,1,15,14:27:01,22.082,22082,22.082,1
930,154,1,15,14:27:28,23.309,23309,23.309,1
930,813,2,15,14:27:46,32.459,32459,32.459,1
930,829,1,16,14:29:49,24.687,24687,24.687,1
930,8,1,17,14:30:09,22.623,22623,22.623,1
930,833,1,17,14:31:33,24.631,24631,24.631,1
930,828,1,18,14:32:23,25.272,25272,25.272,1
930,815,1,19,14:33:59,22.468,22468,22.468,1
930,4,1,21,14:37:01,23.728,23728,23.728,1
930,807,2,26,14:45:13,22.534,22534,22.534,1
930,18,2,27,14:47:05,23.327,23327,23.327,1
930,833,2,30,14:53:03,23.070,23070,23.07,1
930,1,2,32,14:53:17,22.727,22727,22.727,1
930,13,2,32,14:53:41,22.629,22629,22.629,1
930,829,2,32,14:56:02,23.043,23043,23.043,1
930,815,2,36,15:01:03,22.426,22426,22.426,1
930,830,2,37,15:02:19,22.607,22607,22.607,1
930,826,2,38,15:03:48,22.273,22273,22.273,1
930,831,2,39,15:05:35,23.186,23186,23.186,1
930,20,2,40,15:05:38,21.836,21836,21.836,1
930,154,2,40,15:06:43,33.256,33256,33.256,1
930,8,2,41,15:07:35,21.789,21789,21.789,1
930,822,2,42,15:08:57,21.800,21800,21.8,1
930,817,2,42,15:09:42,24.884,24884,24.884,1
930,832,2,42,15:10:08,22.178,22178,22.178,1
930,813,3,43,15:12:01,22.575,22575,22.575,1
930,3,2,45,15:13:00,22.452,22452,22.452,1
930,18,3,44,15:13:49,24.066,24066,24.066,1
930,828,2,45,15:15:00,22.872,22872,22.872,1
930,13,3,47,15:17:04,22.257,22257,22.257,1
930,829,3,47,15:20:31,22.796,22796,22.796,1
930,807,3,49,15:21:24,22.545,22545,22.545,1
930,1,3,51,15:22:23,21.965,21965,21.965,1
930,833,3,49,15:24:15,24.200,24200,24.2,1
931,807,1,1,14:04:47,34.773,34773,34.773,1
931,13,1,1,14:05:03,42.934,42934,42.934,1
931,832,1,12,14:19:42,25.306,25306,25.306,1
931,822,1,14,14:22:23,24.641,24641,24.641,1
931,828,1,14,14:22:25,25.618,25618,25.618,1
931,154,1,17,14:26:21,25.077,25077,25.077,1
931,831,1,18,14:27:40,25.732,25732,25.732,1
931,826,1,28,14:40:43,25.119,25119,25.119,1
931,830,1,29,14:42:14,52.821,52821,52.821,1
931,807,2,31,14:46:02,24.758,24758,24.758,1
931,4,1,32,14:46:31,30.345,30345,30.345,1
931,829,1,33,14:50:20,28.606,28606,28.606,1
931,18,1,35,14:50:28,25.062,25062,25.062,1
931,20,1,36,14:51:19,24.851,24851,24.851,1
931,817,1,36,14:51:34,24.501,24501,24.501,1
931,815,1,36,14:51:43,24.733,24733,24.733,1
931,3,1,37,14:52:37,24.789,24789,24.789,1
931,833,1,35,14:52:53,27.554,27554,27.554,1
931,8,1,37,14:52:54,24.177,24177,24.177,1
931,1,1,38,14:53:49,24.181,24181,24.181,1
931,828,2,38,14:55:31,25.398,25398,25.398,1
931,13,2,39,14:58:08,24.970,24970,24.97,1
931,830,2,46,15:06:05,25.736,25736,25.736,1
931,822,2,56,15:19:50,24.412,24412,24.412,1
931,13,3,62,15:29:53,24.395,24395,24.395,1
931,815,2,64,15:29:57,25.119,25119,25.119,1
931,18,2,64,15:30:17,24.661,24661,24.661,1
931,1,2,65,15:30:51,25.495,25495,25.495,1
931,831,2,64,15:30:55,26.420,26420,26.42,1
931,817,2,65,15:31:26,24.244,24244,24.244,1
931,828,3,69,15:40:15,25.234,25234,25.234,1
932,18,1,1,14:04:39,18.057,18057,18.057,1
932,20,1,7,14:12:45,27.241,27241,27.241,1
932,813,1,17,14:25:56,23.660,23660,23.66,1
932,817,1,23,14:34:08,23.997,23997,23.997,1
932,815,1,24,14:35:26,23.453,23453,23.453,1
932,8,1,26,14:37:27,23.630,23630,23.63,1
932,831,1,26,14:38:33,24.795,24795,24.795,1
932,154,1,27,14:39:08,24.292,24292,24.292,1
932,826,1,27,14:39:23,23.681,23681,23.681,1
932,832,1,27,14:39:37,24.277,24277,24.277,1
932,822,1,28,14:40:10,25.541,25541,25.541,1
932,807,1,28,14:40:35,23.507,23507,23.507,1
932,828,1,28,14:40:57,24.149,24149,24.149,1
932,1,1,29,14:41:11,23.708,23708,23.708,1
932,3,1,30,14:42:33,23.321,23321,23.321,1
932,4,1,31,14:45:06,23.553,23553,23.553,1
932,20,2,35,14:50:00,23.945,23945,23.945,1
932,829,1,34,14:50:14,30.807,30807,30.807,1
932,833,1,35,14:51:40,26.986,26986,26.986,1
932,13,1,37,14:52:40,23.912,23912,23.912,1
932,830,1,39,14:55:43,36.105,36105,36.105,1
932,8,2,40,14:56:15,24.578,24578,24.578,1
932,18,2,44,15:03:06,25.374,25374,25.374,1
933,826,1,1,14:04:37,28.632,28632,28.632,1
933,828,1,2,14:06:56,30.232,30232,30.232,1
933,18,1,3,14:09:03,24.104,24104,24.104,1
933,18,2,6,14:14:39,28.727,28727,28.727,1
933,828,2,12,14:22:17,16.211,16211,16.211,1
933,154,1,23,14:35:38,22.016,22016,22.016,1
933,831,1,24,14:36:49,22.803,22803,22.803,1
933,807,1,25,14:37:53,21.685,21685,21.685,1
933,832,1,25,14:38:02,27.638,27638,27.638,1
933,822,1,26,14:39:05,22.777,22777,22.777,1
933,830,1,26,14:39:12,21.984,21984,21.984,1
933,3,1,33,14:47:13,21.768,21768,21.768,1
933,13,1,34,14:48:45,22.447,22447,22.447,1
933,1,1,35,14:49:40,21.869,21869,21.869,1
933,833,1,34,14:50:23,23.926,23926,23.926,1
933,20,1,36,14:51:04,31.882,31882,31.882,1
933,813,1,37,14:52:53,21.847,21847,21.847,1
933,815,1,38,14:54:06,26.689,26689,26.689,1
933,826,2,45,15:03:07,22.111,22111,22.111,1
933,828,3,45,15:04:13,22.449,22449,22.449,1
933,817,1,50,15:09:02,27.710,27710,27.71,1
934,4,1,1,13:05:14,1:11.178,71178,71.178,0
934,817,1,11,13:23:42,28.464,28464,28.464,1
934,832,1,12,13:25:22,29.393,29393,29.393,1
934,8,1,13,13:26:56,28.974,28974,28.974,1
934,20,1,14,13:28:38,28.946,28946,28.946,1
934,4,2,17,13:34:06,28.703,28703,28.703,1
934,826,1,18,13:35:17,28.347,28347,28.347,1
934,1,1,19,13:36:43,28.417,28417,28.417,1
934,807,1,19,13:36:56,28.558,28558,28.558,1
934,13,1,20,13:38:21,29.369,29369,29.369,1
934,3,1,20,13:38:22,28.393,28393,28.393,1
934,815,1,20,13:38:41,28.860,28860,28.86,1
934,817,2,20,13:39:28,43.240,43240,43.24,1
934,822,1,21,13:39:59,28.781,28781,28.781,1
934,828,1,23,13:43:56,29.598,29598,29.598,1
934,829,1,36,14:07:55,48.861,48861,48.861,1
934,833,1,36,14:08:22,34.672,34672,34.672,1
934,828,2,37,14:08:39,30.867,30867,30.867,1
934,4,3,37,14:08:45,32.593,32593,32.593,1
934,8,2,38,14:09:28,30.397,30397,30.397,1
934,828,3,41,14:16:26,29.828,29828,29.828,1
934,1,2,43,14:17:40,28.979,28979,28.979,1
934,20,2,43,14:18:01,29.676,29676,29.676,1
934,828,4,42,14:18:36,30.197,30197,30.197,1
934,3,2,44,14:19:37,30.393,30393,30.393,1
934,13,2,44,14:19:54,31.948,31948,31.948,1
934,822,2,44,14:20:02,31.937,31937,31.937,1
934,826,2,44,14:20:27,33.979,33979,33.979,1
934,807,2,44,14:20:36,33.891,33891,33.891,1
934,815,2,44,14:21:16,31.998,31998,31.998,1
934,833,2,44,14:24:44,30.686,30686,30.686,1
934,8,3,47,14:26:56,30.178,30178,30.178,1
934,829,2,45,14:27:17,43.964,43964,43.964,1
936,833,1,6,14:15:43,26.392,26392,26.392,1
936,822,1,13,14:25:47,22.974,22974,22.974,1
936,826,1,13,14:25:51,22.072,22072,22.072,1
936,13,1,14,14:27:28,27.936,27936,27.936,1
936,830,1,14,14:27:30,22.536,22536,22.536,1
936,18,1,14,14:27:33,22.231,22231,22.231,1
936,154,1,14,14:27:34,22.805,22805,22.805,1
936,831,1,14,14:27:41,22.729,22729,22.729,1
936,807,1,15,14:28:49,22.573,22573,22.573,1
936,832,1,15,14:28:58,25.096,25096,25.096,1
936,4,1,15,14:29:00,21.567,21567,21.567,1
936,815,1,16,14:30:25,22.068,22068,22.068,1
936,828,1,16,14:30:36,23.005,23005,23.005,1
936,1,1,19,14:34:42,23.146,23146,23.146,1
936,3,1,20,14:35:52,21.780,21780,21.78,1
936,20,1,21,14:37:10,21.900,21900,21.9,1
936,817,1,21,14:37:37,21.824,21824,21.824,1
936,8,1,22,14:38:42,22.566,22566,22.566,1
936,813,1,24,14:42:53,16.444,16444,16.444,1
936,813,2,25,14:44:40,22.812,22812,22.812,1
936,829,1,26,14:46:47,23.051,23051,23.051,1
936,13,2,29,14:50:32,21.915,21915,21.915,1
936,815,2,30,14:51:57,22.409,22409,22.409,1
936,833,2,30,14:53:11,23.125,23125,23.125,1
936,831,2,32,14:55:00,22.907,22907,22.907,1
936,826,2,33,14:56:04,21.574,21574,21.574,1
936,828,2,33,14:56:29,22.199,22199,22.199,1
936,154,2,34,14:57:48,28.707,28707,28.707,1
936,18,2,35,14:59:17,21.753,21753,21.753,1
936,807,2,36,15:00:25,22.222,22222,22.222,1
936,4,2,36,15:00:39,22.300,22300,22.3,1
936,832,2,36,15:00:44,22.930,22930,22.93,1
936,830,2,37,15:02:04,23.431,23431,23.431,1
936,822,2,38,15:03:21,21.867,21867,21.867,1
936,3,2,42,15:08:45,22.013,22013,22.013,1
936,815,3,41,15:08:53,22.574,22574,22.574,1
936,1,2,42,15:08:57,24.272,24272,24.272,1
936,813,3,41,15:08:57,24.972,24972,24.972,1
936,828,3,41,15:09:02,22.747,22747,22.747,1
936,817,2,42,15:09:07,22.008,22008,22.008,1
936,20,2,43,15:10:02,22.028,22028,22.028,1
936,8,2,43,15:10:21,22.270,22270,22.27,1
936,154,3,42,15:10:37,23.972,23972,23.972,1
936,829,2,41,15:10:40,23.664,23664,23.664,1
936,831,3,42,15:10:56,23.097,23097,23.097,1
936,833,3,41,15:11:07,23.207,23207,23.207,1
936,826,3,43,15:11:48,21.663,21663,21.663,1
936,4,3,43,15:12:11,23.162,23162,23.162,1
936,20,3,45,15:14:38,16.639,16639,16.639,1
936,832,3,44,15:14:39,16.660,16660,16.66,1
936,18,3,44,15:14:41,16.488,16488,16.488,1
936,4,4,44,15:14:42,16.796,16796,16.796,1
936,8,3,45,15:14:43,16.979,16979,16.979,1
936,13,3,44,15:14:44,16.823,16823,16.823,1
936,154,4,44,15:14:46,17.064,17064,17.064,1
936,3,3,45,15:14:48,16.623,16623,16.623,1
936,829,3,43,15:14:50,17.116,17116,17.116,1
936,815,4,44,15:14:51,16.958,16958,16.958,1
936,1,3,45,15:14:53,18.249,18249,18.249,1
936,813,4,44,15:14:53,18.782,18782,18.782,1
936,828,4,44,15:14:55,18.577,18577,18.577,1
936,831,4,44,15:14:57,18.246,18246,18.246,1
936,817,3,45,15:14:58,18.270,18270,18.27,1
936,833,4,43,15:14:59,18.085,18085,18.085,1
936,822,3,45,15:15:16,16.427,16427,16.427,1
936,830,3,45,15:15:29,16.485,16485,16.485,1
936,826,4,45,15:15:35,16.453,16453,16.453,1
936,20,4,46,15:17:03,17.121,17121,17.121,1
936,832,4,45,15:17:04,16.786,16786,16.786,1
936,18,4,45,15:17:06,16.639,16639,16.639,1
936,4,5,45,15:17:07,16.879,16879,16.879,1
936,8,4,46,15:17:08,16.734,16734,16.734,1
936,13,4,45,15:17:10,16.818,16818,16.818,1
936,154,5,45,15:17:11,17.114,17114,17.114,1
936,3,4,46,15:17:13,17.780,17780,17.78,1
936,829,4,44,15:17:14,17.402,17402,17.402,1
936,815,5,45,15:17:15,32.181,32181,32.181,1
936,1,4,46,15:17:16,17.726,17726,17.726,1
936,813,5,45,15:17:17,18.186,18186,18.186,1
936,828,5,45,15:17:19,17.472,17472,17.472,1
936,831,5,45,15:17:21,17.235,17235,17.235,1
936,817,4,46,15:17:22,18.758,18758,18.758,1
936,833,5,44,15:17:23,18.149,18149,18.149,1
936,822,4,46,15:17:25,17.557,17557,17.557,1
936,830,4,46,15:17:25,23.043,23043,23.043,1
936,826,5,46,15:17:27,17.849,17849,17.849,1
936,822,5,49,15:23:48,30.031,30031,30.031,1
936,1,5,51,15:26:23,27.715,27715,27.715,1
936,8,5,52,15:27:47,59.555,59555,59.555,1
936,13,5,54,15:31:14,21.502,21502,21.502,1
936,1,6,54,15:31:15,16.579,16579,16.579,1
936,829,5,54,15:33:20,22.716,22716,22.716,1
936,830,5,56,15:33:45,16.415,16415,16.415,1
936,813,6,58,15:37:12,16.446,16446,16.446,1
936,817,5,64,15:45:08,31.037,31037,31.037,1
936,3,5,64,15:45:42,24.575,24575,24.575,1
937,817,1,7,14:20:39,22.637,22637,22.637,1
937,832,1,5,14:20:58,23.732,23732,23.732,1
937,815,1,8,14:22:36,23.562,23562,23.562,1
937,822,1,8,14:22:46,23.319,23319,23.319,1
937,4,1,8,14:23:03,22.973,22973,22.973,1
937,154,1,9,14:24:43,23.717,23717,23.717,1
937,826,1,9,14:24:46,22.796,22796,22.796,1
937,13,1,9,14:24:47,23.282,23282,23.282,1
937,830,1,9,14:24:48,24.564,24564,24.564,1
937,828,1,9,14:24:54,24.183,24183,24.183,1
937,831,1,10,14:27:06,23.439,23439,23.439,1
937,8,1,11,14:28:44,22.578,22578,22.578,1
937,18,1,11,14:29:15,24.083,24083,24.083,1
937,3,1,12,14:30:22,22.997,22997,22.997,1
937,1,1,13,14:32:13,22.403,22403,22.403,1
937,20,1,14,14:34:26,22.681,22681,22.681,1
937,822,2,15,14:36:40,17.343,17343,17.343,1
937,833,1,15,14:37:29,23.643,23643,23.643,1
937,829,1,16,14:39:34,23.826,23826,23.826,1
937,815,2,20,14:46:18,22.918,22918,22.918,1
937,4,2,20,14:47:07,26.103,26103,26.103,1
937,18,2,20,14:47:33,24.151,24151,24.151,1
937,154,2,21,14:48:35,23.493,23493,23.493,1
937,13,2,21,14:48:52,23.655,23655,23.655,1
937,8,2,21,14:48:53,23.143,23143,23.143,1
937,830,2,21,14:48:54,23.041,23041,23.041,1
937,822,3,21,14:49:04,23.489,23489,23.489,1
937,832,2,23,14:57:07,23.348,23348,23.348,1
937,826,2,27,15:00:37,22.563,22563,22.563,1
937,831,2,27,15:01:15,23.288,23288,23.288,1
937,828,2,28,15:03:02,23.684,23684,23.684,1
937,1,2,30,15:05:42,22.955,22955,22.955,1
937,833,2,29,15:06:14,23.282,23282,23.282,1
937,3,2,31,15:07:43,22.765,22765,22.765,1
937,829,2,30,15:08:20,24.450,24450,24.45,1
937,830,3,32,15:10:22,22.942,22942,22.942,1
937,4,3,32,15:11:10,23.191,23191,23.191,1
937,18,3,35,15:17:42,23.761,23761,23.761,1
938,831,1,1,14:05:00,25.761,25761,25.761,1
938,830,1,1,14:05:02,18.818,18818,18.818,1
938,832,1,10,14:18:38,30.358,30358,30.358,1
938,3,1,18,14:30:11,24.657,24657,24.657,1
938,807,1,18,14:30:23,24.286,24286,24.286,1
938,13,1,19,14:31:39,25.207,25207,25.207,1
938,830,2,19,14:32:19,25.318,25318,25.318,1
938,828,1,20,14:33:26,24.842,24842,24.842,1
938,822,1,22,14:36:10,25.536,25536,25.536,1
938,815,1,23,14:37:46,24.281,24281,24.281,1
938,831,2,24,14:40:02,25.282,25282,25.282,1
938,20,1,25,14:40:24,24.340,24340,24.34,1
938,18,1,25,14:41:32,24.310,24310,24.31,1
938,1,1,26,14:41:34,24.368,24368,24.368,1
938,829,1,26,14:43:37,29.382,29382,29.382,1
938,826,1,27,14:44:11,23.884,23884,23.884,1
938,8,1,28,14:45:20,24.442,24442,24.442,1
938,833,1,27,14:45:21,26.435,26435,26.435,1
938,4,1,28,14:46:15,24.330,24330,24.33,1
938,817,1,30,14:48:35,24.259,24259,24.259,1
938,832,2,30,14:48:54,24.736,24736,24.736,1
938,830,3,33,14:53:32,24.938,24938,24.938,1
938,4,2,46,15:13:37,19.374,19374,19.374,1
939,154,1,9,20:20:55,30.640,30640,30.64,1
939,4,1,10,20:22:46,34.237,34237,34.237,1
939,832,1,10,20:22:46,34.970,34970,34.97,1
939,828,1,10,20:22:52,29.589,29589,29.589,1
939,813,1,10,20:22:55,29.762,29762,29.762,1
939,807,1,11,20:24:36,30.868,30868,30.868,1
939,826,1,12,20:26:14,29.159,29159,29.159,1
939,13,1,12,20:26:28,31.380,31380,31.38,1
939,20,1,13,20:28:04,29.172,29172,29.172,1
939,817,1,13,20:28:10,31.307,31307,31.307,1
939,8,1,13,20:28:15,30.031,30031,30.031,1
939,1,1,13,20:28:21,28.917,28917,28.917,1
939,3,1,13,20:28:30,30.562,30562,30.562,1
939,822,1,13,20:28:34,29.260,29260,29.26,1
939,815,1,13,20:28:45,29.732,29732,29.732,1
939,831,1,13,20:28:53,29.679,29679,29.679,1
939,18,1,13,20:28:57,1:05.317,65317,65.317,0
939,830,1,12,20:29:01,31.207,31207,31.207,1
939,834,1,13,20:29:50,31.180,31180,31.18,1
939,13,2,14,20:31:49,29.907,29907,29.907,1
939,829,1,14,20:32:23,30.398,30398,30.398,1
939,154,2,26,20:57:10,29.826,29826,29.826,1
939,813,2,27,20:59:08,29.223,29223,29.223,1
939,828,2,28,21:01:10,29.857,29857,29.857,1
939,832,2,28,21:01:11,29.742,29742,29.742,1
939,13,3,29,21:03:13,24.415,24415,24.415,1
939,826,2,33,21:10:11,32.924,32924,32.924,1
939,815,2,34,21:12:15,29.676,29676,29.676,1
939,831,2,34,21:12:23,29.917,29917,29.917,1
939,830,2,36,21:16:29,30.844,30844,30.844,1
939,828,3,36,21:16:40,29.398,29398,29.398,1
939,20,2,37,21:17:26,29.273,29273,29.273,1
939,817,2,37,21:17:32,29.419,29419,29.419,1
939,834,2,36,21:17:38,32.036,32036,32.036,1
939,8,2,37,21:17:42,30.689,30689,30.689,1
939,3,2,37,21:17:55,29.887,29887,29.887,1
939,822,2,37,21:18:06,29.239,29239,29.239,1
939,18,2,37,21:18:41,30.106,30106,30.106,1
939,832,3,37,21:19:08,29.885,29885,29.885,1
939,829,2,37,21:20:15,37.847,37847,37.847,1
939,18,3,41,21:28:16,37.822,37822,37.822,1
939,813,3,54,21:53:08,29.996,29996,29.996,1
940,815,1,1,14:05:29,25.041,25041,25.041,1
940,817,1,1,14:06:11,26.087,26087,26.087,1
940,13,1,1,14:06:55,34.166,34166,34.166,1
940,826,1,8,14:17:26,23.316,23316,23.316,1
940,4,1,9,14:19:04,23.640,23640,23.64,1
940,830,1,9,14:19:07,27.793,27793,27.793,1
940,807,1,10,14:20:34,23.750,23750,23.75,1
940,831,1,10,14:20:51,24.763,24763,24.763,1
940,18,1,10,14:20:51,23.343,23343,23.343,1
940,822,1,11,14:22:04,23.542,23542,23.542,1
940,154,1,11,14:22:12,23.793,23793,23.793,1
940,813,1,12,14:23:55,24.842,24842,24.842,1
940,20,1,13,14:25:21,23.074,23074,23.074,1
940,828,1,13,14:26:01,23.418,23418,23.418,1
940,8,1,14,14:27:09,23.714,23714,23.714,1
940,832,1,14,14:27:23,23.701,23701,23.701,1
940,3,1,15,14:28:45,23.078,23078,23.078,1
940,1,1,16,14:30:13,22.750,22750,22.75,1
940,13,2,16,14:32:49,26.735,26735,26.735,1
940,815,2,18,14:34:39,24.303,24303,24.303,1
940,826,2,20,14:38:04,23.183,23183,23.183,1
940,834,1,22,14:42:18,25.146,25146,25.146,1
940,817,2,24,14:45:19,23.225,23225,23.225,1
940,828,2,26,14:48:19,23.441,23441,23.441,1
940,832,2,27,14:49:26,39.345,39345,39.345,1
940,18,2,27,14:49:59,23.801,23801,23.801,1
940,8,2,28,14:50:45,22.584,22584,22.584,1
940,4,2,28,14:51:35,23.767,23767,23.767,1
940,3,2,29,14:52:12,23.241,23241,23.241,1
940,822,2,29,14:52:23,23.588,23588,23.588,1
940,20,2,30,14:53:49,23.130,23130,23.13,1
940,830,2,30,14:54:54,23.977,23977,23.977,1
940,831,2,30,14:55:14,24.116,24116,24.116,1
940,1,2,31,14:55:15,23.165,23165,23.165,1
940,807,2,31,14:56:02,23.491,23491,23.491,1
940,154,2,33,14:59:32,24.554,24554,24.554,1
940,834,2,33,15:01:34,25.088,25088,25.088,1
940,826,3,34,15:01:48,23.381,23381,23.381,1
940,13,3,34,15:03:24,24.670,24670,24.67,1
940,813,2,36,15:04:35,23.249,23249,23.249,1
940,815,3,36,15:05:03,24.267,24267,24.267,1
940,807,3,42,15:17:36,35.760,35760,35.76,1
940,829,1,21,14:40:29,25.875,25875,25.875,1
940,829,2,32,14:59:51,23.647,23647,23.647,1
940,829,3,42,15:17:36,35.760,35760,35.76,1
941,154,1,1,14:05:55,54.445,54445,54.445,1
941,830,1,1,14:06:46,37.334,37334,37.334,1
941,815,1,12,14:27:00,30.545,30545,30.545,1
941,817,1,12,14:27:08,29.732,29732,29.732,1
941,832,1,12,14:27:19,30.288,30288,30.288,1
941,18,1,12,14:27:21,29.719,29719,29.719,1
941,4,1,13,14:29:42,29.539,29539,29.539,1
941,833,1,13,14:30:08,35.072,35072,35.072,1
941,829,1,14,14:32:34,32.400,32400,32.4,1
941,829,2,17,14:39:33,30.421,30421,30.421,1
941,830,2,24,14:51:41,30.241,30241,30.241,1
941,822,1,26,14:54:41,30.316,30316,30.316,1
941,20,1,30,15:01:31,29.367,29367,29.367,1
941,13,1,30,15:01:51,30.741,30741,30.741,1
941,813,1,30,15:01:56,29.952,29952,29.952,1
941,8,1,31,15:03:16,29.386,29386,29.386,1
941,1,1,32,15:04:38,30.216,30216,30.216,1
941,826,1,33,15:06:55,30.418,30418,30.418,1
941,831,1,34,15:08:41,30.362,30362,30.362,1
942,822,1,1,14:05:59,40.488,40488,40.488,1
942,154,1,1,14:06:27,27.621,27621,27.621,1
942,834,1,1,14:06:39,37.748,37748,37.748,1
942,4,1,1,14:06:40,31.987,31987,31.987,1
942,831,1,2,14:08:09,31.137,31137,31.137,1
942,831,2,3,14:11:11,25.931,25931,25.931,1
942,822,2,4,14:14:23,26.384,26384,26.384,1
942,154,2,9,14:23:43,27.730,27730,27.73,1
942,828,1,16,14:36:37,29.728,29728,29.728,1
942,18,1,17,14:38:36,27.286,27286,27.286,1
942,1,1,18,14:40:00,24.354,24354,24.354,1
942,20,1,18,14:40:12,25.019,25019,25.019,1
942,830,1,18,14:40:12,25.527,25527,25.527,1
942,13,1,18,14:40:23,24.646,24646,24.646,1
942,831,3,17,14:40:29,25.714,25714,25.714,1
942,834,2,17,14:40:33,26.520,26520,26.52,1
942,813,1,18,14:40:42,27.851,27851,27.851,1
942,4,2,18,14:41:28,24.631,24631,24.631,1
942,817,1,19,14:41:45,24.449,24449,24.449,1
942,3,1,19,14:41:53,24.640,24640,24.64,1
942,826,1,19,14:41:54,24.638,24638,24.638,1
942,815,1,19,14:42:04,26.458,26458,26.458,1
942,8,1,19,14:42:09,24.733,24733,24.733,1
942,832,1,19,14:42:10,25.259,25259,25.259,1
942,807,1,19,14:42:11,27.344,27344,27.344,1
942,828,2,19,14:42:56,30.932,30932,30.932,1
942,8,2,20,14:45:11,34.548,34548,34.548,1
942,4,3,26,14:56:18,25.405,25405,25.405,1
942,20,2,27,14:56:46,25.576,25576,25.576,1
942,807,2,27,14:56:58,27.360,27360,27.36,1
942,832,2,27,14:57:05,44.582,44582,44.582,1
942,815,2,27,14:57:13,24.730,24730,24.73,1
942,18,2,27,14:57:21,24.689,24689,24.689,1
942,813,2,27,14:58:06,25.446,25446,25.446,1
942,831,4,26,14:58:12,24.975,24975,24.975,1
942,830,2,28,14:59:09,24.904,24904,24.904,1
942,834,3,27,15:00:26,25.812,25812,25.812,1
942,3,2,38,15:20:21,25.242,25242,25.242,1
942,826,2,38,15:20:45,25.205,25205,25.205,1
942,817,2,38,15:20:48,27.802,27802,27.802,1
942,831,5,42,15:29:13,35.546,35546,35.546,1
942,1,2,43,15:29:55,24.088,24088,24.088,1
942,20,3,43,15:30:04,24.158,24158,24.158,1
942,832,3,43,15:30:32,26.840,26840,26.84,1
942,813,3,43,15:30:33,25.054,25054,25.054,1
942,18,3,44,15:32:44,24.862,24862,24.862,1
942,817,3,50,15:44:54,24.495,24495,24.495,1
943,20,1,1,13:04:58,28.070,28070,28.07,1
943,822,1,8,13:14:42,22.957,22957,22.957,1
943,13,1,9,13:16:11,22.849,22849,22.849,1
943,807,1,9,13:16:16,23.277,23277,23.277,1
943,813,1,10,13:17:46,26.647,26647,26.647,1
943,828,1,10,13:17:54,22.956,22956,22.956,1
943,154,1,11,13:19:15,22.735,22735,22.735,1
943,831,1,12,13:20:51,23.026,23026,23.026,1
943,832,1,13,13:21:59,23.128,23128,23.128,1
943,815,1,18,13:29:04,23.547,23547,23.547,1
943,826,1,21,13:32:58,22.559,22559,22.559,1
943,817,1,24,13:37:18,22.422,22422,22.422,1
943,830,1,25,13:38:51,22.985,22985,22.985,1
943,3,1,26,13:39:37,22.391,22391,22.391,1
943,829,1,26,13:41:44,25.087,25087,25.087,1
943,1,1,28,13:42:28,22.304,22304,22.304,1
943,834,1,27,13:43:29,25.367,25367,25.367,1
943,18,1,30,13:46:38,23.356,23356,23.356,1
943,20,2,35,13:53:28,22.156,22156,22.156,1
943,828,2,39,13:59:15,23.461,23461,23.461,1
943,832,2,43,14:04:29,23.776,23776,23.776,1
943,831,2,44,14:06:33,23.417,23417,23.417,1
943,3,2,46,14:07:31,22.303,22303,22.303,1
943,1,2,48,14:10:19,22.328,22328,22.328,1
943,18,2,47,14:11:04,23.018,23018,23.018,1
943,832,3,51,14:15:57,23.068,23068,23.068,1
943,828,3,51,14:16:29,23.292,23292,23.292,1
943,826,2,52,14:16:33,22.518,22518,22.518,1
943,817,2,52,14:16:49,22.488,22488,22.488,1
943,13,2,52,14:16:52,23.086,23086,23.086,1
943,807,2,52,14:16:54,24.136,24136,24.136,1
943,831,3,51,14:17:02,23.813,23813,23.813,1
943,830,2,52,14:17:19,22.589,22589,22.589,1
943,154,2,52,14:17:28,23.101,23101,23.101,1
943,813,2,52,14:17:35,23.937,23937,23.937,1
943,829,2,50,14:17:37,24.224,24224,24.224,1
943,834,2,50,14:17:41,30.442,30442,30.442,1
943,822,2,53,14:18:31,23.160,23160,23.16,1
944,817,1,3,14:07:06,23.937,23937,23.937,1
944,807,1,9,14:14:48,24.009,24009,24.009,1
944,826,1,10,14:16:04,24.155,24155,24.155,1
944,13,1,10,14:16:08,23.887,23887,23.887,1
944,815,1,10,14:16:10,23.854,23854,23.854,1
944,154,1,10,14:16:12,24.475,24475,24.475,1
944,822,1,11,14:17:18,23.736,23736,23.736,1
944,830,1,11,14:17:28,24.166,24166,24.166,1
944,8,1,12,14:18:31,23.293,23293,23.293,1
944,18,1,12,14:18:53,23.242,23242,23.242,1
944,828,1,12,14:18:58,24.699,24699,24.699,1
944,3,1,13,14:19:39,25.039,25039,25.039,1
944,20,1,13,14:19:44,23.801,23801,23.801,1
944,4,1,13,14:20:14,22.981,22981,22.981,1
944,1,1,14,14:20:57,24.328,24328,24.328,1
944,831,1,14,14:21:27,25.529,25529,25.529,1
944,834,1,14,14:22:03,25.492,25492,25.492,1
944,829,1,15,14:23:24,25.547,25547,25.547,1
944,813,1,25,14:36:04,24.115,24115,24.115,1
944,817,2,28,14:40:10,23.979,23979,23.979,1
944,18,2,31,14:44:10,24.265,24265,24.265,1
944,20,2,32,14:44:26,23.474,23474,23.474,1
944,3,2,33,14:45:33,23.321,23321,23.321,1
944,4,2,32,14:45:34,23.218,23218,23.218,1
944,828,2,32,14:45:52,29.148,29148,29.148,1
944,815,2,33,14:46:36,23.609,23609,23.609,1
944,1,2,34,14:46:52,23.148,23148,23.148,1
944,830,2,34,14:47:52,24.153,24153,24.153,1
944,807,2,35,14:48:59,24.199,24199,24.199,1
944,154,2,35,14:49:12,23.787,23787,23.787,1
944,13,2,38,14:53:00,23.927,23927,23.927,1
944,826,2,39,14:54:15,23.630,23630,23.63,1
944,831,2,39,14:54:38,24.491,24491,24.491,1
944,822,2,41,14:56:37,24.913,24913,24.913,1
944,829,2,40,14:57:45,27.095,27095,27.095,1
944,834,2,41,14:59:12,26.706,26706,26.706,1
944,813,2,44,15:01:06,30.082,30082,30.082,1
944,8,2,46,15:02:43,25.308,25308,25.308,1
944,20,3,47,15:03:48,23.861,23861,23.861,1
944,3,3,48,15:04:53,23.046,23046,23.046,1
944,1,3,49,15:06:11,22.936,22936,22.936,1
944,815,3,51,15:10:22,23.732,23732,23.732,1
944,18,3,51,15:10:27,23.402,23402,23.402,1
944,817,3,52,15:11:38,24.775,24775,24.775,1
944,4,3,52,15:11:48,23.810,23810,23.81,1
944,830,3,53,15:12:51,24.078,24078,24.078,1
944,828,3,53,15:13:28,25.102,25102,25.102,1
944,154,3,54,15:14:07,23.958,23958,23.958,1
944,13,3,55,15:15:12,23.401,23401,23.401,1
945,4,1,1,17:05:39,44.990,44990,44.99,1
945,831,1,4,17:11:05,28.407,28407,28.407,1
945,826,1,5,17:12:45,21.868,21868,21.868,1
945,815,1,6,17:14:27,21.922,21922,21.922,1
945,817,1,6,17:14:29,21.949,21949,21.949,1
945,13,1,6,17:14:32,22.851,22851,22.851,1
945,807,1,7,17:16:20,22.045,22045,22.045,1
945,832,1,7,17:16:24,25.307,25307,25.307,1
945,822,1,8,17:18:12,24.485,24485,24.485,1
945,830,1,8,17:18:16,22.309,22309,22.309,1
945,18,1,8,17:18:18,23.722,23722,23.722,1
945,4,2,8,17:19:12,16.128,16128,16.128,1
945,822,2,9,17:20:31,28.622,28622,28.622,1
945,3,1,10,17:21:26,21.637,21637,21.637,1
945,8,1,10,17:21:36,22.162,22162,22.162,1
945,1,1,11,17:23:20,21.346,21346,21.346,1
945,828,1,15,17:31:20,22.838,22838,22.838,1
945,4,3,17,17:36:02,22.246,22246,22.246,1
945,830,2,20,17:40:25,22.457,22457,22.457,1
945,20,1,23,17:45:22,21.795,21795,21.795,1
945,154,1,23,17:45:39,22.203,22203,22.203,1
945,829,1,23,17:47:03,22.913,22913,22.913,1
945,807,2,24,17:47:36,22.174,22174,22.174,1
945,833,1,24,17:49:26,24.314,24314,24.314,1
945,826,2,25,17:49:27,21.634,21634,21.634,1
945,817,2,26,17:51:05,22.118,22118,22.118,1
945,13,2,26,17:51:15,22.710,22710,22.71,1
945,831,2,26,17:51:35,22.806,22806,22.806,1
945,815,2,27,17:52:50,22.116,22116,22.116,1
945,18,2,27,17:53:21,22.310,22310,22.31,1
945,832,2,28,17:54:59,22.063,22063,22.063,1
945,822,3,29,17:57:10,29.592,29592,29.592,1
945,3,2,31,17:59:21,21.580,21580,21.58,1
945,8,2,32,18:01:20,25.613,25613,25.613,1
945,829,2,33,18:06:05,22.854,22854,22.854,1
945,830,3,38,18:13:19,22.355,22355,22.355,1
945,20,2,39,18:14:14,21.628,21628,21.628,1
945,1,2,41,18:17:11,21.392,21392,21.392,1
945,828,2,41,18:18:57,22.200,22200,22.2,1
945,154,2,43,18:22:01,22.234,22234,22.234,1
945,831,3,44,18:24:25,22.086,22086,22.086,1
945,4,4,47,18:30:52,22.377,22377,22.377,1
948,825,1,1,16:09:48,27.831,27831,27.831,1
948,832,1,8,16:19:48,22.414,22414,22.414,1
948,831,1,10,16:23:19,22.701,22701,22.701,1
948,13,1,11,16:24:32,21.550,21550,21.55,1
948,836,1,11,16:24:47,26.206,26206,26.206,1
948,828,1,11,16:24:51,22.357,22357,22.357,1
948,3,1,12,16:25:48,21.531,21531,21.531,1
948,817,1,12,16:25:59,22.245,22245,22.245,1
948,4,1,12,16:26:14,21.796,21796,21.796,1
948,835,1,12,16:26:22,23.286,23286,23.286,1
948,837,1,12,16:26:36,23.224,23224,23.224,1
948,20,1,13,16:27:17,21.339,21339,21.339,1
948,830,1,13,16:27:32,22.303,22303,22.303,1
948,18,1,15,16:31:07,22.616,22616,22.616,1
948,8,1,16,16:32:03,22.508,22508,22.508,1
948,1,1,16,16:32:16,21.940,21940,21.94,1
948,807,1,16,16:32:30,22.167,22167,22.167,1
948,815,1,16,16:32:37,24.719,24719,24.719,1
948,822,1,17,16:34:32,21.376,21376,21.376,1
948,825,2,16,16:34:50,22.079,22079,22.079,1
948,20,2,18,16:36:56,18:09.312,1089312,1089.312,0
948,3,2,18,16:36:58,18:09.303,1089303,1089.303,0
948,8,2,18,16:37:00,18:09.365,1089365,1089.365,0
948,817,2,18,16:37:02,18:09.822,1089822,1089.822,0
948,830,2,18,16:37:03,18:09.372,1089372,1089.372,0
948,832,2,18,16:37:05,18:09.971,1089971,1089.971,0
948,1,2,18,16:37:09,18:10.087,1090087,1090.087,0
948,13,2,18,16:37:10,18:09.805,1089805,1089.805,0
948,154,1,18,16:37:12,18:09.417,1089417,1089.417,0
948,807,2,18,16:37:14,18:09.155,1089155,1089.155,0
948,822,2,18,16:37:16,18:08.989,1088989,1088.989,0
948,835,2,18,16:37:19,18:08.294,1088294,1088.294,0
948,815,2,18,16:37:21,18:07.311,1087311,1087.311,0
948,828,2,18,16:37:25,18:06.875,1086875,1086.875,0
948,18,2,18,16:37:31,18:04.466,1084466,1084.466,0
948,831,2,18,16:37:34,18:02.337,1082337,1082.337,0
948,836,2,18,16:37:36,18:02.140,1082140,1082.14,0
948,825,3,17,16:37:38,15:46.318,946318,946.318,0
948,828,3,27,17:10:16,16.936,16936,16.936,1
948,18,3,30,17:14:55,21.837,21837,21.837,1
948,832,3,31,17:16:00,22.392,22392,22.392,1
948,830,3,32,17:17:30,29.066,29066,29.066,1
948,836,3,32,17:18:12,23.895,23895,23.895,1
948,20,3,35,17:21:50,24.548,24548,24.548,1
948,817,3,42,17:32:47,21.981,21981,21.981,1
949,807,1,1,18:05:30,31.931,31931,31.931,1
949,815,1,2,18:07:15,30.326,30326,30.326,1
949,832,1,2,18:07:43,28.401,28401,28.401,1
949,817,1,6,18:13:44,24.541,24541,24.541,1
949,13,1,7,18:15:20,24.093,24093,24.093,1
949,822,1,8,18:17:05,24.944,24944,24.944,1
949,821,1,8,18:17:13,32.793,32793,32.793,1
949,838,1,9,18:18:55,24.604,24604,24.604,1
949,822,2,9,18:19:07,19.369,19369,19.369,1
949,830,1,10,18:20:31,25.810,25810,25.81,1
949,831,1,10,18:20:44,26.246,26246,26.246,1
949,154,1,11,18:22:08,25.739,25739,25.739,1
949,836,1,11,18:22:24,26.236,26236,26.236,1
949,8,1,12,18:23:37,24.720,24720,24.72,1
949,825,1,12,18:24:08,26.876,26876,26.876,1
949,837,1,12,18:24:14,26.382,26382,26.382,1
949,3,1,13,18:25:02,24.934,24934,24.934,1
949,1,1,13,18:25:20,24.512,24512,24.512,1
949,828,1,13,18:25:47,24.775,24775,24.775,1
949,815,2,14,18:27:44,25.068,25068,25.068,1
949,826,1,16,18:30:45,24.419,24419,24.419,1
949,807,2,16,18:31:10,24.930,24930,24.93,1
949,832,2,20,18:38:33,34.978,34978,34.978,1
949,817,2,24,18:44:00,26.631,26631,26.631,1
949,825,2,24,18:44:29,24.383,24383,24.383,1
949,838,2,25,18:45:55,24.682,24682,24.682,1
949,830,2,26,18:47:23,25.594,25594,25.594,1
949,154,2,27,18:48:59,26.151,26151,26.151,1
949,1,2,28,18:50:13,25.030,25030,25.03,1
949,8,2,29,18:51:43,25.222,25222,25.222,1
949,13,2,29,18:52:33,24.236,24236,24.236,1
949,828,2,29,18:52:47,25.363,25363,25.363,1
949,836,2,29,18:52:58,25.547,25547,25.547,1
949,3,2,30,18:53:06,27.226,27226,27.226,1
949,831,2,30,18:54:37,25.491,25491,25.491,1
949,837,2,31,18:56:29,28.120,28120,28.12,1
949,826,2,34,19:00:57,24.661,24661,24.661,1
949,822,3,34,19:01:08,26.110,26110,26.11,1
949,807,3,35,19:03:05,24.734,24734,24.734,1
949,8,3,37,19:04:55,25.257,25257,25.257,1
949,815,3,37,19:06:37,24.517,24517,24.517,1
949,825,3,38,19:07:57,24.341,24341,24.341,1
949,3,3,39,19:07:59,25.761,25761,25.761,1
949,154,3,40,19:10:37,30.063,30063,30.063,1
949,1,3,41,19:11:34,24.524,24524,24.524,1
949,838,3,41,19:12:46,25.316,25316,25.316,1
949,836,3,41,19:13:02,25.419,25419,25.419,1
949,817,3,42,19:13:48,24.879,24879,24.879,1
949,826,3,44,19:17:31,24.224,24224,24.224,1
949,837,3,44,19:18:30,25.517,25517,25.517,1
949,830,3,46,19:20:38,25.129,25129,25.129,1
949,831,3,47,19:23:12,25.660,25660,25.66,1
949,807,4,51,19:29:43,26.595,26595,26.595,1
950,154,1,1,14:05:35,58.563,58563,58.563,1
950,8,1,1,14:05:39,31.134,31134,31.134,1
950,1,1,1,14:05:46,29.322,29322,29.322,1
950,831,1,1,14:06:25,36.854,36854,36.854,1
950,817,1,3,14:08:57,24.392,24392,24.392,1
950,826,1,4,14:10:42,24.084,24084,24.084,1
950,815,1,4,14:10:46,23.215,23215,23.215,1
950,20,1,4,14:10:50,30.115,30115,30.115,1
950,807,1,4,14:10:50,27.683,27683,27.683,1
950,832,1,4,14:10:51,25.754,25754,25.754,1
950,18,1,4,14:10:51,24.072,24072,24.072,1
950,822,1,4,14:10:52,22.682,22682,22.682,1
950,830,1,4,14:10:54,30.034,30034,30.034,1
950,828,1,4,14:10:56,23.955,23955,23.955,1
950,825,1,4,14:10:58,23.158,23158,23.158,1
950,1,2,5,14:13:57,25.179,25179,25.179,1
950,1,3,6,14:16:03,22.301,22301,22.301,1
950,8,2,14,14:31:08,23.296,23296,23.296,1
950,836,1,15,14:32:55,26.969,26969,26.969,1
950,835,1,15,14:33:07,22.799,22799,22.799,1
950,4,1,16,14:34:30,22.874,22874,22.874,1
950,20,2,17,14:36:07,22.276,22276,22.276,1
950,807,2,17,14:36:22,23.867,23867,23.867,1
950,815,2,18,14:37:55,22.485,22485,22.485,1
950,837,1,18,14:38:25,23.183,23183,23.183,1
950,826,2,19,14:39:28,22.607,22607,22.607,1
950,13,1,19,14:39:36,22.124,22124,22.124,1
950,832,2,19,14:39:44,22.832,22832,22.832,1
950,817,2,19,14:39:45,22.461,22461,22.461,1
950,821,1,19,14:39:57,23.878,23878,23.878,1
950,3,1,20,14:40:58,22.831,22831,22.831,1
950,830,2,20,14:41:36,23.744,23744,23.744,1
950,825,2,20,14:41:50,23.257,23257,23.257,1
950,154,2,20,14:41:52,24.615,24615,24.615,1
950,831,2,20,14:42:01,23.735,23735,23.735,1
950,822,2,21,14:43:09,22.630,22630,22.63,1
950,1,4,21,14:43:15,22.626,22626,22.626,1
950,835,2,24,14:49:09,23.280,23280,23.28,1
950,807,3,26,14:52:18,29.570,29570,29.57,1
950,18,2,27,14:53:52,23.029,23029,23.029,1
950,836,2,27,14:54:13,24.104,24104,24.104,1
950,815,3,28,14:55:33,22.351,22351,22.351,1
950,828,2,28,14:55:48,23.563,23563,23.563,1
950,837,2,28,14:56:08,24.635,24635,24.635,1
950,822,3,30,14:58:55,22.747,22747,22.747,1
950,1,5,30,14:59:03,22.698,22698,22.698,1
950,13,2,31,15:00:34,23.349,23349,23.349,1
950,4,2,32,15:02:40,22.927,22927,22.927,1
950,832,3,33,15:04:13,24.269,24269,24.269,1
950,154,3,33,15:04:55,23.342,23342,23.342,1
950,821,2,34,15:06:14,22.963,22963,22.963,1
950,826,3,35,15:07:13,22.684,22684,22.684,1
950,20,3,35,15:07:15,22.350,22350,22.35,1
950,825,3,35,15:08:20,22.677,22677,22.677,1
950,3,2,36,15:08:27,23.559,23559,23.559,1
950,817,3,37,15:10:56,22.426,22426,22.426,1
950,8,3,37,15:11:04,22.832,22832,22.832,1
950,835,3,38,15:13:56,24.099,24099,24.099,1
950,830,3,39,15:14:39,23.130,23130,23.13,1
950,831,3,40,15:17:07,25.357,25357,25.357,1
950,837,3,40,15:17:16,24.369,24369,24.369,1
950,821,3,43,15:21:59,23.070,23070,23.07,1
950,836,3,43,15:22:12,24.274,24274,24.274,1
950,18,3,44,15:23:28,22.510,22510,22.51,1
950,154,4,44,15:24:06,23.284,23284,23.284,1
950,807,4,46,15:27:09,22.790,22790,22.79,1
951,826,1,1,15:05:38,41.282,41282,41.282,1
951,817,1,1,15:05:43,47.763,47763,47.763,1
951,828,1,1,15:05:50,30.529,30529,30.529,1
951,815,1,1,15:06:03,32.800,32800,32.8,1
951,821,1,1,15:06:09,40.169,40169,40.169,1
951,826,2,8,15:20:21,38.906,38906,38.906,1
951,821,2,9,15:22:11,25.037,25037,25.037,1
951,832,1,11,15:25:31,30.805,30805,30.805,1
951,831,1,12,15:27:22,30.259,30259,30.259,1
951,836,1,13,15:29:06,31.433,31433,31.433,1
951,835,1,14,15:30:40,30.805,30805,30.805,1
951,822,1,16,15:33:39,29.841,29841,29.841,1
951,825,1,16,15:34:05,30.585,30585,30.585,1
951,1,1,17,15:35:21,30.001,30001,30.001,1
951,154,1,17,15:35:49,31.420,31420,31.42,1
951,13,1,18,15:37:14,29.551,29551,29.551,1
951,8,1,20,15:40:29,30.498,30498,30.498,1
951,18,1,20,15:41:08,30.580,30580,30.58,1
951,3,1,21,15:41:55,29.709,29709,29.709,1
951,4,1,21,15:42:40,29.751,29751,29.751,1
951,830,1,22,15:44:13,30.553,30553,30.553,1
951,815,2,27,15:53:11,30.400,30400,30.4,1
951,828,2,28,15:55:13,30.433,30433,30.433,1
951,817,2,29,15:57:02,31.205,31205,31.205,1
951,836,2,39,16:14:54,57.151,57151,57.151,1
951,13,2,46,16:25:17,30.065,30065,30.065,1
952,13,1,8,14:17:31,21.384,21384,21.384,1
952,815,1,9,14:18:56,22.679,22679,22.679,1
952,826,1,9,14:19:03,23.277,23277,23.277,1
952,828,1,9,14:19:07,22.840,22840,22.84,1
952,832,1,10,14:20:24,22.874,22874,22.874,1
952,18,1,10,14:20:28,22.280,22280,22.28,1
952,807,1,10,14:20:31,22.176,22176,22.176,1
952,825,1,10,14:20:34,22.843,22843,22.843,1
952,817,1,11,14:21:44,21.738,21738,21.738,1
952,4,1,11,14:22:02,21.795,21795,21.795,1
952,835,1,11,14:22:09,23.283,23283,23.283,1
952,836,1,11,14:22:14,24.554,24554,24.554,1
952,830,1,12,14:23:18,22.369,22369,22.369,1
952,8,1,12,14:23:25,22.107,22107,22.107,1
952,822,1,12,14:23:27,21.856,21856,21.856,1
952,831,1,12,14:23:45,22.976,22976,22.976,1
952,20,1,15,14:27:51,21.643,21643,21.643,1
952,154,1,15,14:28:12,23.187,23187,23.187,1
952,821,1,16,14:29:51,23.206,23206,23.206,1
952,837,1,22,14:39:41,28.753,28753,28.753,1
952,828,2,24,14:42:39,23.122,23122,23.122,1
952,13,2,25,14:43:57,22.568,22568,22.568,1
952,826,2,25,14:44:06,22.234,22234,22.234,1
952,817,2,28,14:47:45,22.104,22104,22.104,1
952,20,2,29,14:49:18,22.617,22617,22.617,1
952,154,2,29,14:50:06,22.844,22844,22.844,1
952,821,2,30,14:51:38,22.430,22430,22.43,1
952,825,2,30,14:51:49,23.165,23165,23.165,1
952,835,2,33,14:56:34,22.397,22397,22.397,1
952,836,2,33,14:56:46,24.387,24387,24.387,1
952,830,2,34,14:56:52,22.348,22348,22.348,1
952,8,2,35,14:58:25,22.169,22169,22.169,1
952,815,2,35,14:59:10,21.918,21918,21.918,1
952,18,2,36,15:00:49,22.590,22590,22.59,1
952,831,2,36,15:01:17,23.090,23090,23.09,1
952,20,3,37,15:01:30,21.603,21603,21.603,1
952,154,3,37,15:02:52,34.832,34832,34.832,1
952,832,2,38,15:03:35,22.937,22937,22.937,1
952,822,2,39,15:04:59,22.443,22443,22.443,1
952,4,2,39,15:05:28,22.987,22987,22.987,1
952,828,3,40,15:07:25,22.897,22897,22.897,1
952,13,3,41,15:08:28,21.831,21831,21.831,1
952,817,3,43,15:10:31,21.683,21683,21.683,1
952,837,2,48,15:20:28,26.186,26186,26.186,1
952,826,3,51,15:23:51,22.769,22769,22.769,1
952,825,3,55,15:30:33,22.122,22122,22.122,1
952,817,4,65,15:43:55,23.133,23133,23.133,1
953,826,1,1,14:03:20,1:32.609,92609,92.609,0
953,826,2,2,14:07:55,19.918,19918,19.918,1
953,825,1,7,14:15:27,25.583,25583,25.583,1
953,18,1,8,14:17:20,25.766,25766,25.766,1
953,831,1,8,14:17:30,28.242,28242,28.242,1
953,826,3,7,14:17:32,27.698,27698,27.698,1
953,828,1,11,14:22:52,27.176,27176,27.176,1
953,837,1,11,14:22:57,29.117,29117,29.117,1
953,830,1,12,14:24:33,25.604,25604,25.604,1
953,20,1,13,14:25:55,25.114,25114,25.114,1
953,4,1,14,14:27:38,25.512,25512,25.512,1
953,807,1,15,14:29:11,25.215,25215,25.215,1
953,822,1,15,14:29:22,27.364,27364,27.364,1
953,154,1,15,14:29:44,33.490,33490,33.49,1
953,821,1,16,14:31:01,26.044,26044,26.044,1
953,3,1,20,14:37:17,26.698,26698,26.698,1
953,13,1,20,14:37:38,24.934,24934,24.934,1
953,832,1,21,14:38:53,27.738,27738,27.738,1
953,815,1,21,14:38:55,25.714,25714,25.714,1
953,825,2,21,14:40:27,38.811,38811,38.811,1
953,817,1,23,14:41:40,25.054,25054,25.054,1
953,828,2,29,14:52:28,26.435,26435,26.435,1
953,815,2,30,14:53:05,25.608,25608,25.608,1
953,18,2,30,14:53:13,25.450,25450,25.45,1
953,825,3,29,14:53:21,25.879,25879,25.879,1
953,822,2,30,14:54:01,25.478,25478,25.478,1
953,154,2,30,14:54:03,25.111,25111,25.111,1
953,1,1,31,14:54:06,26.315,26315,26.315,1
953,3,2,31,14:54:34,27.680,27680,27.68,1
953,20,2,31,14:54:36,25.561,25561,25.561,1
953,807,2,31,14:54:39,27.064,27064,27.064,1
953,832,2,31,14:54:40,28.112,28112,28.112,1
953,830,2,31,14:54:44,25.459,25459,25.459,1
953,836,1,31,14:55:34,26.517,26517,26.517,1
953,817,2,32,14:55:37,35.327,35327,35.327,1
953,4,2,32,14:56:10,26.836,26836,26.836,1
953,821,2,32,14:56:16,27.407,27407,27.407,1
953,13,2,32,14:56:25,25.182,25182,25.182,1
953,831,2,32,14:57:11,27.166,27166,27.166,1
953,825,4,32,14:58:47,31.241,31241,31.241,1
953,837,2,34,15:00:18,27.380,27380,27.38,1
953,837,3,47,15:21:24,26.292,26292,26.292,1
953,831,3,48,15:21:45,45.700,45700,45.7,1
953,822,3,49,15:22:23,24.673,24673,24.673,1
953,828,3,49,15:23:18,33.342,33342,33.342,1
954,831,1,9,14:15:49,23.987,23987,23.987,1
954,20,1,11,14:17:58,22.597,22597,22.597,1
954,8,1,11,14:18:14,22.820,22820,22.82,1
954,836,1,11,14:18:36,24.784,24784,24.784,1
954,832,1,13,14:21:10,23.517,23517,23.517,1
954,821,1,13,14:21:13,23.412,23412,23.412,1
954,828,1,14,14:22:44,22.957,22957,22.957,1
954,837,1,15,14:24:03,29.732,29732,29.732,1
954,4,1,17,14:26:24,27.952,27952,27.952,1
954,154,1,17,14:26:26,23.680,23680,23.68,1
954,826,1,17,14:26:28,23.000,23000,23.0,1
954,830,1,20,14:29:59,23.586,23586,23.586,1
954,817,1,21,14:31:21,22.872,22872,22.872,1
954,3,1,21,14:31:29,22.466,22466,22.466,1
954,807,1,21,14:31:34,22.876,22876,22.876,1
954,13,1,22,14:32:47,22.925,22925,22.925,1
954,822,1,23,14:33:59,22.184,22184,22.184,1
954,1,1,24,14:35:00,22.243,22243,22.243,1
954,815,1,30,14:43:33,22.556,22556,22.556,1
954,8,2,33,14:47:15,23.263,23263,23.263,1
954,831,2,35,14:51:16,23.608,23608,23.608,1
954,20,2,37,14:51:55,22.361,22361,22.361,1
954,817,2,38,14:53:47,24.018,24018,24.018,1
954,836,2,38,14:54:55,24.516,24516,24.516,1
954,154,2,39,14:55:43,23.055,23055,23.055,1
954,828,2,39,14:56:10,23.299,23299,23.299,1
954,825,1,39,14:56:12,23.162,23162,23.162,1
954,821,2,41,14:58:41,23.928,23928,23.928,1
954,826,2,44,15:02:16,22.627,22627,22.627,1
954,837,2,44,15:03:24,25.069,25069,25.069,1
954,830,2,46,15:04:02,22.909,22909,22.909,1
954,815,2,46,15:04:50,24.757,24757,24.757,1
954,154,3,46,15:05:13,32.114,32114,32.114,1
954,832,2,48,15:07:17,24.445,24445,24.445,1
954,3,2,51,15:10:35,22.728,22728,22.728,1
954,807,2,51,15:11:06,23.111,23111,23.111,1
955,837,1,1,17:05:57,33.405,33405,33.405,1
955,832,1,4,17:11:34,22.028,22028,22.028,1
955,830,1,5,17:13:24,20.069,20069,20.069,1
955,4,1,5,17:13:24,20.282,20282,20.282,1
955,826,1,5,17:13:37,24.802,24802,24.802,1
955,817,1,6,17:15:04,19.840,19840,19.84,1
955,18,1,6,17:15:21,20.185,20185,20.185,1
955,825,1,6,17:15:24,20.772,20772,20.772,1
955,13,1,7,17:17:02,19.445,19445,19.445,1
955,831,1,7,17:17:13,20.670,20670,20.67,1
955,8,1,8,17:18:49,20.593,20593,20.593,1
955,821,1,8,17:19:20,29.227,29227,29.227,1
955,154,1,10,17:22:51,21.132,21132,21.132,1
955,835,1,11,17:24:54,20.965,20965,20.965,1
955,1,1,15,17:31:52,20.108,20108,20.108,1
955,815,1,16,17:33:39,20.614,20614,20.614,1
955,828,1,16,17:34:12,21.083,21083,21.083,1
955,822,1,19,17:39:20,19.732,19732,19.732,1
955,20,1,20,17:40:51,20.422,20422,20.422,1
955,807,1,20,17:41:18,20.347,20347,20.347,1
955,830,2,20,17:41:33,22.497,22497,22.497,1
955,3,1,21,17:42:18,20.058,20058,20.058,1
955,817,2,22,17:45:00,20.155,20155,20.155,1
955,4,2,24,17:48:59,20.654,20654,20.654,1
955,831,2,24,17:49:03,20.713,20713,20.713,1
955,18,2,25,17:50:53,20.640,20640,20.64,1
955,828,2,25,17:51:13,20.559,20559,20.559,1
955,154,2,26,17:52:45,23.588,23588,23.588,1
955,832,2,27,17:54:32,21.030,21030,21.03,1
955,13,2,28,17:56:01,19.858,19858,19.858,1
955,836,1,29,17:58:28,26.187,26187,26.187,1
955,821,2,29,17:58:37,21.533,21533,21.533,1
955,835,2,31,18:02:14,20.561,20561,20.561,1
956,807,1,8,14:12:55,22.601,22601,22.601,1
956,4,1,8,14:13:00,21.924,21924,21.924,1
956,18,1,9,14:14:05,22.859,22859,22.859,1
956,822,1,9,14:14:09,21.047,21047,21.047,1
956,832,1,9,14:14:11,22.605,22605,22.605,1
956,815,1,9,14:14:12,21.883,21883,21.883,1
956,3,1,10,14:15:15,21.890,21890,21.89,1
956,825,1,11,14:16:43,22.033,22033,22.033,1
956,835,1,12,14:17:57,21.745,21745,21.745,1
956,13,1,12,14:18:00,21.097,21097,21.097,1
956,828,1,12,14:18:03,22.980,22980,22.98,1
956,836,1,13,14:19:05,22.613,22613,22.613,1
956,817,1,14,14:20:04,21.183,21183,21.183,1
956,830,1,15,14:21:12,21.945,21945,21.945,1
956,1,1,21,14:28:15,22.918,22918,22.918,1
956,821,1,21,14:29:00,22.053,22053,22.053,1
956,8,1,22,14:29:32,21.916,21916,21.916,1
956,836,2,23,14:31:36,23.738,23738,23.738,1
956,807,2,24,14:32:37,21.580,21580,21.58,1
956,18,2,26,14:35:01,22.035,22035,22.035,1
956,154,1,26,14:35:02,22.662,22662,22.662,1
956,4,2,26,14:35:08,22.879,22879,22.879,1
956,815,2,26,14:35:10,21.412,21412,21.412,1
956,837,1,27,14:36:58,23.326,23326,23.326,1
956,3,2,28,14:38:13,17.959,17959,17.959,1
956,836,3,27,14:38:14,18.064,18064,18.064,1
956,1,2,28,14:38:16,16.983,16983,16.983,1
956,830,2,28,14:38:17,17.165,17165,17.165,1
956,817,2,28,14:38:18,19.408,19408,19.408,1
956,8,2,28,14:38:20,21.206,21206,21.206,1
956,822,2,28,14:38:22,20.876,20876,20.876,1
956,831,1,28,14:38:23,20.929,20929,20.929,1
956,832,2,28,14:38:24,33.462,33462,33.462,1
956,18,3,28,14:38:27,18.307,18307,18.307,1
956,154,2,28,14:38:29,18.860,18860,18.86,1
956,825,2,28,14:38:32,17.721,17721,17.721,1
956,13,2,28,14:38:33,17.388,17388,17.388,1
956,835,2,28,14:38:35,16.851,16851,16.851,1
956,4,3,28,14:38:36,16.764,16764,16.764,1
956,815,3,28,14:38:37,16.544,16544,16.544,1
956,828,2,28,14:38:39,16.419,16419,16.419,1
956,807,3,28,14:38:40,16.227,16227,16.227,1
956,821,2,28,14:38:43,16.475,16475,16.475,1
956,837,2,28,14:38:45,16.218,16218,16.218,1
956,3,3,29,14:40:18,18.220,18220,18.22,1
956,836,4,28,14:40:19,18.342,18342,18.342,1
956,1,3,29,14:40:21,18.716,18716,18.716,1
956,830,3,29,14:40:22,18.455,18455,18.455,1
956,817,3,29,14:40:23,18.347,18347,18.347,1
956,8,3,29,14:40:26,18.455,18455,18.455,1
956,822,3,29,14:40:27,17.800,17800,17.8,1
956,831,2,29,14:40:29,17.739,17739,17.739,1
956,18,4,29,14:40:31,18.964,18964,18.964,1
956,154,3,29,14:40:32,19.554,19554,19.554,1
956,825,3,29,14:40:34,19.611,19611,19.611,1
956,13,3,29,14:40:35,19.015,19015,19.015,1
956,835,3,29,14:40:37,18.382,18382,18.382,1
956,4,4,29,14:40:38,18.194,18194,18.194,1
956,815,4,29,14:40:39,17.970,17970,17.97,1
956,828,3,29,14:40:41,19.041,19041,19.041,1
956,807,4,29,14:40:42,19.028,19028,19.028,1
956,832,3,29,14:40:43,18.636,18636,18.636,1
956,821,3,29,14:40:44,18.308,18308,18.308,1
956,837,3,29,14:40:46,17.828,17828,17.828,1
956,821,4,41,14:56:13,21.921,21921,21.921,1
956,831,3,43,14:58:35,22.707,22707,22.707,1
956,825,4,49,15:05:46,27.119,27119,27.119,1
956,807,5,50,15:06:56,27.834,27834,27.834,1
956,835,4,50,15:06:59,22.728,22728,22.728,1
956,828,4,50,15:07:01,24.326,24326,24.326,1
956,837,4,50,15:07:11,25.234,25234,25.234,1
956,822,4,51,15:07:54,21.639,21639,21.639,1
956,1,4,54,15:10:44,22.109,22109,22.109,1
956,3,4,55,15:11:53,21.035,21035,21.035,1
956,13,4,56,15:13:53,21.231,21231,21.231,1
956,817,4,60,15:18:09,22.284,22284,22.284,1
957,8,1,5,13:14:16,29.578,29578,29.578,1
957,822,1,5,13:14:17,29.808,29808,29.808,1
957,832,1,5,13:14:18,30.786,30786,30.786,1
957,807,1,5,13:14:18,30.747,30747,30.747,1
957,4,1,5,13:14:19,32.374,32374,32.374,1
957,20,1,5,13:14:20,31.381,31381,31.381,1
957,154,1,5,13:14:21,31.632,31632,31.632,1
957,821,1,5,13:14:22,41.508,41508,41.508,1
957,825,1,5,13:14:23,30.804,30804,30.804,1
957,836,1,5,13:14:25,31.812,31812,31.812,1
957,817,1,6,13:16:16,30.198,30198,30.198,1
957,13,1,6,13:16:20,29.243,29243,29.243,1
957,826,1,6,13:16:22,30.315,30315,30.315,1
957,18,1,6,13:16:23,30.093,30093,30.093,1
957,835,1,6,13:16:27,29.784,29784,29.784,1
957,837,1,6,13:16:29,29.998,29998,29.998,1
957,1,1,7,13:18:15,30.343,30343,30.343,1
957,3,1,7,13:18:22,29.395,29395,29.395,1
957,830,1,7,13:18:23,31.995,31995,31.995,1
957,815,1,7,13:18:27,29.475,29475,29.475,1
957,831,1,7,13:18:46,30.981,30981,30.981,1
957,828,1,7,13:18:48,35.393,35393,35.393,1
957,828,2,10,13:25:31,1:44.980,104980,104.98,0
957,20,2,15,13:34:24,29.163,29163,29.163,1
957,8,2,16,13:36:00,30.462,30462,30.462,1
957,13,2,16,13:36:16,29.403,29403,29.403,1
957,826,2,16,13:36:19,30.327,30327,30.327,1
957,822,2,16,13:36:28,29.282,29282,29.282,1
957,831,2,16,13:36:33,30.143,30143,30.143,1
957,154,2,16,13:36:36,30.882,30882,30.882,1
957,835,2,16,13:36:38,55.697,55697,55.697,1
957,1,2,17,13:37:20,28.728,28728,28.728,1
957,3,2,17,13:37:29,29.715,29715,29.715,1
957,815,2,17,13:37:40,28.915,28915,28.915,1
957,817,2,17,13:37:41,29.813,29813,29.813,1
957,832,2,17,13:37:56,29.895,29895,29.895,1
957,807,2,17,13:38:06,29.867,29867,29.867,1
957,4,2,17,13:38:11,28.799,28799,28.799,1
957,18,2,17,13:38:19,29.588,29588,29.588,1
957,825,2,17,13:38:33,29.201,29201,29.201,1
957,821,2,17,13:38:37,29.884,29884,29.884,1
957,837,2,17,13:38:55,30.135,30135,30.135,1
957,830,2,18,13:39:11,29.429,29429,29.429,1
957,835,3,19,13:42:54,41.486,41486,41.486,1
957,13,3,38,14:13:29,29.346,29346,29.346,1
957,4,3,39,14:15:22,28.936,28936,28.936,1
957,825,3,40,14:17:42,28.450,28450,28.45,1
958,18,1,7,14:14:06,22.229,22229,22.229,1
958,836,1,9,14:16:53,23.486,23486,23.486,1
958,18,2,10,14:18:47,16.486,16486,16.486,1
958,831,1,11,14:19:45,22.778,22778,22.778,1
958,20,1,14,14:23:42,21.640,21640,21.64,1
958,807,1,14,14:24:03,22.014,22014,22.014,1
958,154,1,14,14:24:03,22.427,22427,22.427,1
958,817,1,15,14:25:05,22.241,22241,22.241,1
958,4,1,15,14:25:20,22.099,22099,22.099,1
958,821,1,15,14:25:32,22.828,22828,22.828,1
958,1,1,16,14:26:24,21.441,21441,21.441,1
958,830,1,16,14:26:36,22.389,22389,22.389,1
958,832,1,16,14:26:49,22.960,22960,22.96,1
958,822,1,16,14:26:54,21.704,21704,21.704,1
958,3,1,17,14:27:51,21.233,21233,21.233,1
958,828,1,17,14:28:54,23.873,23873,23.873,1
958,825,1,24,14:38:48,21.990,21990,21.99,1
958,826,1,24,14:39:02,22.105,22105,22.105,1
958,13,1,25,14:40:31,21.793,21793,21.793,1
958,835,1,26,14:41:39,21.892,21892,21.892,1
958,815,1,27,14:43:00,22.689,22689,22.689,1
958,18,3,28,14:45:17,22.718,22718,22.718,1
958,8,1,29,14:45:43,21.951,21951,21.951,1
958,837,1,29,14:46:44,24.254,24254,24.254,1
958,817,2,33,14:51:15,22.006,22006,22.006,1
958,836,2,35,14:55:42,22.765,22765,22.765,1
958,154,2,36,14:56:35,22.303,22303,22.303,1
958,825,2,36,14:56:36,22.051,22051,22.051,1
958,821,2,37,14:58:00,22.520,22520,22.52,1
958,830,2,38,14:58:38,21.687,21687,21.687,1
958,807,2,39,15:00:48,23.350,23350,23.35,1
958,835,2,39,15:00:49,21.665,21665,21.665,1
958,831,2,39,15:01:04,22.965,22965,22.965,1
958,815,2,40,15:02:11,29.941,29941,29.941,1
958,1,2,41,15:02:31,21.773,21773,21.773,1
958,20,2,41,15:02:46,21.535,21535,21.535,1
958,3,2,42,15:03:58,22.351,22351,22.351,1
958,832,2,42,15:04:57,22.417,22417,22.417,1
958,822,2,43,15:06:27,21.405,21405,21.405,1
958,4,2,44,15:07:43,21.897,21897,21.897,1
958,828,2,45,15:10:26,23.198,23198,23.198,1
958,826,2,46,15:11:10,27.951,27951,27.951,1
958,8,2,50,15:15:47,21.857,21857,21.857,1
958,828,3,62,15:35:34,23.308,23308,23.308,1
958,13,2,65,15:39:36,22.366,22366,22.366,1
959,835,1,2,14:06:10,19.298,19298,19.298,1
959,826,1,7,14:13:06,23.243,23243,23.243,1
959,831,1,7,14:13:07,29.865,29865,29.865,1
959,815,1,8,14:14:25,19.233,19233,19.233,1
959,832,1,9,14:15:46,22.751,22751,22.751,1
959,13,1,9,14:15:48,18.590,18590,18.59,1
959,830,1,11,14:18:08,19.017,19017,19.017,1
959,3,1,11,14:18:12,19.693,19693,19.693,1
959,825,1,11,14:18:33,19.034,19034,19.034,1
959,817,1,12,14:19:31,18.964,18964,18.964,1
959,822,1,12,14:19:43,18.796,18796,18.796,1
959,807,1,12,14:19:45,19.608,19608,19.608,1
959,836,1,12,14:20:05,19.813,19813,19.813,1
959,20,1,13,14:20:57,19.230,19230,19.23,1
959,18,1,13,14:21:12,19.427,19427,19.427,1
959,837,1,13,14:21:38,31.317,31317,31.317,1
959,1,1,14,14:22:05,18.650,18650,18.65,1
959,8,1,14,14:22:21,22.393,22393,22.393,1
959,4,1,14,14:22:38,19.258,19258,19.258,1
959,828,1,16,14:25:46,20.148,20148,20.148,1
959,154,1,17,14:26:51,20.301,20301,20.301,1
959,831,2,19,14:30:11,19.944,19944,19.944,1
959,821,1,25,14:38:07,20.099,20099,20.099,1
959,835,2,25,14:38:38,26.688,26688,26.688,1
959,13,2,26,14:39:36,36.395,36395,36.395,1
959,836,2,26,14:39:43,19.626,19626,19.626,1
959,3,2,27,14:40:04,18.936,18936,18.936,1
959,815,2,27,14:40:47,19.223,19223,19.223,1
959,830,2,28,14:41:22,19.137,19137,19.137,1
959,4,2,28,14:42:04,19.440,19440,19.44,1
959,826,2,28,14:42:23,20.227,20227,20.227,1
959,832,2,29,14:43:41,19.747,19747,19.747,1
959,20,2,31,14:45:38,19.472,19472,19.472,1
959,18,2,31,14:46:05,19.124,19124,19.124,1
959,8,2,32,14:47:02,19.142,19142,19.142,1
959,807,2,32,14:47:20,19.144,19144,19.144,1
959,825,2,32,14:47:45,19.159,19159,19.159,1
959,817,2,33,14:48:12,18.738,18738,18.738,1
959,837,2,32,14:48:35,20.919,20919,20.919,1
959,822,2,33,14:48:41,19.183,19183,19.183,1
959,1,2,34,14:49:19,18.504,18504,18.504,1
959,828,2,33,14:49:34,19.318,19318,19.318,1
959,831,3,42,15:02:30,19.755,19755,19.755,1
959,815,3,43,15:02:46,19.379,19379,19.379,1
959,154,2,43,15:03:00,19.863,19863,19.863,1
959,3,3,44,15:03:08,28.364,28364,28.364,1
959,807,3,44,15:03:45,19.907,19907,19.907,1
959,830,3,45,15:04:32,18.967,18967,18.967,1
959,817,3,46,15:05:49,18.979,18979,18.979,1
959,20,3,46,15:06:01,19.000,19000,19.0,1
959,835,3,45,15:06:33,19.725,19725,19.725,1
959,18,3,46,15:06:40,19.268,19268,19.268,1
959,1,3,47,15:06:57,18.475,18475,18.475,1
959,8,3,47,15:07:26,19.525,19525,19.525,1
959,836,3,46,15:07:36,19.658,19658,19.658,1
959,4,3,47,15:08:04,19.127,19127,19.127,1
959,821,2,47,15:08:16,19.326,19326,19.326,1
959,826,3,49,15:11:20,19.264,19264,19.264,1
959,837,3,49,15:12:22,21.186,21186,21.186,1
959,832,3,51,15:13:57,19.547,19547,19.547,1
960,830,1,1,14:05:46,31.235,31235,31.235,1
960,831,1,1,14:05:52,26.390,26390,26.39,1
960,20,1,1,14:05:53,22.403,22403,22.403,1
960,8,1,1,14:06:21,1:27.084,87084,87.084,0
960,13,1,2,14:07:44,22.484,22484,22.484,1
960,807,1,6,14:15:53,23.564,23564,23.564,1
960,8,2,5,14:15:56,23.061,23061,23.061,1
960,815,1,6,14:16:04,23.783,23783,23.783,1
960,154,1,6,14:16:08,23.705,23705,23.705,1
960,835,1,6,14:16:08,22.698,22698,22.698,1
960,839,1,6,14:16:18,28.718,28718,28.718,1
960,822,1,7,14:18:36,22.190,22190,22.19,1
960,821,1,7,14:18:38,23.486,23486,23.486,1
960,3,1,9,14:24:29,16:36.150,996150,996.15,0
960,817,1,9,14:24:30,16:38.401,998401,998.401,0
960,807,2,9,14:24:31,16:38.468,998468,998.468,0
960,4,1,9,14:24:32,16:38.234,998234,998.234,0
960,1,1,9,14:24:34,16:40.478,1000478,1000.478,0
960,13,2,9,14:24:35,16:40.664,1000664,1000.664,0
960,815,2,9,14:24:36,16:40.284,1000284,1000.284,0
960,826,1,9,14:24:38,16:40.466,1000466,1000.466,0
960,835,2,9,14:24:40,16:40.234,1000234,1000.234,0
960,154,2,9,14:24:42,16:39.366,999366,999.366,0
960,20,2,9,14:24:44,16:38.511,998511,998.511,0
960,822,2,9,14:24:46,16:38.328,998328,998.328,0
960,821,2,9,14:24:48,16:38.622,998622,998.622,0
960,830,2,9,14:24:49,16:38.546,998546,998.546,0
960,839,2,9,14:24:51,16:40.980,1000980,1000.98,0
960,831,2,9,14:24:52,16:41.198,1001198,1001.198,0
960,8,3,9,14:25:53,15:43.158,943158,943.158,0
960,830,3,16,14:55:40,23.231,23231,23.231,1
960,1,2,21,15:05:00,24.343,24343,24.343,1
960,826,2,21,15:05:19,23.359,23359,23.359,1
960,13,3,22,15:07:04,22.515,22515,22.515,1
960,821,3,22,15:07:18,23.561,23561,23.561,1
960,835,3,22,15:07:20,23.333,23333,23.333,1
960,807,3,23,15:08:55,24.015,24015,24.015,1
960,4,2,23,15:08:57,22.451,22451,22.451,1
960,20,3,23,15:09:03,22.762,22762,22.762,1
960,822,3,23,15:09:06,22.318,22318,22.318,1
960,154,3,23,15:09:21,23.107,23107,23.107,1
960,831,3,23,15:09:23,30.238,30238,30.238,1
960,815,3,24,15:10:56,22.652,22652,22.652,1
960,8,4,24,15:11:06,23.056,23056,23.056,1
960,839,3,24,15:11:25,24.208,24208,24.208,1
960,817,2,25,15:12:33,22.531,22531,22.531,1
960,3,2,26,15:14:15,22.596,22596,22.596,1
960,830,4,27,15:17:02,22.727,22727,22.727,1
960,1,3,32,15:26:06,22.432,22432,22.432,1
960,835,4,34,15:30:48,22.578,22578,22.578,1
960,826,3,35,15:32:37,23.363,23363,23.363,1
961,835,1,2,14:06:49,33.275,33275,33.275,1
961,831,1,2,14:07:30,27.786,27786,27.786,1
961,831,2,4,14:11:17,13:30.454,810454,810.454,0
961,822,1,13,14:22:38,24.161,24161,24.161,1
961,830,1,13,14:22:46,24.610,24610,24.61,1
961,4,1,13,14:22:49,26.843,26843,26.843,1
961,826,1,13,14:23:07,25.183,25183,25.183,1
961,807,1,14,14:24:20,24.043,24043,24.043,1
961,825,1,14,14:24:42,24.505,24505,24.505,1
961,8,1,15,14:25:27,24.116,24116,24.116,1
961,815,1,15,14:25:39,24.537,24537,24.537,1
961,18,1,15,14:26:00,26.427,26427,26.427,1
961,831,3,5,14:26:32,36.594,36594,36.594,1
961,20,1,16,14:26:54,25.472,25472,25.472,1
961,817,1,16,14:27:03,23.745,23745,23.745,1
961,13,1,16,14:27:13,23.940,23940,23.94,1
961,836,1,16,14:27:29,25.962,25962,25.962,1
961,821,1,16,14:27:38,25.150,25150,25.15,1
961,832,1,23,14:38:06,25.301,25301,25.301,1
961,828,1,23,14:38:08,25.145,25145,25.145,1
961,3,1,24,14:38:25,25.550,25550,25.55,1
961,1,1,25,14:40:05,23.633,23633,23.633,1
961,815,2,28,14:45:06,24.033,24033,24.033,1
961,154,1,28,14:45:26,25.340,25340,25.34,1
961,822,2,30,14:47:55,23.899,23899,23.899,1
961,825,2,30,14:49:06,23.757,23757,23.757,1
961,20,2,33,14:52:00,25.033,25033,25.033,1
961,839,1,32,14:52:20,25.539,25539,25.539,1
961,807,2,33,14:52:41,24.553,24553,24.553,1
961,4,2,33,14:52:50,23.694,23694,23.694,1
961,826,2,33,14:53:29,24.363,24363,24.363,1
961,8,2,34,14:53:31,24.279,24279,24.279,1
961,821,2,34,14:54:36,25.515,25515,25.515,1
961,830,2,35,14:55:22,23.827,23827,23.827,1
961,13,2,36,14:56:59,23.822,23822,23.822,1
961,817,2,37,14:58:08,23.633,23633,23.633,1
961,18,2,38,15:00:16,24.418,24418,24.418,1
961,832,2,39,15:02:07,24.341,24341,24.341,1
961,4,3,49,15:16:39,24.082,24082,24.082,1
962,3,1,1,20:06:14,26.350,26350,26.35,1
962,817,1,1,20:06:15,25.925,25925,25.925,1
962,1,1,1,20:06:19,24.453,24453,24.453,1
962,8,1,1,20:06:21,24.874,24874,24.874,1
962,4,1,1,20:06:22,24.649,24649,24.649,1
962,826,1,1,20:06:24,24.584,24584,24.584,1
962,832,1,1,20:06:25,25.973,25973,25.973,1
962,830,1,1,20:06:26,25.740,25740,25.74,1
962,13,1,1,20:06:27,25.929,25929,25.929,1
962,825,1,1,20:06:28,25.816,25816,25.816,1
962,828,1,1,20:06:30,26.135,26135,26.135,1
962,815,1,1,20:06:31,32.821,32821,32.821,1
962,821,1,1,20:06:32,26.519,26519,26.519,1
962,18,1,1,20:06:33,42.815,42815,42.815,1
962,822,1,1,20:06:40,32.709,32709,32.709,1
962,836,1,1,20:06:42,24.308,24308,24.308,1
962,839,1,1,20:06:43,24.343,24343,24.343,1
962,831,1,1,20:06:44,25.057,25057,25.057,1
962,835,1,1,20:06:45,25.211,25211,25.211,1
962,20,1,1,20:06:48,24.342,24342,24.342,1
962,832,2,7,20:18:50,29.846,29846,29.846,1
962,828,2,8,20:20:49,29.706,29706,29.706,1
962,835,2,11,20:26:49,28.847,28847,28.847,1
962,830,2,13,20:30:12,28.815,28815,28.815,1
962,4,2,14,20:31:59,29.401,29401,29.401,1
962,817,2,15,20:33:33,28.890,28890,28.89,1
962,1,2,15,20:33:37,29.150,29150,29.15,1
962,826,2,15,20:33:53,30.301,30301,30.301,1
962,822,2,15,20:34:33,28.780,28780,28.78,1
962,18,2,15,20:34:34,28.998,28998,28.998,1
962,3,2,16,20:35:17,30.546,30546,30.546,1
962,13,2,16,20:35:53,28.682,28682,28.682,1
962,8,2,17,20:37:28,29.041,29041,29.041,1
962,825,2,17,20:37:54,28.759,28759,28.759,1
962,831,2,17,20:38:03,30.297,30297,30.297,1
962,821,2,18,20:39:52,30.307,30307,30.307,1
962,836,2,18,20:40:10,30.532,30532,30.532,1
962,839,2,19,20:42:20,1:44.383,104383,104.383,0
962,20,2,24,20:51:16,28.924,28924,28.924,1
962,815,2,25,20:53:08,28.742,28742,28.742,1
962,828,3,25,20:53:46,29.468,29468,29.468,1
962,830,3,27,20:56:59,28.948,28948,28.948,1
962,832,3,27,20:57:18,29.320,29320,29.32,1
962,18,3,27,20:57:36,29.025,29025,29.025,1
962,13,3,28,20:58:52,29.578,29578,29.578,1
962,822,3,30,21:03:12,28.545,28545,28.545,1
962,817,3,32,21:05:33,28.921,28921,28.921,1
962,3,3,33,21:07:19,28.970,28970,28.97,1
962,822,4,32,21:07:22,1:03.680,63680,63.68,0
962,8,3,33,21:07:36,29.135,29135,29.135,1
962,1,3,34,21:09:30,28.421,28421,28.421,1
962,4,3,34,21:10:00,30.381,30381,30.381,1
962,835,3,34,21:11:01,28.804,28804,28.804,1
962,831,3,35,21:12:35,29.537,29537,29.537,1
962,839,3,34,21:12:43,30.614,30614,30.614,1
962,821,3,36,21:14:20,30.160,30160,30.16,1
962,836,3,36,21:14:53,30.471,30471,30.471,1
962,828,4,36,21:15:00,29.680,29680,29.68,1
962,826,3,37,21:15:47,29.205,29205,29.205,1
962,825,3,38,21:17:53,29.754,29754,29.754,1
962,20,3,42,21:24:58,29.391,29391,29.391,1
962,13,4,43,21:27:23,29.903,29903,29.903,1
962,830,4,44,21:28:59,28.854,28854,28.854,1
962,1,4,45,21:30:08,28.315,28315,28.315,1
962,8,4,46,21:31:56,28.954,28954,28.954,1
962,817,4,47,21:33:41,28.662,28662,28.662,1
962,839,4,45,21:34:04,42.368,42368,42.368,1
962,832,4,48,21:37:18,29.377,29377,29.377,1
963,826,1,1,15:06:13,32.413,32413,32.413,1
963,13,1,1,15:06:15,23.528,23528,23.528,1
963,825,1,1,15:06:24,30.679,30679,30.679,1
963,821,1,1,15:06:25,30.782,30782,30.782,1
963,13,2,6,15:15:25,24.425,24425,24.425,1
963,830,1,9,15:20:26,23.935,23935,23.935,1
963,815,1,9,15:20:38,27.024,27024,27.024,1
963,18,1,9,15:20:44,24.738,24738,24.738,1
963,807,1,9,15:20:45,26.609,26609,26.609,1
963,4,1,9,15:20:50,25.195,25195,25.195,1
963,3,1,9,15:20:50,23.750,23750,23.75,1
963,836,1,9,15:20:59,25.820,25820,25.82,1
963,839,1,12,15:26:26,25.368,25368,25.368,1
963,1,1,20,15:39:17,23.689,23689,23.689,1
963,8,1,20,15:39:31,24.584,24584,24.584,1
963,832,1,20,15:40:01,24.400,24400,24.4,1
963,817,1,21,15:41:04,24.197,24197,24.197,1
963,828,1,21,15:41:45,25.272,25272,25.272,1
963,821,2,22,15:44:09,24.814,24814,24.814,1
963,830,2,27,15:51:10,23.856,23856,23.856,1
963,4,2,27,15:52:01,24.061,24061,24.061,1
963,807,2,28,15:53:41,24.012,24012,24.012,1
963,822,1,29,15:55:11,23.828,23828,23.828,1
963,826,2,29,15:55:54,24.338,24338,24.338,1
963,836,2,30,15:57:42,26.156,26156,26.156,1
963,3,2,31,15:58:19,24.661,24661,24.661,1
963,835,1,31,15:59:04,23.928,23928,23.928,1
963,839,2,31,15:59:29,33.338,33338,33.338,1
963,13,3,31,15:59:30,23.778,23778,23.778,1
963,8,2,32,15:59:55,24.412,24412,24.412,1
963,815,2,32,16:00:19,23.947,23947,23.947,1
963,831,1,32,16:00:57,24.697,24697,24.697,1
963,18,2,37,16:08:59,24.645,24645,24.645,1
963,832,2,37,16:09:13,24.473,24473,24.473,1
963,828,2,37,16:09:14,24.706,24706,24.706,1
963,821,3,39,16:13:44,25.006,25006,25.006,1
963,8,3,40,16:13:46,24.809,24809,24.809,1
963,4,3,40,16:14:25,23.920,23920,23.92,1
963,807,3,40,16:14:32,25.192,25192,25.192,1
963,817,2,41,16:15:24,24.408,24408,24.408,1
963,830,3,41,16:15:26,28.274,28274,28.274,1
963,826,3,40,16:15:33,24.718,24718,24.718,1
963,3,3,41,16:15:58,23.476,23476,23.476,1
963,836,3,41,16:18:14,25.201,25201,25.201,1
964,4,1,9,14:19:03,22.786,22786,22.786,1
964,830,1,10,14:20:15,22.855,22855,22.855,1
964,817,1,10,14:20:26,22.996,22996,22.996,1
964,154,1,10,14:20:36,23.741,23741,23.741,1
964,826,1,10,14:20:38,22.990,22990,22.99,1
964,807,1,11,14:22:12,22.832,22832,22.832,1
964,821,1,11,14:22:18,24.110,24110,24.11,1
964,3,1,12,14:23:28,22.673,22673,22.673,1
964,20,1,12,14:23:35,23.226,23226,23.226,1
964,815,1,12,14:23:45,23.605,23605,23.605,1
964,8,1,12,14:23:45,23.244,23244,23.244,1
964,839,1,12,14:24:19,24.973,24973,24.973,1
964,1,1,13,14:25:25,22.989,22989,22.989,1
964,832,1,13,14:25:40,22.986,22986,22.986,1
964,836,1,13,14:26:05,24.630,24630,24.63,1
964,18,1,19,14:36:02,24.375,24375,24.375,1
964,826,2,23,14:42:46,22.943,22943,22.943,1
964,13,1,24,14:44:11,22.463,22463,22.463,1
964,835,1,25,14:45:55,23.452,23452,23.452,1
964,825,1,25,14:46:04,23.072,23072,23.072,1
964,831,1,25,14:46:10,25.131,25131,25.131,1
964,8,2,26,14:47:00,22.762,22762,22.762,1
964,822,1,26,14:47:27,25.007,25007,25.007,1
964,828,1,26,14:47:42,24.011,24011,24.011,1
964,4,2,27,14:49:28,23.032,23032,23.032,1
964,830,2,28,14:49:53,22.788,22788,22.788,1
964,807,2,28,14:50:32,22.952,22952,22.952,1
964,821,2,28,14:51:13,23.792,23792,23.792,1
964,3,2,29,14:51:24,23.150,23150,23.15,1
964,815,2,29,14:52:07,22.721,22721,22.721,1
964,154,2,30,14:54:06,25.429,25429,25.429,1
964,839,2,31,14:56:24,24.256,24256,24.256,1
964,817,2,32,14:56:52,25.861,25861,25.861,1
964,1,2,33,14:58:11,22.732,22732,22.732,1
964,836,2,32,14:58:22,25.461,25461,25.461,1
964,20,2,34,14:59:47,22.887,22887,22.887,1
964,18,2,36,15:04:30,23.342,23342,23.342,1
964,832,2,37,15:06:04,22.938,22938,22.938,1
965,822,1,1,14:06:03,27.098,27098,27.098,1
965,817,1,8,14:17:32,23.956,23956,23.956,1
965,8,1,8,14:17:35,23.989,23989,23.989,1
965,830,1,9,14:19:21,23.489,23489,23.489,1
965,3,1,10,14:21:02,23.526,23526,23.526,1
965,18,1,10,14:21:28,23.613,23613,23.613,1
965,154,1,10,14:21:30,24.523,24523,24.523,1
965,815,1,10,14:21:31,23.350,23350,23.35,1
965,1,1,11,14:22:40,23.601,23601,23.601,1
965,13,1,11,14:23:03,24.093,24093,24.093,1
965,832,1,11,14:23:06,24.778,24778,24.778,1
965,4,1,11,14:23:10,23.683,23683,23.683,1
965,821,1,13,14:27:00,24.470,24470,24.47,1
965,825,1,13,14:27:04,24.310,24310,24.31,1
965,836,1,13,14:27:10,26.059,26059,26.059,1
965,20,1,14,14:28:08,24.433,24433,24.433,1
965,835,1,15,14:30:43,24.071,24071,24.071,1
965,828,1,17,14:34:12,25.229,25229,25.229,1
965,839,1,17,14:34:34,25.216,25216,25.216,1
965,822,2,20,14:40:06,25.222,25222,25.222,1
965,826,1,21,14:41:16,37.837,37837,37.837,1
965,8,2,24,14:45:43,23.845,23845,23.845,1
965,817,2,25,14:47:19,23.534,23534,23.534,1
965,830,2,26,14:49:08,36.112,36112,36.112,1
965,835,2,26,14:50:20,24.766,24766,24.766,1
965,839,2,26,14:50:59,27.532,27532,27.532,1
965,815,2,27,14:51:47,24.467,24467,24.467,1
965,154,2,27,14:51:52,26.056,26056,26.056,1
965,825,2,27,14:52:06,24.103,24103,24.103,1
965,18,2,28,14:53:32,25.635,25635,25.635,1
965,20,2,29,14:54:23,23.812,23812,23.812,1
965,13,2,29,14:54:55,23.903,23903,23.903,1
965,831,1,29,14:55:54,24.244,24244,24.244,1
965,832,2,30,14:56:49,24.281,24281,24.281,1
965,4,2,30,14:56:57,25.300,25300,25.3,1
965,1,2,31,14:57:50,23.575,23575,23.575,1
965,836,2,30,14:58:04,25.182,25182,25.182,1
965,3,2,31,14:58:05,24.149,24149,24.149,1
965,8,3,38,15:11:09,25.384,25384,25.384,1
965,825,3,43,15:21:37,23.898,23898,23.898,1
965,839,3,44,15:24:27,24.665,24665,24.665,1
965,20,3,53,15:37:10,24.156,24156,24.156,1
965,13,3,54,15:39:55,23.464,23464,23.464,1
966,817,1,1,13:04:51,22.087,22087,22.087,1
966,835,1,1,13:05:06,23.897,23897,23.897,1
966,828,1,1,13:05:11,32.608,32608,32.608,1
966,154,1,11,13:20:31,22.957,22957,22.957,1
966,830,1,12,13:21:26,21.775,21775,21.775,1
966,832,1,12,13:21:43,22.747,22747,22.747,1
966,825,1,12,13:21:47,22.271,22271,22.271,1
966,821,1,12,13:21:51,25.198,25198,25.198,1
966,826,1,13,13:23:20,22.665,22665,22.665,1
966,807,1,14,13:24:17,22.134,22134,22.134,1
966,13,1,14,13:24:24,21.863,21863,21.863,1
966,839,1,15,13:26:15,23.866,23866,23.866,1
966,4,1,16,13:27:27,22.461,22461,22.461,1
966,1,1,17,13:28:16,21.709,21709,21.709,1
966,18,1,17,13:28:57,22.438,22438,22.438,1
966,822,1,19,13:31:31,22.396,22396,22.396,1
966,3,1,20,13:32:32,21.997,21997,21.997,1
966,8,1,20,13:32:40,22.398,22398,22.398,1
966,815,1,20,13:32:56,22.213,22213,22.213,1
966,20,1,32,13:49:30,22.035,22035,22.035,1
966,8,2,45,14:07:53,22.974,22974,22.974,1
966,4,2,45,14:09:00,25.171,25171,25.171,1
966,826,2,47,14:11:56,22.865,22865,22.865,1
966,821,2,48,14:13:40,23.110,23110,23.11,1
966,831,1,49,14:14:38,23.540,23540,23.54,1
966,817,2,50,14:14:47,22.443,22443,22.443,1
966,154,2,50,14:16:38,23.678,23678,23.678,1
966,825,2,51,14:17:54,22.384,22384,22.384,1
967,825,1,7,14:24:31,24.986,24986,24.986,1
967,18,1,8,14:26:08,24.192,24192,24.192,1
967,4,1,9,14:27:30,24.821,24821,24.821,1
967,822,1,9,14:27:31,24.724,24724,24.724,1
967,13,1,9,14:27:33,29.421,29421,29.421,1
967,826,1,9,14:27:36,25.758,25758,25.758,1
967,835,1,9,14:27:40,24.745,24745,24.745,1
967,828,1,9,14:27:41,25.395,25395,25.395,1
967,20,1,10,14:29:08,29.981,29981,29.981,1
967,821,1,12,14:32:18,25.147,25147,25.147,1
967,830,1,13,14:33:11,24.186,24186,24.186,1
967,817,1,13,14:33:32,24.623,24623,24.623,1
967,826,2,17,14:41:54,25.355,25355,25.355,1
967,835,2,17,14:41:59,24.656,24656,24.656,1
967,1,1,20,14:47:37,33:30.361,2010361,2010.361,0
967,3,1,20,14:47:40,33:29.747,2009747,2009.747,0
967,830,2,20,14:47:41,33:29.643,2009643,2009.643,0
967,807,1,20,14:47:44,33:28.504,2008504,2008.504,0
967,815,1,20,14:47:46,33:28.398,2008398,2008.398,0
967,832,1,20,14:47:48,33:28.828,2008828,2008.828,0
967,831,1,20,14:47:50,33:28.206,2008206,2008.206,0
967,817,2,20,14:47:52,33:28.600,2008600,2008.6,0
967,839,1,20,14:47:53,33:29.052,2009052,2009.052,0
967,836,1,20,14:47:56,33:28.464,2008464,2008.464,0
967,4,2,20,14:47:57,33:28.789,2008789,2008.789,0
967,822,2,20,14:47:59,33:28.595,2008595,2008.595,0
967,825,2,20,14:48:00,33:28.979,2008979,2008.979,0
967,18,2,20,14:48:04,33:30.062,2010062,2010.062,0
967,20,2,20,14:48:05,33:30.637,2010637,2010.637,0
967,13,2,20,14:48:08,33:29.630,2009630,2009.63,0
967,821,2,20,14:48:09,33:31.147,2011147,2011.147,0
967,826,3,20,14:48:11,33:31.266,2011266,2011.266,0
967,807,2,22,15:25:12,24.282,24282,24.282,1
967,1,2,28,15:37:24,24:42.048,1482048,1482.048,0
967,3,2,28,15:37:26,24:41.624,1481624,1481.624,0
967,830,3,28,15:37:27,24:41.433,1481433,1481.433,0
967,815,2,28,15:37:29,24:42.290,1482290,1482.29,0
967,832,2,28,15:37:31,24:43.053,1483053,1483.053,0
967,831,2,28,15:37:32,24:43.214,1483214,1483.214,0
967,817,3,28,15:37:33,24:44.725,1484725,1484.725,0
967,839,2,28,15:37:35,24:45.092,1485092,1485.092,0
967,836,2,28,15:37:36,24:44.979,1484979,1484.979,0
967,4,3,28,15:37:39,24:43.818,1483818,1483.818,0
967,822,3,28,15:37:41,24:43.957,1483957,1483.957,0
967,825,3,28,15:37:43,24:44.474,1484474,1484.474,0
967,18,3,28,15:37:46,24:44.987,1484987,1484.987,0
967,20,3,28,15:37:49,24:43.923,1483923,1483.923,0
967,807,3,28,15:37:50,24:45.304,1485304,1485.304,0
967,13,3,28,15:37:51,24:45.969,1485969,1485.969,0
967,821,3,28,15:37:54,24:44.444,1484444,1484.444,0
967,826,4,28,15:37:56,24:44.388,1484388,1484.388,0
967,13,4,31,16:08:25,29.754,29754,29.754,1
967,18,4,34,16:13:01,25.006,25006,25.006,1
967,822,4,38,16:18:52,24.994,24994,24.994,1
967,817,4,40,16:21:27,29.621,29621,29.621,1
967,825,4,41,16:23:25,24.265,24265,24.265,1
967,830,4,43,16:25:37,24.435,24435,24.435,1
967,18,5,44,16:28:14,24.754,24754,24.754,1
967,821,4,47,16:32:38,17.835,17835,17.835,1
967,817,5,52,16:41:54,24.521,24521,24.521,1
967,836,3,52,16:42:00,25.509,25509,25.509,1
967,830,5,54,16:45:53,24.041,24041,24.041,1
968,825,1,1,17:05:37,27.068,27068,27.068,1
968,832,1,6,17:14:43,21.761,21761,21.761,1
968,836,1,6,17:14:44,33.395,33395,33.395,1
968,1,1,7,17:16:01,22.600,22600,22.6,1
968,8,1,7,17:16:05,21.959,21959,21.959,1
968,4,1,7,17:16:19,22.428,22428,22.428,1
968,835,1,7,17:16:27,24.781,24781,24.781,1
968,831,1,7,17:16:34,23.272,23272,23.272,1
968,3,1,8,17:17:48,23.753,23753,23.753,1
968,20,1,8,17:17:54,21.711,21711,21.711,1
968,807,1,8,17:17:59,21.834,21834,21.834,1
968,13,1,8,17:18:07,21.775,21775,21.775,1
968,826,1,8,17:18:19,21.896,21896,21.896,1
968,821,1,8,17:18:19,22.032,22032,22.032,1
968,817,1,9,17:19:37,22.084,22084,22.084,1
968,815,1,9,17:19:50,21.308,21308,21.308,1
968,154,1,20,17:40:10,22.838,22838,22.838,1
968,830,1,21,17:41:22,21.221,21221,21.221,1
968,835,2,21,17:42:16,22.145,22145,22.145,1
968,839,1,22,17:43:59,24.035,24035,24.035,1
968,817,2,24,17:46:46,21.768,21768,21.768,1
968,836,2,24,17:47:52,22.949,22949,22.949,1
968,8,2,25,17:48:31,22.087,22087,22.087,1
968,807,2,26,17:50:33,21.482,21482,21.482,1
968,815,2,27,17:52:26,22.012,22012,22.012,1
968,1,2,28,17:53:38,21.355,21355,21.355,1
968,821,2,28,17:54:49,22.102,22102,22.102,1
968,832,2,28,17:55:00,21.935,21935,21.935,1
968,3,2,29,17:55:27,21.218,21218,21.218,1
968,13,2,30,17:57:55,21.539,21539,21.539,1
968,839,2,36,18:09:38,23.026,23026,23.026,1
968,831,2,36,18:09:42,29.933,29933,29.933,1
968,20,2,37,18:09:47,21.872,21872,21.872,1
968,4,2,38,18:12:17,22.248,22248,22.248,1
968,154,2,38,18:12:35,22.527,22527,22.527,1
968,828,1,38,18:13:21,22.991,22991,22.991,1
968,835,3,41,18:18:52,22.588,22588,22.588,1
969,825,1,1,16:08:47,31.336,31336,31.336,1
969,840,1,5,16:14:22,22.293,22293,22.293,1
969,838,1,9,16:20:40,39.562,39562,39.562,1
969,839,1,15,16:29:32,22.154,22154,22.154,1
969,841,1,15,16:29:57,28.591,28591,28.591,1
969,4,1,16,16:31:00,22.484,22484,22.484,1
969,807,1,16,16:31:01,23.130,23130,23.13,1
969,1,1,17,16:31:40,21.709,21709,21.709,1
969,815,1,17,16:32:20,22.045,22045,22.045,1
969,832,1,18,16:33:49,21.762,21762,21.762,1
969,13,1,20,16:36:44,21.568,21568,21.568,1
969,20,1,23,16:40:32,21.988,21988,21.988,1
969,822,1,25,16:43:42,21.440,21440,21.44,1
969,830,1,25,16:43:56,22.208,22208,22.208,1
969,8,1,26,16:45:16,22.033,22033,22.033,1
969,840,2,29,16:51:13,22.380,22380,22.38,1
969,807,2,30,16:52:40,23.159,23159,23.159,1
969,826,1,34,16:57:51,25.559,25559,25.559,1
969,825,2,44,17:15:10,22.189,22189,22.189,1
969,826,2,49,17:20:30,24.026,24026,24.026,1
970,807,1,1,14:05:25,23.550,23550,23.55,1
970,20,1,2,14:07:35,22.906,22906,22.906,1
970,826,1,2,14:07:46,24.016,24016,24.016,1
970,4,1,2,14:07:48,24.250,24250,24.25,1
970,13,1,2,14:07:51,23.123,23123,23.123,1
970,815,1,2,14:07:52,24.030,24030,24.03,1
970,825,1,2,14:07:53,23.809,23809,23.809,1
970,828,1,2,14:07:54,27.934,27934,27.934,1
970,839,1,2,14:07:57,17.673,17673,17.673,1
970,154,1,2,14:08:00,30.654,30654,30.654,1
970,841,1,2,14:08:01,29.443,29443,29.443,1
970,838,1,2,14:08:01,25.146,25146,25.146,1
970,1,1,4,14:12:08,22.999,22999,22.999,1
970,822,1,4,14:12:17,32.287,32287,32.287,1
970,817,1,4,14:12:20,17.340,17340,17.34,1
970,8,1,4,14:12:21,23.847,23847,23.847,1
970,830,1,4,14:12:23,23.071,23071,23.071,1
970,20,2,4,14:12:35,17.354,17354,17.354,1
970,832,1,4,14:12:47,17.337,17337,17.337,1
970,839,2,4,14:12:49,33.491,33491,33.491,1
970,4,2,4,14:12:55,17.304,17304,17.304,1
970,826,2,4,14:13:00,17.320,17320,17.32,1
970,13,2,4,14:13:01,17.324,17324,17.324,1
970,815,2,4,14:13:01,17.416,17416,17.416,1
970,825,2,4,14:13:03,17.296,17296,17.296,1
970,835,1,4,14:13:06,17.291,17291,17.291,1
970,838,2,4,14:13:08,17.325,17325,17.325,1
970,807,2,4,14:13:11,17.336,17336,17.336,1
970,828,2,4,14:13:14,17.341,17341,17.341,1
970,154,2,4,14:13:23,17.303,17303,17.303,1
970,1,2,5,14:15:08,17.616,17616,17.616,1
970,817,2,5,14:15:09,23.613,23613,23.613,1
970,8,2,5,14:15:18,17.877,17877,17.877,1
970,830,2,5,14:15:19,17.651,17651,17.651,1
970,822,2,5,14:15:20,17.343,17343,17.343,1
970,20,3,5,14:15:24,17.362,17362,17.362,1
970,832,2,5,14:15:33,17.340,17340,17.34,1
970,4,3,5,14:15:40,17.302,17302,17.302,1
970,826,3,5,14:15:46,17.324,17324,17.324,1
970,13,3,5,14:15:48,17.321,17321,17.321,1
970,815,3,5,14:15:49,17.312,17312,17.312,1
970,825,3,5,14:15:49,17.298,17298,17.298,1
970,839,3,5,14:15:52,17.356,17356,17.356,1
970,835,2,5,14:15:55,17.291,17291,17.291,1
970,838,3,5,14:15:57,17.295,17295,17.295,1
970,807,3,5,14:15:58,17.362,17362,17.362,1
970,828,3,5,14:16:02,17.344,17344,17.344,1
970,154,3,5,14:16:10,24.114,24114,24.114,1
970,1,3,6,14:17:55,17.737,17737,17.737,1
970,817,3,6,14:18:00,17.480,17480,17.48,1
970,8,3,6,14:18:03,17.435,17435,17.435,1
970,830,3,6,14:18:05,17.421,17421,17.421,1
970,822,3,6,14:18:06,17.323,17323,17.323,1
970,20,4,6,14:18:10,17.370,17370,17.37,1
970,4,4,6,14:18:16,17.302,17302,17.302,1
970,832,3,6,14:18:18,17.374,17374,17.374,1
970,826,4,6,14:18:28,17.322,17322,17.322,1
970,13,4,6,14:18:29,17.377,17377,17.377,1
970,815,4,6,14:18:30,18.225,18225,18.225,1
970,825,4,6,14:18:34,17.299,17299,17.299,1
970,839,4,6,14:18:36,17.366,17366,17.366,1
970,835,3,6,14:18:39,17.301,17301,17.301,1
970,838,4,6,14:18:41,17.292,17292,17.292,1
970,807,4,6,14:18:43,17.359,17359,17.359,1
970,828,4,6,14:18:46,17.344,17344,17.344,1
970,154,4,6,14:18:48,17.314,17314,17.314,1
970,815,5,20,14:43:03,23.057,23057,23.057,1
970,13,5,24,14:50:13,23.451,23451,23.451,1
970,832,4,28,14:56:06,22.840,22840,22.84,1
970,830,4,29,14:57:33,22.505,22505,22.505,1
970,835,4,30,15:00:32,23.993,23993,23.993,1
970,825,5,32,15:03:12,23.463,23463,23.463,1
970,817,4,33,15:04:09,22.505,22505,22.505,1
970,807,5,33,15:05:10,40.144,40144,40.144,1
970,20,5,34,15:05:37,22.443,22443,22.443,1
970,822,4,35,15:07:45,24.317,24317,24.317,1
970,1,4,36,15:08:39,22.668,22668,22.668,1
970,154,5,35,15:08:45,23.211,23211,23.211,1
970,8,4,39,15:14:04,23.119,23119,23.119,1
970,839,5,42,15:20:06,22.926,22926,22.926,1
970,13,6,48,15:30:29,22.517,22517,22.517,1
970,815,6,49,15:31:25,22.979,22979,22.979,1
971,840,1,8,18:16:59,24.915,24915,24.915,1
971,20,1,10,18:19:52,24.702,24702,24.702,1
971,830,1,11,18:21:30,25.174,25174,25.174,1
971,839,1,11,18:21:47,24.664,24664,24.664,1
971,836,1,11,18:21:59,26.542,26542,26.542,1
971,8,1,12,18:23:10,26.430,26430,26.43,1
971,154,1,12,18:23:23,25.075,25075,25.075,1
971,832,1,12,18:23:26,25.001,25001,25.001,1
971,822,1,13,18:24:52,28.368,28368,28.368,1
971,1,1,13,18:24:59,30.687,30687,30.687,1
971,817,1,13,18:24:59,25.312,25312,25.312,1
971,13,1,13,18:25:06,25.704,25704,25.704,1
971,807,1,13,18:25:13,26.634,26634,26.634,1
971,815,1,13,18:25:24,24.332,24332,24.332,1
971,835,1,13,18:25:31,27.466,27466,27.466,1
971,4,1,13,18:25:31,24.922,24922,24.922,1
971,826,1,13,18:25:35,25.204,25204,25.204,1
971,822,2,30,18:54:49,24.540,24540,24.54,1
971,154,2,31,18:56:52,24.965,24965,24.965,1
971,20,2,33,18:59:27,24.314,24314,24.314,1
971,828,1,33,19:00:33,25.576,25576,25.576,1
971,815,2,36,19:04:49,24.630,24630,24.63,1
971,807,2,36,19:04:58,25.135,25135,25.135,1
971,4,2,36,19:05:15,24.723,24723,24.723,1
971,8,2,37,19:06:10,25.856,25856,25.856,1
971,13,2,37,19:06:22,24.240,24240,24.24,1
971,839,2,37,19:06:38,24.505,24505,24.505,1
971,835,2,37,19:06:55,26.420,26420,26.42,1
971,817,2,39,19:09:27,25.200,25200,25.2,1
971,1,2,41,19:12:14,30.682,30682,30.682,1
971,826,2,41,19:13:18,25.246,25246,25.246,1
972,838,1,1,15:08:55,30.006,30006,30.006,1
972,828,1,1,15:08:58,32.235,32235,32.235,1
972,836,1,2,15:11:28,31.266,31266,31.266,1
972,836,2,20,15:43:16,30.799,30799,30.799,1
972,13,1,21,15:44:10,29.923,29923,29.923,1
972,825,1,21,15:44:30,36.559,36559,36.559,1
972,826,1,21,15:44:36,29.991,29991,29.991,1
972,828,2,21,15:44:59,30.655,30655,30.655,1
972,832,1,24,15:49:33,29.973,29973,29.973,1
972,838,2,24,15:49:57,35.998,35998,35.998,1
972,839,1,26,15:52:42,30.253,30253,30.253,1
972,840,1,26,15:52:58,29.791,29791,29.791,1
972,822,1,27,15:53:23,29.356,29356,29.356,1
972,815,1,27,15:54:17,29.868,29868,29.868,1
972,8,1,29,15:56:49,30.152,30152,30.152,1
972,830,1,29,15:57:19,29.567,29567,29.567,1
972,1,1,30,15:58:36,29.739,29739,29.739,1
972,20,1,34,16:04:56,30.097,30097,30.097,1
972,807,1,40,16:16:07,30.280,30280,30.28,1
972,13,2,41,16:17:53,29.920,29920,29.92,1
973,826,1,1,14:04:51,22.235,22235,22.235,1
973,13,1,1,14:05:02,40.612,40612,40.612,1
973,835,1,2,14:06:27,23.159,23159,23.159,1
973,4,1,12,14:21:10,22.690,22690,22.69,1
973,840,1,12,14:21:16,22.100,22100,22.1,1
973,838,1,12,14:21:24,22.547,22547,22.547,1
973,825,1,13,14:22:35,22.703,22703,22.703,1
973,832,1,13,14:22:36,22.432,22432,22.432,1
973,13,2,13,14:23:17,22.292,22292,22.292,1
973,20,1,14,14:23:19,22.499,22499,22.499,1
973,807,1,15,14:25:28,22.490,22490,22.49,1
973,839,1,16,14:26:51,22.616,22616,22.616,1
973,815,1,18,14:29:42,25.082,25082,25.082,1
973,828,1,18,14:30:11,22.995,22995,22.995,1
973,154,1,19,14:31:26,22.866,22866,22.866,1
973,1,1,21,14:33:26,21.544,21544,21.544,1
973,817,1,21,14:33:54,21.811,21811,21.811,1
973,835,2,21,14:35:11,22.762,22762,22.762,1
973,822,1,26,14:41:01,21.689,21689,21.689,1
973,4,2,31,14:49:39,23.354,23354,23.354,1
973,828,2,32,14:51:03,22.775,22775,22.775,1
973,836,1,33,14:52:14,23.445,23445,23.445,1
973,807,2,33,14:52:15,22.362,22362,22.362,1
973,825,2,33,14:52:15,23.814,23814,23.814,1
973,826,2,33,14:52:37,22.117,22117,22.117,1
973,840,2,33,14:52:52,22.071,22071,22.071,1
973,13,3,33,14:53:10,23.066,23066,23.066,1
973,815,2,34,14:53:46,23.107,23107,23.107,1
973,839,2,34,14:53:58,22.643,22643,22.643,1
973,832,2,34,14:54:20,21.934,21934,21.934,1
973,154,2,34,14:54:22,22.641,22641,22.641,1
973,1,2,36,14:56:30,21.722,21722,21.722,1
973,20,2,37,14:57:53,22.307,22307,22.307,1
973,817,2,38,15:00:10,21.918,21918,21.918,1
973,835,3,42,15:07:31,24.750,24750,24.75,1
973,4,3,51,15:20:24,22.923,22923,22.923,1
973,825,3,63,15:37:43,25.052,25052,25.052,1
974,836,1,1,14:04:27,25.813,25813,25.813,1
974,18,1,1,14:04:29,24.465,24465,24.465,1
974,815,1,16,14:23:49,31.313,31313,31.313,1
974,830,1,32,14:44:07,25.343,25343,25.343,1
974,822,1,33,14:45:24,24.308,24308,24.308,1
974,8,1,34,14:46:35,24.833,24833,24.833,1
974,828,1,35,14:49:08,24.949,24949,24.949,1
974,826,1,36,14:49:48,24.406,24406,24.406,1
974,839,1,36,14:50:06,24.299,24299,24.299,1
974,832,1,37,14:50:54,24.427,24427,24.427,1
974,825,1,37,14:51:04,24.979,24979,24.979,1
974,817,1,38,14:51:46,24.183,24183,24.183,1
974,13,1,38,14:52:42,24.353,24353,24.353,1
974,20,1,39,14:52:55,24.306,24306,24.306,1
974,839,2,39,14:54:19,24.496,24496,24.496,1
974,18,2,39,14:54:53,26.057,26057,26.057,1
974,154,1,40,14:54:55,24.660,24660,24.66,1
974,840,1,41,14:56:46,26.690,26690,26.69,1
974,825,2,42,14:57:54,26.040,26040,26.04,1
974,835,1,42,14:58:05,25.472,25472,25.472,1
974,838,1,43,14:58:56,24.768,24768,24.768,1
974,1,1,46,15:02:38,24.155,24155,24.155,1
974,830,2,60,15:20:48,25.678,25678,25.678,1
974,839,3,60,15:22:40,24.642,24642,24.642,1
974,13,2,62,15:24:59,25.123,25123,25.123,1
974,815,2,63,15:26:16,25.026,25026,25.026,1
974,840,2,67,15:33:42,25.248,25248,25.248,1
974,815,3,72,15:40:06,35.485,35485,35.485,1
975,154,1,1,14:04:59,31.256,31256,31.256,1
975,836,1,1,14:05:02,51.757,51757,51.757,1
975,20,1,5,14:11:32,31.596,31596,31.596,1
975,807,1,11,14:19:40,26.764,26764,26.764,1
975,835,1,11,14:19:55,24.423,24423,24.423,1
975,828,1,11,14:19:57,24.047,24047,24.047,1
975,826,1,15,14:25:55,18.088,18088,18.088,1
975,8,1,17,14:28:23,23.500,23500,23.5,1
975,817,1,18,14:29:37,23.309,23309,23.309,1
975,815,1,19,14:30:56,23.229,23229,23.229,1
975,822,1,23,14:35:53,22.946,22946,22.946,1
975,840,1,25,14:39:14,22.790,22790,22.79,1
975,1,1,32,14:47:15,23.061,23061,23.061,1
975,839,1,32,14:47:42,23.409,23409,23.409,1
975,836,2,40,14:59:18,24.202,24202,24.202,1
975,8,2,41,14:59:29,23.760,23760,23.76,1
975,4,1,42,15:01:08,23.526,23526,23.526,1
975,838,1,45,15:05:22,23.267,23267,23.267,1
975,825,1,46,15:06:28,28.869,28869,28.869,1
975,20,2,49,15:09:44,23.345,23345,23.345,1
975,826,2,53,15:15:19,1:46.374,106374,106.374,0
976,822,1,1,17:07:00,36.262,36262,36.262,1
976,154,1,3,17:09:40,20.776,20776,20.776,1
976,817,1,5,17:13:04,23.361,23361,23.361,1
976,838,1,5,17:13:19,21.423,21423,21.423,1
976,1,1,12,17:25:22,20.418,20418,20.418,1
976,20,1,12,17:25:26,20.059,20059,20.059,1
976,815,1,12,17:25:35,20.598,20598,20.598,1
976,8,1,12,17:25:39,23.237,23237,23.237,1
976,13,1,12,17:25:43,21.453,21453,21.453,1
976,839,1,12,17:25:45,20.493,20493,20.493,1
976,822,2,11,17:25:58,20.407,20407,20.407,1
976,825,1,12,17:26:11,20.391,20391,20.391,1
976,4,1,12,17:26:36,21.217,21217,21.217,1
976,832,1,12,17:26:37,21.040,21040,21.04,1
976,828,1,12,17:26:45,23.906,23906,23.906,1
976,836,1,12,17:26:49,31.122,31122,31.122,1
976,840,1,13,17:28:26,22.625,22625,22.625,1
976,807,1,13,17:28:32,21.263,21263,21.263,1
976,817,2,13,17:29:01,20.198,20198,20.198,1
976,836,2,13,17:29:45,22.356,22356,22.356,1
976,154,2,14,17:31:36,21.069,21069,21.069,1
976,1,2,17,17:39:17,15.234,15234,15.234,1
976,20,2,17,17:39:18,15.174,15174,15.174,1
976,815,2,17,17:39:19,15.278,15278,15.278,1
976,13,2,17,17:39:20,15.033,15033,15.033,1
976,839,2,17,17:39:21,15.061,15061,15.061,1
976,8,2,17,17:39:22,15.049,15049,15.049,1
976,840,2,17,17:39:23,15.327,15327,15.327,1
976,807,2,17,17:39:24,15.638,15638,15.638,1
976,817,3,17,17:39:26,15.135,15135,15.135,1
976,825,2,17,17:39:27,15.128,15128,15.128,1
976,4,2,17,17:39:29,15.104,15104,15.104,1
976,832,2,17,17:39:31,14.966,14966,14.966,1
976,838,2,17,17:39:32,15.097,15097,15.097,1
976,154,3,17,17:39:33,15.073,15073,15.073,1
976,828,2,17,17:39:34,26.051,26051,26.051,1
976,836,3,17,17:39:36,34.847,34847,34.847,1
976,822,3,17,17:39:52,14.978,14978,14.978,1
976,815,3,20,17:47:36,26:34.609,1594609,1594.609,0
976,839,3,20,17:47:51,31.657,31657,31.657,1
976,8,3,20,17:48:02,26:23.848,1583848,1583.848,0
976,836,4,21,17:50:37,22.390,22390,22.39,1
976,1,3,22,17:53:26,21:50.768,1310768,1310.768,0
976,20,3,22,17:53:28,21:50.808,1310808,1310.808,0
976,13,3,22,17:53:30,21:50.671,1310671,1310.671,0
976,840,3,22,17:53:32,21:52.728,1312728,1312.728,0
976,817,4,22,17:53:34,21:53.343,1313343,1313.343,0
976,807,3,22,17:53:35,21:53.641,1313641,1313.641,0
976,825,3,22,17:53:37,21:52.704,1312704,1312.704,0
976,4,3,22,17:53:38,21:53.187,1313187,1313.187,0
976,832,3,22,17:53:40,21:53.693,1313693,1313.693,0
976,154,4,22,17:53:42,21:53.665,1313665,1313.665,0
976,828,3,22,17:53:45,21:54.950,1314950,1314.95,0
976,838,3,22,17:53:48,21:54.189,1314189,1314.189,0
976,822,4,22,17:53:50,21:53.511,1313511,1313.511,0
976,839,4,22,17:53:52,21:53.873,1313873,1313.873,0
976,836,5,22,17:53:54,21:55.645,1315645,1315.645,0
976,1,4,31,18:32:21,27.025,27025,27.025,1
976,20,4,33,18:35:52,29.317,29317,29.317,1
976,838,4,33,18:36:35,20.446,20446,20.446,1
976,815,4,33,18:38:09,14.951,14951,14.951,1
976,8,4,33,18:38:11,14.943,14943,14.943,1
976,154,5,36,18:42:11,24.486,24486,24.486,1
977,826,1,1,14:04:23,33.607,33607,33.607,1
977,826,2,9,14:14:29,16.139,16139,16.139,1
977,807,1,14,14:19:44,21.977,21977,21.977,1
977,1,1,31,14:38:58,20.761,20761,20.761,1
977,838,1,31,14:39:43,21.714,21714,21.714,1
977,817,1,33,14:41:11,21.713,21713,21.713,1
977,20,1,34,14:42:15,21.750,21750,21.75,1
977,835,1,34,14:43:13,22.233,22233,22.233,1
977,828,1,34,14:43:40,22.339,22339,22.339,1
977,815,1,35,14:44:03,22.030,22030,22.03,1
977,840,1,35,14:44:21,21.332,21332,21.332,1
977,836,1,35,14:44:41,22.414,22414,22.414,1
977,154,1,36,14:45:10,22.026,22026,22.026,1
977,822,1,41,14:50:11,22.387,22387,22.387,1
977,832,1,40,14:50:18,21.659,21659,21.659,1
977,839,1,42,14:52:17,22.176,22176,22.176,1
977,8,1,44,14:53:59,21.662,21662,21.662,1
977,838,2,44,14:55:17,16.206,16206,16.206,1
977,13,1,47,14:58:07,20.977,20977,20.977,1
977,826,3,55,15:09:24,22.274,22274,22.274,1
978,826,1,1,13:08:08,45.538,45538,45.538,1
978,836,1,2,13:10:06,29.861,29861,29.861,1
978,836,2,3,13:12:33,29.941,29941,29.941,1
978,826,2,9,13:23:00,22.895,22895,22.895,1
978,20,1,18,13:36:44,28.363,28363,28.363,1
978,830,1,19,13:38:17,29.147,29147,29.147,1
978,839,1,20,13:40:15,29.194,29194,29.194,1
978,4,1,20,13:40:30,28.269,28269,28.269,1
978,840,1,22,13:43:38,29.849,29849,29.849,1
978,815,1,23,13:45:01,28.942,28942,28.942,1
978,154,1,23,13:45:11,28.361,28361,28.361,1
978,8,1,24,13:45:53,28.476,28476,28.476,1
978,807,1,24,13:46:27,30.841,30841,30.841,1
978,1,1,25,13:47:14,27.733,27733,27.733,1
978,13,1,25,13:48:18,27.583,27583,27.583,1
978,838,1,26,13:49:50,29.337,29337,29.337,1
978,826,3,27,13:52:00,28.630,28630,28.63,1
978,828,1,28,13:53:19,28.825,28825,28.825,1
978,836,3,31,13:58:18,31.250,31250,31.25,1
978,822,1,32,13:58:23,27.858,27858,27.858,1
978,817,1,32,13:59:09,27.910,27910,27.91,1
978,825,1,37,14:07:18,28.099,28099,28.099,1
978,840,2,42,14:15:32,28.335,28335,28.335,1
978,154,2,43,14:16:53,28.998,28998,28.998,1
978,8,2,49,14:24:46,29.057,29057,29.057,1
978,830,2,49,14:25:07,28.056,28056,28.056,1
978,20,2,50,14:27:09,35.204,35204,35.204,1
979,828,1,1,14:05:01,25.179,25179,25.179,1
979,836,1,3,14:09:26,24.213,24213,24.213,1
979,154,1,20,14:35:03,22.638,22638,22.638,1
979,836,2,28,14:46:37,22.998,22998,22.998,1
979,840,1,29,14:47:41,21.804,21804,21.804,1
979,822,1,30,14:48:04,22.681,22681,22.681,1
979,1,1,31,14:49:30,21.338,21338,21.338,1
979,825,1,31,14:50:24,22.684,22684,22.684,1
979,20,1,32,14:50:43,22.317,22317,22.317,1
979,8,1,33,14:52:06,21.919,21919,21.919,1
979,815,1,34,14:54:12,24.017,24017,24.017,1
979,814,1,34,14:55:06,22.399,22399,22.399,1
979,832,1,35,14:55:33,22.745,22745,22.745,1
979,4,1,35,14:55:33,22.399,22399,22.399,1
979,839,1,35,14:55:44,22.441,22441,22.441,1
979,826,1,40,15:02:57,22.273,22273,22.273,1
979,830,1,42,15:04:37,33.605,33605,33.605,1
979,838,1,42,15:05:22,28.616,28616,28.616,1
979,807,1,45,15:09:34,31.860,31860,31.86,1
979,835,1,46,15:11:22,22.684,22684,22.684,1
979,828,2,63,15:36:20,24.097,24097,24.097,1
980,835,1,8,14:19:01,26.202,26202,26.202,1
980,828,1,8,14:19:07,23.999,23999,23.999,1
980,825,1,9,14:20:51,22.828,22828,22.828,1
980,840,1,9,14:20:55,24.697,24697,24.697,1
980,839,1,10,14:22:35,23.364,23364,23.364,1
980,154,1,10,14:22:38,22.925,22925,22.925,1
980,4,1,10,14:22:43,24.158,24158,24.158,1
980,807,1,11,14:24:21,23.507,23507,23.507,1
980,13,1,11,14:24:38,22.667,22667,22.667,1
980,1,1,12,14:25:45,22.037,22037,22.037,1
980,815,1,12,14:26:21,23.289,23289,23.289,1
980,822,1,13,14:27:44,22.963,22963,22.963,1
980,20,1,14,14:29:26,22.443,22443,22.443,1
980,817,1,14,14:29:45,22.900,22900,22.9,1
980,8,1,15,14:31:33,22.533,22533,22.533,1
980,8,2,17,14:35:29,30.373,30373,30.373,1
980,826,1,18,14:37:55,22.444,22444,22.444,1
980,838,1,18,14:38:00,26.894,26894,26.894,1
980,832,1,19,14:39:43,24.095,24095,24.095,1
980,828,2,23,14:47:51,23.221,23221,23.221,1
980,815,2,25,14:50:45,28.594,28594,28.594,1
980,839,2,27,14:54:26,23.200,23200,23.2,1
980,8,3,29,14:57:52,22.963,22963,22.963,1
980,807,2,29,14:58:06,23.539,23539,23.539,1
980,154,2,29,14:58:27,22.756,22756,22.756,1
980,13,2,29,14:58:40,23.092,23092,23.092,1
980,839,3,29,14:58:44,29.646,29646,29.646,1
980,832,2,29,14:58:50,24.370,24370,24.37,1
980,840,2,29,14:59:01,23.109,23109,23.109,1
980,815,3,29,14:59:10,26.574,26574,26.574,1
980,1,2,30,14:59:18,22.357,22357,22.357,1
980,20,2,30,14:59:18,25.650,25650,25.65,1
980,822,2,30,14:59:31,22.919,22919,22.919,1
980,817,2,30,14:59:47,23.180,23180,23.18,1
980,828,3,29,14:59:55,23.792,23792,23.792,1
980,825,2,30,15:01:09,22.908,22908,22.908,1
980,826,2,30,15:01:33,23.341,23341,23.341,1
980,835,2,30,15:01:36,24.674,24674,24.674,1
980,838,2,30,15:01:43,26.187,26187,26.187,1
980,825,3,34,15:10:50,23.737,23737,23.737,1
981,154,1,3,14:08:10,33.433,33433,33.433,1
981,830,1,3,14:08:20,39.888,39888,39.888,1
981,807,1,9,14:16:50,24.418,24418,24.418,1
981,825,1,11,14:19:43,24.384,24384,24.384,1
981,832,1,13,14:22:44,24.865,24865,24.865,1
981,8,1,15,14:25:17,25.367,25367,25.367,1
981,839,1,16,14:26:42,24.432,24432,24.432,1
981,840,1,17,14:28:09,26.131,26131,26.131,1
981,828,1,18,14:30:19,25.310,25310,25.31,1
981,826,1,19,14:31:23,25.826,25826,25.826,1
981,836,1,20,14:33:19,25.212,25212,25.212,1
981,13,1,21,14:33:59,25.078,25078,25.078,1
981,835,1,25,14:40:16,31.008,31008,31.008,1
981,830,2,27,14:43:27,24.173,24173,24.173,1
981,4,1,30,14:47:38,24.442,24442,24.442,1
981,20,1,31,14:48:03,24.307,24307,24.307,1
981,1,1,32,14:49:05,23.725,23725,23.725,1
981,815,1,32,14:49:55,25.377,25377,25.377,1
981,822,1,33,14:50:35,23.728,23728,23.728,1
981,154,2,34,14:53:53,24.307,24307,24.307,1
981,817,1,37,14:56:51,23.951,23951,23.951,1
982,1,1,1,20:06:27,30.442,30442,30.442,1
982,817,1,1,20:06:29,30.737,30737,30.737,1
982,807,1,1,20:06:30,31.032,31032,31.032,1
982,815,1,1,20:06:31,30.709,30709,30.709,1
982,822,1,1,20:06:33,30.444,30444,30.444,1
982,835,1,1,20:06:33,30.785,30785,30.785,1
982,838,1,1,20:06:35,31.550,31550,31.55,1
982,839,1,1,20:06:36,31.793,31793,31.793,1
982,832,1,1,20:06:37,32.689,32689,32.689,1
982,825,1,1,20:06:39,32.701,32701,32.701,1
982,826,1,1,20:06:40,33.077,33077,33.077,1
982,4,1,1,20:06:42,36.900,36900,36.9,1
982,840,1,1,20:06:43,37.403,37403,37.403,1
982,13,1,1,20:06:44,38.464,38464,38.464,1
982,154,1,1,20:06:45,39.455,39455,39.455,1
982,828,1,1,20:06:48,40.125,40125,40.125,1
982,836,1,1,20:06:49,40.506,40506,40.506,1
982,1,2,2,20:09:49,24.368,24368,24.368,1
982,817,2,2,20:09:51,24.402,24402,24.402,1
982,807,2,2,20:09:52,25.093,25093,25.093,1
982,815,2,2,20:09:53,25.315,25315,25.315,1
982,822,2,2,20:09:55,25.367,25367,25.367,1
982,835,2,2,20:09:56,26.206,26206,26.206,1
982,838,2,2,20:09:58,26.553,26553,26.553,1
982,839,2,2,20:09:59,26.532,26532,26.532,1
982,832,2,2,20:10:00,27.452,27452,27.452,1
982,825,2,2,20:10:02,26.903,26903,26.903,1
982,826,2,2,20:10:04,27.015,27015,27.015,1
982,4,2,2,20:10:05,29.306,29306,29.306,1
982,840,2,2,20:10:07,29.294,29294,29.294,1
982,13,2,2,20:10:08,30.790,30790,30.79,1
982,154,2,2,20:10:10,31.320,31320,31.32,1
982,828,2,2,20:10:12,38.886,38886,38.886,1
982,836,2,2,20:10:14,45.875,45875,45.875,1
982,1,3,3,20:13:00,24.337,24337,24.337,1
982,817,3,3,20:13:01,24.362,24362,24.362,1
982,807,3,3,20:13:03,24.964,24964,24.964,1
982,815,3,3,20:13:04,25.288,25288,25.288,1
982,822,3,3,20:13:05,25.432,25432,25.432,1
982,835,3,3,20:13:07,25.113,25113,25.113,1
982,838,3,3,20:13:08,24.543,24543,24.543,1
982,839,3,3,20:13:09,24.664,24664,24.664,1
982,832,3,3,20:13:10,25.356,25356,25.356,1
982,825,3,3,20:13:11,25.509,25509,25.509,1
982,826,3,3,20:13:13,25.003,25003,25.003,1
982,4,3,3,20:13:15,25.626,25626,25.626,1
982,840,3,3,20:13:16,25.584,25584,25.584,1
982,13,3,3,20:13:17,25.731,25731,25.731,1
982,154,3,3,20:13:19,26.228,26228,26.228,1
982,828,3,3,20:13:21,27.591,27591,27.591,1
982,836,3,3,20:13:22,27.865,27865,27.865,1
982,817,4,11,20:30:55,29.658,29658,29.658,1
982,815,4,11,20:31:20,30.128,30128,30.128,1
982,839,4,11,20:31:38,31.336,31336,31.336,1
982,825,4,11,20:31:52,30.132,30132,30.132,1
982,807,4,12,20:33:56,30.725,30725,30.725,1
982,835,4,12,20:34:10,30.015,30015,30.015,1
982,838,4,12,20:34:19,30.390,30390,30.39,1
982,828,4,13,20:37:20,31.714,31714,31.714,1
982,13,4,17,20:46:40,29.685,29685,29.685,1
982,836,4,21,20:55:34,32.249,32249,32.249,1
982,825,5,24,21:01:10,30.504,30504,30.504,1
982,13,5,24,21:01:38,30.048,30048,30.048,1
982,840,4,26,21:05:07,29.412,29412,29.412,1
982,832,4,27,21:06:44,30.093,30093,30.093,1
982,838,5,27,21:06:56,36.138,36138,36.138,1
982,154,4,27,21:07:18,29.049,29049,29.049,1
982,839,5,27,21:07:19,29.173,29173,29.173,1
982,828,5,27,21:07:36,50.617,50617,50.617,1
982,817,5,28,21:08:22,29.118,29118,29.118,1
982,822,4,28,21:08:39,29.089,29089,29.089,1
982,807,5,28,21:08:46,30.005,30005,30.005,1
982,815,5,28,21:08:49,29.186,29186,29.186,1
982,1,4,29,21:10:11,28.466,28466,28.466,1
982,836,5,28,21:10:50,31.094,31094,31.094,1
982,835,5,29,21:10:52,30.038,30038,30.038,1
982,828,6,31,21:17:01,30.067,30067,30.067,1
982,13,6,37,21:27:05,29.671,29671,29.671,1
982,807,6,38,21:28:16,1:08.357,68357,68.357,0
982,839,6,38,21:29:07,29.134,29134,29.134,1
982,825,6,38,21:29:17,29.379,29379,29.379,1
982,836,6,37,21:30:39,32.183,32183,32.183,1
983,839,1,2,15:06:57,24.456,24456,24.456,1
983,807,1,9,15:18:36,24.872,24872,24.872,1
983,825,1,10,15:20:13,23.766,23766,23.766,1
983,13,1,11,15:21:49,23.791,23791,23.791,1
983,154,1,11,15:22:00,24.912,24912,24.912,1
983,840,1,12,15:23:27,24.109,24109,24.109,1
983,842,1,12,15:23:37,25.044,25044,25.044,1
983,838,1,13,15:25:04,24.580,24580,24.58,1
983,835,1,13,15:25:12,25.558,25558,25.558,1
983,1,1,26,15:45:40,23.489,23489,23.489,1
983,4,1,26,15:46:31,25.798,25798,25.798,1
983,830,1,27,15:47:09,23.652,23652,23.652,1
983,20,1,27,15:47:42,23.695,23695,23.695,1
983,822,1,28,15:49:19,23.676,23676,23.676,1
983,817,1,29,15:50:36,24.199,24199,24.199,1
983,815,1,30,15:52:42,24.314,24314,24.314,1
983,154,2,33,15:58:35,24.419,24419,24.419,1
983,836,1,37,16:05:08,25.060,25060,25.06,1
983,828,1,38,16:07:14,24.719,24719,24.719,1
983,807,2,50,16:26:10,25.714,25714,25.714,1
984,836,1,2,14:07:36,24.424,24424,24.424,1
984,836,2,3,14:09:55,24.918,24918,24.918,1
984,840,1,4,14:11:34,23.475,23475,23.475,1
984,838,1,9,14:20:17,23.430,23430,23.43,1
984,13,1,17,14:33:15,22.956,22956,22.956,1
984,825,1,19,14:36:33,23.065,23065,23.065,1
984,839,1,20,14:37:56,24.078,24078,24.078,1
984,830,1,21,14:39:13,22.620,22620,22.62,1
984,815,1,21,14:39:37,23.634,23634,23.634,1
984,1,1,22,14:40:43,22.724,22724,22.724,1
984,842,1,22,14:41:29,23.344,23344,23.344,1
984,154,1,23,14:43:03,22.781,22781,22.781,1
984,817,1,25,14:45:43,23.796,23796,23.796,1
984,4,1,25,14:46:28,24.636,24636,24.636,1
984,836,3,25,14:47:08,24.952,24952,24.952,1
984,8,1,28,14:50:46,23.699,23699,23.699,1
984,822,1,30,14:53:46,22.876,22876,22.876,1
984,838,2,34,15:01:19,23.399,23399,23.399,1
984,840,2,35,15:02:52,22.736,22736,22.736,1
984,807,1,38,15:07:08,23.199,23199,23.199,1
984,835,1,39,15:09:02,25.618,25618,25.618,1
984,842,2,39,15:09:07,24.413,24413,24.413,1
985,825,1,1,14:05:31,25.112,25112,25.112,1
985,836,1,3,14:09:08,31.334,31334,31.334,1
985,843,1,8,14:17:38,24.400,24400,24.4,1
985,840,1,10,14:21:03,24.949,24949,24.949,1
985,817,1,12,14:23:58,23.604,23604,23.604,1
985,815,1,12,14:24:19,24.326,24326,24.326,1
985,839,1,14,14:27:34,24.502,24502,24.502,1
985,4,1,14,14:27:37,23.796,23796,23.796,1
985,20,1,16,14:30:37,24.300,24300,24.3,1
985,154,1,16,14:31:15,24.897,24897,24.897,1
985,826,1,17,14:32:52,24.883,24883,24.883,1
985,822,1,18,14:34:03,23.459,23459,23.459,1
985,1,1,19,14:35:36,23.402,23402,23.402,1
985,832,1,19,14:36:13,24.525,24525,24.525,1
985,8,1,20,14:37:29,23.575,23575,23.575,1
985,828,1,21,14:40:02,25.841,25841,25.841,1
985,830,1,24,14:44:17,24.325,24325,24.325,1
985,838,1,25,14:46:48,23.578,23578,23.578,1
985,13,1,29,14:53:26,23.772,23772,23.772,1
985,843,2,35,15:04:07,24.229,24229,24.229,1
985,840,2,36,15:05:47,24.497,24497,24.497,1
985,830,2,37,15:06:06,23.423,23423,23.423,1
985,20,2,38,15:07:41,23.620,23620,23.62,1
985,825,2,49,15:28:07,25.268,25268,25.268,1
985,822,2,52,15:31:05,23.254,23254,23.254,1
986,20,1,1,13:04:31,32.037,32037,32.037,1
986,1,1,1,13:04:57,29.283,29283,29.283,1
986,832,1,2,13:06:13,22.852,22852,22.852,1
986,13,1,3,13:07:22,22.055,22055,22.055,1
986,836,1,4,13:08:55,23.358,23358,23.358,1
986,815,1,18,13:27:58,22.903,22903,22.903,1
986,807,1,19,13:29:17,22.587,22587,22.587,1
986,839,1,20,13:30:35,22.665,22665,22.665,1
986,828,1,28,13:42:13,22.736,22736,22.736,1
986,825,1,31,13:46:09,22.507,22507,22.507,1
986,838,1,31,13:46:25,28.044,28044,28.044,1
986,830,1,32,13:46:33,22.570,22570,22.57,1
986,842,1,31,13:46:43,22.709,22709,22.709,1
986,154,1,31,13:46:45,28.761,28761,28.761,1
986,822,1,32,13:46:46,21.758,21758,21.758,1
986,1,2,31,13:46:57,23.315,23315,23.315,1
986,832,2,31,13:47:07,23.035,23035,23.035,1
986,8,1,32,13:47:13,22.540,22540,22.54,1
986,840,1,32,13:47:37,21.825,21825,21.825,1
986,20,2,32,13:48:10,22.379,22379,22.379,1
986,4,1,32,13:48:13,22.655,22655,22.655,1
986,815,2,50,14:12:39,22.528,22528,22.528,1
986,154,2,62,14:30:09,23.035,23035,23.035,1
987,20,1,1,14:04:42,19.097,19097,19.097,1
987,822,1,1,14:04:43,18.717,18717,18.717,1
987,8,1,1,14:04:45,19.433,19433,19.433,1
987,830,1,1,14:04:47,18.827,18827,18.827,1
987,4,1,1,14:04:49,18.487,18487,18.487,1
987,13,1,1,14:04:50,18.238,18238,18.238,1
987,815,1,1,14:04:51,18.417,18417,18.417,1
987,807,1,1,14:04:52,18.927,18927,18.927,1
987,832,1,1,14:04:54,19.208,19208,19.208,1
987,842,1,1,14:04:55,19.430,19430,19.43,1
987,828,1,1,14:04:58,19.603,19603,19.603,1
987,843,1,1,14:04:59,19.936,19936,19.936,1
987,840,1,1,14:05:00,20.146,20146,20.146,1
987,836,1,1,14:05:01,26.439,26439,26.439,1
987,154,1,1,14:05:02,25.845,25845,25.845,1
987,1,1,1,14:05:05,19.377,19377,19.377,1
987,817,1,1,14:05:06,25.946,25946,25.946,1
987,20,2,2,14:07:01,17.817,17817,17.817,1
987,822,2,2,14:07:03,17.827,17827,17.827,1
987,8,2,2,14:07:05,18.027,18027,18.027,1
987,830,2,2,14:07:06,17.913,17913,17.913,1
987,4,2,2,14:07:08,17.770,17770,17.77,1
987,13,2,2,14:07:09,17.736,17736,17.736,1
987,815,2,2,14:07:10,17.959,17959,17.959,1
987,807,2,2,14:07:11,18.549,18549,18.549,1
987,832,2,2,14:07:13,18.604,18604,18.604,1
987,842,2,2,14:07:14,18.855,18855,18.855,1
987,828,2,2,14:07:16,19.250,19250,19.25,1
987,843,2,2,14:07:17,19.439,19439,19.439,1
987,840,2,2,14:07:18,19.270,19270,19.27,1
987,1,2,2,14:07:19,19.237,19237,19.237,1
987,836,2,2,14:07:20,19.160,19160,19.16,1
987,154,2,2,14:07:22,18.860,18860,18.86,1
987,817,2,2,14:07:23,17.929,17929,17.929,1
987,20,3,3,14:09:13,17.842,17842,17.842,1
987,822,3,3,14:09:15,17.784,17784,17.784,1
987,8,3,3,14:09:16,18.290,18290,18.29,1
987,830,3,3,14:09:17,18.017,18017,18.017,1
987,4,3,3,14:09:19,17.716,17716,17.716,1
987,13,3,3,14:09:20,17.745,17745,17.745,1
987,815,3,3,14:09:21,17.822,17822,17.822,1
987,807,3,3,14:09:23,18.052,18052,18.052,1
987,832,3,3,14:09:25,18.347,18347,18.347,1
987,842,3,3,14:09:26,18.207,18207,18.207,1
987,828,3,3,14:09:28,17.802,17802,17.802,1
987,843,3,3,14:09:29,17.738,17738,17.738,1
987,840,3,3,14:09:31,17.925,17925,17.925,1
987,1,3,3,14:09:32,18.725,18725,18.725,1
987,836,3,3,14:09:33,18.764,18764,18.764,1
987,154,3,3,14:09:34,18.456,18456,18.456,1
987,817,3,3,14:09:35,18.129,18129,18.129,1
987,822,4,27,14:40:23,23.064,23064,23.064,1
987,13,4,27,14:40:48,23.275,23275,23.275,1
987,843,4,27,14:41:13,23.830,23830,23.83,1
987,20,4,28,14:41:36,22.736,22736,22.736,1
987,830,4,28,14:41:48,23.180,23180,23.18,1
987,4,4,28,14:42:03,23.342,23342,23.342,1
987,840,4,28,14:42:27,22.486,22486,22.486,1
987,8,4,29,14:42:56,23.170,23170,23.17,1
987,807,4,30,14:44:43,24.054,24054,24.054,1
987,832,4,31,14:46:03,23.550,23550,23.55,1
987,815,4,35,14:50:51,23.275,23275,23.275,1
987,1,4,43,15:00:16,23.121,23121,23.121,1
987,817,4,43,15:00:36,23.484,23484,23.484,1
987,842,4,44,15:02:35,23.748,23748,23.748,1
987,828,4,44,15:02:43,24.164,24164,24.164,1
987,154,4,48,15:08:02,34.438,34438,34.438,1
987,830,5,62,15:23:42,22.644,22644,22.644,1
987,840,5,67,15:32:18,24.756,24756,24.756,1
988,840,1,11,17:23:10,21.613,21613,21.613,1
988,838,1,12,17:24:58,22.125,22125,22.125,1
988,830,1,14,17:27:48,21.269,21269,21.269,1
988,8,1,15,17:29:30,21.609,21609,21.609,1
988,815,1,16,17:31:34,21.869,21869,21.869,1
988,807,1,17,17:33:10,29.724,29724,29.724,1
988,817,1,19,17:36:18,23.477,23477,23.477,1
988,20,1,20,17:37:57,21.221,21221,21.221,1
988,822,1,21,17:39:31,21.478,21478,21.478,1
988,4,1,21,17:40:31,22.541,22541,22.541,1
988,13,1,22,17:42:15,21.449,21449,21.449,1
988,825,1,22,17:42:42,21.875,21875,21.875,1
988,1,1,24,17:44:41,21.274,21274,21.274,1
988,843,1,26,17:49:52,21.598,21598,21.598,1
988,836,1,28,17:53:13,22.959,22959,22.959,1
988,840,2,29,17:55:13,21.543,21543,21.543,1
988,842,1,30,17:56:53,21.519,21519,21.519,1
988,828,1,30,17:56:57,22.176,22176,22.176,1
988,839,1,31,17:57:47,21.865,21865,21.865,1
988,832,1,31,17:57:49,21.956,21956,21.956,1
988,154,1,32,17:59:52,21.850,21850,21.85,1
988,840,3,35,18:06:11,21.908,21908,21.908,1
989,843,1,1,16:15:04,22.213,22213,22.213,1
989,8,1,18,16:40:07,21.421,21421,21.421,1
989,1,1,19,16:41:30,21.821,21821,21.821,1
989,844,1,20,16:44:03,22.242,22242,22.242,1
989,830,1,21,16:45:06,20.953,20953,20.953,1
989,825,1,22,16:46:31,21.983,21983,21.983,1
989,832,1,22,16:46:46,23.868,23868,23.868,1
989,843,2,22,16:47:37,22.296,22296,22.296,1
989,839,1,23,16:48:25,21.854,21854,21.854,1
989,154,1,24,16:49:31,23.054,23054,23.054,1
989,807,1,24,16:49:35,22.628,22628,22.628,1
989,815,1,24,16:49:51,22.327,22327,22.327,1
989,838,1,25,16:51:17,22.474,22474,22.474,1
989,822,1,25,16:51:21,21.664,21664,21.664,1
989,840,1,25,16:51:46,25.504,25504,25.504,1
989,20,1,26,16:52:19,21.787,21787,21.787,1
989,817,1,26,16:52:59,21.440,21440,21.44,1
989,4,1,26,16:53:09,22.573,22573,22.573,1
989,844,2,27,16:56:25,22.836,22836,22.836,1
989,840,2,29,16:59:57,21.397,21397,21.397,1
990,830,1,2,18:18:14,30.381,30381,30.381,1
990,844,1,3,18:19:24,25.563,25563,25.563,1
990,815,1,9,18:29:30,24.992,24992,24.992,1
990,838,1,10,18:31:05,25.081,25081,25.081,1
990,840,1,10,18:31:12,33.612,33612,33.612,1
990,825,1,13,18:35:49,25.106,25106,25.106,1
990,4,1,14,18:37:30,24.993,24993,24.993,1
990,842,1,15,18:38:59,24.835,24835,24.835,1
990,807,1,15,18:39:05,24.454,24454,24.454,1
990,839,1,15,18:39:12,24.719,24719,24.719,1
990,832,1,16,18:40:52,25.768,25768,25.768,1
990,20,1,18,18:43:25,24.524,24524,24.524,1
990,154,1,18,18:44:11,25.011,25011,25.011,1
990,8,1,19,18:45:09,25.018,25018,25.018,1
990,822,1,20,18:46:40,26.105,26105,26.105,1
990,843,1,20,18:47:23,36.646,36646,36.646,1
990,845,1,22,18:51:05,24.672,24672,24.672,1
990,828,1,23,18:52:22,25.194,25194,25.194,1
990,1,1,26,18:56:29,24.302,24302,24.302,1
990,832,2,26,18:57:29,25.307,25307,25.307,1
990,825,2,27,18:58:45,24.629,24629,24.629,1
990,838,2,28,19:00:38,25.131,25131,25.131,1
990,154,2,30,19:03:55,25.527,25527,25.527,1
990,840,2,30,19:04:24,24.638,24638,24.638,1
990,815,2,32,19:07:17,24.677,24677,24.677,1
990,842,2,34,19:09:50,24.957,24957,24.957,1
990,844,2,34,19:10:46,25.139,25139,25.139,1
990,839,2,35,19:12:01,24.596,24596,24.596,1
990,807,2,39,19:18:06,24.382,24382,24.382,1
990,4,2,39,19:18:09,24.581,24581,24.581,1
990,845,2,40,19:20:39,25.693,25693,25.693,1
990,843,2,42,19:23:28,24.953,24953,24.953,1
990,154,3,45,19:28:25,26.263,26263,26.263,1
991,843,1,10,14:30:52,23.172,23172,23.172,1
991,839,1,11,14:32:18,23.281,23281,23.281,1
991,832,1,12,14:33:53,23.935,23935,23.935,1
991,815,1,12,14:34:05,22.856,22856,22.856,1
991,807,1,13,14:35:30,23.654,23654,23.654,1
991,154,1,16,14:40:41,22.981,22981,22.981,1
991,830,1,17,14:41:50,22.715,22715,22.715,1
991,817,1,17,14:41:56,23.042,23042,23.042,1
991,1,1,18,14:43:33,22.464,22464,22.464,1
991,822,1,19,14:45:02,22.097,22097,22.097,1
991,20,1,20,14:46:38,23.009,23009,23.009,1
991,842,1,20,14:47:48,23.950,23950,23.95,1
991,844,1,21,14:49:28,23.392,23392,23.392,1
991,838,1,22,14:50:55,23.730,23730,23.73,1
991,840,1,23,14:52:34,22.661,22661,22.661,1
991,825,1,24,14:53:57,22.973,22973,22.973,1
991,8,1,27,14:58:28,22.913,22913,22.913,1
991,845,1,28,15:01:08,23.716,23716,23.716,1
991,4,1,29,15:02:24,24.110,24110,24.11,1
991,828,1,29,15:03:02,22.785,22785,22.785,1
991,830,2,31,15:05:06,22.596,22596,22.596,1
991,843,2,30,15:05:08,24.070,24070,24.07,1
991,817,2,31,15:05:15,22.691,22691,22.691,1
991,807,2,31,15:06:04,23.297,23297,23.297,1
991,832,2,31,15:06:18,23.117,23117,23.117,1
991,839,2,31,15:06:24,22.637,22637,22.637,1
991,842,2,31,15:07:01,34.650,34650,34.65,1
991,815,2,32,15:08:44,22.334,22334,22.334,1
991,845,2,33,15:11:07,22.723,22723,22.723,1
991,154,2,46,15:33:38,23.735,23735,23.735,1
992,8,1,1,16:16:15,30.012,30012,30.012,1
992,843,1,1,16:16:35,21.376,21376,21.376,1
992,4,1,1,16:16:58,56.710,56710,56.71,1
992,825,1,1,16:17:11,35.608,35608,35.608,1
992,828,1,1,16:17:16,44.107,44107,44.107,1
992,815,1,2,16:19:26,28.109,28109,28.109,1
992,154,1,2,16:19:32,21.725,21725,21.725,1
992,842,1,12,16:40:48,20.782,20782,20.782,1
992,832,1,15,16:46:02,21.516,21516,21.516,1
992,838,1,17,16:49:58,21.103,21103,21.103,1
992,828,2,18,16:52:18,25.378,25378,25.378,1
992,1,1,22,16:58:07,20.377,20377,20.377,1
992,843,2,22,16:59:24,20.809,20809,20.809,1
992,840,1,23,17:00:38,19.737,19737,19.737,1
992,844,1,24,17:02:20,21.058,21058,21.058,1
992,838,2,25,17:05:01,20.887,20887,20.887,1
992,20,1,30,17:12:13,20.037,20037,20.037,1
992,817,1,37,17:25:09,19.925,19925,19.925,1
992,828,3,36,17:25:51,32.629,32629,32.629,1
992,830,1,38,17:26:56,19.765,19765,19.765,1
992,822,1,40,17:30:08,20.192,20192,20.192,1
992,20,2,40,17:30:26,20.823,20823,20.823,1
992,825,2,39,17:30:36,21.778,21778,21.778,1
992,1,2,40,17:30:37,21.329,21329,21.329,1
992,842,2,39,17:30:54,21.287,21287,21.287,1
992,843,3,39,17:31:04,21.072,21072,21.072,1
992,8,2,40,17:31:21,21.149,21149,21.149,1
992,838,3,39,17:31:27,20.760,20760,20.76,1
992,815,2,40,17:31:34,26.174,26174,26.174,1
992,154,2,40,17:31:39,22.757,22757,22.757,1
992,832,2,40,17:31:48,20.967,20967,20.967,1
992,844,2,40,17:32:00,22.030,22030,22.03,1
992,840,2,40,17:32:03,21.236,21236,21.236,1
992,4,2,40,17:32:15,21.371,21371,21.371,1
992,828,4,39,17:32:40,14.998,14998,14.998,1
992,838,4,46,17:47:50,20.978,20978,20.978,1
993,843,1,1,15:15:19,22.631,22631,22.631,1
993,845,1,1,15:15:23,22.049,22049,22.049,1
993,20,1,17,15:41:29,22.054,22054,22.054,1
993,822,1,19,15:44:12,23.213,23213,23.213,1
993,844,1,20,15:46:09,21.995,21995,21.995,1
993,840,1,20,15:46:18,21.351,21351,21.351,1
993,4,1,21,15:47:34,21.721,21721,21.721,1
993,845,2,24,15:52:02,22.034,22034,22.034,1
993,1,1,25,15:52:11,22.085,22085,22.085,1
993,832,1,25,15:53:03,22.409,22409,22.409,1
993,815,1,26,15:54:45,22.438,22438,22.438,1
993,839,1,29,15:58:45,47.910,47910,47.91,1
993,825,1,32,16:02:35,22.917,22917,22.917,1
993,817,1,33,16:03:28,21.618,21618,21.618,1
993,843,2,33,16:04:40,22.472,22472,22.472,1
993,830,1,34,16:04:41,21.740,21740,21.74,1
993,838,1,34,16:05:53,27.416,27416,27.416,1
993,828,1,35,16:07:20,22.100,22100,22.1,1
993,20,2,41,16:14:52,24.273,24273,24.273,1
993,815,2,40,16:14:56,22.242,22242,22.242,1
993,845,3,41,16:17:36,23.865,23865,23.865,1
994,845,1,7,15:22:13,31.810,31810,31.81,1
994,840,1,9,15:25:39,33.887,33887,33.887,1
994,1,1,12,15:28:19,23.739,23739,23.739,1
994,843,1,13,15:30:14,24.326,24326,24.326,1
994,844,1,14,15:31:32,23.870,23870,23.87,1
994,154,1,15,15:33:04,24.741,24741,24.741,1
994,20,1,16,15:33:21,23.964,23964,23.964,1
994,832,1,16,15:34:04,24.874,24874,24.874,1
994,817,1,17,15:34:32,24.542,24542,24.542,1
994,8,1,17,15:34:47,24.263,24263,24.263,1
994,822,1,17,15:35:01,24.020,24020,24.02,1
994,828,1,17,15:35:35,24.291,24291,24.291,1
994,825,1,17,15:35:35,24.237,24237,24.237,1
994,4,1,19,15:37:54,24.241,24241,24.241,1
994,845,2,19,15:38:41,25.170,25170,25.17,1
994,838,1,20,15:39:35,26.817,26817,26.817,1
994,815,1,21,15:40:40,29.379,29379,29.379,1
994,839,1,23,15:43:06,24.663,24663,24.663,1
994,840,2,34,15:59:55,31.104,31104,31.104,1
994,842,1,37,16:01:40,24.296,24296,24.296,1
994,830,1,47,16:15:05,24.111,24111,24.111,1
994,845,3,49,16:18:49,25.563,25563,25.563,1
994,807,1,50,16:18:53,25.213,25213,25.213,1
994,840,3,59,16:33:18,24.852,24852,24.852,1
994,154,2,68,16:43:24,24.568,24568,24.568,1
994,838,2,72,16:48:42,25.438,25438,25.438,1
995,838,1,1,14:14:56,41.008,41008,41.008,1
995,828,1,1,14:15:00,23.529,23529,23.529,1
995,815,1,9,14:27:34,24.086,24086,24.086,1
995,839,1,11,14:29:59,25.353,25353,25.353,1
995,807,1,13,14:32:32,24.521,24521,24.521,1
995,832,1,14,14:33:51,24.416,24416,24.416,1
995,830,1,16,14:36:13,23.137,23137,23.137,1
995,1,1,16,14:36:16,23.335,23335,23.335,1
995,817,1,17,14:37:31,23.279,23279,23.279,1
995,4,1,18,14:39:10,23.099,23099,23.099,1
995,844,1,19,14:40:26,23.666,23666,23.666,1
995,825,1,22,14:44:21,24.008,24008,24.008,1
995,842,1,23,14:45:36,24.107,24107,24.107,1
995,845,1,26,14:49:55,23.531,23531,23.531,1
995,8,1,32,14:56:30,23.645,23645,23.645,1
995,822,1,36,15:01:20,23.775,23775,23.775,1
995,20,1,37,15:02:29,23.529,23529,23.529,1
995,815,2,44,15:12:48,23.718,23718,23.718,1
995,154,1,48,15:17:41,24.400,24400,24.4,1
995,838,2,48,15:18:21,23.537,23537,23.537,1
996,840,1,1,16:15:46,26.576,26576,26.576,1
996,845,1,1,16:15:55,26.273,26273,26.273,1
996,20,1,1,16:15:56,32.612,32612,32.612,1
996,4,1,1,16:15:56,25.789,25789,25.789,1
996,822,1,1,16:16:38,27.955,27955,27.955,1
996,830,1,25,16:57:59,24.395,24395,24.395,1
996,832,1,26,17:00:15,25.423,25423,25.423,1
996,817,1,28,17:02:52,24.309,24309,24.309,1
996,825,1,28,17:03:31,25.419,25419,25.419,1
996,844,1,31,17:08:35,25.026,25026,25.026,1
996,1,1,33,17:10:41,24.310,24310,24.31,1
996,8,1,34,17:12:38,24.289,24289,24.289,1
996,154,1,34,17:13:30,29.996,29996,29.996,1
996,828,1,35,17:15:27,24.295,24295,24.295,1
996,807,1,37,17:18:16,25.016,25016,25.016,1
996,843,1,38,17:20:21,24.297,24297,24.297,1
996,822,2,39,17:21:22,30.666,30666,30.666,1
996,20,2,40,17:22:38,31.029,31029,31.029,1
996,838,1,40,17:23:26,24.399,24399,24.399,1
996,4,2,46,17:33:42,24.788,24788,24.788,1
997,838,1,1,15:14:13,46.557,46557,46.557,1
997,830,1,15,15:30:26,21.214,21214,21.214,1
997,8,1,15,15:30:30,21.552,21552,21.552,1
997,817,1,15,15:30:32,21.950,21950,21.95,1
997,20,1,15,15:30:34,23.912,23912,23.912,1
997,154,1,15,15:30:46,22.121,22121,22.121,1
997,839,1,15,15:30:54,22.527,22527,22.527,1
997,832,1,15,15:30:57,23.257,23257,23.257,1
997,840,1,15,15:31:03,22.181,22181,22.181,1
997,842,1,15,15:31:09,22.011,22011,22.011,1
997,844,1,15,15:31:12,21.364,21364,21.364,1
997,4,1,15,15:31:16,21.588,21588,21.588,1
997,845,1,24,15:41:54,23.048,23048,23.048,1
997,1,1,25,15:42:08,21.245,21245,21.245,1
997,815,1,27,15:45:05,22.863,22863,22.863,1
997,825,1,28,15:46:11,22.138,22138,22.138,1
997,832,2,34,15:53:34,26.335,26335,26.335,1
997,817,2,38,15:57:21,21.259,21259,21.259,1
997,838,2,40,16:01:56,22.526,22526,22.526,1
997,828,1,45,16:06:18,21.519,21519,21.519,1
997,1,2,52,16:13:20,20.980,20980,20.98,1
997,845,2,60,16:24:25,24.884,24884,24.884,1
997,840,2,65,16:30:07,22.299,22299,22.299,1
998,8,1,13,14:33:39,38.573,38573,38.573,1
998,4,1,13,14:34:09,28.669,28669,28.669,1
998,815,1,13,14:34:17,28.651,28651,28.651,1
998,830,1,17,14:39:53,28.458,28458,28.458,1
998,832,1,17,14:40:28,29.074,29074,29.074,1
998,817,1,18,14:41:31,28.194,28194,28.194,1
998,844,1,18,14:41:58,27.865,27865,27.865,1
998,839,1,19,14:43:35,29.410,29410,29.41,1
998,20,1,20,14:44:24,28.677,28677,28.677,1
998,807,1,20,14:45:06,28.719,28719,28.719,1
998,842,1,20,14:45:19,28.676,28676,28.676,1
998,822,1,21,14:46:03,27.894,27894,27.894,1
998,838,1,21,14:47:02,28.284,28284,28.284,1
998,845,1,21,14:47:19,28.224,28224,28.224,1
998,828,1,24,14:51:45,28.207,28207,28.207,1
998,1,1,25,14:52:37,28.982,28982,28.982,1
998,825,1,25,14:53:08,28.450,28450,28.45,1
998,154,1,26,14:54:52,29.254,29254,29.254,1
998,817,2,30,15:00:29,28.001,28001,28.001,1
998,840,1,30,15:01:51,27.774,27774,27.774,1
998,4,2,32,15:04:42,28.085,28085,28.085,1
998,832,2,32,15:04:46,28.078,28078,28.078,1
998,842,2,32,15:04:49,29.766,29766,29.766,1
998,815,2,32,15:04:53,28.836,28836,28.836,1
998,20,2,33,15:05:15,28.174,28174,28.174,1
998,830,2,33,15:05:35,28.000,28000,28.0,1
998,8,2,33,15:05:39,28.985,28985,28.985,1
998,838,2,33,15:07:14,28.658,28658,28.658,1
999,8,1,14,15:31:29,19.647,19647,19.647,1
999,807,1,18,15:37:14,19.584,19584,19.584,1
999,825,1,20,15:39:50,19.818,19818,19.818,1
999,832,1,20,15:40:01,20.160,20160,20.16,1
999,844,1,20,15:40:04,19.267,19267,19.267,1
999,154,1,21,15:41:19,20.198,20198,20.198,1
999,815,1,22,15:42:34,25.130,25130,25.13,1
999,20,1,25,15:45:48,18.657,18657,18.657,1
999,839,1,25,15:46:55,19.570,19570,19.57,1
999,840,1,27,15:49:46,19.476,19476,19.476,1
999,822,1,28,15:49:51,19.188,19188,19.188,1
999,845,1,28,15:51:05,24.173,24173,24.173,1
999,843,1,28,15:51:05,19.309,19309,19.309,1
999,830,1,29,15:51:16,19.742,19742,19.742,1
999,838,1,29,15:52:30,19.778,19778,19.778,1
999,4,1,31,15:54:51,18.956,18956,18.956,1
999,828,1,38,16:04:17,18.840,18840,18.84,1
999,1,1,42,16:08:17,18.978,18978,18.978,1
999,844,2,43,16:10:51,21.200,21200,21.2,1
999,4,2,43,16:11:06,21.119,21119,21.119,1
999,842,1,43,16:11:12,19.806,19806,19.806,1
999,830,2,46,16:13:39,19.297,19297,19.297,1
999,844,3,46,16:15:36,20.653,20653,20.653,1
999,842,2,46,16:16:19,19.512,19512,19.512,1
999,830,3,48,16:16:46,19.087,19087,19.087,1
999,4,3,47,16:17:17,20.927,20927,20.927,1
999,832,2,50,16:20:42,19.637,19637,19.637,1
999,840,2,50,16:21:14,19.526,19526,19.526,1
999,807,2,51,16:21:56,20.752,20752,20.752,1
999,822,2,52,16:22:05,33.279,33279,33.279,1
999,154,2,51,16:22:13,22.738,22738,22.738,1
999,825,2,51,16:22:14,34.742,34742,34.742,1
999,845,2,51,16:23:00,21.711,21711,21.711,1
999,8,2,53,16:24:19,19.988,19988,19.988,1
999,843,2,52,16:25:00,19.985,19985,19.985,1
999,838,2,52,16:25:50,19.621,19621,19.621,1
999,807,3,55,16:29:16,20.812,20812,20.812,1
999,154,3,55,16:29:57,19.752,19752,19.752,1
999,825,3,55,16:29:59,27.736,27736,27.736,1
999,832,3,56,16:31:24,20.530,20530,20.53,1
1000,828,1,6,15:22:06,22.640,22640,22.64,1
1000,8,1,14,15:32:53,24.471,24471,24.471,1
1000,822,1,15,15:34:11,21.337,21337,21.337,1
1000,815,1,22,15:44:52,22.561,22561,22.561,1
1000,807,1,23,15:46:04,21.966,21966,21.966,1
1000,843,1,24,15:47:26,21.831,21831,21.831,1
1000,1,1,25,15:47:53,21.480,21480,21.48,1
1000,832,1,25,15:48:47,21.914,21914,21.914,1
1000,154,1,29,15:54:26,21.733,21733,21.733,1
1000,825,1,31,15:57:05,25.126,25126,25.126,1
1000,845,1,31,15:57:50,21.509,21509,21.509,1
1000,842,1,32,15:58:19,21.684,21684,21.684,1
1000,8,2,38,16:06:22,21.829,21829,21.829,1
1000,20,1,39,16:07:21,23.111,23111,23.111,1
1000,4,1,39,16:08:27,21.795,21795,21.795,1
1000,839,1,39,16:08:53,22.258,22258,22.258,1
1000,838,1,40,16:09:54,21.732,21732,21.732,1
1000,817,1,44,16:14:45,21.364,21364,21.364,1
1000,840,1,47,16:20:54,21.291,21291,21.291,1
1000,807,2,50,16:24:45,22.650,22650,22.65,1
1001,20,1,1,15:15:59,19.582,19582,19.582,1
1001,1,1,1,15:16:01,19.372,19372,19.372,1
1001,815,1,1,15:16:02,19.667,19667,19.667,1
1001,839,1,1,15:16:03,19.582,19582,19.582,1
1001,830,1,1,15:16:04,19.942,19942,19.942,1
1001,154,1,1,15:16:05,20.280,20280,20.28,1
1001,825,1,1,15:16:07,20.021,20021,20.021,1
1001,842,1,1,15:16:09,20.136,20136,20.136,1
1001,828,1,1,15:16:11,19.711,19711,19.711,1
1001,845,1,1,15:16:12,19.791,19791,19.791,1
1001,840,1,1,15:16:13,19.732,19732,19.732,1
1001,843,1,1,15:16:16,18.084,18084,18.084,1
1001,832,1,1,15:16:18,18.509,18509,18.509,1
1001,822,1,1,15:16:19,20.349,20349,20.349,1
1001,838,1,1,15:16:21,19.847,19847,19.847,1
1001,8,1,1,15:16:57,26.367,26367,26.367,1
1001,822,2,2,15:19:21,30.519,30519,30.519,1
1001,838,2,2,15:19:22,22.706,22706,22.706,1
1001,8,2,7,15:30:50,35.451,35451,35.451,1
1001,1,2,21,15:55:48,22.375,22375,22.375,1
1001,20,2,22,15:57:33,22.253,22253,22.253,1
1001,832,2,22,15:58:45,23.857,23857,23.857,1
1001,154,2,23,16:00:10,23.248,23248,23.248,1
1001,840,2,23,16:00:34,22.901,22901,22.901,1
1001,839,2,24,16:01:54,23.225,23225,23.225,1
1001,845,2,24,16:02:22,22.339,22339,22.339,1
1001,815,2,25,16:03:39,23.157,23157,23.157,1
1001,842,2,25,16:04:03,22.953,22953,22.953,1
1001,830,2,26,16:05:08,22.341,22341,22.341,1
1001,825,2,26,16:05:49,24.304,24304,24.304,1
1001,828,2,26,16:05:55,22.558,22558,22.558,1
1001,838,3,28,16:10:09,23.389,23389,23.389,1
1001,822,3,29,16:11:03,22.399,22399,22.399,1
1001,843,2,31,16:15:29,29.316,29316,29.316,1
1002,807,1,1,15:15:34,25.234,25234,25.234,1
1002,817,1,1,15:15:35,24.805,24805,24.805,1
1002,20,1,1,15:15:36,32.219,32219,32.219,1
1002,828,1,1,15:15:50,29.992,29992,29.992,1
1002,825,1,4,15:21:22,38.563,38563,38.563,1
1002,8,1,20,15:43:45,23.862,23862,23.862,1
1002,154,1,23,15:48:27,24.779,24779,24.779,1
1002,838,1,24,15:50:24,24.094,24094,24.094,1
1002,830,1,26,15:52:26,24.003,24003,24.003,1
1002,1,1,28,15:55:00,23.728,23728,23.728,1
1002,20,2,29,15:56:58,24.301,24301,24.301,1
1002,842,1,34,16:04:44,27.792,27792,27.792,1
1002,844,1,34,16:04:46,24.084,24084,24.084,1
1002,840,1,35,16:05:54,26.440,26440,26.44,1
1002,822,1,36,16:06:30,23.763,23763,23.763,1
1002,845,1,37,16:08:49,25.245,25245,25.245,1
1002,839,1,38,16:09:51,24.827,24827,24.827,1
1002,815,1,39,16:11:20,25.655,25655,25.655,1
1002,832,1,39,16:11:32,25.774,25774,25.774,1
1002,807,2,41,16:14:52,24.456,24456,24.456,1
1002,828,2,42,16:16:25,25.575,25575,25.575,1
1003,845,1,3,20:21:50,30.477,30477,30.477,1
1003,20,1,14,20:42:01,28.722,28722,28.722,1
1003,843,1,14,20:42:40,29.912,29912,29.912,1
1003,1,1,15,20:43:42,28.946,28946,28.946,1
1003,807,1,15,20:44:23,31.183,31183,31.183,1
1003,822,1,16,20:45:39,28.542,28542,28.542,1
1003,154,1,16,20:46:12,29.517,29517,29.517,1
1003,830,1,17,20:47:19,29.681,29681,29.681,1
1003,815,1,17,20:47:51,29.978,29978,29.978,1
1003,8,1,22,20:56:20,29.513,29513,29.513,1
1003,842,1,26,21:04:28,28.931,28931,28.931,1
1003,825,1,26,21:04:30,29.408,29408,29.408,1
1003,817,1,27,21:05:14,28.779,28779,28.779,1
1003,815,2,33,21:17:29,30.561,30561,30.561,1
1003,843,2,36,21:22:59,29.464,29464,29.464,1
1003,825,2,36,21:23:01,30.711,30711,30.711,1
1003,832,1,37,21:23:46,30.242,30242,30.242,1
1003,4,1,38,21:25:29,29.922,29922,29.922,1
1003,844,1,38,21:25:50,29.310,29310,29.31,1
1003,815,3,39,21:28:41,24.340,24340,24.34,1
1003,840,1,40,21:30:02,28.767,28767,28.767,1
1003,838,1,43,21:35:11,30.234,30234,30.234,1
1003,828,1,44,21:36:55,28.860,28860,28.86,1
1003,845,2,45,21:39:51,34.022,34022,34.022,1
1003,825,3,48,21:44:52,29.324,29324,29.324,1
1004,843,1,3,14:18:54,29.418,29418,29.418,1
1004,4,1,5,14:22:23,30.348,30348,30.348,1
1004,840,1,7,14:25:54,29.266,29266,29.266,1
1004,154,1,8,14:27:27,30.469,30469,30.469,1
1004,825,1,9,14:28:59,29.904,29904,29.904,1
1004,844,1,10,14:30:35,30.397,30397,30.397,1
1004,839,1,10,14:30:40,30.642,30642,30.642,1
1004,845,1,10,14:31:18,29.912,29912,29.912,1
1004,828,1,11,14:32:34,30.051,30051,30.051,1
1004,838,1,11,14:32:55,29.636,29636,29.636,1
1004,822,1,12,14:33:30,29.794,29794,29.794,1
1004,815,1,12,14:34:04,29.924,29924,29.924,1
1004,20,1,13,14:35:13,29.798,29798,29.798,1
1004,1,1,14,14:36:51,29.551,29551,29.551,1
1004,8,1,18,14:43:40,29.531,29531,29.531,1
1004,832,1,32,15:08:28,30.021,30021,30.021,1
1004,807,1,35,15:12:47,30.625,30625,30.625,1
1004,828,2,37,15:16:36,30.146,30146,30.146,1
1004,817,1,39,15:18:49,37.446,37446,37.446,1
1004,830,1,43,15:24:48,29.370,29370,29.37,1
1005,825,1,2,14:17:48,29.007,29007,29.007,1
1005,844,1,4,14:20:44,38.891,38891,38.891,1
1005,845,1,4,14:20:51,23.660,23660,23.66,1
1005,828,1,5,14:23:11,23.244,23244,23.244,1
1005,840,1,14,14:39:30,23.657,23657,23.657,1
1005,8,1,17,14:43:53,22.781,22781,22.781,1
1005,830,1,21,14:50:08,28.789,28789,28.789,1
1005,822,1,23,14:53:12,22.777,22777,22.777,1
1005,817,1,23,14:53:24,22.864,22864,22.864,1
1005,838,1,23,14:54:14,23.159,23159,23.159,1
1005,1,1,24,14:54:41,22.614,22614,22.614,1
1005,815,1,24,14:55:30,23.635,23635,23.635,1
1005,839,1,26,14:58:45,23.316,23316,23.316,1
1005,20,1,26,14:58:49,22.748,22748,22.748,1
1005,4,1,26,14:58:57,27.454,27454,27.454,1
1005,843,1,28,15:02:08,23.110,23110,23.11,1
1005,154,1,29,15:03:29,23.692,23692,23.692,1
1005,842,1,29,15:03:37,23.376,23376,23.376,1
1005,807,1,30,15:05:33,23.555,23555,23.555,1
1005,832,1,32,15:08:30,23.477,23477,23.477,1
1005,844,2,35,15:13:39,26.672,26672,26.672,1
1005,845,2,38,15:18:43,23.647,23647,23.647,1
1005,840,2,39,15:20:25,29.804,29804,29.804,1
1006,844,1,1,13:15:33,34.812,34812,34.812,1
1006,840,1,1,13:15:34,41.048,41048,41.048,1
1006,154,1,1,13:15:46,35.104,35104,35.104,1
1006,840,2,5,13:23:02,18.610,18610,18.61,1
1006,845,1,10,13:31:11,23.686,23686,23.686,1
1006,838,1,10,13:31:16,24.065,24065,24.065,1
1006,842,1,10,13:31:19,23.865,23865,23.865,1
1006,1,1,11,13:32:38,23.693,23693,23.693,1
1006,8,1,21,13:49:44,23.714,23714,23.714,1
1006,830,1,22,13:51:28,23.446,23446,23.446,1
1006,839,1,22,13:52:07,24.534,24534,24.534,1
1006,822,1,23,13:53:07,23.478,23478,23.478,1
1006,807,1,23,13:53:40,24.681,24681,24.681,1
1006,832,1,24,13:55:25,29.319,29319,29.319,1
1006,815,1,25,13:57:18,25.723,25723,25.723,1
1006,20,1,26,13:58:25,24.449,24449,24.449,1
1006,843,1,27,14:00:53,23.819,23819,23.819,1
1006,845,2,29,14:04:26,23.715,23715,23.715,1
1006,825,1,30,14:05:48,23.723,23723,23.723,1
1006,828,1,30,14:06:07,23.940,23940,23.94,1
1006,1,2,37,14:16:27,23.915,23915,23.915,1
1006,842,2,36,14:16:33,24.219,24219,24.219,1
1006,840,3,38,14:20:52,24.296,24296,24.296,1
1006,838,2,40,14:23:09,24.195,24195,24.195,1
1007,839,1,1,13:14:32,27.806,27806,27.806,1
1007,843,1,1,13:14:35,22.055,22055,22.055,1
1007,842,1,5,13:20:36,22.570,22570,22.57,1
1007,840,1,10,13:27:33,24.451,24451,24.451,1
1007,1,1,11,13:28:21,22.269,22269,22.269,1
1007,822,1,11,13:28:30,22.105,22105,22.105,1
1007,832,1,11,13:28:40,22.660,22660,22.66,1
1007,845,1,11,13:29:04,22.732,22732,22.732,1
1007,817,1,12,13:29:44,22.022,22022,22.022,1
1007,807,1,12,13:30:08,23.037,23037,23.037,1
1007,838,1,12,13:30:25,22.174,22174,22.174,1
1007,830,1,13,13:31:00,22.175,22175,22.175,1
1007,844,1,13,13:31:39,22.588,22588,22.588,1
1007,828,1,16,13:36:10,31.406,31406,31.406,1
1007,20,1,17,13:36:37,22.658,22658,22.658,1
1007,8,1,17,13:36:57,22.017,22017,22.017,1
1007,840,2,23,13:46:14,23.371,23371,23.371,1
1007,843,2,24,13:47:35,23.553,23553,23.553,1
1007,842,2,26,13:50:29,23.055,23055,23.055,1
1007,815,1,30,13:56:04,23.755,23755,23.755,1
1007,839,2,30,13:56:33,22.756,22756,22.756,1
1007,825,1,43,14:15:14,22.390,22390,22.39,1
1007,154,1,44,14:16:47,22.733,22733,22.733,1
1007,20,2,47,14:18:25,21.777,21777,21.777,1
1007,1,2,47,14:18:42,22.399,22399,22.399,1
1007,830,2,48,14:19:35,22.088,22088,22.088,1
1007,822,2,48,14:20:17,23.887,23887,23.887,1
1007,154,2,60,14:40:00,23.426,23426,23.426,1
1007,822,3,62,14:40:33,22.512,22512,22.512,1
1008,4,1,15,15:32:38,33.753,33753,33.753,1
1008,845,1,16,15:33:56,23.273,23273,23.273,1
1008,840,1,17,15:35:13,24.608,24608,24.608,1
1008,822,1,18,15:35:50,22.955,22955,22.955,1
1008,828,1,18,15:36:28,23.377,23377,23.377,1
1008,1,1,19,15:36:57,22.641,22641,22.641,1
1008,842,1,22,15:41:18,23.757,23757,23.757,1
1008,832,1,25,15:45:06,23.939,23939,23.939,1
1008,20,1,27,15:47:00,22.551,22551,22.551,1
1008,838,1,28,15:49:08,22.618,22618,22.618,1
1008,8,1,31,15:51:53,22.766,22766,22.766,1
1008,154,1,32,15:53:30,23.403,23403,23.403,1
1008,830,1,35,15:56:38,23.432,23432,23.432,1
1008,844,1,35,15:57:04,23.593,23593,23.593,1
1008,817,1,39,16:01:41,23.300,23300,23.3,1
1008,815,1,39,16:02:25,23.505,23505,23.505,1
1008,839,1,40,16:03:50,27.226,27226,27.226,1
1008,825,1,41,16:04:39,23.115,23115,23.115,1
1008,832,2,48,16:14:02,23.770,23770,23.77,1
1008,843,1,49,16:15:11,23.422,23422,23.422,1
1008,20,2,53,16:19:07,22.683,22683,22.683,1
1008,4,2,54,16:22:00,23.046,23046,23.046,1
1008,839,2,57,16:25:23,31.198,31198,31.198,1
1008,822,2,59,16:26:17,22.727,22727,22.727,1
1008,840,2,65,16:35:55,24.283,24283,24.283,1
1009,843,1,1,17:16:20,41.012,41012,41.012,1
1009,1,1,7,17:29:33,21.283,21283,21.283,1
1009,844,1,7,17:29:43,21.828,21828,21.828,1
1009,154,1,7,17:29:48,22.354,22354,22.354,1
1009,20,1,15,17:44:11,22.630,22630,22.63,1
1009,822,1,16,17:45:52,21.600,21600,21.6,1
1009,830,1,17,17:47:44,21.057,21057,21.057,1
1009,839,1,18,17:49:58,21.979,21979,21.979,1
1009,815,1,26,18:04:04,22.112,22112,22.112,1
1009,4,1,27,18:06:10,21.726,21726,21.726,1
1009,842,1,29,18:09:35,22.493,22493,22.493,1
1009,817,1,33,18:15:29,21.061,21061,21.061,1
1009,838,1,35,18:20:34,22.317,22317,22.317,1
1009,845,1,35,18:20:39,22.755,22755,22.755,1
1009,832,1,37,18:23:10,21.964,21964,21.964,1
1009,822,2,40,18:27:52,21.289,21289,21.289,1
1009,840,1,40,18:29:11,22.189,22189,22.189,1
1009,825,1,41,18:30:42,21.587,21587,21.587,1
1010,9,1,1,16:15:28,32.997,32997,32.997,1
1010,817,1,1,16:15:30,33.027,33027,33.027,1
1010,8,1,12,16:31:50,23.299,23299,23.299,1
1010,807,1,13,16:33:19,21.588,21588,21.588,1
1010,815,1,13,16:33:28,23.234,23234,23.234,1
1010,20,1,14,16:34:28,21.995,21995,21.995,1
1010,825,1,14,16:34:47,22.388,22388,22.388,1
1010,848,1,14,16:34:57,21.780,21780,21.78,1
1010,1,1,15,16:35:52,21.515,21515,21.515,1
1010,154,1,15,16:36:19,29.981,29981,29.981,1
1010,846,1,15,16:36:25,21.627,21627,21.627,1
1010,822,1,23,16:47:33,22.014,22014,22.014,1
1010,830,1,25,16:50:47,21.157,21157,21.157,1
1010,826,1,26,16:52:54,22.086,22086,22.086,1
1010,847,1,26,16:53:46,21.689,21689,21.689,1
1010,840,1,27,16:54:21,22.471,22471,22.471,1
1010,841,1,27,16:54:58,27.172,27172,27.172,1
1010,844,1,28,16:55:26,22.306,22306,22.306,1
1010,9,2,28,16:58:10,22.343,22343,22.343,1
1010,842,1,37,17:09:14,21.269,21269,21.269,1
1010,847,2,42,17:18:18,21.543,21543,21.543,1
1010,9,3,44,17:22:42,21.889,21889,21.889,1
1011,840,1,1,18:15:42,34.338,34338,34.338,1
1011,154,1,1,18:15:49,32.082,32082,32.082,1
1011,832,1,4,18:20:43,45.543,45543,45.543,1
1011,815,1,8,18:26:49,27.136,27136,27.136,1
1011,8,1,9,18:28:25,25.647,25647,25.647,1
1011,842,1,9,18:28:32,27.557,27557,27.557,1
1011,848,1,9,18:28:33,25.659,25659,25.659,1
1011,846,1,10,18:30:09,24.175,24175,24.175,1
1011,825,1,10,18:30:10,24.948,24948,24.948,1
1011,830,1,11,18:31:32,24.199,24199,24.199,1
1011,9,1,11,18:32:04,24.667,24667,24.667,1
1011,822,1,12,18:33:08,24.865,24865,24.865,1
1011,807,1,12,18:33:19,25.498,25498,25.498,1
1011,826,1,12,18:33:44,26.508,26508,26.508,1
1011,847,1,12,18:33:46,24.633,24633,24.633,1
1011,844,1,13,18:34:36,24.518,24518,24.518,1
1011,1,1,13,18:34:41,24.255,24255,24.255,1
1011,20,1,14,18:36:18,24.228,24228,24.228,1
1011,841,1,16,18:40:11,27.725,27725,27.725,1
1011,840,2,23,18:52:28,26.600,26600,26.6,1
1011,817,1,24,18:53:09,25.676,25676,25.676,1
1011,832,2,24,18:54:12,25.034,25034,25.034,1
1011,848,2,25,18:55:06,24.842,24842,24.842,1
1011,847,2,26,18:57:17,24.912,24912,24.912,1
1011,9,2,27,18:59:03,24.313,24313,24.313,1
1011,830,2,32,19:05:59,26.729,26729,26.729,1
1011,807,2,32,19:06:16,25.253,25253,25.253,1
1011,8,2,33,19:08:04,25.621,25621,25.621,1
1011,815,2,33,19:08:18,26.798,26798,26.798,1
1011,1,2,34,19:08:53,24.324,24324,24.324,1
1011,846,2,34,19:09:37,24.717,24717,24.717,1
1011,20,2,35,19:10:26,24.212,24212,24.212,1
1011,844,2,36,19:11:54,24.358,24358,24.358,1
1011,822,2,37,19:13:58,24.433,24433,24.433,1
1011,20,3,38,19:15:58,34.193,34193,34.193,1
1011,826,2,38,19:16:45,30.761,30761,30.761,1
1011,825,2,38,19:16:47,25.982,25982,25.982,1
1011,842,2,39,19:17:58,24.484,24484,24.484,1
1011,841,2,40,19:19:55,24.880,24880,24.88,1
1011,832,3,40,19:20:46,24.985,24985,24.985,1
1012,832,1,1,14:15:38,45.878,45878,45.878,1
1012,846,1,1,14:15:45,50.738,50738,50.738,1
1012,826,1,7,14:25:49,17.257,17257,17.257,1
1012,841,1,7,14:25:51,25.184,25184,25.184,1
1012,154,1,8,14:27:26,23.261,23261,23.261,1
1012,825,1,9,14:29:10,23.964,23964,23.964,1
1012,807,1,11,14:32:24,24.107,24107,24.107,1
1012,830,1,17,14:42:01,23.223,23223,23.223,1
1012,846,2,17,14:43:26,33.638,33638,33.638,1
1012,20,1,18,14:43:39,22.749,22749,22.749,1
1012,817,1,18,14:44:01,23.506,23506,23.506,1
1012,842,1,19,14:45:31,22.301,22301,22.301,1
1012,848,1,19,14:46:02,23.215,23215,23.215,1
1012,815,1,20,14:47:27,23.733,23733,23.733,1
1012,840,1,20,14:47:41,23.466,23466,23.466,1
1012,822,1,21,14:48:27,22.196,22196,22.196,1
1012,1,1,22,14:50:01,22.644,22644,22.644,1
1012,844,1,22,14:50:21,22.921,22921,22.921,1
1012,847,1,22,14:51:29,24.332,24332,24.332,1
1012,8,1,25,14:55:54,23.888,23888,23.888,1
1012,826,2,25,14:56:18,26.050,26050,26.05,1
1012,9,1,26,14:58:30,32.627,32627,32.627,1
1012,841,2,30,15:04:51,25.137,25137,25.137,1
1012,826,3,30,15:04:57,43.206,43206,43.206,1
1012,825,2,33,15:09:45,23.383,23383,23.383,1
1012,830,2,34,15:10:12,22.365,22365,22.365,1
1012,20,2,35,15:11:41,22.316,22316,22.316,1
1012,846,3,34,15:12:20,22.524,22524,22.524,1
1012,154,2,35,15:12:56,23.520,23520,23.52,1
1012,1,2,36,15:13:05,23.597,23597,23.597,1
1012,822,2,36,15:13:10,24.083,24083,24.083,1
1012,832,2,36,15:14:58,22.532,22532,22.532,1
1012,842,2,39,15:18:48,22.722,22722,22.722,1
1012,844,2,42,15:23:18,24.227,24227,24.227,1
1012,840,2,44,15:27:57,23.515,23515,23.515,1
1012,847,2,49,15:37:27,23.965,23965,23.965,1
1012,842,3,53,15:41:53,22.408,22408,22.408,1
1013,826,1,5,16:23:10,21.013,21013,21.013,1
1013,8,1,6,16:25:08,21.401,21401,21.401,1
1013,825,1,7,16:26:55,20.118,20118,20.118,1
1013,841,1,7,16:27:02,20.776,20776,20.776,1
1013,807,1,8,16:28:49,21.325,21325,21.325,1
1013,846,1,9,16:30:25,19.819,19819,19.819,1
1013,815,1,10,16:32:13,20.939,20939,20.939,1
1013,840,1,10,16:32:27,23.099,23099,23.099,1
1013,817,1,10,16:32:28,20.884,20884,20.884,1
1013,20,1,11,16:33:45,19.981,19981,19.981,1
1013,822,1,12,16:35:24,20.006,20006,20.006,1
1013,832,1,12,16:35:58,19.755,19755,19.755,1
1013,848,1,12,16:36:16,20.720,20720,20.72,1
1013,1,1,13,16:37:17,19.993,19993,19.993,1
1013,830,1,14,16:39:16,20.973,20973,20.973,1
1013,9,1,14,16:40:06,15.069,15069,15.069,1
1013,9,2,23,16:57:00,21.037,21037,21.037,1
1013,847,1,25,17:00:30,20.475,20475,20.475,1
1013,844,1,34,17:14:53,20.382,20382,20.382,1
1013,807,2,34,17:16:30,20.870,20870,20.87,1
1013,154,1,34,17:16:33,20.906,20906,20.906,1
1013,847,2,38,17:24:45,20.751,20751,20.751,1
1013,846,2,39,17:25:02,22.080,22080,22.08,1
1013,825,2,39,17:26:07,20.859,20859,20.859,1
1013,9,3,42,17:33:14,20.703,20703,20.703,1
1013,844,2,47,17:39:16,19.857,19857,19.857,1
1014,841,1,6,15:21:55,22.381,22381,22.381,1
1014,20,1,19,15:39:39,23.746,23746,23.746,1
1014,830,1,20,15:40:52,22.417,22417,22.417,1
1014,826,1,21,15:42:48,22.049,22049,22.049,1
1014,842,1,22,15:43:55,22.563,22563,22.563,1
1014,840,1,22,15:44:26,23.321,23321,23.321,1
1014,825,1,23,15:45:34,22.025,22025,22.025,1
1014,817,1,24,15:47:07,22.379,22379,22.379,1
1014,832,1,24,15:47:10,21.468,21468,21.468,1
1014,815,1,24,15:47:11,22.781,22781,22.781,1
1014,844,1,25,15:47:53,23.646,23646,23.646,1
1014,848,1,25,15:48:27,23.591,23591,23.591,1
1014,822,1,26,15:49:04,22.034,22034,22.034,1
1014,154,1,26,15:49:40,22.379,22379,22.379,1
1014,846,1,26,15:50:07,21.579,21579,21.579,1
1014,1,1,27,15:50:16,22.265,22265,22.265,1
1014,8,1,28,15:53:02,22.342,22342,22.342,1
1014,9,1,31,15:58:16,21.954,21954,21.954,1
1014,847,1,32,15:59:33,22.442,22442,22.442,1
1014,807,1,35,16:02:40,22.193,22193,22.193,1
1014,20,2,40,16:08:48,21.643,21643,21.643,1
1014,841,2,41,16:12:09,23.507,23507,23.507,1
1014,830,2,43,16:12:43,22.540,22540,22.54,1
1014,822,2,45,16:15:21,22.018,22018,22.018,1
1014,826,2,45,16:16:25,33.821,33821,33.821,1
1014,825,2,45,16:16:29,22.992,22992,22.992,1
1014,848,2,45,16:16:34,37.345,37345,37.345,1
1014,1,2,46,16:16:43,22.511,22511,22.511,1
1014,817,2,45,16:16:58,22.702,22702,22.702,1
1014,815,2,45,16:17:06,22.896,22896,22.896,1
1014,847,2,44,16:17:28,21.846,21846,21.846,1
1014,844,2,46,16:17:34,21.638,21638,21.638,1
1014,8,2,45,16:17:38,22.549,22549,22.549,1
1014,9,2,44,16:17:59,22.142,22142,22.142,1
1014,842,2,46,16:18:00,22.095,22095,22.095,1
1014,154,2,46,16:18:13,22.732,22732,22.732,1
1014,832,2,46,16:18:55,21.545,21545,21.545,1
1015,807,1,9,15:24:59,25.532,25532,25.532,1
1015,844,1,9,15:25:11,25.964,25964,25.964,1
1015,847,1,10,15:26:35,26.165,26165,26.165,1
1015,1,1,11,15:27:03,24.266,24266,24.266,1
1015,822,1,11,15:27:11,25.030,25030,25.03,1
1015,830,1,11,15:27:12,24.011,24011,24.011,1
1015,20,1,11,15:27:12,24.483,24483,24.483,1
1015,817,1,11,15:27:55,24.269,24269,24.269,1
1015,825,1,11,15:27:55,25.419,25419,25.419,1
1015,815,1,11,15:28:09,28.463,28463,28.463,1
1015,822,2,12,15:29:18,24.776,24776,24.776,1
1015,844,2,16,15:36:31,25.705,25705,25.705,1
1015,9,1,21,15:43:09,23.946,23946,23.946,1
1015,842,1,27,15:50:18,24.161,24161,24.161,1
1015,832,1,30,15:54:15,23.795,23795,23.795,1
1015,826,1,32,15:56:48,24.023,24023,24.023,1
1015,840,1,39,16:06:35,24.591,24591,24.591,1
1015,848,1,40,16:07:15,25.062,25062,25.062,1
1015,841,1,44,16:13:29,35.651,35651,35.651,1
1015,8,1,46,16:15:59,26.299,26299,26.299,1
1015,846,1,47,16:16:57,25.026,25026,25.026,1
1015,154,1,50,16:20:12,24.219,24219,24.219,1
1015,842,2,62,16:35:42,23.858,23858,23.858,1
1016,848,1,1,14:14:33,37.950,37950,37.95,1
1016,832,1,3,14:17:05,24.727,24727,24.727,1
1016,8,1,6,14:21:09,25.342,25342,25.342,1
1016,842,1,7,14:22:11,23.485,23485,23.485,1
1016,817,1,8,14:23:27,23.927,23927,23.927,1
1016,9,1,8,14:24:00,25.210,25210,25.21,1
1016,847,1,9,14:25:14,23.686,23686,23.686,1
1016,815,1,11,14:27:40,24.076,24076,24.076,1
1016,826,1,12,14:28:56,23.825,23825,23.825,1
1016,807,1,16,14:33:51,24.030,24030,24.03,1
1016,20,1,26,14:46:21,23.782,23782,23.782,1
1016,1,1,28,14:48:57,23.662,23662,23.662,1
1016,822,1,30,14:51:51,23.994,23994,23.994,1
1016,844,1,33,14:55:25,23.732,23732,23.732,1
1016,841,1,33,14:56:30,23.884,23884,23.884,1
1016,154,1,34,14:57:56,24.071,24071,24.071,1
1016,9,2,38,15:04:19,23.119,23119,23.119,1
1016,825,1,39,15:04:54,24.381,24381,24.381,1
1016,840,1,45,15:11:32,23.727,23727,23.727,1
1016,830,1,48,15:14:55,23.426,23426,23.426,1
1016,8,2,58,15:28:58,24.666,24666,24.666,1
1016,822,2,67,15:38:52,23.456,23456,23.456,1
1017,841,1,7,15:25:01,30.842,30842,30.842,1
1017,817,1,16,15:39:36,31.031,31031,31.031,1
1017,825,1,16,15:39:52,30.832,30832,30.832,1
1017,842,1,17,15:41:13,30.228,30228,30.228,1
1017,846,1,18,15:42:44,30.576,30576,30.576,1
1017,815,1,18,15:42:54,37.286,37286,37.286,1
1017,832,1,19,15:44:20,29.920,29920,29.92,1
1017,830,1,20,15:45:33,30.118,30118,30.118,1
1017,844,1,21,15:47:03,30.203,30203,30.203,1
1017,822,1,23,15:50:09,30.412,30412,30.412,1
1017,1,1,24,15:51:35,30.186,30186,30.186,1
1017,9,1,24,15:53:31,29.792,29792,29.792,1
1017,20,1,25,15:53:36,30.044,30044,30.044,1
1017,848,1,25,15:54:23,30.279,30279,30.279,1
1017,847,1,25,15:55:03,31.950,31950,31.95,1
1017,8,1,31,16:03:51,29.975,29975,29.975,1
1017,154,1,31,16:04:18,30.837,30837,30.837,1
1017,826,1,32,16:05:49,30.233,30233,30.233,1
1017,847,2,33,16:08:33,37.494,37494,37.494,1
1017,807,1,34,16:08:41,30.884,30884,30.884,1
1017,841,2,34,16:09:23,31.697,31697,31.697,1
1017,840,1,39,16:16:51,30.849,30849,30.849,1
1017,20,2,51,16:35:13,30.468,30468,30.468,1
1018,825,1,11,15:26:15,23.243,23243,23.243,1
1018,825,2,13,15:29:01,16.224,16224,16.224,1
1018,9,1,19,15:36:00,21.525,21525,21.525,1
1018,822,1,21,15:37:18,22.552,22552,22.552,1
1018,20,1,21,15:37:22,25.236,25236,25.236,1
1018,844,1,22,15:38:23,21.878,21878,21.878,1
1018,8,1,23,15:40:05,21.709,21709,21.709,1
1018,841,1,24,15:41:20,21.672,21672,21.672,1
1018,846,1,25,15:42:23,21.547,21547,21.547,1
1018,842,1,25,15:42:27,22.239,22239,22.239,1
1018,840,1,25,15:42:36,21.982,21982,21.982,1
1018,807,1,26,15:43:43,21.985,21985,21.985,1
1018,847,1,27,15:45:22,22.772,22772,22.772,1
1018,815,1,28,15:46:02,22.330,22330,22.33,1
1018,1,1,30,15:47:46,30.067,30067,30.067,1
1018,830,1,31,15:49:00,21.110,21110,21.11,1
1018,826,1,32,15:51:13,25.091,25091,25.091,1
1018,154,1,34,15:53:32,22.265,22265,22.265,1
1018,848,1,35,15:54:33,21.225,21225,21.225,1
1018,832,1,41,16:01:19,21.266,21266,21.266,1
1018,817,1,46,16:07:18,22.305,22305,22.305,1
1018,20,2,50,16:11:04,22.251,22251,22.251,1
1018,825,3,62,16:27:00,22.309,22309,22.309,1
1019,154,1,1,14:15:12,33.562,33562,33.562,1
1019,825,1,1,14:15:41,32.767,32767,32.767,1
1019,842,1,12,14:31:30,27.905,27905,27.905,1
1019,817,1,12,14:31:41,28.416,28416,28.416,1
1019,826,1,12,14:31:52,29.377,29377,29.377,1
1019,844,1,13,14:32:59,28.558,28558,28.558,1
1019,830,1,13,14:33:00,27.827,27827,27.827,1
1019,846,1,13,14:33:12,28.275,28275,28.275,1
1019,848,1,13,14:33:18,28.954,28954,28.954,1
1019,807,1,13,14:33:19,28.926,28926,28.926,1
1019,840,1,13,14:33:24,30.400,30400,30.4,1
1019,822,1,16,14:37:23,28.493,28493,28.493,1
1019,8,1,17,14:39:34,28.364,28364,28.364,1
1019,815,1,18,14:41:03,30.264,30264,30.264,1
1019,1,1,20,14:43:34,28.905,28905,28.905,1
1019,20,1,20,14:43:56,28.021,28021,28.021,1
1019,830,2,20,14:44:20,27.950,27950,27.95,1
1019,832,1,20,14:44:26,27.980,27980,27.98,1
1019,817,2,20,14:44:42,28.381,28381,28.381,1
1019,9,1,20,14:45:15,28.694,28694,28.694,1
1019,844,2,21,14:46:29,28.348,28348,28.348,1
1019,826,2,21,14:47:13,28.811,28811,28.811,1
1019,847,1,21,14:47:16,30.245,30245,30.245,1
1019,815,2,24,14:52:57,38.032,38032,38.032,1
1019,846,2,35,15:09:29,27.919,27919,27.919,1
1019,20,2,38,15:14:24,38.468,38468,38.468,1
1019,840,2,39,15:15:42,29.074,29074,29.074,1
1019,822,2,45,15:23:52,28.177,28177,28.177,1
1019,815,3,46,15:26:57,28.747,28747,28.747,1
1020,20,1,2,15:23:38,20.094,20094,20.094,1
1020,848,1,2,15:23:41,20.576,20576,20.576,1
1020,1,1,3,15:25:13,20.203,20203,20.203,1
1020,822,1,3,15:25:19,22.243,22243,22.243,1
1020,830,1,3,15:25:20,22.358,22358,22.358,1
1020,8,1,3,15:25:22,27.256,27256,27.256,1
1020,807,1,3,15:25:24,22.132,22132,22.132,1
1020,844,1,3,15:25:25,20.361,20361,20.361,1
1020,154,1,3,15:25:31,27.232,27232,27.232,1
1020,842,1,3,15:25:33,29.667,29667,29.667,1
1020,832,1,3,15:25:34,23.363,23363,23.363,1
1020,841,1,3,15:25:37,22.509,22509,22.509,1
1020,817,1,3,15:25:39,21.224,21224,21.224,1
1020,826,1,3,15:25:41,23.090,23090,23.09,1
1020,846,1,6,15:31:10,21.402,21402,21.402,1
1020,840,1,7,15:32:46,22.696,22696,22.696,1
1020,847,1,7,15:32:56,20.718,20718,20.718,1
1020,9,1,7,15:33:00,23.801,23801,23.801,1
1020,825,1,8,15:34:19,21.106,21106,21.106,1
1020,844,2,15,15:44:43,22.102,22102,22.102,1
1020,807,2,15,15:44:55,20.118,20118,20.118,1
1020,825,2,21,15:55:12,21.179,21179,21.179,1
1020,20,2,23,15:57:40,20.768,20768,20.768,1
1020,9,2,23,15:59:08,20.436,20436,20.436,1
1020,830,2,25,16:00:07,19.640,19640,19.64,1
1020,847,2,24,16:00:34,19.287,19287,19.287,1
1020,826,2,25,16:01:14,21.488,21488,21.488,1
1020,846,2,25,16:01:15,20.242,20242,20.242,1
1020,840,2,25,16:01:22,21.260,21260,21.26,1
1020,822,2,26,16:01:40,20.498,20498,20.498,1
1020,8,2,26,16:02:15,22.307,22307,22.307,1
1020,841,2,26,16:02:33,20.879,20879,20.879,1
1020,842,2,26,16:02:35,19.875,19875,19.875,1
1020,154,2,26,16:02:44,21.625,21625,21.625,1
1020,844,3,27,16:03:18,20.317,20317,20.317,1
1020,848,2,27,16:04:06,21.501,21501,21.501,1
1020,832,2,27,16:04:43,19.964,19964,19.964,1
1020,1,2,28,16:04:58,22.947,22947,22.947,1
1020,848,3,28,16:06:20,21.732,21732,21.732,1
1020,8,3,28,16:06:40,21.142,21142,21.142,1
1020,20,3,28,16:06:40,22.058,22058,22.058,1
1020,842,3,28,16:06:54,20.552,20552,20.552,1
1020,841,3,28,16:07:02,20.096,20096,20.096,1
1020,826,3,28,16:07:11,24.310,24310,24.31,1
1020,154,3,28,16:07:27,22.421,22421,22.421,1
1020,830,3,29,16:07:40,21.472,21472,21.472,1
1020,807,3,29,16:07:42,20.624,20624,20.624,1
1020,840,3,28,16:08:19,21.962,21962,21.962,1
1020,825,3,29,16:09:20,21.359,21359,21.359,1
1020,822,3,30,16:09:52,21.142,21142,21.142,1
1020,9,3,31,16:14:07,19.626,19626,19.626,1
1020,830,4,41,16:28:42,19.327,19327,19.327,1
1020,20,4,41,16:29:20,21.256,21256,21.256,1
1020,154,4,41,16:29:35,20.622,20622,20.622,1
1020,840,4,41,16:30:13,20.472,20472,20.472,1
1020,847,3,41,16:30:14,19.345,19345,19.345,1
1020,825,4,42,16:31:41,20.380,20380,20.38,1
1020,840,5,44,16:35:25,20.152,20152,20.152,1
1020,826,4,45,16:37:18,20.671,20671,20.671,1
1020,825,5,45,16:37:20,20.285,20285,20.285,1
1020,830,5,46,16:38:35,19.062,19062,19.062,1
1020,822,4,46,16:38:41,21.009,21009,21.009,1
1020,832,3,46,16:38:44,20.711,20711,20.711,1
1020,842,4,46,16:38:45,20.012,20012,20.012,1
1020,848,4,46,16:38:47,19.931,19931,19.931,1
1020,154,5,46,16:38:49,21.423,21423,21.423,1
1020,9,4,46,16:38:58,20.370,20370,20.37,1
1020,1,4,47,16:40:10,27.069,27069,27.069,1
1020,8,4,47,16:40:13,20.930,20930,20.93,1
1020,20,5,47,16:40:14,19.586,19586,19.586,1
1020,841,4,47,16:40:17,28.093,28093,28.093,1
1020,847,4,47,16:40:24,21.634,21634,21.634,1
1020,1,5,53,16:48:53,20.015,20015,20.015,1
1020,1,6,56,16:53:29,19.610,19610,19.61,1
1020,825,6,57,16:54:35,20.700,20700,20.7,1
1020,9,5,57,16:55:04,19.825,19825,19.825,1
1020,847,5,57,16:55:08,23.445,23445,23.445,1
1021,822,1,5,15:19:58,33.328,33328,33.328,1
1021,841,1,15,15:34:25,23.218,23218,23.218,1
1021,847,1,16,15:35:47,21.333,21333,21.333,1
1021,840,1,16,15:35:49,22.085,22085,22.085,1
1021,815,1,18,15:38:23,21.901,21901,21.901,1
1021,9,1,18,15:38:44,21.754,21754,21.754,1
1021,154,1,19,15:39:45,22.035,22035,22.035,1
1021,826,1,21,15:42:35,23.002,23002,23.002,1
1021,830,1,25,15:46:59,21.705,21705,21.705,1
1021,844,1,27,15:50:09,21.575,21575,21.575,1
1021,846,1,28,15:52:00,26.066,26066,26.066,1
1021,842,1,28,15:52:02,22.104,22104,22.104,1
1021,848,1,28,15:52:18,23.676,23676,23.676,1
1021,832,1,29,15:53:20,21.832,21832,21.832,1
1021,8,1,29,15:53:23,22.205,22205,22.205,1
1021,1,1,31,15:55:15,22.880,22880,22.88,1
1021,807,1,36,16:03:27,21.734,21734,21.734,1
1021,825,1,38,16:06:21,21.618,21618,21.618,1
1021,20,1,39,16:06:53,24.819,24819,24.819,1
1021,822,2,46,16:17:11,21.744,21744,21.744,1
1021,817,1,46,16:17:28,22.498,22498,22.498,1
1021,1,2,48,16:18:24,21.390,21390,21.39,1
1021,840,2,50,16:23:45,21.563,21563,21.563,1
1021,830,2,67,16:43:52,21.164,21164,21.164,1
1022,817,1,1,15:16:08,27.620,27620,27.62,1
1022,8,1,1,15:16:10,39.046,39046,39.046,1
1022,832,1,1,15:16:37,59.291,59291,59.291,1
1022,8,2,2,15:19:12,25.005,25005,25.005,1
1022,807,1,11,15:37:54,23.475,23475,23.475,1
1022,842,1,13,15:41:31,22.772,22772,22.772,1
1022,840,1,14,15:43:25,22.774,22774,22.774,1
1022,20,1,15,15:44:47,22.863,22863,22.863,1
1022,815,1,15,15:45:09,23.133,23133,23.133,1
1022,154,1,16,15:46:59,22.912,22912,22.912,1
1022,846,1,19,15:52:24,23.182,23182,23.182,1
1022,844,1,21,15:55:38,22.449,22449,22.449,1
1022,1,1,22,15:57:31,23.497,23497,23.497,1
1022,822,1,23,15:59:25,22.579,22579,22.579,1
1022,848,1,23,16:00:08,22.506,22506,22.506,1
1022,826,1,24,16:01:55,22.834,22834,22.834,1
1022,825,1,25,16:04:08,22.584,22584,22.584,1
1022,841,1,29,16:11:12,23.044,23044,23.044,1
1022,840,2,30,16:13:12,25.250,25250,25.25,1
1022,847,1,30,16:13:41,22.442,22442,22.442,1
1022,807,2,31,16:15:01,23.000,23000,23.0,1
1022,8,3,31,16:15:33,26.891,26891,26.891,1
1022,9,1,31,16:15:35,24.247,24247,24.247,1
1022,20,2,33,16:17:35,22.786,22786,22.786,1
1023,830,1,1,15:14:58,31.211,31211,31.211,1
1023,20,1,6,15:22:18,32.443,32443,32.443,1
1023,154,1,7,15:23:54,26.481,26481,26.481,1
1023,20,2,12,15:31:23,31.851,31851,31.851,1
1023,840,1,15,15:35:16,18.838,18838,18.838,1
1023,1,1,19,15:40:19,23.912,23912,23.912,1
1023,8,1,19,15:41:10,32.393,32393,32.393,1
1023,844,1,20,15:41:42,23.833,23833,23.833,1
1023,825,1,20,15:42:25,24.400,24400,24.4,1
1023,841,1,21,15:43:42,25.698,25698,25.698,1
1023,840,2,22,15:45:38,24.419,24419,24.419,1
1023,846,1,23,15:46:48,24.311,24311,24.311,1
1023,847,1,23,15:47:03,24.198,24198,24.198,1
1023,848,1,26,15:50:47,29.830,29830,29.83,1
1023,822,1,27,15:51:41,23.700,23700,23.7,1
1023,8,2,26,15:51:50,24.568,24568,24.568,1
1023,832,1,27,15:52:12,27.010,27010,27.01,1
1023,830,2,27,15:52:30,24.303,24303,24.303,1
1023,826,1,28,15:53:53,24.479,24479,24.479,1
1023,815,1,28,15:54:06,25.340,25340,25.34,1
1023,842,1,28,15:54:11,24.363,24363,24.363,1
1023,807,1,29,15:55:13,24.092,24092,24.092,1
1023,9,1,29,15:56:17,31.842,31842,31.842,1
1023,817,1,30,15:56:33,24.320,24320,24.32,1
1023,154,2,29,15:56:36,25.121,25121,25.121,1
1023,825,2,34,16:03:34,24.978,24978,24.978,1
1023,20,3,41,16:13:46,24.376,24376,24.376,1
1023,9,2,44,16:18:54,23.860,23860,23.86,1
1023,1,2,49,16:23:22,23.731,23731,23.731,1
1024,807,1,1,20:15:37,29.563,29563,29.563,1
1024,847,1,1,20:15:56,38.752,38752,38.752,1
1024,826,1,12,20:35:59,28.799,28799,28.799,1
1024,815,1,13,20:37:45,29.082,29082,29.082,1
1024,8,1,15,20:41:17,29.992,29992,29.992,1
1024,825,1,18,20:46:43,29.403,29403,29.403,1
1024,20,1,19,20:48:19,29.384,29384,29.384,1
1024,830,1,19,20:48:22,28.846,28846,28.846,1
1024,844,1,20,20:50:05,29.168,29168,29.168,1
1024,848,1,20,20:50:14,28.606,28606,28.606,1
1024,846,1,20,20:50:16,30.397,30397,30.397,1
1024,9,1,21,20:52:58,29.033,29033,29.033,1
1024,822,1,22,20:53:46,29.234,29234,29.234,1
1024,154,1,23,20:56:19,29.456,29456,29.456,1
1024,1,1,26,21:00:55,28.930,28930,28.93,1
1024,840,1,31,21:10:22,29.482,29482,29.482,1
1024,842,1,32,21:12:09,32.482,32482,32.482,1
1024,841,1,34,21:16:02,29.070,29070,29.07,1
1024,817,1,34,21:16:25,30.756,30756,30.756,1
1024,154,2,35,21:18:29,43.576,43576,43.576,1
1024,807,2,36,21:19:55,29.152,29152,29.152,1
1024,826,2,36,21:20:05,34.711,34711,34.711,1
1024,832,2,35,21:20:33,30.623,30623,30.623,1
1024,841,2,36,21:20:38,28.960,28960,28.96,1
1024,840,2,41,21:32:33,39.188,39188,39.188,1
1024,9,2,44,21:38:24,30.321,30321,30.321,1
1024,840,3,44,21:39:08,29.460,29460,29.46,1
1024,825,2,56,22:04:12,30.916,30916,30.916,1
1025,9,1,1,14:15:50,30.587,30587,30.587,1
1025,817,1,1,14:16:36,36.031,36031,36.031,1
1025,841,1,2,14:18:23,38.193,38193,38.193,1
1025,9,2,2,14:18:29,30.177,30177,30.177,1
1025,8,1,9,14:31:21,25.038,25038,25.038,1
1025,807,1,16,14:43:01,34.264,34264,34.264,1
1025,846,1,20,14:49:42,29.290,29290,29.29,1
1025,832,1,21,14:51:18,30.103,30103,30.103,1
1025,844,1,22,14:52:17,29.548,29548,29.548,1
1025,815,1,23,14:54:44,30.271,30271,30.271,1
1025,20,1,26,14:58:48,29.860,29860,29.86,1
1025,842,1,26,15:00:10,29.935,29935,29.935,1
1025,825,1,27,15:01:41,30.509,30509,30.509,1
1025,840,1,27,15:01:45,30.168,30168,30.168,1
1025,826,1,27,15:01:53,30.753,30753,30.753,1
1025,847,1,27,15:02:17,29.857,29857,29.857,1
1025,841,2,27,15:02:19,30.227,30227,30.227,1
1025,8,2,27,15:02:26,36.512,36512,36.512,1
1025,1,1,28,15:02:28,29.751,29751,29.751,1
1025,822,1,28,15:02:47,29.436,29436,29.436,1
1025,830,1,28,15:03:24,29.978,29978,29.978,1
1025,848,1,29,15:06:07,29.854,29854,29.854,1
1025,807,2,29,15:06:25,29.786,29786,29.786,1
1025,826,2,29,15:06:31,29.571,29571,29.571,1
1025,844,2,30,15:07:30,29.401,29401,29.401,1
1026,844,1,3,14:18:21,30.502,30502,30.502,1
1026,846,1,4,14:20:04,25.347,25347,25.347,1
1026,848,1,15,14:37:38,23.354,23354,23.354,1
1026,8,1,15,14:38:06,24.468,24468,24.468,1
1026,20,1,16,14:38:55,24.032,24032,24.032,1
1026,154,1,16,14:39:43,23.478,23478,23.478,1
1026,822,1,17,14:40:21,23.000,23000,23.0,1
1026,825,1,17,14:41:19,24.156,24156,24.156,1
1026,842,1,18,14:42:36,23.180,23180,23.18,1
1026,840,1,18,14:42:37,23.292,23292,23.292,1
1026,841,1,18,14:42:53,23.351,23351,23.351,1
1026,807,1,19,14:44:14,24.132,24132,24.132,1
1026,815,1,19,14:44:18,22.880,22880,22.88,1
1026,1,1,21,14:46:51,23.582,23582,23.582,1
1026,9,1,22,14:50:09,26.734,26734,26.734,1
1026,844,2,25,14:54:00,23.580,23580,23.58,1
1026,846,2,25,14:54:15,23.949,23949,23.949,1
1026,847,1,25,14:54:38,23.792,23792,23.792,1
1026,832,1,26,14:55:21,23.476,23476,23.476,1
1026,826,1,27,14:57:31,23.293,23293,23.293,1
1026,817,1,29,15:00:26,23.292,23292,23.292,1
1026,20,2,31,15:02:42,23.213,23213,23.213,1
1026,848,2,34,15:07:55,23.301,23301,23.301,1
1026,9,2,33,15:08:46,22.970,22970,22.97,1
1026,822,2,36,15:10:17,23.157,23157,23.157,1
1026,8,2,36,15:12:16,23.164,23164,23.164,1
1026,815,2,41,15:19:44,23.301,23301,23.301,1
1026,1,2,42,15:19:47,23.591,23591,23.591,1
1026,844,3,46,15:27:14,23.280,23280,23.28,1
1026,825,2,47,15:30:01,23.973,23973,23.973,1
1026,841,2,49,15:33:08,23.412,23412,23.412,1
1027,830,1,5,13:21:07,24.493,24493,24.493,1
1027,842,1,9,13:26:22,22.689,22689,22.689,1
1027,826,1,10,13:27:43,22.490,22490,22.49,1
1027,848,1,14,13:32:50,22.192,22192,22.192,1
1027,844,1,15,13:34:07,22.002,22002,22.002,1
1027,832,1,15,13:34:37,22.241,22241,22.241,1
1027,8,1,15,13:34:45,22.754,22754,22.754,1
1027,807,1,18,13:38:48,22.484,22484,22.484,1
1027,815,1,20,13:41:30,22.357,22357,22.357,1
1027,841,1,21,13:43:03,43.411,43411,43.411,1
1027,9,1,21,13:43:30,24.606,24606,24.606,1
1027,847,1,22,13:44:55,22.887,22887,22.887,1
1027,1,1,23,13:45:01,22.269,22269,22.269,1
1027,825,1,28,13:53:14,23.084,23084,23.084,1
1027,832,2,35,14:02:44,22.179,22179,22.179,1
1027,822,1,36,14:02:45,22.179,22179,22.179,1
1027,20,1,37,14:04:03,21.862,21862,21.862,1
1027,840,1,37,14:04:58,22.745,22745,22.745,1
1027,154,1,37,14:06:08,24.128,24128,24.128,1
1027,844,2,43,14:12:15,25.786,25786,25.786,1
1027,848,2,44,14:13:47,22.003,22003,22.003,1
1027,826,2,44,14:14:40,22.033,22033,22.033,1
1027,842,2,49,14:21:41,22.618,22618,22.618,1
1027,817,1,50,14:22:29,22.345,22345,22.345,1
1027,8,2,52,14:26:04,22.963,22963,22.963,1
1027,9,2,60,14:38:15,22.570,22570,22.57,1
1028,848,1,1,13:15:12,34.100,34100,34.1,1
1028,840,1,9,13:29:09,24.567,24567,24.567,1
1028,9,1,11,13:32:54,24.164,24164,24.164,1
1028,830,1,13,13:35:21,23.716,23716,23.716,1
1028,822,1,14,13:36:58,24.151,24151,24.151,1
1028,841,1,17,13:43:05,25.230,25230,25.23,1
1028,832,1,18,13:44:27,24.784,24784,24.784,1
1028,8,1,18,13:44:29,24.544,24544,24.544,1
1028,825,1,18,13:44:43,24.929,24929,24.929,1
1028,846,1,19,13:46:03,24.678,24678,24.678,1
1028,842,1,19,13:46:08,24.195,24195,24.195,1
1028,844,1,20,13:47:33,29.157,29157,29.157,1
1028,848,2,20,13:48:02,23.213,23213,23.213,1
1028,817,1,21,13:49:25,23.751,23751,23.751,1
1028,826,1,21,13:49:45,27.115,27115,27.115,1
1028,847,1,23,13:53:46,23.702,23702,23.702,1
1028,1,1,24,13:53:57,23.943,23943,23.943,1
1028,815,1,24,13:54:54,24.207,24207,24.207,1
1028,154,1,24,13:55:19,24.583,24583,24.583,1
1028,807,1,27,14:00:05,24.245,24245,24.245,1
1028,840,2,29,14:03:38,25.195,25195,25.195,1
1028,830,2,34,14:10:45,23.444,23444,23.444,1
1028,822,2,35,14:12:18,23.819,23819,23.819,1
1028,807,2,39,14:20:30,23.684,23684,23.684,1
1028,826,2,39,14:20:32,24.162,24162,24.162,1
1028,841,2,39,14:20:57,24.206,24206,24.206,1
1028,848,3,40,14:21:47,23.705,23705,23.705,1
1028,8,2,40,14:22:07,24.686,24686,24.686,1
1028,825,2,40,14:22:38,24.731,24731,24.731,1
1028,844,2,42,14:24:44,23.844,23844,23.844,1
1028,846,2,42,14:25:17,25.776,25776,25.776,1
1028,847,2,46,14:33:29,28.748,28748,28.748,1
1028,842,2,53,14:44:18,24.260,24260,24.26,1
1029,817,1,8,14:23:15,30.760,30760,30.76,1
1029,815,1,17,14:34:32,23.079,23079,23.079,1
1029,1,1,20,14:37:36,22.882,22882,22.882,1
1029,841,1,20,14:38:12,23.155,23155,23.155,1
1029,9,1,20,14:38:47,23.861,23861,23.861,1
1029,830,1,21,14:38:49,22.818,22818,22.818,1
1029,8,1,21,14:39:23,23.463,23463,23.463,1
1029,842,1,22,14:40:34,22.922,22922,22.922,1
1029,826,1,23,14:42:08,22.759,22759,22.759,1
1029,847,1,23,14:42:37,22.500,22500,22.5,1
1029,848,1,24,14:42:52,23.073,23073,23.073,1
1029,20,1,25,14:43:54,23.039,23039,23.039,1
1029,822,1,26,14:45:14,23.148,23148,23.148,1
1029,154,1,26,14:45:45,23.776,23776,23.776,1
1029,846,1,27,14:47:00,23.381,23381,23.381,1
1029,807,1,27,14:47:09,23.344,23344,23.344,1
1029,825,1,27,14:47:22,23.891,23891,23.891,1
1029,840,1,28,14:48:22,23.346,23346,23.346,1
1029,844,1,29,14:49:09,22.966,22966,22.966,1
1029,832,1,29,14:49:33,22.770,22770,22.77,1
1029,9,2,36,14:59:30,29.268,29268,29.268,1
1029,817,2,40,15:03:20,29.491,29491,29.491,1
1029,822,2,41,15:03:49,23.210,23210,23.21,1
1029,1,2,43,15:05:54,23.088,23088,23.088,1
1029,830,2,44,15:07:03,22.657,22657,22.657,1
1029,807,2,44,15:08:36,23.596,23596,23.596,1
1029,815,2,45,15:09:29,23.142,23142,23.142,1
1029,841,2,46,15:10:39,23.524,23524,23.524,1
1029,826,2,46,15:10:52,23.378,23378,23.378,1
1029,842,2,47,15:11:43,23.584,23584,23.584,1
1029,8,2,47,15:11:48,23.841,23841,23.841,1
1029,20,2,49,15:13:22,23.138,23138,23.138,1
1029,848,2,50,15:14:54,23.071,23071,23.071,1
1029,830,3,54,15:19:35,22.593,22593,22.593,1
1029,846,2,53,15:19:55,23.355,23355,23.355,1
1029,840,2,53,15:19:57,24.841,24841,24.841,1
1029,825,2,53,15:20:13,23.479,23479,23.479,1
1029,844,2,54,15:20:29,23.042,23042,23.042,1
1029,807,3,53,15:20:31,22.747,22747,22.747,1
1029,9,3,53,15:22:16,24.873,24873,24.873,1
1029,847,2,54,15:22:31,23.199,23199,23.199,1
1029,154,2,65,15:36:48,23.471,23471,23.471,1
1029,1,3,66,15:37:46,23.060,23060,23.06,1
1029,847,3,66,15:38:17,22.441,22441,22.441,1
1029,9,4,66,15:40:02,23.158,23158,23.158,1
1030,840,1,5,17:22:34,28.842,28842,28.842,1
1030,846,1,8,17:27:40,22.974,22974,22.974,1
1030,841,1,8,17:27:52,21.977,21977,21.977,1
1030,817,1,11,17:32:58,21.904,21904,21.904,1
1030,844,1,12,17:34:14,21.697,21697,21.697,1
1030,20,1,12,17:34:22,25.771,25771,25.771,1
1030,832,1,12,17:34:43,21.928,21928,21.928,1
1030,848,1,13,17:36:11,22.028,22028,22.028,1
1030,807,1,18,17:45:13,21.578,21578,21.578,1
1030,154,1,18,17:45:37,21.968,21968,21.968,1
1030,825,1,20,17:48:59,21.531,21531,21.531,1
1030,8,1,22,17:52:32,22.410,22410,22.41,1
1030,840,2,23,17:54:47,21.778,21778,21.778,1
1030,9,1,24,17:56:31,21.688,21688,21.688,1
1030,830,1,25,17:56:36,21.023,21023,21.023,1
1030,1,1,26,17:58:06,22.178,22178,22.178,1
1030,841,2,26,18:00:00,22.188,22188,22.188,1
1030,822,1,29,18:04:02,21.145,21145,21.145,1
1030,847,1,32,18:10:43,22.272,22272,22.272,1
1030,815,1,37,18:18:24,22.230,22230,22.23,1
1030,844,2,38,18:19:14,21.274,21274,21.274,1
1030,20,2,38,18:19:36,21.858,21858,21.858,1
1030,826,1,40,18:23:38,21.496,21496,21.496,1
1030,832,2,41,18:25:36,21.466,21466,21.466,1
1030,817,2,42,18:27:24,21.624,21624,21.624,1
1031,154,1,20,15:37:03,23.280,23280,23.28,1
1031,8,1,24,15:41:31,23.229,23229,23.229,1
1031,841,1,25,15:42:49,23.659,23659,23.659,1
1031,847,1,25,15:42:53,21.417,21417,21.417,1
1031,822,1,26,15:43:06,21.937,21937,21.937,1
1031,1,1,26,15:43:14,21.850,21850,21.85,1
1031,848,1,26,15:43:25,21.279,21279,21.279,1
1031,846,1,26,15:43:33,23.637,23637,23.637,1
1031,815,1,26,15:43:34,22.383,22383,22.383,1
1031,844,1,26,15:43:38,22.756,22756,22.756,1
1031,832,1,26,15:43:41,23.827,23827,23.827,1
1031,20,1,26,15:43:55,22.231,22231,22.231,1
1031,842,1,26,15:44:02,22.466,22466,22.466,1
1031,826,1,26,15:44:12,22.769,22769,22.769,1
1031,839,1,26,15:44:17,21.683,21683,21.683,1
1031,849,1,26,15:45:08,22.058,22058,22.058,1
1031,848,2,51,16:15:09,21.842,21842,21.842,1
1031,846,2,51,16:15:19,21.921,21921,21.921,1
1031,844,2,51,16:15:24,21.972,21972,21.972,1
1031,826,2,51,16:15:41,21.622,21622,21.622,1
1031,8,2,51,16:15:48,21.569,21569,21.569,1
1031,20,2,51,16:15:55,22.738,22738,22.738,1
1031,849,2,51,16:16:23,21.918,21918,21.918,1
1031,832,2,52,16:17:02,21.805,21805,21.805,1
1031,841,2,55,16:22:14,22.800,22800,22.8,1
1031,822,2,56,16:23:58,16.407,16407,16.407,1
1031,1,2,56,16:24:00,16.365,16365,16.365,1
1031,815,2,56,16:24:01,16.546,16546,16.546,1
1031,848,3,56,16:24:03,17.035,17035,17.035,1
1031,846,3,56,16:24:03,18.163,18163,18.163,1
1031,844,3,56,16:24:05,18.748,18748,18.748,1
1031,842,2,56,16:24:07,19.911,19911,19.911,1
1031,832,3,56,16:24:08,20.064,20064,20.064,1
1031,839,2,56,16:24:09,19.626,19626,19.626,1
1031,826,3,56,16:24:11,19.656,19656,19.656,1
1031,20,3,56,16:24:13,19.330,19330,19.33,1
1031,849,3,56,16:24:14,19.488,19488,19.488,1
1031,841,3,56,16:24:16,19.678,19678,19.678,1
1032,844,1,1,15:14:20,39.715,39715,39.715,1
1032,830,1,24,15:42:09,20.937,20937,20.937,1
1032,842,1,24,15:42:46,21.950,21950,21.95,1
1032,1,1,27,15:45:28,21.729,21729,21.729,1
1032,825,1,31,15:51:02,21.977,21977,21.977,1
1032,832,1,32,15:51:49,25.983,25983,25.983,1
1032,849,1,32,15:52:24,22.745,22745,22.745,1
1032,840,1,33,15:53:01,22.118,22118,22.118,1
1032,822,1,34,15:53:38,21.376,21376,21.376,1
1032,847,1,34,15:54:49,21.697,21697,21.697,1
1032,848,1,35,15:55:11,21.505,21505,21.505,1
1032,826,1,36,15:56:45,22.197,22197,22.197,1
1032,817,1,37,15:57:33,21.603,21603,21.603,1
1032,154,1,37,15:58:03,22.444,22444,22.444,1
1032,815,1,38,15:58:45,22.761,22761,22.761,1
1032,846,1,39,16:00:02,22.406,22406,22.406,1
1032,841,1,39,16:00:18,21.667,21667,21.667,1
1032,8,1,44,16:06:06,21.459,21459,21.459,1
1032,842,2,49,16:12:15,22.280,22280,22.28,1
1032,832,2,66,16:31:07,21.873,21873,21.873,1
1032,830,2,68,16:32:33,21.091,21091,21.091,1
1033,826,1,1,15:14:46,23.568,23568,23.568,1
1033,844,1,2,15:16:15,22.266,22266,22.266,1
1033,822,1,2,15:16:16,21.906,21906,21.906,1
1033,1,1,3,15:17:37,22.320,22320,22.32,1
1033,840,1,3,15:17:46,23.081,23081,23.081,1
1033,20,1,3,15:17:50,28.286,28286,28.286,1
1033,815,1,3,15:17:53,23.263,23263,23.263,1
1033,832,1,3,15:17:55,27.131,27131,27.131,1
1033,848,1,3,15:17:58,23.046,23046,23.046,1
1033,849,1,3,15:18:00,21.596,21596,21.596,1
1033,842,1,3,15:18:01,22.740,22740,22.74,1
1033,8,1,3,15:18:04,22.299,22299,22.299,1
1033,830,1,4,15:19:18,21.529,21529,21.529,1
1033,817,1,4,15:19:30,21.920,21920,21.92,1
1033,839,1,4,15:19:35,24.281,24281,24.281,1
1033,846,1,4,15:19:40,23.012,23012,23.012,1
1033,847,1,4,15:19:42,21.184,21184,21.184,1
1033,841,1,4,15:19:50,22.283,22283,22.283,1
1033,849,2,4,15:21:24,36.335,36335,36.335,1
1033,826,2,18,15:39:53,22.685,22685,22.685,1
1033,847,2,19,15:41:33,21.367,21367,21.367,1
1033,844,2,20,15:42:29,22.564,22564,22.564,1
1033,841,2,20,15:43:04,23.082,23082,23.082,1
1033,20,2,29,15:54:50,21.880,21880,21.88,1
1033,839,2,31,15:57:59,21.860,21860,21.86,1
1033,822,2,33,15:59:47,21.644,21644,21.644,1
1033,849,3,31,16:00:38,28.367,28367,28.367,1
1033,8,2,33,16:00:45,27.128,27128,27.128,1
1033,848,2,34,16:01:43,22.174,22174,22.174,1
1033,154,1,34,16:01:59,22.591,22591,22.591,1
1033,840,2,35,16:02:34,22.534,22534,22.534,1
1033,825,1,35,16:03:02,23.621,23621,23.621,1
1033,815,2,35,16:03:08,22.051,22051,22.051,1
1033,846,2,35,16:03:33,22.742,22742,22.742,1
1033,830,2,36,16:03:38,21.268,21268,21.268,1
1033,1,2,37,16:04:39,22.264,22264,22.264,1
1033,832,2,40,16:10:06,22.438,22438,22.438,1
1033,841,3,40,16:11:01,21.831,21831,21.831,1
1033,849,4,39,16:12:52,21.802,21802,21.802,1
1033,817,2,43,16:14:04,22.073,22073,22.073,1
1033,822,3,49,16:21:27,21.572,21572,21.572,1
1033,847,3,50,16:24:28,22.048,22048,22.048,1
1033,840,3,52,16:25:54,22.057,22057,22.057,1
1033,849,5,52,16:31:33,25.767,25767,25.767,1
1033,1,3,66,16:43:33,22.426,22426,22.426,1
1034,848,1,6,14:26:01,28.834,28834,28.834,1
1034,817,1,12,14:35:22,29.559,29559,29.559,1
1034,846,1,12,14:35:24,30.289,30289,30.289,1
1034,839,1,12,14:35:26,30.768,30768,30.768,1
1034,20,1,12,14:35:27,29.439,29439,29.439,1
1034,842,1,12,14:35:29,29.414,29414,29.414,1
1034,841,1,12,14:35:30,28.355,28355,28.355,1
1034,8,1,12,14:35:35,36.590,36590,36.59,1
1034,847,1,12,14:35:36,29.302,29302,29.302,1
1034,849,1,12,14:35:42,31.371,31371,31.371,1
1034,1,1,13,14:37:01,28.805,28805,28.805,1
1034,822,1,13,14:37:06,30.571,30571,30.571,1
1034,830,1,13,14:37:10,28.208,28208,28.208,1
1034,844,1,13,14:37:21,29.520,29520,29.52,1
1034,832,1,13,14:37:27,28.487,28487,28.487,1
1034,840,1,13,14:37:32,28.716,28716,28.716,1
1034,848,2,30,15:08:33,33.308,33308,33.308,1
1034,154,1,36,15:17:38,33.816,33816,33.816,1
1034,8,2,47,15:35:09,44.085,44085,44.085,1
1034,830,2,50,15:38:04,28.273,28273,28.273,1
1034,822,2,50,15:38:33,33.602,33602,33.602,1
1034,832,2,51,15:40:13,36.278,36278,36.278,1
1035,848,1,6,14:22:39,28.417,28417,28.417,1
1035,842,1,7,14:24:09,28.356,28356,28.356,1
1035,841,1,7,14:24:23,27.892,27892,27.892,1
1035,847,1,8,14:25:59,28.391,28391,28.391,1
1035,825,1,9,14:27:31,28.934,28934,28.934,1
1035,849,1,9,14:27:35,28.696,28696,28.696,1
1035,846,1,12,14:31:56,27.949,27949,27.949,1
1035,822,1,13,14:33:10,28.408,28408,28.408,1
1035,1,1,14,14:34:45,28.406,28406,28.406,1
1035,817,1,14,14:34:58,28.587,28587,28.587,1
1035,807,1,15,14:36:26,28.981,28981,28.981,1
1035,154,1,17,14:40:00,29.377,29377,29.377,1
1035,840,1,18,14:41:04,28.235,28235,28.235,1
1035,844,1,18,14:41:13,29.419,29419,29.419,1
1035,826,1,19,14:43:00,28.036,28036,28.036,1
1035,825,2,20,14:45:03,29.389,29389,29.389,1
1035,832,1,22,14:47:30,35.864,35864,35.864,1
1035,839,1,22,14:47:36,28.093,28093,28.093,1
1035,20,1,22,14:47:40,28.167,28167,28.167,1
1035,842,2,23,14:49:25,28.306,28306,28.306,1
1035,847,2,24,14:51:11,28.331,28331,28.331,1
1035,830,1,26,14:53:04,29.115,29115,29.115,1
1035,817,2,26,14:53:46,28.167,28167,28.167,1
1035,8,1,26,14:54:13,29.296,29296,29.296,1
1035,849,2,26,14:54:19,28.086,28086,28.086,1
1035,846,2,29,14:58:32,28.874,28874,28.874,1
1035,807,2,30,14:59:44,28.386,28386,28.386,1
1035,848,2,30,15:00:01,27.858,27858,27.858,1
1035,840,2,31,15:01:17,27.974,27974,27.974,1
1035,830,2,32,15:02:28,28.986,28986,28.986,1
1035,822,2,32,15:02:31,28.188,28188,28.188,1
1035,20,2,33,15:04:55,28.352,28352,28.352,1
1035,841,2,33,15:05:16,27.693,27693,27.693,1
1035,832,2,34,15:06:26,28.772,28772,28.772,1
1035,826,2,35,15:07:54,28.365,28365,28.365,1
1035,817,3,35,15:08:07,28.057,28057,28.057,1
1035,154,2,38,15:12:59,29.803,29803,29.803,1
1035,847,3,39,15:14:39,28.692,28692,28.692,1
1035,1,2,41,15:16:16,29.402,29402,29.402,1
1035,807,3,44,15:21:21,28.736,28736,28.736,1
1035,849,3,46,15:25:31,29.049,29049,29.049,1
1036,848,1,17,15:37:35,21.663,21663,21.663,1
1036,847,1,19,15:40:50,22.708,22708,22.708,1
1036,8,1,20,15:42:15,22.314,22314,22.314,1
1036,830,1,21,15:42:49,21.532,21532,21.532,1
1036,842,1,21,15:43:20,22.241,22241,22.241,1
1036,846,1,21,15:43:22,22.099,22099,22.099,1
1036,826,1,21,15:43:30,23.036,23036,23.036,1
1036,841,1,21,15:43:48,22.243,22243,22.243,1
1036,832,1,22,15:44:43,22.078,22078,22.078,1
1036,1,1,23,15:45:28,23.377,23377,23.377,1
1036,822,1,23,15:45:39,22.310,22310,22.31,1
1036,840,1,27,15:51:47,22.351,22351,22.351,1
1036,825,1,28,15:53:40,24.148,24148,24.148,1
1036,849,1,28,15:54:06,22.322,22322,22.322,1
1036,815,1,29,15:54:39,22.641,22641,22.641,1
1036,844,1,29,15:54:45,22.274,22274,22.274,1
1036,20,1,29,15:54:53,21.820,21820,21.82,1
1036,154,1,32,15:59:39,23.212,23212,23.212,1
1036,839,1,34,16:02:12,22.366,22366,22.366,1
1036,817,1,35,16:03:27,21.837,21837,21.837,1
1036,847,2,35,16:03:47,21.889,21889,21.889,1
1036,848,2,39,16:09:10,21.804,21804,21.804,1
1036,830,2,41,16:10:56,21.601,21601,21.601,1
1036,832,2,41,16:11:55,22.166,22166,22.166,1
1036,840,2,42,16:13:17,22.388,22388,22.388,1
1036,842,2,42,16:13:22,22.394,22394,22.394,1
1036,846,2,44,16:16:10,21.761,21761,21.761,1
1036,8,2,44,16:16:43,22.197,22197,22.197,1
1036,826,2,45,16:17:43,22.079,22079,22.079,1
1036,841,2,45,16:18:12,21.794,21794,21.794,1
1036,822,2,48,16:20:38,22.143,22143,22.143,1
1036,1,2,50,16:23:05,21.853,21853,21.853,1
1036,849,2,49,16:24:00,22.475,22475,22.475,1
1036,154,2,62,16:42:16,24.010,24010,24.01,1
1036,822,3,64,16:42:47,22.607,22607,22.607,1
1037,844,1,10,15:32:40,30.678,30678,30.678,1
1037,8,1,10,15:32:46,22.960,22960,22.96,1
1037,154,1,10,15:32:51,23.636,23636,23.636,1
1037,825,1,10,15:32:57,26.156,26156,26.156,1
1037,849,1,10,15:33:00,23.532,23532,23.532,1
1037,1,1,11,15:34:33,23.298,23298,23.298,1
1037,822,1,11,15:34:37,25.548,25548,25.548,1
1037,830,1,11,15:34:40,23.314,23314,23.314,1
1037,817,1,11,15:34:49,23.586,23586,23.586,1
1037,839,1,11,15:34:54,24.305,24305,24.305,1
1037,848,1,11,15:34:55,22.738,22738,22.738,1
1037,840,1,11,15:34:58,23.689,23689,23.689,1
1037,846,1,11,15:35:05,23.046,23046,23.046,1
1037,826,1,11,15:35:10,23.769,23769,23.769,1
1037,20,1,11,15:35:12,22.982,22982,22.982,1
1037,815,1,18,15:51:01,23.175,23175,23.175,1
1037,844,2,24,16:02:10,25.100,25100,25.1,1
1037,842,1,26,16:05:44,22.681,22681,22.681,1
1037,849,2,30,16:13:23,23.477,23477,23.477,1
1037,825,2,35,16:22:33,24.339,24339,24.339,1
1038,1,2,26,15:54:50,25:16.864,1516864,1516.864,0
1038,847,1,22,15:46:57,25.249,25249,25.249,1
1038,154,1,22,15:46:57,25.936,25936,25.936,1
1038,848,1,22,15:46:56,29.661,29661,29.661,1
1038,826,1,22,15:46:56,25.920,25920,25.92,1
1038,839,1,22,15:46:55,25.290,25290,25.29,1
1038,830,1,22,15:46:50,26.149,26149,26.149,1
1038,822,1,22,15:46:49,24.410,24410,24.41,1
1038,817,1,22,15:46:48,25.498,25498,25.498,1
1038,815,1,22,15:46:48,26.693,26693,26.693,1
1038,846,1,22,15:46:47,24.612,24612,24.612,1
1038,832,1,22,15:46:40,24.398,24398,24.398,1
1038,841,1,20,15:42:53,23.998,23998,23.998,1
1038,1,1,20,15:41:58,24.671,24671,24.671,1
1038,842,1,19,15:40:55,24.096,24096,24.096,1
1038,8,1,18,15:39:31,24.454,24454,24.454,1
1038,844,1,17,15:38:12,24.344,24344,24.344,1
1038,849,1,16,15:36:53,26.335,26335,26.335,1
1038,825,1,1,15:15:04,40.078,40078,40.078,1
1039,8,3,8,15:31:30,24:10.186,1450186,1450.186,0
1039,847,2,8,15:31:28,24:07.186,1447186,1447.186,0
1039,826,2,8,15:31:24,24:05.955,1445955,1445.955,0
1039,848,1,7,15:28:39,17.591,17591,17.591,1
1039,840,1,7,15:28:41,17.625,17625,17.625,1
1039,817,1,7,15:28:42,17.464,17464,17.464,1
1039,815,1,7,15:28:44,17.531,17531,17.531,1
1039,846,1,7,15:28:45,17.845,17845,17.845,1
1039,826,1,7,15:28:47,17.522,17522,17.522,1
1039,839,1,7,15:28:49,17.455,17455,17.455,1
1039,847,1,7,15:28:49,18.399,18399,18.399,1
1039,8,2,7,15:28:51,17.594,17594,17.594,1
1039,20,2,7,15:28:52,17.516,17516,17.516,1
1039,154,1,7,15:28:53,24.781,24781,24.781,1
1039,822,2,8,15:31:11,23:56.402,1436402,1436.402,0
1039,1,2,8,15:31:13,23:56.696,1436696,1436.696,0
1039,844,2,8,15:31:15,23:56.871,1436871,1436.871,0
1039,848,2,8,15:31:16,23:58.719,1438719,1438.719,0
1039,840,2,8,15:31:17,23:59.578,1439578,1439.578,0
1039,20,1,1,15:15:41,33.583,33583,33.583,1
1039,822,1,7,15:28:34,17.560,17560,17.56,1
1039,1,1,7,15:28:37,17.536,17536,17.536,1
1039,844,1,7,15:28:38,17.516,17516,17.516,1
1039,8,1,1,15:15:33,30.623,30623,30.623,1
1039,846,2,8,15:31:22,24:05.614,1445614,1445.614,0
1039,817,2,8,15:31:19,24:01.000,1441000,1441.0,0
1039,815,2,8,15:31:21,24:01.547,1441547,1441.547,0
1039,20,3,8,15:31:32,24:09.513,1449513,1449.513,0
1039,154,2,8,15:31:34,24:10.651,1450651,1450.651,0
1039,844,3,21,16:15:31,23.469,23469,23.469,1
1039,817,3,27,16:23:46,22.777,22777,22.777,1
1039,8,4,27,16:24:17,33.281,33281,33.281,1
1039,815,3,28,16:25:26,23.088,23088,23.088,1
1039,20,4,28,16:25:43,22.995,22995,22.995,1
1039,154,3,28,16:25:52,23.720,23720,23.72,1
1039,846,3,29,16:26:50,24.137,24137,24.137,1
1039,826,3,29,16:26:55,23.113,23113,23.113,1
1039,847,3,29,16:27:04,23.638,23638,23.638,1
1039,840,3,30,16:27:59,22.846,22846,22.846,1
1039,822,3,31,16:29:09,23.111,23111,23.111,1
1039,1,3,32,16:30:24,22.445,22445,22.445,1
1039,848,3,32,16:30:50,22.387,22387,22.387,1
1039,844,4,37,16:38:26,23.367,23367,23.367,1
1039,8,5,42,16:45:58,28.960,28960,28.96,1
1039,822,4,43,16:46:01,23.199,23199,23.199,1
1039,154,4,42,16:46:13,24.002,24002,24.002,1
1039,817,4,43,16:46:24,22.963,22963,22.963,1
1039,848,4,43,16:46:29,22.822,22822,22.822,1
1039,815,4,43,16:46:45,23.002,23002,23.002,1
1039,846,4,43,16:46:51,24.820,24820,24.82,1
1039,826,4,43,16:47:06,22.745,22745,22.745,1
1039,847,4,43,16:47:25,23.367,23367,23.367,1
1039,20,5,43,16:47:29,22.489,22489,22.489,1
1039,1,4,44,16:47:42,22.800,22800,22.8,1
1039,1,5,45,16:50:26,21:40.911,1300911,1300.911,0
1039,822,5,45,16:50:27,21:42.010,1302010,1302.01,0
1039,8,6,44,16:50:29,19:40.725,1180725,1180.725,0
1039,154,5,44,16:50:31,19:41.863,1181863,1181.863,0
1039,817,5,45,16:50:33,21:39.801,1299801,1299.801,0
1039,848,5,45,16:50:35,21:42.435,1302435,1302.435,0
1039,815,5,45,16:50:40,21:39.712,1299712,1299.712,0
1039,846,5,45,16:50:53,21:32.871,1292871,1292.871,0
1039,826,5,45,16:50:58,21:30.227,1290227,1290.227,0
1039,844,5,45,16:51:08,21:25.145,1285145,1285.145,0
1039,847,5,45,16:51:28,21:09.095,1269095,1269.095,0
1039,20,6,45,16:51:32,21:06.590,1266590,1266.59,0
1038,840,1,26,15:54:52,25:17.308,1517308,1517.308,0
1038,842,2,26,15:54:53,25:19.879,1519879,1519.879,0
1038,8,2,26,15:54:55,25:20.985,1520985,1520.985,0
1038,841,2,26,15:54:57,25:21.825,1521825,1521.825,0
1038,832,2,26,15:54:58,25:22.369,1522369,1522.369,0
1038,846,2,26,15:55:02,25:22.009,1522009,1522.009,0
1038,822,2,26,15:55:03,25:22.264,1522264,1522.264,0
1038,849,2,26,15:55:05,25:23.130,1523130,1523.13,0
1038,817,2,26,15:55:06,25:23.637,1523637,1523.637,0
1038,830,2,26,15:55:08,25:22.796,1522796,1522.796,0
1038,839,2,26,15:55:10,25:23.223,1523223,1523.223,0
1038,826,2,26,15:55:12,25:24.139,1524139,1524.139,0
1038,815,2,26,15:55:14,25:24.989,1524989,1524.989,0
1038,847,2,26,15:55:17,25:27.938,1527938,1527.938,0
1038,848,2,26,15:55:18,25:28.247,1528247,1528.247,0
1038,154,2,26,15:55:20,25:30.188,1530188,1530.188,0
1038,1,3,28,16:25:20,31.643,31643,31.643,1
1038,841,3,30,16:28:15,31.480,31480,31.48,1
1040,847,1,1,14:15:56,30.165,30165,30.165,1
1040,848,1,1,14:16:00,30.211,30211,30.211,1
1040,846,1,1,14:16:01,37.108,37108,37.108,1
1040,847,2,14,14:43:16,29.433,29433,29.433,1
1040,817,1,15,14:44:24,30.112,30112,30.112,1
1040,1,1,16,14:45:50,41.352,41352,41.352,1
1040,841,1,16,14:46:23,29.767,29767,29.767,1
1040,154,1,17,14:48:03,30.054,30054,30.054,1
1040,849,1,17,14:48:20,29.862,29862,29.862,1
1040,839,1,18,14:49:24,30.068,30068,30.068,1
1040,842,1,18,14:49:32,29.770,29770,29.77,1
1040,825,1,19,14:51:23,30.188,30188,30.188,1
1040,815,1,20,14:52:46,29.602,29602,29.602,1
1040,830,1,25,15:00:57,28.748,28748,28.748,1
1040,822,1,26,15:02:26,29.750,29750,29.75,1
1040,848,2,27,15:05:10,30.111,30111,30.111,1
1040,844,1,28,15:06:20,30.261,30261,30.261,1
1040,826,1,30,15:09:46,29.662,29662,29.662,1
1040,20,1,30,15:10:13,29.395,29395,29.395,1
1040,8,1,35,15:18:43,33.317,33317,33.317,1
1040,842,2,42,15:30:21,29.409,29409,29.409,1
1040,154,2,42,15:31:06,29.988,29988,29.988,1
1040,846,2,47,15:39:13,31.368,31368,31.368,1
1040,847,3,50,15:45:09,29.675,29675,29.675,1
1041,848,1,7,14:24:20,23.562,23562,23.562,1
1041,844,1,10,14:29:03,22.560,22560,22.56,1
1041,8,1,10,14:29:22,22.865,22865,22.865,1
1041,20,1,11,14:30:54,22.616,22616,22.616,1
1041,847,1,11,14:30:54,22.496,22496,22.496,1
1041,822,1,13,14:33:18,22.625,22625,22.625,1
1041,825,1,14,14:35:37,23.016,23016,23.016,1
1041,849,1,14,14:35:40,24.737,24737,24.737,1
1041,841,1,15,14:37:09,22.482,22482,22.482,1
1041,1,1,16,14:37:59,23.983,23983,23.983,1
1041,830,1,16,14:38:04,22.106,22106,22.106,1
1041,817,1,16,14:38:37,22.159,22159,22.159,1
1041,826,1,17,14:41:05,30.826,30826,30.826,1
1041,815,1,28,14:57:23,22.880,22880,22.88,1
1041,832,1,28,14:57:31,22.641,22641,22.641,1
1041,154,1,28,14:57:54,23.635,23635,23.635,1
1041,846,1,29,14:58:56,21.991,21991,21.991,1
1041,807,1,29,14:59:24,22.700,22700,22.7,1
1041,842,1,30,15:00:55,22.625,22625,22.625,1
1041,849,2,33,15:06:01,24.063,24063,24.063,1
1041,825,2,34,15:07:30,23.114,23114,23.114,1
1041,844,2,35,15:08:35,23.111,23111,23.111,1
1041,841,2,36,15:10:28,22.772,22772,22.772,1
1041,20,2,41,15:18:18,24.366,24366,24.366,1
1041,817,2,44,15:22:03,22.530,22530,22.53,1
1041,832,2,44,15:22:26,22.503,22503,22.503,1
1041,1,2,45,15:22:31,23.180,23180,23.18,1
1041,830,2,45,15:22:43,22.568,22568,22.568,1
1041,842,2,44,15:23:04,22.917,22917,22.917,1
1041,807,2,44,15:23:08,22.686,22686,22.686,1
1041,8,2,44,15:23:17,33.016,33016,33.016,1
1041,826,2,44,15:23:55,22.527,22527,22.527,1
1041,815,2,45,15:24:17,22.612,22612,22.612,1
1042,815,1,1,13:14:54,26.177,26177,26.177,1
1042,8,1,11,13:28:58,29.061,29061,29.061,1
1042,817,1,14,13:33:08,26.999,26999,26.999,1
1042,846,1,18,13:38:42,34.807,34807,34.807,1
1042,840,1,18,13:38:52,36.314,36314,36.314,1
1042,848,1,19,13:40:09,26.287,26287,26.287,1
1042,830,1,23,13:45:13,26.394,26394,26.394,1
1042,849,1,24,13:47:22,26.739,26739,26.739,1
1042,826,1,25,13:48:37,27.211,27211,27.211,1
1042,832,1,26,13:49:45,27.299,27299,27.299,1
1042,154,1,26,13:50:03,26.985,26985,26.985,1
1042,20,1,27,13:51:14,26.666,26666,26.666,1
1042,842,1,28,13:52:25,27.204,27204,27.204,1
1042,841,1,28,13:52:49,26.473,26473,26.473,1
1042,825,1,31,13:57:08,27.300,27300,27.3,1
1042,844,1,34,14:00:19,26.940,26940,26.94,1
1042,840,2,34,14:01:48,37.483,37483,37.483,1
1042,847,1,36,14:03:48,32.991,32991,32.991,1
1042,1,1,40,14:07:56,27.162,27162,27.162,1
1042,822,1,41,14:09:27,26.512,26512,26.512,1
1042,846,2,43,14:13:48,27.750,27750,27.75,1
1042,815,2,45,14:15:49,26.635,26635,26.635,1
1042,848,2,46,14:17:42,25.882,25882,25.882,1
1042,839,1,53,14:26:47,28.535,28535,28.535,1
1042,826,2,55,14:30:36,32.943,32943,32.943,1
1043,840,1,1,13:14:49,36.189,36189,36.189,1
1043,154,1,9,13:25:41,30.422,30422,30.422,1
1043,841,1,10,13:27:00,29.745,29745,29.745,1
1043,847,1,11,13:28:18,29.707,29707,29.707,1
1043,844,1,13,13:30:49,30.243,30243,30.243,1
1043,846,1,13,13:30:56,29.683,29683,29.683,1
1043,839,1,13,13:30:59,30.559,30559,30.559,1
1043,817,1,14,13:32:09,30.204,30204,30.204,1
1043,848,1,14,13:32:12,29.770,29770,29.77,1
1043,826,1,14,13:32:12,30.277,30277,30.277,1
1043,832,1,17,13:36:15,29.950,29950,29.95,1
1043,830,1,18,13:37:06,29.427,29427,29.427,1
1043,822,1,19,13:38:22,29.600,29600,29.6,1
1043,815,1,27,13:49:28,29.985,29985,29.985,1
1043,825,1,27,13:50:01,30.708,30708,30.708,1
1043,1,1,30,13:52:53,30.382,30382,30.382,1
1043,840,2,29,13:53:03,30.566,30566,30.566,1
1043,849,1,34,13:59:15,29.892,29892,29.892,1
1043,20,1,39,14:05:39,40.497,40497,40.497,1
1043,8,1,48,14:17:39,29.863,29863,29.863,1
1043,154,2,50,14:21:06,31.199,31199,31.199,1
1043,822,2,51,14:21:18,30.129,30129,30.129,1
1043,815,2,51,14:21:54,30.555,30555,30.555,1
1043,826,2,51,14:22:09,29.809,29809,29.809,1
1043,832,2,51,14:22:11,30.614,30614,30.614,1
1043,1,2,52,14:22:55,30.925,30925,30.925,1
1043,20,2,51,14:22:57,29.934,29934,29.934,1
1043,840,3,52,14:25:09,36.630,36630,36.63,1
1043,846,2,53,14:25:29,30.203,30203,30.203,1
1043,848,2,59,14:37:02,29.552,29552,29.552,1
1044,839,1,1,13:15:59,25.719,25719,25.719,1
1044,844,1,6,13:25:49,24.275,24275,24.275,1
1044,822,1,7,13:27:48,23.398,23398,23.398,1
1044,20,1,8,13:28:57,24.022,24022,24.022,1
1044,1,1,8,13:29:04,23.860,23860,23.86,1
1044,8,1,8,13:29:23,30.765,30765,30.765,1
1044,825,1,8,13:29:27,24.552,24552,24.552,1
1044,841,1,8,13:29:38,25.432,25432,25.432,1
1044,826,1,8,13:29:42,23.417,23417,23.417,1
1044,154,1,8,13:29:52,26.686,26686,26.686,1
1044,840,1,9,13:30:37,23.730,23730,23.73,1
1044,849,1,8,13:30:54,24.738,24738,24.738,1
1044,846,1,9,13:31:36,22.684,22684,22.684,1
1044,815,1,10,13:32:35,25.163,25163,25.163,1
1044,817,1,10,13:32:52,23.470,23470,23.47,1
1044,832,1,10,13:32:56,23.910,23910,23.91,1
1044,842,1,10,13:33:26,23.669,23669,23.669,1
1044,839,2,10,13:33:43,23.475,23475,23.475,1
1044,830,1,11,13:34:27,24.256,24256,24.256,1
1044,848,1,12,13:36:22,22.602,22602,22.602,1
1044,830,2,18,13:47:55,22.518,22518,22.518,1
1044,844,2,30,14:08:52,23.687,23687,23.687,1
1044,8,2,30,14:09:48,31.356,31356,31.356,1
1044,817,2,32,14:12:20,23.208,23208,23.208,1
1044,847,1,32,14:13:13,22.692,22692,22.692,1
1044,20,2,33,14:13:43,25.401,25401,25.401,1
1044,832,2,33,14:14:01,23.537,23537,23.537,1
1044,842,2,33,14:14:57,23.288,23288,23.288,1
1044,848,2,34,14:15:35,22.490,22490,22.49,1
1044,825,2,34,14:16:33,2:33.964,153964,153.964,0
1044,840,2,36,14:18:49,23.650,23650,23.65,1
1044,846,2,36,14:19:42,23.686,23686,23.686,1
1044,154,2,36,14:20:55,31.422,31422,31.422,1
1044,849,2,38,14:26:46,36.599,36599,36.599,1
1044,830,3,43,14:31:06,22.787,22787,22.787,1
1044,847,2,42,14:31:11,22.888,22888,22.888,1
1044,822,2,46,14:37:34,22.853,22853,22.853,1
1044,8,3,50,14:44:57,23.180,23180,23.18,1
1045,1,1,1,17:15:42,19:23.979,1163979,1163.979,0
1045,830,1,1,17:15:44,19:24.529,1164529,1164.529,0
1045,815,1,1,17:15:46,19:23.442,1163442,1163.442,0
1045,848,1,1,17:15:51,19:21.607,1161607,1161.607,0
1045,817,1,1,17:15:56,19:19.722,1159722,1159.722,0
1045,822,1,1,17:15:57,19:19.205,1159205,1159.205,0
1045,842,1,1,17:16:02,19:20.469,1160469,1160.469,0
1045,839,1,1,17:16:04,19:20.946,1160946,1160.946,0
1045,846,1,1,17:16:13,19:13.898,1153898,1153.898,0
1045,844,1,1,17:16:14,19:14.255,1154255,1154.255,0
1045,841,1,1,17:16:18,19:14.906,1154906,1154.906,0
1045,840,1,1,17:16:19,19:14.123,1154123,1154.123,0
1045,832,1,1,17:16:21,19:17.291,1157291,1157.291,0
1045,825,1,1,17:16:23,19:16.990,1156990,1156.99,0
1045,20,1,1,17:16:26,19:17.042,1157042,1157.042,0
1045,849,1,1,17:16:29,19:17.995,1157995,1157.995,0
1045,8,1,1,17:16:31,19:21.539,1161539,1161.539,0
1045,847,1,1,17:16:34,19:23.297,1163297,1163.297,0
1045,826,1,1,17:16:36,19:23.014,1163014,1163.014,0
1045,825,2,3,18:41:46,38.297,38297,38.297,1
1045,822,2,4,18:43:43,24.936,24936,24.936,1
1045,817,2,16,19:06:25,24.617,24617,24.617,1
1045,839,2,17,19:07:58,24.076,24076,24.076,1
1045,826,2,17,19:08:09,37.317,37317,37.317,1
1045,8,2,17,19:08:14,32.278,32278,32.278,1
1045,846,2,18,19:09:33,24.679,24679,24.679,1
1045,1,2,19,19:10:46,24.061,24061,24.061,1
1045,848,2,19,19:11:03,24.172,24172,24.172,1
1045,830,2,20,19:12:27,24.622,24622,24.622,1
1045,815,2,20,19:12:34,24.317,24317,24.317,1
1045,847,2,20,19:13:06,24.029,24029,24.029,1
1045,841,2,20,19:13:16,24.145,24145,24.145,1
1045,20,2,20,19:13:19,24.774,24774,24.774,1
1045,832,2,21,19:14:28,24.511,24511,24.511,1
1045,849,2,21,19:14:54,24.248,24248,24.248,1
1045,844,2,23,19:17:53,25.199,25199,25.199,1
1045,842,2,25,19:21:01,24.398,24398,24.398,1
1045,822,3,25,19:21:09,24.734,24734,24.734,1
1045,825,3,27,19:24:46,25.924,25924,25.924,1
1045,826,3,33,19:34:29,24.135,24135,24.135,1
1045,830,3,34,19:34:47,26.950,26950,26.95,1
1045,848,3,34,19:35:11,23.848,23848,23.848,1
1045,839,3,34,19:35:41,25.254,25254,25.254,1
1045,1,3,35,19:36:16,24.345,24345,24.345,1
1045,815,3,36,19:38:16,24.589,24589,24.589,1
1045,817,3,36,19:38:50,24.817,24817,24.817,1
1045,849,3,37,19:41:05,24.024,24024,24.024,1
1045,846,3,38,19:41:45,24.666,24666,24.666,1
1045,822,4,38,19:42:04,24.675,24675,24.675,1
1045,832,3,39,19:43:27,25.502,25502,25.502,1
1045,847,3,39,19:44:08,27.146,27146,27.146,1
1045,20,3,39,19:44:14,25.444,25444,25.444,1
1045,844,3,40,19:45:27,24.855,24855,24.855,1
1045,8,3,40,19:45:59,25.270,25270,25.27,1
1045,830,4,46,19:53:52,23.906,23906,23.906,1
1045,841,3,53,20:07:02,24.836,24836,24.836,1
1045,825,4,53,20:07:38,25.793,25793,25.793,1
1046,815,1,1,20:14:22,24.214,24214,24.214,1
1046,846,1,20,20:35:27,24.885,24885,24.885,1
1046,8,1,23,20:38:44,28.518,28518,28.518,1
1046,841,1,26,20:41:34,24.810,24810,24.81,1
1046,825,1,26,20:41:37,25.474,25474,25.474,1
1046,826,1,27,20:42:12,24.101,24101,24.101,1
1046,849,1,27,20:42:32,24.297,24297,24.297,1
1046,832,1,28,20:43:07,24.162,24162,24.162,1
1046,842,1,28,20:43:13,25.077,25077,25.077,1
1046,817,1,29,20:44:08,24.474,24474,24.474,1
1046,20,1,31,20:46:25,26.216,26216,26.216,1
1046,851,1,31,20:46:36,24.863,24863,24.863,1
1046,850,1,31,20:46:50,27.681,27681,27.681,1
1046,839,1,41,20:55:57,24.414,24414,24.414,1
1046,840,1,42,20:56:54,24.684,24684,24.684,1
1046,847,1,45,20:59:22,24.708,24708,24.708,1
1046,815,2,47,21:01:49,24.507,24507,24.507,1
1046,848,1,47,21:01:54,23.874,23874,23.874,1
1046,822,1,49,21:03:18,24.552,24552,24.552,1
1046,842,2,51,21:05:56,24.577,24577,24.577,1
1046,826,2,53,21:07:47,24.232,24232,24.232,1
1046,846,2,54,21:09:09,24.245,24245,24.245,1
1046,850,2,53,21:09:11,26.393,26393,26.393,1
1046,20,2,54,21:09:21,28.080,28080,28.08,1
1046,841,2,54,21:09:30,24.551,24551,24.551,1
1046,825,2,54,21:09:40,25.466,25466,25.466,1
1046,851,2,54,21:09:43,25.688,25688,25.688,1
1046,8,2,54,21:09:49,24.401,24401,24.401,1
1046,832,2,55,21:09:54,24.853,24853,24.853,1
1046,817,2,55,21:09:56,24.695,24695,24.695,1
1046,851,3,59,21:15:05,40.028,40028,40.028,1
1046,847,2,62,21:16:30,28.765,28765,28.765,1
1046,822,2,62,21:16:37,52.874,52874,52.874,1
1046,848,2,62,21:17:23,23.645,23645,23.645,1
1046,847,3,63,21:18:22,24.724,24724,24.724,1
1046,8,3,62,21:18:42,24.686,24686,24.686,1
1046,20,3,63,21:19:11,24.809,24809,24.809,1
1046,850,3,63,21:20:20,25.780,25780,25.78,1
1046,847,4,78,21:35:26,24.235,24235,24.235,1
1047,830,1,10,17:30:57,21.289,21289,21.289,1
1047,822,1,10,17:31:02,21.587,21587,21.587,1
1047,1,1,10,17:31:09,22.406,22406,22.406,1
1047,848,1,10,17:31:15,21.508,21508,21.508,1
1047,846,1,10,17:31:22,21.840,21840,21.84,1
1047,832,1,10,17:31:29,22.140,22140,22.14,1
1047,840,1,10,17:31:30,22.036,22036,22.036,1
1047,842,1,10,17:31:33,22.000,22000,22.0,1
1047,826,1,10,17:31:37,25.724,25724,25.724,1
1047,839,1,10,17:31:40,21.615,21615,21.615,1
1047,8,1,10,17:31:49,22.012,22012,22.012,1
1047,847,1,10,17:31:56,22.085,22085,22.085,1
1047,850,1,10,17:32:05,26.329,26329,26.329,1
1047,849,1,11,17:34:29,21.357,21357,21.357,1
1047,844,1,22,17:54:48,22.178,22178,22.178,1
1047,841,1,27,18:03:41,21.480,21480,21.48,1
1047,825,1,31,18:10:52,22.714,22714,22.714,1
1047,850,2,34,18:16:09,28.501,28501,28.501,1
1047,20,1,35,18:17:15,22.040,22040,22.04,1
1047,849,2,35,18:17:41,22.384,22384,22.384,1
1047,817,1,39,18:23:37,22.123,22123,22.123,1
1047,825,2,47,18:39:11,23.098,23098,23.098,1
1047,850,3,48,18:41:11,23.217,23217,23.217,1
1052,815,1,2,18:11:56,23.993,23993,23.993,1
1052,842,1,4,18:16:14,38.338,38338,38.338,1
1052,4,1,11,18:27:32,24.373,24373,24.373,1
1052,846,1,12,18:29:05,24.899,24899,24.899,1
1052,844,1,12,18:29:06,24.925,24925,24.925,1
1052,840,1,12,18:29:09,24.884,24884,24.884,1
1052,841,1,12,18:29:14,31.998,31998,31.998,1
1052,1,1,13,18:30:29,24.839,24839,24.839,1
1052,817,1,13,18:30:45,24.688,24688,24.688,1
1052,8,1,13,18:30:52,24.107,24107,24.107,1
1052,839,1,13,18:30:55,25.226,25226,25.226,1
1052,847,1,13,18:31:02,24.621,24621,24.621,1
1052,849,1,14,18:32:44,26.046,26046,26.046,1
1052,854,1,14,18:32:58,25.798,25798,25.798,1
1052,832,1,15,18:34:04,24.353,24353,24.353,1
1052,852,1,15,18:34:12,25.046,25046,25.046,1
1052,822,1,16,18:35:24,24.262,24262,24.262,1
1052,830,1,17,18:36:54,24.767,24767,24.767,1
1052,815,2,19,18:40:35,24.105,24105,24.105,1
1052,842,2,19,18:41:17,24.317,24317,24.317,1
1052,20,1,24,18:49:08,24.626,24626,24.626,1
1052,1,2,28,18:54:40,24.076,24076,24.076,1
1052,840,2,28,18:55:23,25.525,25525,25.525,1
1052,8,2,29,18:57:06,24.046,24046,24.046,1
1052,4,2,29,18:57:13,24.775,24775,24.775,1
1052,822,2,30,18:57:58,32.897,32897,32.897,1
1052,841,2,30,18:58:53,24.223,24223,24.223,1
1052,839,2,31,19:00:29,24.471,24471,24.471,1
1052,844,2,32,19:01:40,24.176,24176,24.176,1
1052,817,2,32,19:01:44,24.655,24655,24.655,1
1052,849,2,32,19:02:32,23.983,23983,23.983,1
1052,846,2,33,19:03:11,25.640,25640,25.64,1
1052,852,2,33,19:03:36,24.328,24328,24.328,1
1052,854,2,33,19:04:27,25.343,25343,25.343,1
1052,847,2,36,19:08:48,24.248,24248,24.248,1
1052,832,2,37,19:09:53,24.341,24341,24.341,1
1052,815,3,38,19:11:20,24.191,24191,24.191,1
1052,830,2,39,19:12:13,23.848,23848,23.848,1
1052,842,3,39,19:13:55,24.983,24983,24.983,1
1052,822,3,54,19:36:21,24.566,24566,24.566,1
1053,839,1,1,15:05:16,30.866,30866,30.866,1
1053,20,1,3,15:10:09,32.024,32024,32.024,1
1053,854,1,5,15:15:11,51.007,51007,51.007,1
1053,853,1,12,15:27:20,31.168,31168,31.168,1
1053,842,1,14,15:30:10,31.068,31068,31.068,1
1053,20,2,20,15:39:11,31.184,31184,31.184,1
1053,854,2,21,15:41:24,32.479,32479,32.479,1
1053,20,3,22,15:42:52,39.502,39502,39.502,1
1053,853,2,23,15:45:20,31.500,31500,31.5,1
1053,852,1,25,15:46:39,30.696,30696,30.696,1
1053,847,1,26,15:47:53,29.983,29983,29.983,1
1053,8,1,26,15:47:55,30.280,30280,30.28,1
1053,830,1,27,15:47:59,29.809,29809,29.809,1
1053,842,2,26,15:48:45,32.277,32277,32.277,1
1053,832,1,27,15:48:51,30.856,30856,30.856,1
1053,817,1,27,15:48:57,34.340,34340,34.34,1
1053,840,1,27,15:49:16,31.138,31138,31.138,1
1053,1,1,28,15:49:27,32.112,32112,32.112,1
1053,841,1,27,15:49:32,32.299,32299,32.299,1
1053,839,2,27,15:49:42,30.652,30652,30.652,1
1053,844,1,28,15:49:43,31.002,31002,31.002,1
1053,815,1,28,15:49:58,44.608,44608,44.608,1
1053,846,1,28,15:50:11,30.654,30654,30.654,1
1053,822,1,28,15:50:46,30.167,30167,30.167,1
1053,4,1,28,15:51:18,30.864,30864,30.864,1
1053,1,2,31,15:55:30,38.198,38198,38.198,1
1053,839,3,31,15:56:23,30.701,30701,30.701,1
1053,830,2,33,15:58:11,27:01.361,1621361,1621.361,0
1053,840,2,32,15:58:13,24:52.090,1492090,1492.09,0
1053,8,2,32,15:58:16,24:52.612,1492612,1492.612,0
1053,1,3,32,15:58:17,24:54.731,1494731,1494.731,0
1053,854,3,31,15:58:20,25:21.462,1521462,1521.462,0
1053,852,2,32,15:58:24,24:51.384,1491384,1491.384,0
1053,841,2,32,15:58:26,24:56.541,1496541,1496.541,0
1053,844,2,33,15:58:28,26:49.484,1609484,1609.484,0
1053,4,2,32,15:58:37,24:48.372,1488372,1488.372,0
1053,839,4,32,15:58:48,24:38.974,1478974,1478.974,0
1053,853,3,31,15:58:57,24:46.154,1486154,1486.154,0
1053,846,2,33,15:59:06,26:24.953,1584953,1584.953,0
1053,815,2,33,15:59:11,26:21.158,1581158,1581.158,0
1053,832,2,33,15:59:14,26:22.211,1582211,1582.211,0
1053,842,3,32,15:59:18,24:13.539,1453539,1453.539,0
1053,20,4,32,15:59:21,24:12.323,1452323,1452.323,0
1053,817,2,33,15:59:25,26:14.827,1574827,1574.827,0
1053,840,3,33,16:24:36,1:05.390,65390,65.39,0
1053,8,3,33,16:24:42,1:02.892,62892,62.892,0
1053,1,4,33,16:24:48,1:05.870,65870,65.87,0
1053,852,3,33,16:24:52,1:03.280,63280,63.28,0
1053,841,3,33,16:24:58,1:00.172,60172,60.172,0
1053,4,3,33,16:25:04,57.601,57601,57.601,1
1053,839,5,33,16:25:06,56.733,56733,56.733,1
1053,842,4,33,16:25:09,56.083,56083,56.083,1
1053,20,5,33,16:25:15,52.043,52043,52.043,1
1053,854,4,32,16:25:16,51.222,51222,51.222,1
1053,853,4,32,16:25:22,49.729,49729,49.729,1
1053,841,4,40,16:36:13,29.742,29742,29.742,1
1054,822,1,2,15:06:11,21.377,21377,21.377,1
1054,1,1,2,15:06:13,22.426,22426,22.426,1
1054,830,1,2,15:06:14,22.718,22718,22.718,1
1054,832,1,2,15:06:16,22.029,22029,22.029,1
1054,815,1,2,15:06:18,21.890,21890,21.89,1
1054,846,1,2,15:06:19,21.407,21407,21.407,1
1054,839,1,2,15:06:21,21.275,21275,21.275,1
1054,844,1,2,15:06:23,21.323,21323,21.323,1
1054,842,1,2,15:06:24,21.353,21353,21.353,1
1054,20,1,2,15:06:26,21.398,21398,21.398,1
1054,847,1,2,15:06:27,23.532,23532,23.532,1
1054,841,1,2,15:06:29,22.485,22485,22.485,1
1054,817,1,2,15:06:31,21.965,21965,21.965,1
1054,4,1,2,15:06:34,21.452,21452,21.452,1
1054,852,1,2,15:06:36,22.266,22266,22.266,1
1054,840,1,2,15:06:37,22.264,22264,22.264,1
1054,849,1,2,15:06:39,21.970,21970,21.97,1
1054,854,1,2,15:06:40,22.019,22019,22.019,1
1054,853,1,2,15:06:42,21.372,21372,21.372,1
1054,822,2,3,15:08:34,22.072,22072,22.072,1
1054,1,2,3,15:08:36,22.164,22164,22.164,1
1054,830,2,3,15:08:37,22.104,22104,22.104,1
1054,832,2,3,15:08:38,22.244,22244,22.244,1
1054,815,2,3,15:08:39,22.100,22100,22.1,1
1054,846,2,3,15:08:40,22.551,22551,22.551,1
1054,839,2,3,15:08:42,22.240,22240,22.24,1
1054,844,2,3,15:08:43,22.587,22587,22.587,1
1054,842,2,3,15:08:45,22.319,22319,22.319,1
1054,20,2,3,15:08:48,21.750,21750,21.75,1
1054,847,2,3,15:08:48,22.755,22755,22.755,1
1054,841,2,3,15:08:50,22.669,22669,22.669,1
1054,817,2,3,15:08:51,22.355,22355,22.355,1
1054,4,2,3,15:08:53,21.621,21621,21.621,1
1054,852,2,3,15:08:55,22.542,22542,22.542,1
1054,840,2,3,15:08:57,22.176,22176,22.176,1
1054,849,2,3,15:08:58,21.730,21730,21.73,1
1054,854,2,3,15:09:00,21.454,21454,21.454,1
1054,853,2,3,15:09:01,21.404,21404,21.404,1
1054,832,3,21,15:36:07,25.892,25892,25.892,1
1054,852,3,21,15:36:23,26.202,26202,26.202,1
1054,846,3,22,15:37:29,26.952,26952,26.952,1
1054,839,3,22,15:37:35,27.033,27033,27.033,1
1054,20,3,22,15:37:40,26.620,26620,26.62,1
1054,841,3,22,15:37:41,26.729,26729,26.729,1
1054,842,3,24,15:40:23,26.172,26172,26.172,1
1054,849,3,24,15:40:50,26.595,26595,26.595,1
1054,844,3,25,15:41:44,27.082,27082,27.082,1
1054,847,3,28,15:46:30,26.843,26843,26.843,1
1054,853,3,31,15:50:54,27.186,27186,27.186,1
1054,854,3,32,15:52:09,27.245,27245,27.245,1
1054,830,3,35,15:55:06,26.743,26743,26.743,1
1054,822,3,36,15:56:27,26.938,26938,26.938,1
1054,1,3,37,15:57:46,26.907,26907,26.907,1
1054,840,3,39,16:01:22,26.027,26027,26.027,1
1054,4,3,40,16:02:37,26.442,26442,26.442,1
1054,817,3,41,16:03:56,28.639,28639,28.639,1
1054,853,4,43,16:08:31,26.984,26984,26.984,1
1054,815,3,51,16:17:18,26.607,26607,26.607,1
1054,822,4,63,16:33:39,26.573,26573,26.573,1
1054,830,4,64,16:34:55,26.319,26319,26.319,1
1055,841,1,8,15:15:06,54.673,54673,54.673,1
1055,847,1,9,15:17:07,23.814,23814,23.814,1
1055,849,1,9,15:17:10,26.672,26672,26.672,1
1055,842,1,18,15:30:37,28.042,28042,28.042,1
1055,4,1,21,15:34:51,22.043,22043,22.043,1
1055,20,1,21,15:34:52,23.087,23087,23.087,1
1055,832,1,22,15:36:10,21.779,21779,21.779,1
1055,840,1,22,15:36:15,21.756,21756,21.756,1
1055,853,1,22,15:36:40,23.098,23098,23.098,1
1055,822,1,23,15:37:18,22.311,22311,22.311,1
1055,839,1,23,15:37:33,22.798,22798,22.798,1
1055,846,1,23,15:37:35,21.864,21864,21.864,1
1055,854,1,23,15:37:59,24.006,24006,24.006,1
1055,830,1,24,15:38:32,23.565,23565,23.565,1
1055,817,1,25,15:40:16,22.406,22406,22.406,1
1055,815,1,27,15:43:06,22.382,22382,22.382,1
1055,849,2,27,15:43:32,21.424,21424,21.424,1
1055,1,1,28,15:44:07,22.220,22220,22.22,1
1055,844,1,28,15:44:20,21.613,21613,21.613,1
1055,847,2,28,15:44:52,21.919,21919,21.919,1
1055,8,1,37,15:57:41,21.572,21572,21.572,1
1055,20,2,38,15:59:08,21.973,21973,21.973,1
1055,840,2,39,16:00:28,21.432,21432,21.432,1
1055,841,2,39,16:00:52,22.871,22871,22.871,1
1055,1,2,42,16:03:32,22.078,22078,22.078,1
1055,853,2,42,16:05:36,22.502,22502,22.502,1
1055,817,2,46,16:09:49,21.762,21762,21.762,1
1055,832,2,46,16:09:50,21.856,21856,21.856,1
1055,842,2,47,16:11:47,26.065,26065,26.065,1
1055,849,3,50,16:16:19,22.405,22405,22.405,1
1055,854,2,50,16:16:33,22.310,22310,22.31,1
1055,846,2,51,16:17:08,22.467,22467,22.467,1
1055,822,2,53,16:18:52,21.638,21638,21.638,1
1055,815,2,57,16:24:55,21.345,21345,21.345,1
1055,844,2,58,16:26:05,22.292,22292,22.292,1
1055,830,2,60,16:28:18,21.592,21592,21.592,1
1055,4,2,61,16:31:41,23.479,23479,23.479,1
1056,1,1,29,15:40:07,23.783,23783,23.783,1
1056,846,1,30,15:41:20,23.874,23874,23.874,1
1056,842,1,30,15:41:23,24.428,24428,24.428,1
1056,20,1,31,15:42:42,24.369,24369,24.369,1
1056,847,1,31,15:43:46,23.928,23928,23.928,1
1056,832,1,32,15:43:47,24.150,24150,24.15,1
1056,841,1,33,15:45:42,24.521,24521,24.521,1
1056,830,1,34,15:46:10,23.746,23746,23.746,1
1056,815,1,35,15:47:44,24.548,24548,24.548,1
1056,853,1,34,15:48:25,25.202,25202,25.202,1
1056,817,1,36,15:49:52,24.715,24715,24.715,1
1056,839,1,37,15:50:48,23.935,23935,23.935,1
1056,854,1,37,15:52:43,24.797,24797,24.797,1
1056,8,1,43,15:58:41,24.077,24077,24.077,1
1056,849,1,43,15:59:23,23.703,23703,23.703,1
1056,4,1,45,16:01:34,23.803,23803,23.803,1
1056,840,1,58,16:17:28,23.474,23474,23.474,1
1056,852,1,64,16:26:09,24.430,24430,24.43,1
1056,1,2,67,16:28:48,24.244,24244,24.244,1
1057,847,1,1,16:06:06,19.970,19970,19.97,1
1057,841,1,2,16:07:56,20.402,20402,20.402,1
1057,4,1,7,16:16:54,20.168,20168,20.168,1
1057,846,1,7,16:16:56,20.533,20533,20.533,1
1057,854,1,8,16:19:00,22.440,22440,22.44,1
1057,844,1,9,16:20:20,19.836,19836,19.836,1
1057,852,1,9,16:20:28,20.253,20253,20.253,1
1057,849,1,9,16:20:47,22.149,22149,22.149,1
1057,853,1,9,16:20:57,21.759,21759,21.759,1
1057,832,1,10,16:22:11,20.064,20064,20.064,1
1057,1,1,11,16:23:50,22.470,22470,22.47,1
1057,842,1,11,16:23:55,20.156,20156,20.156,1
1057,822,1,11,16:24:08,20.356,20356,20.356,1
1057,817,1,11,16:24:12,20.082,20082,20.082,1
1057,830,1,12,16:25:37,19.769,19769,19.769,1
1057,815,1,13,16:27:25,21.874,21874,21.874,1
1057,8,1,13,16:27:59,20.048,20048,20.048,1
1057,20,1,18,16:36:33,19.841,19841,19.841,1
1057,4,2,34,17:09:13,19.983,19983,19.983,1
1057,841,2,34,17:09:14,20.193,20193,20.193,1
1057,847,2,34,17:09:15,20.029,20029,20.029,1
1057,854,2,34,17:09:16,1:09.761,69761,69.761,0
1057,853,2,34,17:11:01,21.958,21958,21.958,1
1057,854,3,44,17:28:35,21.587,21587,21.587,1
1057,853,3,44,17:29:37,24.780,24780,24.78,1
1057,815,2,47,17:33:39,15.277,15277,15.277,1
1057,1,2,47,17:33:39,15.432,15432,15.432,1
1057,20,2,47,17:33:42,14.945,14945,14.945,1
1057,842,2,47,17:33:45,15.085,15085,15.085,1
1057,844,2,47,17:33:48,15.092,15092,15.092,1
1057,852,2,47,17:33:50,14.943,14943,14.943,1
1057,846,2,47,17:33:53,15.866,15866,15.866,1
1057,832,2,47,17:33:56,15.119,15119,15.119,1
1057,817,2,47,17:34:01,14.994,14994,14.994,1
1057,4,3,47,17:34:03,15.432,15432,15.432,1
1057,8,2,47,17:34:05,15.064,15064,15.064,1
1057,841,3,47,17:34:07,14.881,14881,14.881,1
1057,822,2,47,17:34:08,21.346,21346,21.346,1
1057,847,3,47,17:34:08,21.438,21438,21.438,1
1057,853,4,46,17:34:18,15.054,15054,15.054,1
1057,854,4,47,17:35:06,15.058,15058,15.058,1
1057,815,3,48,17:36:45,33:18.466,1998466,1998.466,0
1057,1,3,48,17:36:47,33:20.923,2000923,2000.923,0
1057,20,3,48,17:36:49,33:20.416,2000416,2000.416,0
1057,842,3,48,17:36:52,33:21.830,2001830,2001.83,0
1057,844,3,48,17:36:53,33:22.544,2002544,2002.544,0
1057,852,3,48,17:36:55,33:23.526,2003526,2003.526,0
1057,846,3,48,17:36:57,33:30.409,2010409,2010.409,0
1057,832,3,48,17:36:58,33:32.724,2012724,2012.724,0
1057,817,3,48,17:37:00,33:35.163,2015163,2015.163,0
1057,4,4,48,17:37:04,33:34.526,2014526,2014.526,0
1057,8,3,48,17:37:06,33:36.437,2016437,2016.437,0
1057,841,4,48,17:37:08,33:37.324,2017324,2017.324,0
1057,849,2,48,17:37:10,34:08.175,2048175,2048.175,0
1057,822,3,48,17:37:13,33:55.229,2035229,2035.229,0
1057,847,4,48,17:37:18,33:56.172,2036172,2036.172,0
1057,853,5,47,17:37:20,30:28.965,1828965,1828.965,0
1057,854,5,48,17:37:47,33:34.176,2014176,2014.176,0
1057,853,6,48,18:09:58,1:26.440,86440,86.44,0
1059,844,1,14,15:26:59,30.798,30798,30.798,1
1059,852,1,15,15:28:52,30.226,30226,30.226,1
1059,854,1,15,15:29:09,31.457,31457,31.457,1
1059,817,1,16,15:30:21,29.951,29951,29.951,1
1059,822,1,17,15:31:34,30.572,30572,30.572,1
1059,832,1,17,15:32:00,30.534,30534,30.534,1
1059,842,1,17,15:32:01,30.781,30781,30.781,1
1059,847,1,17,15:32:17,30.092,30092,30.092,1
1059,830,1,18,15:33:10,29.803,29803,29.803,1
1059,4,1,18,15:33:49,31.288,31288,31.288,1
1059,849,1,18,15:34:01,29.775,29775,29.775,1
1059,1,1,19,15:34:46,30.263,30263,30.263,1
1059,815,1,24,15:43:14,29.682,29682,29.682,1
1059,846,1,24,15:43:44,30.531,30531,30.531,1
1059,839,1,28,15:50:47,30.207,30207,30.207,1
1059,841,1,28,15:50:48,30.586,30586,30.586,1
1059,853,1,31,15:56:17,30.983,30983,30.983,1
1059,830,2,32,15:56:20,30.123,30123,30.123,1
1059,8,1,33,15:59:18,31.327,31327,31.327,1
1059,840,1,34,16:00:37,30.996,30996,30.996,1
1059,20,1,37,16:05:29,31.069,31069,31.069,1
1059,844,2,38,16:07:29,31.368,31368,31.368,1
1058,844,1,1,15:04:22,28.386,28386,28.386,1
1058,849,1,1,15:04:58,26.419,26419,26.419,1
1058,853,1,21,15:28:40,22.759,22759,22.759,1
1058,841,1,23,15:30:50,21.210,21210,21.21,1
1058,847,1,25,15:33:03,37.309,37309,37.309,1
1058,815,1,26,15:33:46,23.477,23477,23.477,1
1058,849,2,25,15:34:10,21.953,21953,21.953,1
1058,852,1,26,15:34:15,21.234,21234,21.234,1
1058,847,2,26,15:34:49,46.315,46315,46.315,1
1058,822,1,27,15:34:56,21.752,21752,21.752,1
1058,4,1,27,15:35:25,21.131,21131,21.131,1
1058,20,1,27,15:35:28,21.546,21546,21.546,1
1058,1,1,28,15:35:48,21.219,21219,21.219,1
1058,840,1,28,15:36:35,20.936,20936,20.936,1
1058,830,1,29,15:36:53,20.936,20936,20.936,1
1058,846,1,31,15:39:53,21.692,21692,21.692,1
1058,854,1,33,15:43:09,22.400,22400,22.4,1
1058,8,1,36,15:46:10,21.227,21227,21.227,1
1058,839,1,36,15:46:14,21.238,21238,21.238,1
1058,844,2,37,15:47:22,21.924,21924,21.924,1
1058,832,1,41,15:51:48,21.226,21226,21.226,1
1058,817,1,41,15:52:04,21.410,21410,21.41,1
1058,815,2,54,16:06:26,20.961,20961,20.961,1
1058,1,2,69,16:23:22,21.640,21640,21.64,1
1060,841,1,1,15:04:39,21.129,21129,21.129,1
1060,852,1,12,15:18:55,21.145,21145,21.145,1
1060,842,1,13,15:20:04,22.564,22564,22.564,1
1060,840,1,14,15:21:20,21.391,21391,21.391,1
1060,20,1,17,15:24:54,21.086,21086,21.086,1
1060,853,1,27,15:37:15,22.000,22000,22.0,1
1060,817,1,29,15:38:55,21.151,21151,21.151,1
1060,841,2,29,15:39:18,27.122,27122,27.122,1
1060,846,1,30,15:39:39,26.474,26474,26.474,1
1060,822,1,30,15:39:41,21.071,21071,21.071,1
1060,847,1,30,15:40:16,21.606,21606,21.606,1
1060,1,1,31,15:40:45,21.005,21005,21.005,1
1060,830,1,32,15:41:42,21.090,21090,21.09,1
1060,815,1,32,15:42:28,21.735,21735,21.735,1
1060,4,1,32,15:42:41,22.663,22663,22.663,1
1060,849,1,33,15:44:01,21.152,21152,21.152,1
1060,844,1,34,15:44:47,21.143,21143,21.143,1
1060,854,1,34,15:45:26,21.798,21798,21.798,1
1060,8,1,37,15:48:30,21.896,21896,21.896,1
1060,842,2,45,15:57:48,20.850,20850,20.85,1
1060,853,2,45,15:58:58,23.182,23182,23.182,1
1060,840,2,46,15:59:19,21.472,21472,21.472,1
1060,832,1,48,16:01:07,21.431,21431,21.431,1
1060,20,2,49,16:02:39,20.841,20841,20.841,1
1060,852,2,51,16:04:57,26.604,26604,26.604,1
1060,1,2,53,16:06:32,21.421,21421,21.421,1
1060,830,2,60,16:14:03,21.236,21236,21.236,1
1061,844,1,2,15:07:57,34:07.731,2047731,2047.731,0
1061,1,1,2,15:08:00,34:08.376,2048376,2048.376,0
1061,822,1,2,15:08:02,34:09.149,2049149,2049.149,0
1061,846,1,2,15:08:03,34:12.218,2052218,2052.218,0
1061,817,1,2,15:08:05,34:11.281,2051281,2051.281,0
1061,20,1,2,15:08:08,34:15.222,2055222,2055.222,0
1061,4,1,2,15:08:10,34:18.580,2058580,2058.58,0
1061,832,1,2,15:08:12,34:19.122,2059122,2059.122,0
1061,8,1,2,15:08:14,34:22.984,2062984,2062.984,0
1061,839,1,2,15:08:16,34:26.994,2066994,2066.994,0
1061,840,1,2,15:08:18,34:27.861,2067861,2067.861,0
1061,842,1,2,15:08:21,34:27.244,2067244,2067.244,0
1061,841,1,2,15:08:22,34:30.250,2070250,2070.25,0
1061,847,1,2,15:08:25,34:32.543,2072543,2072.543,0
1061,852,1,2,15:08:28,34:35.695,2075695,2075.695,0
1061,854,1,2,15:08:30,34:35.728,2075728,2075.728,0
1061,849,1,2,15:08:32,34:37.164,2077164,2077.164,0
1061,853,1,2,15:08:35,34:36.977,2076977,2076.977,0
1061,815,1,2,15:08:37,34:36.405,2076405,2076.405,0
1061,8,2,18,16:09:59,28.110,28110,28.11,1
1061,815,2,18,16:10:00,27.892,27892,27.892,1
1061,847,2,18,16:10:03,27.812,27812,27.812,1
1061,20,2,18,16:10:08,28.145,28145,28.145,1
1061,839,2,19,16:11:30,28.772,28772,28.772,1
1061,849,2,19,16:11:41,27.543,27543,27.543,1
1061,817,2,20,16:12:48,28.817,28817,28.817,1
1061,846,2,21,16:14:08,31.706,31706,31.706,1
1061,822,2,22,16:15:42,28.209,28209,28.209,1
1061,840,2,23,16:17:39,28.213,28213,28.213,1
1061,841,2,23,16:17:51,28.137,28137,28.137,1
1061,4,2,24,16:19:10,29.743,29743,29.743,1
1061,854,2,24,16:20:00,29.319,29319,29.319,1
1061,853,2,25,16:21:37,29.253,29253,29.253,1
1061,1,2,27,16:23:17,40.266,40266,40.266,1
1061,832,2,28,16:25:06,37.509,37509,37.509,1
1061,842,2,28,16:25:29,28.685,28685,28.685,1
1061,844,2,29,16:26:18,28.433,28433,28.433,1
1061,852,2,30,16:28:42,29.134,29134,29.134,1
1061,815,3,38,16:41:17,27.848,27848,27.848,1
1061,842,3,46,16:53:40,28.180,28180,28.18,1
1061,815,4,48,16:56:54,29.082,29082,29.082,1
1062,830,1,1,15:05:21,22.569,22569,22.569,1
1062,853,1,1,15:05:28,23.715,23715,23.715,1
1062,846,1,1,15:05:33,38.267,38267,38.267,1
1062,841,1,1,15:05:53,26.573,26573,26.573,1
1062,1,1,2,15:07:57,24:09.259,1449259,1449.259,0
1062,839,1,2,15:07:59,24:10.190,1450190,1450.19,0
1062,20,1,2,15:08:02,24:11.890,1451890,1451.89,0
1062,832,1,2,15:08:04,24:12.527,1452527,1452.527,0
1062,852,1,2,15:08:08,24:13.630,1453630,1453.63,0
1062,849,1,2,15:08:10,24:14.435,1454435,1454.435,0
1062,4,1,2,15:08:13,24:14.979,1454979,1454.979,0
1062,847,1,2,15:08:17,24:17.487,1457487,1457.487,0
1062,8,1,2,15:08:20,24:17.844,1457844,1457.844,0
1062,854,1,2,15:08:22,24:17.042,1457042,1457.042,0
1062,842,1,2,15:08:25,24:17.615,1457615,1457.615,0
1062,817,1,2,15:08:28,24:17.127,1457127,1457.127,0
1062,830,2,2,15:08:31,24:16.349,1456349,1456.349,0
1062,853,2,2,15:08:34,24:17.420,1457420,1457.42,0
1062,841,2,2,15:08:38,24:16.349,1456349,1456.349,0
1062,839,2,3,15:34:31,39.522,39522,39.522,1
1062,20,2,3,15:34:31,40.882,40882,40.882,1
1062,832,2,3,15:34:32,42.786,42786,42.786,1
1062,852,2,3,15:34:33,40.740,40740,40.74,1
1062,849,2,3,15:34:34,39.081,39081,39.081,1
1062,4,2,3,15:34:40,37.122,37122,37.122,1
1062,847,2,3,15:34:41,29.374,29374,29.374,1
1062,8,2,3,15:34:41,35.451,35451,35.451,1
1062,854,2,3,15:34:42,36.813,36813,36.813,1
1062,842,2,3,15:34:43,39.839,39839,39.839,1
1062,817,2,3,15:34:43,34.492,34492,34.492,1
1062,830,3,3,15:34:44,35.245,35245,35.245,1
1062,841,3,3,15:34:48,36.899,36899,36.899,1
1062,1,2,4,15:36:34,21.731,21731,21.731,1
1062,841,4,11,15:46:53,29.191,29191,29.191,1
1062,8,3,15,15:52:26,36.457,36457,36.457,1
1062,1,3,19,15:58:08,21.516,21516,21.516,1
1062,817,3,20,15:59:29,21.623,21623,21.623,1
1062,830,4,20,15:59:31,21.047,21047,21.047,1
1062,847,3,21,16:00:52,22.186,22186,22.186,1
1062,852,3,22,16:02:06,21.819,21819,21.819,1
1062,849,3,23,16:03:29,22.704,22704,22.704,1
1062,842,3,30,16:13:24,21.295,21295,21.295,1
1062,832,3,32,16:15:52,21.951,21951,21.951,1
1062,841,5,33,16:18:12,21.874,21874,21.874,1
1062,854,3,34,16:19:34,22.113,22113,22.113,1
1062,20,3,36,16:21:14,22.703,22703,22.703,1
1062,839,3,37,16:22:34,21.642,21642,21.642,1
1062,4,3,39,16:25:35,21.523,21523,21.523,1
1062,830,5,40,16:27:50,20.848,20848,20.848,1
1062,1,4,47,16:36:41,21.208,21208,21.208,1
1062,8,4,53,16:45:57,21.172,21172,21.172,1
1062,842,4,68,17:05:56,21.543,21543,21.543,1
1064,854,1,4,15:08:42,35.573,35573,35.573,1
1064,815,1,8,15:13:52,19.287,19287,19.287,1
1064,20,1,10,15:16:24,18.664,18664,18.664,1
1064,1,1,20,15:28:18,19.770,19770,19.77,1
1064,830,1,21,15:29:30,19.142,19142,19.142,1
1064,849,1,23,15:33:19,20.646,20646,20.646,1
1064,842,1,24,15:33:50,19.163,19163,19.163,1
1064,841,1,27,15:38:13,19.049,19049,19.049,1
1064,847,1,27,15:38:14,18.634,18634,18.634,1
1064,840,1,27,15:38:17,19.389,19389,19.389,1
1064,817,1,30,15:42:01,19.449,19449,19.449,1
1064,822,1,31,15:42:24,18.873,18873,18.873,1
1064,832,1,31,15:42:58,20.327,20327,20.327,1
1064,839,1,31,15:43:12,19.240,19240,19.24,1
1064,852,1,31,15:43:30,19.850,19850,19.85,1
1064,854,2,30,15:43:39,24.578,24578,24.578,1
1064,4,1,33,15:45:41,19.018,19018,19.018,1
1064,841,2,33,15:46:17,20.043,20043,20.043,1
1064,853,1,33,15:46:35,19.999,19999,19.999,1
1064,844,1,34,15:46:39,19.490,19490,19.49,1
1064,1,2,39,15:52:19,18.868,18868,18.868,1
1064,830,2,40,15:53:30,18.578,18578,18.578,1
1064,9,1,40,15:55:29,19.708,19708,19.708,1
1064,846,1,42,15:57:26,20.443,20443,20.443,1
1064,20,2,44,16:00:37,18.681,18681,18.681,1
1064,815,2,47,16:03:51,18.555,18555,18.555,1
1064,822,2,67,16:27:35,21.730,21730,21.73,1
1064,1,3,70,16:30:49,19.202,19202,19.202,1
1064,847,2,68,16:30:57,25.533,25533,25.533,1
1065,841,1,1,15:05:21,37.190,37190,37.19,1
1065,817,1,22,15:35:18,23.812,23812,23.812,1
1065,20,1,22,15:35:56,25.157,25157,25.157,1
1065,830,1,23,15:36:46,32.456,32456,32.456,1
1065,849,1,23,15:37:22,24.168,24168,24.168,1
1065,854,1,23,15:37:49,24.714,24714,24.714,1
1065,846,1,24,15:38:19,24.168,24168,24.168,1
1065,853,1,24,15:39:22,24.928,24928,24.928,1
1065,1,1,25,15:39:44,25.619,25619,25.619,1
1065,840,1,25,15:40:09,24.846,24846,24.846,1
1065,4,1,25,15:40:14,24.797,24797,24.797,1
1065,841,2,25,15:40:55,30.551,30551,30.551,1
1065,844,1,26,15:41:30,24.557,24557,24.557,1
1065,815,1,26,15:41:34,23.906,23906,23.906,1
1065,832,1,26,15:41:48,24.283,24283,24.283,1
1065,822,1,26,15:41:50,24.308,24308,24.308,1
1065,839,1,26,15:42:10,30.333,30333,30.333,1
1065,847,1,26,15:42:13,24.156,24156,24.156,1
1065,9,1,26,15:42:21,24.501,24501,24.501,1
1065,20,2,26,15:42:41,25.927,25927,25.927,1
1065,853,2,28,15:47:13,24.806,24806,24.806,1
1065,853,3,39,16:05:25,30.917,30917,30.917,1
1066,840,1,12,15:24:13,30.241,30241,30.241,1
1066,847,1,13,15:25:55,30.665,30665,30.665,1
1066,849,1,13,15:26:27,30.056,30056,30.056,1
1066,852,1,13,15:26:28,30.112,30112,30.112,1
1066,832,1,14,15:27:33,30.715,30715,30.715,1
1066,853,1,14,15:28:09,30.127,30127,30.127,1
1066,839,1,15,15:29:27,29.901,29901,29.901,1
1066,8,1,15,15:29:28,30.102,30102,30.102,1
1066,854,1,20,15:38:36,29.996,29996,29.996,1
1066,817,1,22,15:41:11,33.617,33617,33.617,1
1066,1,1,26,15:47:52,29.878,29878,29.878,1
1066,830,1,26,15:47:58,29.578,29578,29.578,1
1066,20,1,26,15:48:09,29.242,29242,29.242,1
1066,846,1,28,15:51:03,29.824,29824,29.824,1
1066,822,1,28,15:51:35,29.936,29936,29.936,1
1066,842,1,33,16:00:00,29.354,29354,29.354,1
1066,844,1,35,16:03:07,31.849,31849,31.849,1
1066,815,1,36,16:04:32,36.026,36026,36.026,1
1066,4,1,36,16:04:40,30.157,30157,30.157,1
1066,841,1,36,16:05:27,30.081,30081,30.081,1
1066,847,2,47,16:23:56,32.081,32081,32.081,1
1066,822,2,47,16:23:58,29.569,29569,29.569,1
1066,8,2,47,16:23:59,30.131,30131,30.131,1
1066,853,2,46,16:24:05,33.931,33931,33.931,1
1066,852,2,47,16:24:44,30.980,30980,30.98,1
1066,830,2,48,16:25:32,31.017,31017,31.017,1
1066,832,2,48,16:25:33,30.677,30677,30.677,1
1066,817,2,48,16:25:35,31.016,31016,31.016,1
1066,840,2,48,16:26:01,43.124,43124,43.124,1
1066,1,2,49,16:26:32,30.045,30045,30.045,1
1066,852,3,49,16:29:31,30.972,30972,30.972,1
1066,4,2,50,16:29:34,30.702,30702,30.702,1
1066,815,2,50,16:29:36,32.313,32313,32.313,1
1066,20,2,50,16:30:10,32.128,32128,32.128,1
1066,842,2,50,16:30:49,31.915,31915,31.915,1
1066,839,2,50,16:30:58,33.264,33264,33.264,1
1066,841,2,50,16:31:14,33.961,33961,33.961,1
1066,846,2,51,16:31:33,32.670,32670,32.67,1
1066,844,2,51,16:32:51,32.648,32648,32.648,1
1067,817,1,21,15:37:18,23.028,23028,23.028,1
1067,4,1,30,15:51:43,29.116,29116,29.116,1
1067,846,1,34,15:57:20,23.239,23239,23.239,1
1067,849,1,34,15:58:22,24.104,24104,24.104,1
1067,852,1,35,15:59:39,23.329,23329,23.329,1
1067,847,1,35,15:59:42,23.551,23551,23.551,1
1067,830,1,36,15:59:52,22.442,22442,22.442,1
1067,832,1,36,16:00:33,28.353,28353,28.353,1
1067,853,1,35,16:00:40,23.829,23829,23.829,1
1067,20,1,36,16:00:56,23.500,23500,23.5,1
1067,822,1,37,16:01:20,22.962,22962,22.962,1
1067,815,1,37,16:01:47,22.463,22463,22.463,1
1067,8,1,37,16:02:50,23.164,23164,23.164,1
1067,20,2,37,16:03:36,23.514,23514,23.514,1
1067,842,1,39,16:05:01,29.310,29310,29.31,1
1067,840,1,39,16:05:17,35.509,35509,35.509,1
1067,854,1,39,16:07:05,23.892,23892,23.892,1
1067,841,1,40,16:07:22,23.150,23150,23.15,1
1067,844,1,47,16:17:27,23.646,23646,23.646,1
1067,1,1,50,16:22:19,22.684,22684,22.684,1
1069,853,1,1,14:05:35,30.673,30673,30.673,1
1069,839,1,3,14:09:03,40.800,40800,40.8,1
1069,849,1,5,14:12:39,32.610,32610,32.61,1
1069,4,1,7,14:16:03,23.576,23576,23.576,1
1069,841,1,8,14:17:44,23.993,23993,23.993,1
1069,852,1,9,14:19:23,23.802,23802,23.802,1
1069,847,1,9,14:19:32,23.572,23572,23.572,1
1069,830,1,10,14:20:36,23.727,23727,23.727,1
1069,846,1,10,14:21:01,24.385,24385,24.385,1
1069,842,1,10,14:21:07,23.745,23745,23.745,1
1069,817,1,11,14:22:38,24.176,24176,24.176,1
1069,832,1,11,14:22:41,23.414,23414,23.414,1
1069,854,1,11,14:23:10,24.293,24293,24.293,1
1069,815,1,12,14:24:06,25.018,25018,25.018,1
1069,844,1,12,14:24:15,24.011,24011,24.011,1
1069,8,1,12,14:24:38,24.191,24191,24.191,1
1069,1,1,13,14:25:41,24.481,24481,24.481,1
1069,822,1,15,14:29:44,24.444,24444,24.444,1
1069,20,1,17,14:33:24,24.977,24977,24.977,1
1069,840,1,18,14:35:13,23.827,23827,23.827,1
1069,853,2,24,14:46:40,24.611,24611,24.611,1
1069,849,2,25,14:47:47,23.653,23653,23.653,1
1069,839,2,25,14:47:50,23.919,23919,23.919,1
1069,841,2,26,14:49:12,23.502,23502,23.502,1
1069,4,2,28,14:52:44,23.844,23844,23.844,1
1069,830,2,29,14:52:59,24.052,24052,24.052,1
1069,832,2,29,14:53:43,26.866,26866,26.866,1
1069,815,2,30,14:55:02,23.604,23604,23.604,1
1069,817,2,30,14:55:23,24.036,24036,24.036,1
1069,846,2,30,14:55:31,25.548,25548,25.548,1
1069,8,2,31,14:57:43,24.090,24090,24.09,1
1069,847,2,31,14:58:07,24.980,24980,24.98,1
1069,844,2,32,14:58:34,23.805,23805,23.805,1
1069,852,2,32,14:59:23,23.529,23529,23.529,1
1069,822,2,34,15:02:17,23.619,23619,23.619,1
1069,840,2,34,15:03:12,23.455,23455,23.455,1
1069,854,2,34,15:03:41,24.247,24247,24.247,1
1069,1,2,37,15:06:30,23.676,23676,23.676,1
1069,20,2,38,15:09:49,23.849,23849,23.849,1
1069,853,3,37,15:09:52,24.169,24169,24.169,1
1069,4,3,39,15:11:40,23.314,23314,23.314,1
1070,817,1,1,13:05:11,38.128,38128,38.128,1
1070,822,1,1,13:05:16,22.463,22463,22.463,1
1070,849,1,11,13:21:22,23.681,23681,23.681,1
1070,840,1,12,13:22:45,23.586,23586,23.586,1
1070,853,1,13,13:24:11,25.094,25094,25.094,1
1070,839,1,14,13:25:30,23.100,23100,23.1,1
1070,847,1,15,13:26:51,21.984,21984,21.984,1
1070,841,1,16,13:28:00,22.205,22205,22.205,1
1070,1,1,29,13:45:17,22.373,22373,22.373,1
1070,844,1,30,13:47:01,22.085,22085,22.085,1
1070,842,1,31,13:48:20,22.549,22549,22.549,1
1070,8,1,32,13:50:02,22.424,22424,22.424,1
1070,830,1,33,13:50:33,21.908,21908,21.908,1
1070,20,1,33,13:51:22,22.277,22277,22.277,1
1070,840,2,34,13:53:37,26.056,26056,26.056,1
1070,817,2,38,13:58:47,22.813,22813,22.813,1
1070,4,1,39,13:59:43,23.985,23985,23.985,1
1070,815,1,40,14:00:14,22.114,22114,22.114,1
1070,822,2,40,14:01:30,31.664,31664,31.664,1
1070,832,1,42,14:03:25,22.031,22031,22.031,1
1070,846,1,44,14:06:38,22.534,22534,22.534,1
1070,849,2,49,14:14:59,22.739,22739,22.739,1
1070,853,2,58,14:28:22,23.637,23637,23.637,1
1070,822,3,63,14:33:17,22.680,22680,22.68,1
1070,822,4,67,14:39:06,26.443,26443,26.443,1
1071,846,1,1,14:04:50,27.313,27313,27.313,1
1071,852,1,4,14:08:22,31.939,31939,31.939,1
1071,847,1,6,14:11:08,22.978,22978,22.978,1
1071,852,2,6,14:11:57,17.758,17758,17.758,1
1071,846,2,6,14:12:08,17.719,17719,17.719,1
1071,830,1,7,14:12:32,17.916,17916,17.916,1
1071,815,1,7,14:12:34,18.308,18308,18.308,1
1071,1,1,7,14:12:37,17.910,17910,17.91,1
1071,822,1,7,14:12:38,17.899,17899,17.899,1
1071,844,1,7,14:12:40,17.943,17943,17.943,1
1071,832,1,7,14:12:42,18.460,18460,18.46,1
1071,20,1,7,14:12:43,18.107,18107,18.107,1
1071,842,1,7,14:12:45,19.439,19439,19.439,1
1071,839,1,7,14:12:46,19.285,19285,19.285,1
1071,817,1,7,14:12:47,19.732,19732,19.732,1
1071,4,1,7,14:12:52,17.751,17751,17.751,1
1071,840,1,7,14:12:53,17.948,17948,17.948,1
1071,841,1,7,14:12:55,17.713,17713,17.713,1
1071,853,1,7,14:12:56,17.995,17995,17.995,1
1071,854,1,7,14:12:57,17.861,17861,17.861,1
1071,849,1,7,14:12:59,18.153,18153,18.153,1
1071,8,1,7,14:13:01,18.327,18327,18.327,1
1071,847,2,7,14:13:02,20.844,20844,20.844,1
1071,852,3,7,14:13:33,17.711,17711,17.711,1
1071,846,3,7,14:13:44,17.673,17673,17.673,1
1071,830,2,8,14:14:46,17.807,17807,17.807,1
1071,815,2,8,14:14:48,18.136,18136,18.136,1
1071,1,2,8,14:14:49,18.660,18660,18.66,1
1071,822,2,8,14:14:50,17.837,17837,17.837,1
1071,844,2,8,14:14:52,17.771,17771,17.771,1
1071,832,2,8,14:14:54,18.373,18373,18.373,1
1071,20,2,8,14:14:57,17.896,17896,17.896,1
1071,842,2,8,14:14:58,18.608,18608,18.608,1
1071,839,2,8,14:15:00,17.818,17818,17.818,1
1071,817,2,8,14:15:01,18.347,18347,18.347,1
1071,4,2,8,14:15:04,17.705,17705,17.705,1
1071,840,2,8,14:15:06,17.935,17935,17.935,1
1071,841,2,8,14:15:07,17.929,17929,17.929,1
1071,853,2,8,14:15:10,18.467,18467,18.467,1
1071,854,2,8,14:15:11,18.588,18588,18.588,1
1071,849,2,8,14:15:12,18.784,18784,18.784,1
1071,8,2,8,14:15:15,18.763,18763,18.763,1
1071,847,3,8,14:15:17,18.179,18179,18.179,1
1071,852,4,8,14:15:18,18.499,18499,18.499,1
1071,846,4,8,14:15:20,19.176,19176,19.176,1
1071,854,3,11,14:20:29,41.173,41173,41.173,1
1071,849,3,13,14:23:27,22.936,22936,22.936,1
1071,840,3,22,14:34:51,24.997,24997,24.997,1
1071,842,3,25,14:38:27,23.116,23116,23.116,1
1071,1,3,26,14:39:27,22.690,22690,22.69,1
1071,832,3,26,14:39:40,23.321,23321,23.321,1
1071,830,3,27,14:40:38,22.722,22722,22.722,1
1071,844,3,27,14:40:53,22.667,22667,22.667,1
1071,815,3,28,14:42:01,23.165,23165,23.165,1
1071,20,3,28,14:42:22,24.464,24464,24.464,1
1071,8,3,28,14:42:38,23.541,23541,23.541,1
1071,841,3,29,14:43:50,23.618,23618,23.618,1
1071,822,3,30,14:44:40,23.263,23263,23.263,1
1071,854,4,29,14:44:54,25.597,25597,25.597,1
1071,817,3,30,14:44:58,22.839,22839,22.839,1
1071,839,3,30,14:45:08,23.504,23504,23.504,1
1071,4,3,34,14:50:16,24.375,24375,24.375,1
1071,853,3,34,14:50:55,23.546,23546,23.546,1
1071,846,5,37,14:54:11,24.211,24211,24.211,1
1071,852,5,39,14:56:53,35.416,35416,35.416,1
1071,849,4,39,14:57:10,22.958,22958,22.958,1
1071,830,4,40,14:57:11,22.766,22766,22.766,1
1071,822,4,41,14:58:30,22.856,22856,22.856,1
1071,847,4,41,14:59:33,23.132,23132,23.132,1
1071,815,4,42,14:59:48,22.656,22656,22.656,1
1071,841,4,42,15:00:49,22.830,22830,22.83,1
1071,1,4,43,15:00:52,22.664,22664,22.664,1
1071,842,4,51,15:11:27,23.039,23039,23.039,1
1071,844,4,52,15:12:32,23.064,23064,23.064,1
1071,8,4,52,15:13:19,22.666,22666,22.666,1
1071,832,4,53,15:13:50,22.745,22745,22.745,1
1071,20,4,55,15:16:50,22.978,22978,22.978,1
1071,854,5,61,15:26:09,24.627,24627,24.627,1
1071,815,5,69,15:33:06,22.916,22916,22.916,1
1051,852,1,9,17:17:42,25.659,25659,25.659,1
1051,8,1,10,17:19:14,26.174,26174,26.174,1
1051,842,1,13,17:23:37,25.630,25630,25.63,1
1051,841,1,15,17:26:54,25.987,25987,25.987,1
1051,830,1,17,17:29:03,25.300,25300,25.3,1
1051,847,1,17,17:30:00,26.121,26121,26.121,1
1051,1,1,18,17:30:21,25.235,25235,25.235,1
1051,849,1,18,17:31:31,25.811,25811,25.811,1
1051,815,1,19,17:32:28,25.419,25419,25.419,1
1051,854,1,22,17:37:38,25.881,25881,25.881,1
1051,4,1,23,17:38:20,25.991,25991,25.991,1
1051,840,1,23,17:38:40,26.157,26157,26.157,1
1051,839,1,24,17:40:07,25.517,25517,25.517,1
1051,846,1,25,17:41:32,25.319,25319,25.319,1
1051,817,1,26,17:43:19,25.562,25562,25.562,1
1051,20,1,26,17:43:20,25.726,25726,25.726,1
1051,832,1,27,17:44:36,25.639,25639,25.639,1
1051,844,1,27,17:44:46,25.799,25799,25.799,1
1051,8,2,30,17:49:40,25.633,25633,25.633,1
1051,853,1,31,17:51:36,26.515,26515,26.515,1
1051,841,2,32,17:52:43,25.347,25347,25.347,1
1051,822,1,33,17:53:44,36.341,36341,36.341,1
1051,852,2,34,17:55:29,26.674,26674,26.674,1
1051,842,2,35,17:56:42,26.109,26109,26.109,1
1051,830,2,41,18:04:20,25.175,25175,25.175,1
1051,815,2,41,18:05:15,25.420,25420,25.42,1
1051,1,2,42,18:05:37,25.381,25381,25.381,1
1051,846,2,49,18:17:08,26.552,26552,26.552,1
1051,847,2,49,18:18:36,35.006,35006,35.006,1
1051,830,3,55,18:24:59,25.465,25465,25.465,1
1072,840,1,9,20:48:30,27.165,27165,27.165,1
1072,847,1,9,20:48:32,20.519,20519,20.519,1
1072,1,1,10,20:49:49,20.580,20580,20.58,1
1072,822,1,10,20:49:57,21.668,21668,21.668,1
1072,844,1,10,20:50:01,20.531,20531,20.531,1
1072,815,1,10,20:50:04,20.710,20710,20.71,1
1072,846,1,10,20:50:14,20.973,20973,20.973,1
1072,4,1,10,20:50:27,20.405,20405,20.405,1
1072,849,1,10,20:50:43,24.220,24220,24.22,1
1072,830,1,13,20:58:28,16:36.375,996375,996.375,0
1072,1,2,13,20:58:32,16:35.856,995856,995.856,0
1072,822,2,13,20:58:35,16:35.942,995942,995.942,0
1072,839,1,13,20:58:37,16:37.126,997126,997.126,0
1072,817,1,13,20:58:41,16:37.029,997029,997.029,0
1072,844,2,13,20:58:42,16:39.485,999485,999.485,0
1072,842,1,13,20:58:44,16:41.775,1001775,1001.775,0
1072,815,2,13,20:58:46,16:42.619,1002619,1002.619,0
1072,832,1,13,20:58:47,16:44.618,1004618,1004.618,0
1072,841,1,13,20:58:49,16:44.917,1004917,1004.917,0
1072,852,1,13,20:58:51,16:46.407,1006407,1006.407,0
1072,8,1,13,20:58:54,16:48.569,1008569,1008.569,0
1072,20,1,13,20:58:56,16:52.304,1012304,1012.304,0
1072,846,2,13,20:58:57,16:57.303,1017303,1017.303,0
1072,4,2,13,20:59:01,16:59.850,1019850,1019.85,0
1072,853,1,13,20:59:05,16:59.226,1019226,1019.226,0
1072,847,2,13,20:59:08,17:01.615,1021615,1021.615,0
1072,840,2,13,20:59:12,17:00.939,1020939,1020.939,0
1072,849,2,13,20:59:20,16:57.257,1017257,1017.257,0
1072,830,2,15,21:21:56,18:07.591,1087591,1087.591,0
1072,839,2,15,21:21:58,18:08.290,1088290,1088.29,0
1072,1,3,15,21:22:02,18:06.674,1086674,1086.674,0
1072,817,2,15,21:22:05,18:07.296,1087296,1087.296,0
1072,822,3,15,21:22:07,18:09.473,1089473,1089.473,0
1072,842,2,15,21:22:09,18:12.287,1092287,1092.287,0
1072,844,3,15,21:22:10,18:15.192,1095192,1095.192,0
1072,841,2,15,21:22:14,18:14.749,1094749,1094.749,0
1072,832,2,15,21:22:15,18:17.194,1097194,1097.194,0
1072,20,2,15,21:22:20,18:18.749,1098749,1098.749,0
1072,8,2,15,21:22:24,18:19.282,1099282,1099.282,0
1072,852,2,15,21:22:26,18:20.644,1100644,1100.644,0
1072,4,3,15,21:22:31,18:21.826,1101826,1101.826,0
1072,840,3,15,21:22:33,18:22.979,1102979,1102.979,0
1072,849,3,15,21:22:34,18:27.052,1107052,1107.052,0
1072,846,3,15,21:22:36,18:36.576,1116576,1116.576,0
1072,852,3,23,21:57:04,27.874,27874,27.874,1
1072,8,3,26,22:01:34,34.489,34489,34.489,1
1072,4,4,44,22:32:14,21.097,21097,21.097,1
1073,854,1,10,17:18:55,22.124,22124,22.124,1
1073,830,1,13,17:22:42,21.152,21152,21.152,1
1073,1,1,14,17:24:04,21.595,21595,21.595,1
1073,844,1,15,17:26:08,22.461,22461,22.461,1
1073,839,1,15,17:26:13,21.677,21677,21.677,1
1073,846,1,17,17:29:04,21.380,21380,21.38,1
1073,841,1,17,17:29:20,22.283,22283,22.283,1
1073,817,1,18,17:30:47,21.449,21449,21.449,1
1073,832,1,19,17:31:59,22.213,22213,22.213,1
1073,815,1,21,17:34:55,21.471,21471,21.471,1
1073,840,1,21,17:35:25,22.288,22288,22.288,1
1073,8,1,21,17:35:29,22.338,22338,22.338,1
1073,852,1,23,17:38:05,22.455,22455,22.455,1
1073,20,1,23,17:38:23,21.221,21221,21.221,1
1073,849,1,28,17:46:18,21.241,21241,21.241,1
1073,822,1,30,17:48:30,21.669,21669,21.669,1
1073,844,2,35,17:56:24,21.173,21173,21.173,1
1073,830,2,36,17:57:06,21.871,21871,21.871,1
1073,815,2,36,17:57:40,21.413,21413,21.413,1
1073,4,1,36,17:58:06,21.304,21304,21.304,1
1073,842,1,36,17:58:06,22.133,22133,22.133,1
1073,846,2,48,18:16:06,22.173,22173,22.173,1
1073,830,3,53,18:22:37,21.453,21453,21.453,1
1073,817,2,52,18:22:38,22.056,22056,22.056,1
1073,840,2,52,18:22:55,22.661,22661,22.661,1
1073,815,3,53,18:23:09,21.385,21385,21.385,1
1073,854,2,52,18:23:42,22.070,22070,22.07,1
1073,852,2,53,18:24:01,21.909,21909,21.909,1
1073,842,2,54,18:25:56,21.920,21920,21.92,1
1020,1,3,29,16:07:32,1:09.022,69022,69.022,0
1074,1,1,11,18:21:54,25.201,25201,25.201,1
1074,4,1,11,18:22:10,25.365,25365,25.365,1
1074,854,1,12,18:24:08,25.214,25214,25.214,1
1074,848,1,13,18:25:47,24.874,24874,24.874,1
1074,830,1,14,18:26:43,24.897,24897,24.897,1
1074,832,1,14,18:26:50,24.666,24666,24.666,1
1074,825,1,14,18:27:07,25.478,25478,25.478,1
1074,842,1,14,18:27:08,24.575,24575,24.575,1
1074,839,1,14,18:27:11,30.484,30484,30.484,1
1074,822,1,14,18:27:19,25.893,25893,25.893,1
1074,849,1,14,18:27:38,24.457,24457,24.457,1
1074,844,1,15,18:28:19,25.012,25012,25.012,1
1074,815,1,15,18:28:32,25.046,25046,25.046,1
1074,847,1,15,18:28:38,25.888,25888,25.888,1
1074,852,1,15,18:28:57,26.095,26095,26.095,1
1074,855,1,15,18:29:03,25.428,25428,25.428,1
1074,817,1,17,18:32:46,24.915,24915,24.915,1
1074,840,1,18,18:34:18,25.739,25739,25.739,1
1074,807,1,19,18:36:11,27.365,27365,27.365,1
1074,846,1,24,18:44:41,24.568,24568,24.568,1
1074,4,2,25,18:45:53,24.909,24909,24.909,1
1074,1,2,27,18:48:44,25.796,25796,25.796,1
1074,852,2,29,18:52:37,24.350,24350,24.35,1
1074,830,2,30,18:53:16,24.937,24937,24.937,1
1074,839,2,30,18:54:12,25.393,25393,25.393,1
1074,844,2,31,18:54:52,24.527,24527,24.527,1
1074,842,2,32,18:57:23,25.875,25875,25.875,1
1074,849,2,32,18:58:19,24.778,24778,24.778,1
1074,832,2,33,18:58:21,24.438,24438,24.438,1
1074,815,2,33,18:58:23,24.173,24173,24.173,1
1074,847,2,33,18:58:45,25.334,25334,25.334,1
1074,817,2,33,18:59:53,24.885,24885,24.885,1
1074,825,2,34,19:00:39,25.876,25876,25.876,1
1074,854,2,35,19:02:58,25.586,25586,25.586,1
1074,848,2,35,19:03:09,25.570,25570,25.57,1
1074,822,2,36,19:04:16,25.156,25156,25.156,1
1074,855,2,37,19:06:00,25.291,25291,25.291,1
1074,807,2,37,19:06:47,26.712,26712,26.712,1
1074,840,2,38,19:08:04,26.957,26957,26.957,1
1074,846,2,41,19:13:23,27.367,27367,27.367,1
1074,4,3,42,19:14:26,24.508,24508,24.508,1
1074,830,3,43,19:14:40,24.402,24402,24.402,1
1074,815,3,43,19:14:56,24.947,24947,24.947,1
1074,839,3,43,19:15:58,24.233,24233,24.233,1
1074,832,3,44,19:16:30,24.287,24287,24.287,1
1074,1,3,44,19:16:52,25.579,25579,25.579,1
1074,852,3,44,19:17:39,24.188,24188,24.188,1
1074,817,3,44,19:18:41,25.139,25139,25.139,1
1074,847,3,45,19:18:53,25.574,25574,25.574,1
1074,807,3,44,19:18:58,25.748,25748,25.748,1
1074,822,3,45,19:19:39,25.188,25188,25.188,1
1074,855,3,45,19:19:45,28.647,28647,28.647,1
1074,844,3,46,19:19:53,24.613,24613,24.613,1
1074,840,3,45,19:20:32,25.039,25039,25.039,1
1074,846,3,45,19:20:59,24.975,24975,24.975,1
1074,849,3,45,19:21:07,24.658,24658,24.658,1
1074,825,3,46,19:21:29,26.051,26051,26.051,1
1074,848,3,46,19:22:54,25.055,25055,25.055,1
1075,817,1,8,20:16:37,20.650,20650,20.65,1
1075,840,1,13,20:24:49,22.339,22339,22.339,1
1075,848,1,13,20:24:54,20.683,20683,20.683,1
1075,815,1,15,20:27:12,20.481,20481,20.481,1
1075,842,1,15,20:27:52,22.820,22820,22.82,1
1075,844,1,16,20:28:55,21.038,21038,21.038,1
1075,830,1,16,20:28:58,20.731,20731,20.731,1
1075,832,1,16,20:29:04,21.521,21521,21.521,1
1075,847,1,16,20:29:21,21.415,21415,21.415,1
1075,4,1,16,20:29:40,21.543,21543,21.543,1
1075,822,1,16,20:29:43,22.561,22561,22.561,1
1075,839,1,16,20:29:50,21.141,21141,21.141,1
1075,846,1,16,20:29:54,20.383,20383,20.383,1
1075,855,1,16,20:29:56,33.734,33734,33.734,1
1075,855,2,27,20:51:18,15.103,15103,15.103,1
1075,822,2,35,21:03:48,22.710,22710,22.71,1
1075,825,1,37,21:06:57,22.374,22374,22.374,1
1075,807,1,37,21:07:16,21.425,21425,21.425,1
1075,1,1,40,21:12:59,21.788,21788,21.788,1
1076,840,1,3,15:08:15,18.242,18242,18.242,1
1076,840,2,4,15:10:29,18.560,18560,18.56,1
1076,849,1,13,15:25:03,18.552,18552,18.552,1
1076,854,1,14,15:26:23,19.039,19039,19.039,1
1076,839,1,17,15:30:30,19.128,19128,19.128,1
1076,830,1,18,15:31:37,18.281,18281,18.281,1
1076,852,1,18,15:32:02,18.443,18443,18.443,1
1076,815,1,20,15:34:33,17.434,17434,17.434,1
1076,846,1,20,15:34:40,17.556,17556,17.556,1
1076,817,1,21,15:36:06,18.150,18150,18.15,1
1076,842,1,21,15:36:15,18.926,18926,18.926,1
1076,855,1,21,15:36:22,18.380,18380,18.38,1
1076,844,1,22,15:37:04,17.973,17973,17.973,1
1076,1,1,22,15:37:22,17.877,17877,17.877,1
1076,822,1,22,15:37:40,18.413,18413,18.413,1
1076,847,1,23,15:38:51,18.479,18479,18.479,1
1076,840,3,23,15:39:30,20.402,20402,20.402,1
1076,849,2,23,15:40:00,17.936,17936,17.936,1
1076,4,1,39,16:05:24,18.796,18796,18.796,1
1076,825,1,39,16:05:30,19.111,19111,19.111,1
1076,4,2,53,16:25:28,18.394,18394,18.394,1
1076,848,1,57,16:30:33,19.845,19845,19.845,1
1077,817,1,2,15:07:48,32.362,32362,32.362,1
1077,817,2,16,15:31:14,30.422,30422,30.422,1
1077,20,1,17,15:32:26,30.484,30484,30.484,1
1077,842,1,17,15:32:38,30.405,30405,30.405,1
1077,848,1,17,15:32:41,30.793,30793,30.793,1
1077,815,1,18,15:33:26,30.366,30366,30.366,1
1077,847,1,18,15:33:46,31.079,31079,31.079,1
1077,822,1,18,15:33:47,40.957,40957,40.957,1
1077,825,1,18,15:33:56,33.765,33765,33.765,1
1077,852,1,18,15:34:06,30.372,30372,30.372,1
1077,840,1,18,15:34:06,32.667,32667,32.667,1
1077,1,1,18,15:34:07,32.740,32740,32.74,1
1077,839,1,18,15:34:08,31.409,31409,31.409,1
1077,849,1,18,15:34:17,31.125,31125,31.125,1
1077,855,1,18,15:34:18,32.203,32203,32.203,1
1077,854,1,18,15:34:18,31.320,31320,31.32,1
1077,830,1,19,15:34:49,30.001,30001,30.001,1
1077,844,1,19,15:34:56,31.794,31794,31.794,1
1077,846,1,19,15:35:07,30.070,30070,30.07,1
1077,817,3,30,15:51:37,30.155,30155,30.155,1
1077,844,2,49,16:16:19,30.042,30042,30.042,1
1077,815,2,50,16:17:38,29.627,29627,29.627,1
1077,830,2,51,16:18:44,29.942,29942,29.942,1
1077,854,2,52,16:22:04,30.984,30984,30.984,1
1077,844,3,53,16:22:17,36.560,36560,36.56,1
1078,852,1,11,15:51:11,18.870,18870,18.87,1
1078,825,1,12,15:52:43,19.760,19760,19.76,1
1078,854,1,14,15:55:54,20.413,20413,20.413,1
1078,4,1,15,15:57:23,21.638,21638,21.638,1
1078,842,1,16,15:58:56,19.543,19543,19.543,1
1078,848,1,16,15:59:11,20.059,20059,20.059,1
1078,846,1,18,16:02:13,19.986,19986,19.986,1
1078,1,1,22,16:08:23,18.820,18820,18.82,1
1078,844,1,24,16:11:03,19.697,19697,19.697,1
1078,830,1,26,16:14:04,18.798,18798,18.798,1
1078,822,1,26,16:14:35,19.614,19614,19.614,1
1078,832,1,27,16:15:51,22.063,22063,22.063,1
1078,815,1,27,16:16:00,18.519,18519,18.519,1
1078,817,1,30,16:21:25,19.484,19484,19.484,1
1078,849,1,34,16:28:20,19.185,19185,19.185,1
1078,847,1,40,16:36:53,19.035,19035,19.035,1
1078,840,1,40,16:37:28,19.074,19074,19.074,1
1078,842,2,40,16:37:43,19.007,19007,19.007,1
1078,815,2,41,16:38:38,18.433,18433,18.433,1
1078,839,1,41,16:39:21,19.019,19019,19.019,1
1078,20,1,41,16:39:42,19.861,19861,19.861,1
1078,817,2,41,16:39:49,19.280,19280,19.28,1
1078,852,2,41,16:40:43,19.618,19618,19.618,1
1078,825,2,42,16:41:34,20.673,20673,20.673,1
1078,854,2,54,17:03:43,32.381,32381,32.381,1
1079,1,1,1,15:05:05,31.054,31054,31.054,1
1079,825,1,1,15:05:25,29.632,29632,29.632,1
1079,832,1,10,15:18:23,22.341,22341,22.341,1
1079,4,1,10,15:18:24,22.375,22375,22.375,1
1079,842,1,10,15:18:27,22.008,22008,22.008,1
1079,855,1,10,15:18:29,23.109,23109,23.109,1
1079,852,1,11,15:19:52,23.083,23083,23.083,1
1079,817,1,11,15:19:54,22.124,22124,22.124,1
1079,848,1,11,15:20:05,23.419,23419,23.419,1
1079,846,1,12,15:21:18,21.916,21916,21.916,1
1079,854,1,12,15:21:23,23.582,23582,23.582,1
1079,849,1,12,15:21:38,23.189,23189,23.189,1
1079,847,1,13,15:22:29,22.154,22154,22.154,1
1079,830,1,13,15:22:30,22.173,22173,22.173,1
1079,839,1,13,15:22:43,22.137,22137,22.137,1
1079,822,1,14,15:24:08,22.987,22987,22.987,1
1079,840,1,14,15:24:34,22.833,22833,22.833,1
1079,815,1,17,15:28:29,22.032,22032,22.032,1
1079,844,1,21,15:34:08,21.794,21794,21.794,1
1079,20,1,21,15:35:06,22.536,22536,22.536,1
1079,1,2,22,15:36:50,22.105,22105,22.105,1
1079,848,2,25,15:41:42,22.657,22657,22.657,1
1079,849,2,26,15:43:09,22.311,22311,22.311,1
1079,840,2,27,15:44:33,23.394,23394,23.394,1
1079,830,2,28,15:44:56,21.966,21966,21.966,1
1079,842,2,29,15:47:23,27.947,27947,27.947,1
1079,825,2,29,15:47:59,23.878,23878,23.878,1
1079,854,2,30,15:48:45,23.127,23127,23.127,1
1079,832,2,31,15:49:46,21.867,21867,21.867,1
1079,4,2,31,15:50:10,21.914,21914,21.914,1
1079,817,2,31,15:50:18,22.399,22399,22.399,1
1079,852,2,32,15:51:35,22.802,22802,22.802,1
1079,846,2,33,15:52:58,23.341,23341,23.341,1
1079,822,2,34,15:54:04,22.541,22541,22.541,1
1079,839,2,35,15:55:53,22.953,22953,22.953,1
1079,847,2,36,15:56:49,22.039,22039,22.039,1
1079,815,2,37,15:58:12,21.619,21619,21.619,1
1079,20,2,42,16:06:42,22.456,22456,22.456,1
1079,830,3,44,16:08:25,21.941,21941,21.941,1
1079,832,3,45,16:10:31,22.302,22302,22.302,1
1079,848,3,45,16:12:16,23.328,23328,23.328,1
1079,842,3,46,16:13:00,21.838,21838,21.838,1
1079,840,3,46,16:13:18,23.812,23812,23.812,1
1079,1,3,48,16:15:01,22.241,22241,22.241,1
1079,817,3,48,16:15:50,22.154,22154,22.154,1
1079,847,3,51,16:19:02,22.815,22815,22.815,1
1079,849,3,50,16:19:30,22.761,22761,22.761,1
1079,846,3,51,16:19:48,22.165,22165,22.165,1
1079,839,3,52,16:21:10,22.033,22033,22.033,1
1079,852,3,52,16:21:27,22.316,22316,22.316,1
1079,815,3,53,16:21:47,21.694,21694,21.694,1
1079,4,3,53,16:22:49,25.407,25407,25.407,1
1079,848,4,54,16:26:07,23.404,23404,23.404,1
1080,840,1,1,16:07:59,26.731,26731,26.731,1
1080,849,1,1,16:08:10,36.773,36773,36.773,1
1080,842,1,2,16:10:02,35.486,35486,35.486,1
1080,840,2,2,16:10:09,32.750,32750,32.75,1
1080,849,2,2,16:10:20,36.351,36351,36.351,1
1080,854,1,4,16:13:36,27.637,27637,27.637,1
1080,20,1,6,16:16:58,24.965,24965,24.965,1
1080,852,1,6,16:17:00,25.068,25068,25.068,1
1080,1,1,15,16:31:22,24.796,24796,24.796,1
1080,815,1,16,16:32:29,24.409,24409,24.409,1
1080,846,1,17,16:34:17,24.872,24872,24.872,1
1080,854,2,17,16:35:15,36.854,36854,36.854,1
1080,844,1,18,16:35:26,25.710,25710,25.71,1
1080,830,1,18,16:35:33,27.009,27009,27.009,1
1080,848,1,18,16:36:49,27.231,27231,27.231,1
1080,817,1,19,16:38:22,26.056,26056,26.056,1
1080,855,1,19,16:38:23,25.594,25594,25.594,1
1080,849,3,19,16:38:26,26.910,26910,26.91,1
1080,822,1,20,16:39:34,25.865,25865,25.865,1
1080,832,1,21,16:40:05,24.666,24666,24.666,1
1080,844,2,21,16:40:08,28.034,28034,28.034,1
1080,847,1,21,16:40:29,25.352,25352,25.352,1
1080,4,1,21,16:40:33,24.526,24526,24.526,1
1080,839,1,21,16:40:50,24.875,24875,24.875,1
1080,852,2,21,16:41:30,26.021,26021,26.021,1
1080,815,2,22,16:41:35,24.536,24536,24.536,1
1080,830,2,22,16:41:38,26.930,26930,26.93,1
1080,846,2,22,16:41:58,24.760,24760,24.76,1
1080,1,2,22,16:42:19,24.507,24507,24.507,1
1080,842,2,22,16:42:42,28.770,28770,28.77,1
1080,848,2,22,16:43:36,31.518,31518,31.518,1
1080,20,2,23,16:44:09,25.133,25133,25.133,1
1080,840,3,24,16:45:45,25.650,25650,25.65,1
1080,815,3,30,16:55:41,19:32.062,1172062,1172.062,0
1080,832,2,30,16:55:42,19:34.793,1174793,1174.793,0
1080,830,3,30,16:55:43,19:35.575,1175575,1175.575,0
1080,840,4,29,16:55:46,19:34.965,1174965,1174.965,0
1080,844,3,30,16:55:47,19:36.822,1176822,1176.822,0
1080,852,3,29,16:55:51,19:34.444,1174444,1174.444,0
1080,855,2,29,16:55:52,19:34.235,1174235,1174.235,0
1080,847,2,30,16:55:54,19:37.545,1177545,1177.545,0
1080,846,3,30,16:55:56,19:43.029,1183029,1183.029,0
1080,849,4,29,16:55:58,19:41.839,1181839,1181.839,0
1080,4,2,30,16:56:01,19:42.058,1182058,1182.058,0
1080,1,3,30,16:56:02,19:46.281,1186281,1186.281,0
1080,848,3,29,16:56:04,19:45.676,1185676,1185.676,0
1080,839,2,30,16:56:06,19:46.485,1186485,1186.485,0
1080,822,2,30,16:56:07,19:46.699,1186699,1186.699,0
1080,20,3,30,16:56:28,19:29.495,1169495,1169.495,0
1080,842,3,30,16:56:31,19:29.460,1169460,1169.46,0
1080,817,2,30,16:56:33,19:28.673,1168673,1168.673,0
1080,846,4,51,17:44:43,24.607,24607,24.607,1
1080,852,4,56,17:52:23,25.266,25266,25.266,1
1081,849,1,3,15:09:50,29.395,29395,29.395,1
1081,844,1,9,15:20:26,23.212,23212,23.212,1
1081,847,1,9,15:20:43,20.538,20538,20.538,1
1081,842,1,9,15:20:49,22.698,22698,22.698,1
1081,1,1,9,15:20:54,21.470,21470,21.47,1
1081,20,1,9,15:20:55,20.249,20249,20.249,1
1081,852,1,9,15:20:57,23.083,23083,23.083,1
1081,855,1,9,15:21:08,23.001,23001,23.001,1
1081,825,1,9,15:21:11,21.555,21555,21.555,1
1081,848,1,9,15:21:16,25.577,25577,25.577,1
1081,854,1,9,15:21:23,26.973,26973,26.973,1
1081,815,1,16,15:33:43,23.379,23379,23.379,1
1081,849,2,17,15:37:03,22.069,22069,22.069,1
1081,830,1,18,15:37:17,21.468,21468,21.468,1
1081,4,1,18,15:37:59,20.571,20571,20.571,1
1081,846,1,20,15:41:42,21.443,21443,21.443,1
1081,854,2,23,15:47:51,22.231,22231,22.231,1
1081,848,2,29,15:58:39,21.540,21540,21.54,1
1081,840,1,30,16:00:30,22.059,22059,22.059,1
1081,830,2,33,16:04:40,20.722,20722,20.722,1
1081,815,2,33,16:04:56,22.349,22349,22.349,1
1081,847,2,33,16:05:19,20.527,20527,20.527,1
1081,1,2,33,16:05:49,20.831,20831,20.831,1
1081,817,1,33,16:06:02,21.794,21794,21.794,1
1081,839,1,33,16:06:22,22.638,22638,22.638,1
1081,822,1,33,16:06:34,20.979,20979,20.979,1
1081,852,2,38,16:15:56,41.500,41500,41.5,1
1082,20,1,5,14:10:02,23.406,23406,23.406,1
1082,842,1,5,14:10:04,23.557,23557,23.557,1
1082,825,1,7,14:12:33,38.262,38262,38.262,1
1082,830,1,9,14:15:15,24.217,24217,24.217,1
1082,1,1,9,14:15:24,23.845,23845,23.845,1
1082,852,1,9,14:15:50,23.248,23248,23.248,1
1082,849,1,9,14:15:59,24.020,24020,24.02,1
1082,848,1,18,14:28:07,23.804,23804,23.804,1
1082,847,1,19,14:29:03,23.951,23951,23.951,1
1082,839,1,19,14:29:16,25.684,25684,25.684,1
1082,855,1,19,14:29:24,24.281,24281,24.281,1
1082,817,1,19,14:29:26,27.937,27937,27.937,1
1082,846,1,19,14:29:34,43.032,43032,43.032,1
1082,20,2,19,14:29:44,23.681,23681,23.681,1
1082,832,1,20,14:30:33,24.215,24215,24.215,1
1082,4,1,28,14:41:26,23.779,23779,23.779,1
1082,842,2,36,14:52:35,23.613,23613,23.613,1
1082,849,2,37,14:54:22,30.034,30034,30.034,1
1082,844,1,41,14:58:44,26.199,26199,26.199,1
1082,830,2,43,15:00:29,23.704,23704,23.704,1
1082,846,2,42,15:00:41,24.134,24134,24.134,1
1082,1,2,44,15:02:06,23.841,23841,23.841,1
1082,847,2,45,15:03:30,24.069,24069,24.069,1
1082,840,1,47,15:06:55,25.252,25252,25.252,1
1082,852,2,47,15:07:00,23.450,23450,23.45,1
1082,832,2,49,15:08:24,24.881,24881,24.881,1
1082,848,2,48,15:08:45,23.530,23530,23.53,1
1082,839,2,49,15:09:34,23.945,23945,23.945,1
1082,4,2,49,15:09:42,25.139,25139,25.139,1
1082,822,1,49,15:09:50,26.089,26089,26.089,1
1082,855,2,49,15:10:04,23.980,23980,23.98,1
1082,817,2,49,15:10:08,24.833,24833,24.833,1
1083,830,1,1,15:05:31,50:37.323,3037323,3037.323,0
1083,832,1,1,15:05:33,50:31.752,3031752,3031.752,0
1083,1,1,1,15:05:36,50:46.888,3046888,3046.888,0
1083,844,1,1,15:05:37,50:36.360,3036360,3036.36,0
1083,4,1,1,15:05:41,50:55.700,3055700,3055.7,0
1083,815,1,1,15:05:43,50:34.772,3034772,3034.772,0
1083,846,1,1,15:05:46,50:43.215,3043215,3043.215,0
1083,849,1,1,15:05:48,50:51.904,3051904,3051.904,0
1083,822,1,1,15:05:50,50:55.732,3055732,3055.732,0
1083,817,1,1,15:05:52,51:03.314,3063314,3063.314,0
1083,842,1,1,15:05:55,50:48.950,3048950,3048.95,0
1083,825,1,1,15:05:57,51:03.613,3063613,3063.613,0
1083,20,1,1,15:06:00,51:07.301,3067301,3067.301,0
1083,840,1,1,15:06:02,51:09.017,3069017,3069.017,0
1083,854,1,1,15:06:04,51:05.174,3065174,3065.174,0
1083,852,1,1,15:06:40,50:11.861,3011861,3011.861,0
1083,839,1,1,15:07:49,49:10.760,2950760,2950.76,0
1083,815,2,5,16:04:31,37.302,37302,37.302,1
1083,20,2,6,16:06:13,29.846,29846,29.846,1
1083,830,2,12,16:15:21,29.395,29395,29.395,1
1083,840,2,15,16:20:37,28.632,28632,28.632,1
1083,842,2,16,16:22:13,29.632,29632,29.632,1
1083,852,2,18,16:25:31,34.759,34759,34.759,1
1083,849,2,19,16:26:52,28.829,28829,28.829,1
1083,854,2,19,16:26:53,29.147,29147,29.147,1
1083,832,2,20,16:27:47,28.574,28574,28.574,1
1083,817,2,20,16:28:29,30.262,30262,30.262,1
1083,839,2,22,16:31:35,30.342,30342,30.342,1
1083,825,2,22,16:31:40,29.473,29473,29.473,1
1083,830,3,23,16:33:05,29.296,29296,29.296,1
1083,844,2,25,16:35:33,28.805,28805,28.805,1
1083,817,3,32,16:47:52,30.599,30599,30.599,1
1083,1,2,33,16:47:54,29.837,29837,29.837,1
1083,4,2,33,16:48:31,28.733,28733,28.733,1
1083,846,2,34,16:50:02,28.947,28947,28.947,1
1083,832,3,39,16:57:33,28.435,28435,28.435,1
1083,1,3,39,16:57:35,28.996,28996,28.996,1
1083,817,4,38,16:57:44,29.345,29345,29.345,1
1083,815,3,39,16:58:08,28.155,28155,28.155,1
1083,852,3,38,16:58:09,29.448,29448,29.448,1
1083,4,3,39,16:58:32,28.841,28841,28.841,1
1083,20,3,39,16:59:03,28.540,28540,28.54,1
1083,830,4,39,16:59:10,28.709,28709,28.709,1
1083,854,3,39,16:59:12,30.832,30832,30.832,1
1083,849,3,39,16:59:24,28.438,28438,28.438,1
1083,846,3,40,17:00:36,28.659,28659,28.659,1
1083,840,3,40,17:01:33,29.780,29780,29.78,1
1084,815,1,1,15:05:03,23.681,23681,23.681,1
1084,822,1,6,15:10:38,24.677,24677,24.677,1
1084,847,1,11,15:16:24,38.201,38201,38.201,1
1084,848,1,11,15:16:33,22.301,22301,22.301,1
1084,817,1,12,15:17:44,21.356,21356,21.356,1
1084,842,1,12,15:17:45,22.724,22724,22.724,1
1084,849,1,12,15:17:50,21.722,21722,21.722,1
1084,830,1,13,15:18:34,22.022,22022,22.022,1
1084,846,1,14,15:20:05,22.684,22684,22.684,1
1084,825,1,15,15:21:15,22.205,22205,22.205,1
1084,839,1,16,15:22:24,21.755,21755,21.755,1
1084,854,1,16,15:22:28,22.120,22120,22.12,1
1084,20,1,20,15:27:30,22.112,22112,22.112,1
1084,855,1,24,15:32:20,22.704,22704,22.704,1
1084,844,1,26,15:33:54,21.532,21532,21.532,1
1084,852,1,26,15:34:42,21.749,21749,21.749,1
1084,832,1,27,15:35:10,21.212,21212,21.212,1
1084,4,1,27,15:35:56,21.552,21552,21.552,1
1084,1,1,28,15:36:38,23.026,23026,23.026,1
1084,840,1,29,15:38:12,21.431,21431,21.431,1
1084,849,2,35,15:45:51,21.206,21206,21.206,1
1084,830,2,36,15:45:57,21.444,21444,21.444,1
1084,822,2,39,15:50:27,22.278,22278,22.278,1
1084,847,2,40,15:51:25,21.731,21731,21.731,1
1084,842,2,40,15:51:40,27.610,27610,27.61,1
1084,825,2,41,15:52:37,22.088,22088,22.088,1
1084,848,2,41,15:52:47,22.122,22122,22.122,1
1084,854,2,43,15:54:56,22.880,22880,22.88,1
1084,846,2,43,15:55:00,27.324,27324,27.324,1
1084,839,2,44,15:56:05,22.109,22109,22.109,1
1084,817,2,44,15:56:18,21.889,21889,21.889,1
1084,20,2,44,15:56:41,21.583,21583,21.583,1
1084,855,2,46,15:58:57,28.860,28860,28.86,1
1084,852,2,46,15:58:59,21.519,21519,21.519,1
1084,844,2,49,16:01:09,21.319,21319,21.319,1
1084,840,2,48,16:01:18,21.952,21952,21.952,1
1084,832,2,50,16:02:23,21.492,21492,21.492,1
1084,1,2,51,16:04:01,22.697,22697,22.697,1
1084,4,2,57,16:11:50,21.827,21827,21.827,1
1084,844,3,58,16:12:03,21.650,21650,21.65,1
1084,830,3,58,16:12:09,21.319,21319,21.319,1
1084,4,3,58,16:13:43,24.252,24252,24.252,1
1085,825,1,8,15:17:07,36.779,36779,36.779,1
1085,854,1,9,15:18:50,36.704,36704,36.704,1
1085,855,1,9,15:18:55,36.444,36444,36.444,1
1085,852,1,11,15:22:23,37.648,37648,37.648,1
1085,830,1,16,15:29:58,35.266,35266,35.266,1
1085,1,1,18,15:33:29,37.189,37189,37.189,1
1085,815,1,18,15:33:34,38.061,38061,38.061,1
1085,847,1,18,15:33:35,38.277,38277,38.277,1
1085,4,1,18,15:33:47,36.524,36524,36.524,1
1085,846,1,18,15:33:55,37.539,37539,37.539,1
1085,839,1,18,15:34:00,44.747,44747,44.747,1
1085,832,1,18,15:34:02,41.458,41458,41.458,1
1085,817,1,18,15:34:05,36.264,36264,36.264,1
1085,840,1,18,15:34:07,39.844,39844,39.844,1
1085,848,1,18,15:34:13,37.380,37380,37.38,1
1085,842,1,18,15:34:17,35.969,35969,35.969,1
1085,822,1,18,15:34:25,37.855,37855,37.855,1
1085,825,2,18,15:34:37,36.403,36403,36.403,1
1085,854,2,18,15:34:48,37.003,37003,37.003,1
1085,20,1,19,15:36:34,36.671,36671,36.671,1
1085,849,1,19,15:36:38,37.497,37497,37.497,1
1085,855,2,22,15:42:44,50.790,50790,50.79,1
1085,822,2,36,16:05:53,36.520,36520,36.52,1
1085,849,2,38,16:09:37,36.942,36942,36.942,1
1085,832,2,42,16:15:12,42.292,42292,42.292,1
1086,848,1,2,15:06:40,31.224,31224,31.224,1
1086,825,1,6,15:12:24,29.641,29641,29.641,1
1086,852,1,13,15:22:33,21.577,21577,21.577,1
1086,846,1,14,15:23:43,23.567,23567,23.567,1
1086,840,1,14,15:23:56,21.779,21779,21.779,1
1086,817,1,15,15:25:20,21.558,21558,21.558,1
1086,20,1,15,15:25:23,21.402,21402,21.402,1
1086,847,1,16,15:26:14,22.763,22763,22.763,1
1086,830,1,16,15:26:25,21.351,21351,21.351,1
1086,842,1,16,15:26:55,21.675,21675,21.675,1
1086,832,1,17,15:27:39,22.820,22820,22.82,1
1086,815,1,18,15:29:20,21.118,21118,21.118,1
1086,849,1,18,15:29:51,21.865,21865,21.865,1
1086,1,1,19,15:30:39,21.699,21699,21.699,1
1086,844,1,21,15:33:16,21.775,21775,21.775,1
1086,4,1,21,15:33:45,22.083,22083,22.083,1
1086,854,1,21,15:33:58,22.953,22953,22.953,1
1086,848,2,21,15:34:22,21.816,21816,21.816,1
1086,839,1,23,15:36:35,23.581,23581,23.581,1
1086,822,1,26,15:41:08,22.272,22272,22.272,1
1086,855,1,27,15:42:36,22.321,22321,22.321,1
1086,852,2,33,15:51:30,22.016,22016,22.016,1
1086,825,2,35,15:54:34,23.210,23210,23.21,1
1086,830,2,38,15:57:25,21.228,21228,21.228,1
1086,844,2,39,15:58:41,21.972,21972,21.972,1
1086,847,2,39,15:58:47,21.743,21743,21.743,1
1086,849,2,39,16:00:11,22.452,22452,22.452,1
1086,848,3,40,16:01:49,24.298,24298,24.298,1
1086,854,2,41,16:03:01,22.566,22566,22.566,1
1086,815,2,42,16:03:23,21.167,21167,21.167,1
1086,846,2,42,16:03:39,21.855,21855,21.855,1
1086,817,2,46,16:09:35,21.521,21521,21.521,1
1086,840,2,46,16:09:36,21.615,21615,21.615,1
1086,20,2,46,16:09:42,25.030,25030,25.03,1
1086,842,2,46,16:09:48,21.489,21489,21.489,1
1086,832,2,47,16:10:02,23.456,23456,23.456,1
1086,1,2,51,16:15:42,22.095,22095,22.095,1
1086,855,2,51,16:17:20,28.218,28218,28.218,1
1086,852,3,51,16:17:46,22.128,22128,22.128,1
1086,844,3,54,16:20:03,21.544,21544,21.544,1
1086,849,3,56,16:24:42,28.777,28777,28.777,1
1086,825,3,67,16:40:35,23.147,23147,23.147,1
1087,844,1,3,15:11:12,24.198,24198,24.198,1
1087,849,1,3,15:11:25,35.825,35825,35.825,1
1087,848,1,10,15:25:41,23.334,23334,23.334,1
1087,842,1,10,15:25:49,22.857,22857,22.857,1
1087,832,1,11,15:27:20,22.543,22543,22.543,1
1087,4,1,11,15:27:31,22.641,22641,22.641,1
1087,825,1,11,15:27:45,26.815,26815,26.815,1
1087,817,1,12,15:29:33,23.085,23085,23.085,1
1087,839,1,12,15:29:35,23.511,23511,23.511,1
1087,847,1,13,15:31:15,22.825,22825,22.825,1
1087,846,1,13,15:31:34,23.036,23036,23.036,1
1087,815,1,14,15:33:07,22.349,22349,22.349,1
1087,20,1,14,15:33:20,23.222,23222,23.222,1
1087,855,1,14,15:33:31,23.744,23744,23.744,1
1087,854,1,14,15:33:42,24.158,24158,24.158,1
1087,830,1,15,15:34:57,22.882,22882,22.882,1
1087,840,1,15,15:35:24,23.555,23555,23.555,1
1087,849,2,15,15:35:37,24.168,24168,24.168,1
1087,852,1,18,15:41:15,30.055,30055,30.055,1
1087,842,2,22,15:49:05,22.542,22542,22.542,1
1087,832,2,25,15:54:09,22.750,22750,22.75,1
1087,844,2,25,15:54:29,23.189,23189,23.189,1
1087,4,2,25,15:54:38,23.954,23954,23.954,1
1087,848,2,26,15:56:46,24.415,24415,24.415,1
1087,840,2,26,15:56:48,23.349,23349,23.349,1
1087,815,2,27,15:57:52,22.650,22650,22.65,1
1087,825,2,27,15:58:52,23.396,23396,23.396,1
1087,855,2,28,16:00:41,23.364,23364,23.364,1
1087,847,2,29,16:01:48,22.977,22977,22.977,1
1087,846,2,29,16:02:33,23.560,23560,23.56,1
1087,830,2,30,16:03:17,22.322,22322,22.322,1
1087,852,2,30,16:04:30,24.253,24253,24.253,1
1087,854,2,30,16:04:45,24.982,24982,24.982,1
1087,839,2,32,16:08:04,23.491,23491,23.491,1
1087,817,2,32,16:08:17,23.146,23146,23.146,1
1087,20,2,33,16:09:55,22.833,22833,22.833,1
1087,849,3,34,16:12:36,23.414,23414,23.414,1
1087,844,3,42,16:26:44,23.334,23334,23.334,1
1088,20,1,9,15:14:56,22.391,22391,22.391,1
1088,842,1,11,15:17:31,18.789,18789,18.789,1
1088,817,1,11,15:17:33,19.546,19546,19.546,1
1088,4,1,12,15:18:45,19.578,19578,19.578,1
1088,855,1,12,15:18:49,19.548,19548,19.548,1
1088,854,1,13,15:20:02,26.813,26813,26.813,1
1088,852,1,13,15:20:05,18.774,18774,18.774,1
1088,849,1,13,15:20:19,20.284,20284,20.284,1
1088,832,1,14,15:21:02,29.705,29705,29.705,1
1088,815,1,14,15:21:05,18.835,18835,18.835,1
1088,825,1,14,15:21:35,20.785,20785,20.785,1
1088,840,1,16,15:23:49,20.205,20205,20.205,1
1088,822,1,16,15:24:05,19.741,19741,19.741,1
1088,844,1,17,15:24:47,19.080,19080,19.08,1
1088,846,1,17,15:25:04,19.303,19303,19.303,1
1088,830,1,18,15:25:58,19.634,19634,19.634,1
1088,839,1,18,15:26:30,19.455,19455,19.455,1
1088,848,1,21,15:30:35,19.325,19325,19.325,1
1088,849,2,26,15:37:39,20.733,20733,20.733,1
1088,817,2,27,15:38:47,19.567,19567,19.567,1
1088,1,1,29,15:40:15,19.046,19046,19.046,1
1088,847,1,31,15:42:53,19.359,19359,19.359,1
1088,842,2,32,15:45:03,18.700,18700,18.7,1
1088,854,2,33,15:46:28,21.814,21814,21.814,1
1088,822,2,34,15:47:42,21.049,21049,21.049,1
1088,825,2,34,15:47:53,23.710,23710,23.71,1
1088,20,2,35,15:49:07,19.156,19156,19.156,1
1088,855,2,37,15:51:33,25.433,25433,25.433,1
1088,840,2,38,15:52:27,20.214,20214,20.214,1
1088,815,2,40,15:54:40,18.738,18738,18.738,1
1088,852,2,42,15:57:54,19.293,19293,19.293,1
1088,848,2,42,15:58:02,19.911,19911,19.911,1
1088,832,2,43,15:58:43,19.493,19493,19.493,1
1088,844,2,45,16:00:48,19.084,19084,19.084,1
1088,852,3,43,16:01:22,52.684,52684,52.684,1
1088,846,2,47,16:04:07,21.117,21117,21.117,1
1088,4,2,47,16:04:12,21.501,21501,21.501,1
1088,830,2,48,16:04:44,19.610,19610,19.61,1
1088,1,2,48,16:05:02,19.164,19164,19.164,1
1088,847,2,48,16:05:08,20.742,20742,20.742,1
1088,854,3,47,16:05:28,20.283,20283,20.283,1
1088,825,3,47,16:05:32,23.663,23663,23.663,1
1088,817,3,47,16:05:38,19.718,19718,19.718,1
1088,20,3,48,16:07:10,18.709,18709,18.709,1
1088,849,3,54,16:15:44,20.051,20051,20.051,1
1088,830,3,56,16:15:47,19.655,19655,19.655,1
1088,848,3,55,16:16:14,20.508,20508,20.508,1
1088,844,3,56,16:16:24,19.576,19576,19.576,1
1088,815,3,56,16:16:29,19.250,19250,19.25,1
1088,855,3,55,16:16:34,20.188,20188,20.188,1
1088,817,4,55,16:16:52,20.295,20295,20.295,1
1088,839,2,56,16:17:06,21.602,21602,21.602,1
1088,840,3,56,16:17:12,19.141,19141,19.141,1
1088,842,3,56,16:17:37,18.572,18572,18.572,1
1088,1,3,57,16:18:18,14.155,14155,14.155,1
1088,849,4,55,16:18:20,14.459,14459,14.459,1
1088,847,3,57,16:18:21,21.363,21363,21.363,1
1088,830,4,57,16:18:22,14.113,14113,14.113,1
1088,848,4,56,16:18:24,14.114,14114,14.114,1
1088,854,4,56,16:18:26,14.144,14144,14.144,1
1088,20,4,56,16:18:30,14.349,14349,14.349,1
1088,844,4,57,16:18:32,14.008,14008,14.008,1
1088,825,4,56,16:18:34,14.175,14175,14.175,1
1088,815,4,57,16:18:36,14.113,14113,14.113,1
1088,855,4,56,16:18:40,14.128,14128,14.128,1
1088,832,3,57,16:18:46,21.164,21164,21.164,1
1088,846,3,57,16:18:50,21.264,21264,21.264,1
1088,4,3,57,16:18:53,15.762,15762,15.762,1
1088,817,5,56,16:19:00,14.493,14493,14.493,1
1088,839,3,57,16:19:10,14.041,14041,14.041,1
1088,840,4,57,16:19:11,14.118,14118,14.118,1
1088,842,4,57,16:19:20,13.973,13973,13.973,1
1089,815,1,7,15:13:53,23.698,23698,23.698,1
1089,844,1,12,15:21:01,23.531,23531,23.531,1
1089,849,1,15,15:26:02,26.782,26782,26.782,1
1089,842,1,18,15:30:13,25.376,25376,25.376,1
1089,855,1,18,15:30:16,25.366,25366,25.366,1
1089,840,1,18,15:30:22,24.254,24254,24.254,1
1089,817,1,19,15:31:40,25.164,25164,25.164,1
1089,856,1,19,15:31:43,24.628,24628,24.628,1
1089,839,1,19,15:31:50,24.336,24336,24.336,1
1089,852,1,19,15:31:51,24.009,24009,24.009,1
1089,847,1,23,15:37:02,25.075,25075,25.075,1
1089,825,1,24,15:39:20,30.164,30164,30.164,1
1089,830,1,25,15:39:43,23.791,23791,23.791,1
1089,832,1,30,15:47:28,23.728,23728,23.728,1
1089,844,2,33,15:51:22,23.904,23904,23.904,1
1089,1,1,33,15:52:05,24.282,24282,24.282,1
1089,854,1,33,15:52:21,24.817,24817,24.817,1
1089,846,1,35,15:54:54,26.714,26714,26.714,1
1089,822,1,35,15:55:18,24.758,24758,24.758,1
1089,815,2,42,16:05:01,23.299,23299,23.299,1
1089,847,2,47,16:11:50,24.114,24114,24.114,1
1089,825,2,46,16:12:00,24.846,24846,24.846,1
1089,832,2,47,16:12:01,24.525,24525,24.525,1
1089,846,2,47,16:12:41,24.784,24784,24.784,1
1089,830,2,48,16:13:04,24.091,24091,24.091,1
1089,852,2,47,16:13:25,23.904,23904,23.904,1
1089,844,3,48,16:13:27,23.719,23719,23.719,1
1089,849,2,47,16:13:35,24.263,24263,24.263,1
1091,825,1,7,21:23:45,39.247,39247,39.247,1
1091,847,1,21,21:54:16,30.378,30378,30.378,1
1091,842,1,33,22:19:45,29.867,29867,29.867,1
1091,852,1,33,22:20:11,31.293,31293,31.293,1
1091,822,1,33,22:20:13,32.167,32167,32.167,1
1091,825,2,33,22:20:17,32.603,32603,32.603,1
1091,844,1,34,22:20:56,32.058,32058,32.058,1
1091,1,1,34,22:21:36,41.019,41019,41.019,1
1091,20,1,34,22:21:44,29.704,29704,29.704,1
1091,854,1,34,22:22:03,31.201,31201,31.201,1
1091,815,1,35,22:22:51,29.550,29550,29.55,1
1091,832,1,35,22:23:17,30.603,30603,30.603,1
1091,830,1,35,22:23:33,29.407,29407,29.407,1
1091,840,1,35,22:23:50,29.863,29863,29.863,1
1091,847,2,35,22:25:08,29.713,29713,29.713,1
1091,846,1,36,22:25:51,30.528,30528,30.528,1
1091,817,1,36,22:26:23,30.946,30946,30.946,1
1091,830,2,40,22:36:35,29.775,29775,29.775,1
1091,854,2,41,22:39:34,34.722,34722,34.722,1
1091,847,3,41,22:39:46,33.211,33211,33.211,1
1091,847,4,51,22:59:32,29.893,29893,29.893,1
1092,842,1,1,14:06:24,41.319,41319,41.319,1
1092,830,1,2,14:08:39,6:27.399,387399,387.399,0
1092,844,1,2,14:08:41,6:29.973,389973,389.973,0
1092,815,1,2,14:08:44,6:32.517,392517,392.517,0
1092,839,1,2,14:08:46,6:33.601,393601,393.601,0
1092,1,1,2,14:08:49,6:36.504,396504,396.504,0
1092,4,1,2,14:08:52,6:36.837,396837,396.837,0
1092,847,1,2,14:08:54,6:41.057,401057,401.057,0
1092,817,1,2,14:08:57,6:41.749,401749,401.749,0
1092,852,1,2,14:09:00,6:42.478,402478,402.478,0
1092,854,1,2,14:09:04,6:40.857,400857,400.857,0
1092,840,1,2,14:09:07,6:40.463,400463,400.463,0
1092,825,1,2,14:09:08,6:42.029,402029,402.029,0
1092,846,1,2,14:09:10,6:46.256,406256,406.256,0
1092,822,1,2,14:09:11,6:47.553,407553,407.553,0
1092,849,1,2,14:09:14,6:47.673,407673,407.673,0
1092,20,1,2,14:09:17,6:49.647,409647,409.647,0
1092,855,1,2,14:09:20,6:50.005,410005,410.005,0
1092,842,2,2,14:09:22,6:49.011,409011,409.011,0
1092,849,2,5,16:23:57,24.785,24785,24.785,1
1092,20,2,5,16:23:58,24.218,24218,24.218,1
1092,846,2,6,16:25:53,24.595,24595,24.595,1
1092,822,2,6,16:25:56,24.869,24869,24.869,1
1092,830,2,7,16:27:26,24.308,24308,24.308,1
1092,844,2,7,16:27:27,25.899,25899,25.899,1
1092,815,2,7,16:27:32,25.322,25322,25.322,1
1092,839,2,7,16:27:34,25.172,25172,25.172,1
1092,1,2,7,16:27:36,25.059,25059,25.059,1
1092,847,2,7,16:27:40,28.728,28728,28.728,1
1092,852,2,7,16:27:44,24.439,24439,24.439,1
1092,825,2,7,16:27:47,25.594,25594,25.594,1
1092,840,2,7,16:27:48,24.005,24005,24.005,1
1092,842,3,7,16:27:52,24.966,24966,24.966,1
1092,4,2,8,16:29:28,24.106,24106,24.106,1
1092,817,2,8,16:29:36,25.377,25377,25.377,1
1092,855,2,9,16:31:37,24.563,24563,24.563,1
1092,854,2,11,16:35:25,24.608,24608,24.608,1
1092,855,3,18,16:48:24,24.266,24266,24.266,1
1092,840,3,19,16:50:04,23.870,23870,23.87,1
1092,842,4,19,16:50:13,23.966,23966,23.966,1
1092,852,3,20,16:51:53,23.756,23756,23.756,1
1092,4,3,22,16:55:11,24.123,24123,24.123,1
1093,849,1,5,14:12:42,25.321,25321,25.321,1
1093,848,1,9,14:19:29,24.624,24624,24.624,1
1093,855,1,9,14:19:31,27.326,27326,27.326,1
1093,822,1,10,14:21:08,25.013,25013,25.013,1
1093,852,1,10,14:21:14,23.688,23688,23.688,1
1093,817,1,10,14:21:17,26.206,26206,26.206,1
1093,842,1,11,14:22:51,23.670,23670,23.67,1
1093,1,1,12,14:24:13,24.362,24362,24.362,1
1093,830,1,13,14:25:50,23.866,23866,23.866,1
1093,847,1,13,14:26:03,30.038,30038,30.038,1
1093,815,1,14,14:27:47,23.403,23403,23.403,1
1093,846,1,14,14:28:05,24.026,24026,24.026,1
1093,840,1,15,14:29:39,25.417,25417,25.417,1
1093,844,1,18,14:34:58,24.314,24314,24.314,1
1093,20,1,18,14:35:06,24.307,24307,24.307,1
1093,4,1,18,14:35:26,23.870,23870,23.87,1
1093,839,1,18,14:35:37,24.816,24816,24.816,1
1093,854,1,18,14:35:37,25.209,25209,25.209,1
1093,825,1,18,14:35:42,29.039,29039,29.039,1
1093,848,2,18,14:35:50,24.311,24311,24.311,1
1093,849,2,18,14:36:12,24.195,24195,24.195,1
1093,4,2,22,14:45:23,39.707,39707,39.707,1
1093,855,2,23,14:48:10,25.015,25015,25.015,1
1093,842,2,32,15:05:32,28.918,28918,28.918,1
1093,852,2,33,15:07:16,23.241,23241,23.241,1
1093,854,2,33,15:07:18,24.651,24651,24.651,1
1093,1,2,34,15:08:39,24.135,24135,24.135,1
1093,846,2,34,15:08:59,23.702,23702,23.702,1
1093,830,2,35,15:10:18,32.254,32254,32.254,1
1093,844,2,35,15:10:26,23.755,23755,23.755,1
1093,817,2,35,15:10:56,24.436,24436,24.436,1
1093,847,2,36,15:12:10,24.509,24509,24.509,1
1093,815,2,38,15:15:33,24.801,24801,24.801,1
1093,20,2,41,15:20:46,38.157,38157,38.157,1
1093,839,2,45,15:28:05,24.711,24711,24.711,1
1093,847,3,54,15:42:52,23.947,23947,23.947,1
1094,840,1,17,14:27:31,23.509,23509,23.509,1
1094,815,1,23,14:35:10,24.892,24892,24.892,1
1094,849,1,23,14:36:14,23.826,23826,23.826,1
1094,854,1,24,14:37:37,23.679,23679,23.679,1
1094,830,1,25,14:37:51,22.487,22487,22.487,1
1094,844,1,28,14:42:33,22.193,22193,22.193,1
1094,1,1,29,14:43:26,23.194,23194,23.194,1
1094,832,1,29,14:43:52,23.469,23469,23.469,1
1094,852,1,29,14:44:16,22.468,22468,22.468,1
1094,846,1,31,14:47:02,22.585,22585,22.585,1
1094,839,1,33,14:49:47,22.343,22343,22.343,1
1094,847,1,34,14:50:27,22.795,22795,22.795,1
1094,20,1,38,14:57:10,22.534,22534,22.534,1
1094,848,1,38,14:57:16,23.182,23182,23.182,1
1094,825,1,38,14:57:34,23.722,23722,23.722,1
1094,822,1,39,14:58:09,23.863,23863,23.863,1
1094,4,1,40,14:59:30,23.159,23159,23.159,1
1094,842,1,40,15:00:02,29.168,29168,29.168,1
1094,840,2,40,15:00:20,23.119,23119,23.119,1
1094,817,1,44,15:05:25,22.280,22280,22.28,1
1094,855,1,45,15:07:02,24.218,24218,24.218,1
1094,849,2,52,15:17:55,24.039,24039,24.039,1
1094,847,2,69,15:39:22,23.118,23118,23.118,1
1095,848,1,4,15:10:31,24.361,24361,24.361,1
1095,830,1,7,15:15:34,30.942,30942,30.942,1
1095,844,1,7,15:15:42,30.080,30080,30.08,1
1095,4,1,14,15:24:40,23.478,23478,23.478,1
1095,855,1,16,15:27:16,24.332,24332,24.332,1
1095,832,1,17,15:28:17,25.206,25206,25.206,1
1095,842,1,19,15:31:04,23.460,23460,23.46,1
1095,852,1,20,15:32:36,23.287,23287,23.287,1
1095,849,1,20,15:32:40,28.807,28807,28.807,1
1095,844,2,21,15:34:01,23.172,23172,23.172,1
1095,815,1,23,15:35:54,22.869,22869,22.869,1
1095,830,2,23,15:36:31,31.682,31682,31.682,1
1095,847,1,24,15:37:06,23.521,23521,23.521,1
1095,846,1,24,15:37:31,29.338,29338,29.338,1
1095,822,1,24,15:37:32,23.908,23908,23.908,1
1095,839,1,24,15:37:35,23.868,23868,23.868,1
1095,854,1,24,15:37:40,24.487,24487,24.487,1
1095,848,2,25,15:39:08,23.352,23352,23.352,1
1095,20,1,26,15:40:04,24.248,24248,24.248,1
1095,1,1,29,15:43:41,24.081,24081,24.081,1
1095,840,1,29,15:44:14,23.469,23469,23.469,1
1095,849,2,32,15:48:45,24.292,24292,24.292,1
1095,4,2,35,15:51:56,28.855,28855,28.855,1
1095,842,2,35,15:52:05,23.328,23328,23.328,1
1095,832,2,36,15:52:50,23.483,23483,23.483,1
1095,855,2,37,15:54:45,25.111,25111,25.111,1
1095,852,2,40,15:58:47,23.645,23645,23.645,1
1095,844,3,44,16:03:38,23.124,23124,23.124,1
1095,822,2,45,16:04:45,24.616,24616,24.616,1
1095,20,2,45,16:04:49,24.028,24028,24.028,1
1095,846,2,45,16:04:59,24.669,24669,24.669,1
1095,854,2,46,16:06:22,25.156,25156,25.156,1
1095,815,2,47,16:06:49,23.152,23152,23.152,1
1095,839,2,47,16:07:25,24.445,24445,24.445,1
1095,848,3,47,16:07:54,23.322,23322,23.322,1
1095,1,2,48,16:08:02,23.415,23415,23.415,1
1095,830,3,48,16:08:48,24.102,24102,24.102,1
1095,840,2,48,16:08:59,23.764,23764,23.764,1
1095,847,2,49,16:09:08,23.480,23480,23.48,1
1095,4,3,52,16:13:58,23.790,23790,23.79,1
1095,842,3,52,16:14:19,23.009,23009,23.009,1
1095,832,3,53,16:14:50,23.816,23816,23.816,1
1095,849,3,52,16:15:23,23.640,23640,23.64,1
1095,852,3,54,16:18:28,23.635,23635,23.635,1
1096,848,1,12,17:21:53,21.793,21793,21.793,1
1096,840,1,13,17:23:19,21.814,21814,21.814,1
1096,839,1,14,17:24:48,21.895,21895,21.895,1
1096,852,1,14,17:24:50,21.591,21591,21.591,1
1096,854,1,14,17:24:59,22.276,22276,22.276,1
1096,842,1,14,17:25:03,21.855,21855,21.855,1
1096,815,1,15,17:26:00,21.360,21360,21.36,1
1096,847,1,15,17:26:08,24.243,24243,24.243,1
1096,846,1,15,17:26:16,22.234,22234,22.234,1
1096,855,1,15,17:26:28,22.435,22435,22.435,1
1096,849,1,15,17:26:44,22.423,22423,22.423,1
1096,832,1,17,17:29:08,21.930,21930,21.93,1
1096,1,1,18,17:30:48,21.270,21270,21.27,1
1096,4,1,19,17:32:33,21.740,21740,21.74,1
1096,817,1,19,17:32:38,21.893,21893,21.893,1
1096,830,1,20,17:33:31,22.735,22735,22.735,1
1096,844,1,21,17:35:10,22.210,22210,22.21,1
1096,20,1,25,17:41:51,23.186,23186,23.186,1
1096,825,1,28,17:46:53,22.387,22387,22.387,1
1096,822,1,30,17:49:54,22.573,22573,22.573,1
1096,815,2,33,17:53:33,21.367,21367,21.367,1
1096,854,2,34,17:55:56,23.530,23530,23.53,1
1096,848,2,35,17:57:22,21.798,21798,21.798,1
1096,852,2,38,18:01:49,22.262,22262,22.262,1
1096,832,2,39,18:02:41,21.575,21575,21.575,1
1096,847,2,39,18:02:44,27.931,27931,27.931,1
1096,849,2,38,18:02:50,25.174,25174,25.174,1
1096,840,2,40,18:04:44,21.802,21802,21.802,1
1096,839,2,41,18:06:09,21.734,21734,21.734,1
1096,846,2,42,18:07:36,21.559,21559,21.559,1
1096,855,2,44,18:11:10,23.159,23159,23.159,1
1098,842,1,9,18:18:56,25.885,25885,25.885,1
1098,846,1,10,18:20:31,32.766,32766,32.766,1
1098,852,1,10,18:20:34,25.267,25267,25.267,1
1098,822,1,11,18:22:06,25.399,25399,25.399,1
1098,848,1,11,18:22:12,25.054,25054,25.054,1
1098,807,1,11,18:22:21,26.075,26075,26.075,1
1098,856,1,11,18:22:21,25.018,25018,25.018,1
1098,1,1,12,18:23:40,24.682,24682,24.682,1
1098,839,1,12,18:23:50,24.966,24966,24.966,1
1098,858,1,12,18:23:55,25.600,25600,25.6,1
1098,855,1,12,18:24:01,25.787,25787,25.787,1
1098,844,1,13,18:25:06,24.345,24345,24.345,1
1098,832,1,13,18:25:17,24.500,24500,24.5,1
1098,847,1,13,18:25:24,27.062,27062,27.062,1
1098,830,1,14,18:26:35,24.289,24289,24.289,1
1098,4,1,14,18:27:02,25.800,25800,25.8,1
1098,840,1,15,18:28:45,25.449,25449,25.449,1
1098,825,1,15,18:29:10,25.439,25439,25.439,1
1098,839,2,15,18:29:11,41.462,41462,41.462,1
1098,815,1,17,18:31:42,24.264,24264,24.264,1
1098,846,2,17,18:32:38,33.661,33661,33.661,1
1098,842,2,25,18:45:48,24.879,24879,24.879,1
1098,848,2,26,18:47:25,24.920,24920,24.92,1
1098,852,2,26,18:47:26,24.372,24372,24.372,1
1098,807,2,26,18:47:41,37.769,37769,37.769,1
1098,856,2,27,18:49:16,25.234,25234,25.234,1
1098,846,3,27,18:49:35,33.467,33467,33.467,1
1098,822,2,29,18:52:16,25.643,25643,25.643,1
1098,825,2,29,18:52:40,25.344,25344,25.344,1
1098,1,2,30,18:53:36,24.690,24690,24.69,1
1098,840,2,30,18:53:45,24.639,24639,24.639,1
1098,858,2,30,18:54:09,25.670,25670,25.67,1
1098,832,2,31,18:55:11,24.227,24227,24.227,1
1098,847,2,31,18:55:21,24.406,24406,24.406,1
1098,855,2,32,18:57:31,25.282,25282,25.282,1
1098,839,3,32,18:58:03,44.518,44518,44.518,1
1098,844,2,33,18:58:16,24.644,24644,24.644,1
1098,815,2,34,18:59:45,25.091,25091,25.091,1
1098,4,2,34,19:00:09,24.869,24869,24.869,1
1098,830,2,36,19:02:47,24.910,24910,24.91,1
1098,846,4,37,19:06:27,33.236,33236,33.236,1
1098,848,3,40,19:10:51,24.458,24458,24.458,1
1098,842,3,40,19:10:52,24.736,24736,24.736,1
1098,852,3,40,19:10:53,25.818,25818,25.818,1
1098,858,3,40,19:11:05,25.047,25047,25.047,1
1098,825,3,40,19:11:20,25.125,25125,25.125,1
1098,807,3,40,19:11:26,27.080,27080,27.08,1
1098,846,5,47,19:23:45,30.710,30710,30.71,1
1098,855,3,54,19:34:31,30.167,30167,30.167,1
1098,846,6,54,19:35:35,31.494,31494,31.494,1
1099,857,1,1,20:05:36,31.534,31534,31.534,1
1099,846,1,2,20:07:18,29.444,29444,29.444,1
1099,825,1,8,20:16:55,20.870,20870,20.87,1
1099,822,1,9,20:18:38,21.505,21505,21.505,1
1099,855,1,11,20:21:41,21.703,21703,21.703,1
1099,807,1,11,20:21:43,21.567,21567,21.567,1
1099,840,1,13,20:24:39,21.150,21150,21.15,1
1099,842,1,14,20:26:26,20.719,20719,20.719,1
1099,832,1,15,20:27:49,20.760,20760,20.76,1
1099,844,1,16,20:29:29,20.026,20026,20.026,1
1099,839,1,16,20:29:34,20.762,20762,20.762,1
1099,852,1,17,20:31:24,21.414,21414,21.414,1
1099,848,1,17,20:31:32,21.397,21397,21.397,1
1099,856,1,17,20:31:39,21.116,21116,21.116,1
1099,822,2,17,20:32:08,22.191,22191,22.191,1
1099,815,1,18,20:32:46,20.715,20715,20.715,1
1099,4,1,18,20:32:54,26.879,26879,26.879,1
1099,847,1,18,20:33:05,20.828,20828,20.828,1
1099,830,1,18,20:33:15,20.824,20824,20.824,1
1099,1,1,18,20:33:24,21.102,21102,21.102,1
1099,858,1,18,20:33:55,21.064,21064,21.064,1
1099,855,2,18,20:34:06,21.282,21282,21.282,1
1099,846,2,19,20:36:25,21.352,21352,21.352,1
1099,822,3,35,21:02:57,21.808,21808,21.808,1
1100,839,1,1,15:05:04,18.056,18056,18.056,1
1100,855,1,1,15:05:11,18.951,18951,18.951,1
1100,858,1,1,15:05:13,18.382,18382,18.382,1
1100,815,1,1,15:05:15,17.657,17657,17.657,1
1100,822,1,1,15:05:16,21.659,21659,21.659,1
1100,858,2,2,15:07:25,19.158,19158,19.158,1
1100,815,2,2,15:07:26,17.814,17814,17.814,1
1100,847,1,7,15:15:01,19.146,19146,19.146,1
1100,832,1,7,15:15:05,18.319,18319,18.319,1
1100,825,1,7,15:15:21,20.789,20789,20.789,1
1100,1,1,8,15:17:43,15:25.181,925181,925.181,0
1100,830,1,8,15:17:45,15:25.112,925112,925.112,0
1100,4,1,8,15:17:48,15:26.940,926940,926.94,0
1100,840,1,8,15:17:51,15:27.222,927222,927.222,0
1100,842,1,8,15:17:53,15:26.996,926996,926.996,0
1100,807,1,8,15:17:55,15:26.326,926326,926.326,0
1100,847,2,8,15:17:59,15:30.824,930824,930.824,0
1100,852,1,8,15:18:02,15:31.820,931820,931.82,0
1100,846,1,8,15:18:04,15:34.763,934763,934.763,0
1100,857,1,8,15:18:06,15:34.541,934541,934.541,0
1100,832,2,8,15:18:08,15:37.024,937024,937.024,0
1100,856,1,8,15:18:11,15:37.874,937874,937.874,0
1100,839,2,8,15:18:14,15:37.929,937929,937.929,0
1100,815,3,8,15:18:16,15:37.512,937512,937.512,0
1100,855,2,8,15:18:19,15:37.849,937849,937.849,0
1100,822,2,8,15:18:21,15:37.594,937594,937.594,0
1100,858,3,8,15:18:23,15:38.017,938017,938.017,0
1100,825,2,8,15:18:27,15:40.228,940228,940.228,0
1100,858,4,36,16:15:29,19.018,19018,19.018,1
1100,856,2,45,16:28:14,18.080,18080,18.08,1
1100,822,3,53,16:39:03,19.825,19825,19.825,1
1100,857,2,54,16:40:06,19.442,19442,19.442,1
1100,855,3,54,16:40:31,21.881,21881,21.881,1
1100,852,2,54,16:40:36,18.258,18258,18.258,1
1100,830,2,55,16:41:38,14:27.756,867756,867.756,0
1100,1,2,55,16:41:40,14:31.670,871670,871.67,0
1100,4,2,55,16:41:42,14:34.306,874306,874.306,0
1100,822,4,54,16:41:44,12:19.342,739342,739.342,0
1100,832,3,55,16:41:45,14:34.924,874924,874.924,0
1100,842,2,55,16:41:47,14:35.210,875210,875.21,0
1100,840,2,55,16:41:50,14:35.053,875053,875.053,0
1100,815,4,55,16:41:53,14:36.462,876462,876.462,0
1100,858,5,54,16:41:54,12:12.022,732022,732.022,0
1100,846,2,55,16:41:56,14:41.064,881064,881.064,0
1100,807,2,55,16:41:58,14:40.712,880712,880.712,0
1100,856,3,54,16:42:01,12:06.783,726783,726.783,0
1100,839,3,55,16:42:03,14:39.804,879804,879.804,0
1100,857,3,55,16:42:20,14:24.653,864653,864.653,0
1100,855,4,55,16:42:47,14:01.565,841565,841.565,0
1100,852,3,55,16:42:52,14:01.820,841820,841.82,0
1100,822,5,55,16:55:40,1:16.634,76634,76.634,0
1100,858,6,55,16:55:45,1:14.200,74200,74.2,0
1100,856,4,55,16:55:47,1:13.234,73234,73.234,0
1100,830,3,57,17:02:10,30:56.502,1856502,1856.502,0
1100,1,3,57,17:02:11,30:59.435,1859435,1859.435,0
1100,832,4,57,17:02:13,31:01.554,1861554,1861.554,0
1100,807,3,57,17:02:14,31:09.055,1869055,1869.055,0
1100,852,4,57,17:02:16,31:11.209,1871209,1871.209,0
1100,846,3,57,17:02:17,31:04.087,1864087,1864.087,0
1100,857,4,57,17:02:19,31:06.226,1866226,1866.226,0
1100,855,5,57,17:02:22,31:04.998,1864998,1864.998,0
1100,822,6,57,17:02:23,31:07.182,1867182,1867.182,0
1100,815,5,57,17:02:25,30:53.568,1853568,1853.568,0
1100,4,3,57,17:02:27,30:45.073,1845073,1845.073,0
1100,840,3,57,17:02:29,30:45.925,1845925,1845.925,0
1101,842,1,5,15:13:22,20.235,20235,20.235,1
1101,822,1,6,15:15:14,20.967,20967,20.967,1
1101,848,1,7,15:16:57,21.103,21103,21.103,1
1101,852,1,8,15:18:43,20.497,20497,20.497,1
1101,857,1,8,15:18:44,20.902,20902,20.902,1
1101,858,1,8,15:18:50,21.015,21015,21.015,1
1101,1,1,9,15:20:23,20.324,20324,20.324,1
1101,846,1,9,15:20:27,20.346,20346,20.346,1
1101,830,1,10,15:22:00,20.707,20707,20.707,1
1101,825,1,10,15:22:35,30.951,30951,30.951,1
1101,815,1,11,15:24:20,20.389,20389,20.389,1
1101,844,1,11,15:24:25,21.126,21126,21.126,1
1101,832,1,11,15:24:33,21.970,21970,21.97,1
1101,4,1,11,15:24:35,23.148,23148,23.148,1
1101,847,1,11,15:24:42,20.459,20459,20.459,1
1101,840,1,11,15:24:42,23.161,23161,23.161,1
1101,855,1,11,15:25:01,22.247,22247,22.247,1
1101,822,2,12,15:27:47,22.354,22354,22.354,1
1101,842,2,23,15:48:15,21.169,21169,21.169,1
1101,822,3,34,16:08:14,21.012,21012,21.012,1
1101,847,2,49,16:34:10,21.389,21389,21.389,1
1101,807,1,49,16:34:47,24.748,24748,24.748,1
1101,839,1,50,16:36:20,20.367,20367,20.367,1
1102,858,1,2,15:37:09,48.938,48938,48.938,1
1102,846,1,4,15:40:18,24.090,24090,24.09,1
1102,857,1,5,15:41:49,22.205,22205,22.205,1
1102,825,1,14,15:55:45,22.616,22616,22.616,1
1102,842,1,15,15:57:16,22.417,22417,22.417,1
1102,822,1,15,15:57:23,23.158,23158,23.158,1
1102,856,1,15,15:57:33,23.487,23487,23.487,1
1102,847,1,17,16:00:18,22.335,22335,22.335,1
1102,844,1,17,16:00:25,22.068,22068,22.068,1
1102,832,1,18,16:01:46,22.278,22278,22.278,1
1102,815,1,20,16:04:48,21.884,21884,21.884,1
1102,848,1,22,16:08:22,22.482,22482,22.482,1
1102,4,1,24,16:11:02,22.631,22631,22.631,1
1102,855,1,31,16:22:27,22.796,22796,22.796,1
1102,807,1,33,16:25:26,23.120,23120,23.12,1
1102,852,1,36,16:30:01,22.390,22390,22.39,1
1102,1,1,37,16:31:29,22.150,22150,22.15,1
1102,839,1,39,16:34:33,21.942,21942,21.942,1
1102,840,1,42,16:39:18,22.651,22651,22.651,1
1102,830,1,45,16:42:58,22.688,22688,22.688,1
1104,807,1,1,15:04:32,32.494,32494,32.494,1
1104,855,1,1,15:04:37,26.141,26141,26.141,1
1104,815,1,1,15:04:37,24.887,24887,24.887,1
1104,848,1,18,15:27:12,24.290,24290,24.29,1
1104,858,1,20,15:30:02,24.376,24376,24.376,1
1104,858,2,23,15:34:16,27.774,27774,27.774,1
1104,1,1,31,15:43:34,24.594,24594,24.594,1
1104,839,1,32,15:44:45,25.833,25833,25.833,1
1104,832,1,33,15:46:05,24.252,24252,24.252,1
1104,815,2,34,15:48:26,32.749,32749,32.749,1
1104,844,1,44,16:00:25,24.192,24192,24.192,1
1104,842,1,47,16:04:16,23.902,23902,23.902,1
1104,846,1,50,16:08:48,24.663,24663,24.663,1
1104,822,1,51,16:10:46,30.395,30395,30.395,1
1104,840,1,51,16:10:52,24.656,24656,24.656,1
1104,855,2,52,16:12:35,25.260,25260,25.26,1
1104,848,2,52,16:12:37,26.990,26990,26.99,1
1104,852,1,53,16:13:18,33.706,33706,33.706,1
1104,858,3,52,16:13:19,25.946,25946,25.946,1
1104,4,1,54,16:13:32,24.414,24414,24.414,1
1104,856,1,53,16:13:47,24.539,24539,24.539,1
1104,847,1,54,16:13:57,30.980,30980,30.98,1
1104,839,2,54,16:14:06,24.707,24707,24.707,1
1104,1,2,54,16:14:09,26.685,26685,26.685,1
1104,842,2,54,16:14:18,29.949,29949,29.949,1
1104,815,3,53,16:14:19,24.217,24217,24.217,1
1104,830,1,55,16:15:17,24.798,24798,24.798,1
1104,857,1,54,16:15:18,25.851,25851,25.851,1
1104,846,2,54,16:15:20,33.428,33428,33.428,1
1104,4,2,55,16:15:37,25.916,25916,25.916,1
1104,807,2,54,16:16:01,34.725,34725,34.725,1
1104,844,2,55,16:16:03,25.713,25713,25.713,1
1104,832,2,55,16:16:04,29.300,29300,29.3,1
1104,825,1,56,16:20:26,51.052,51052,51.052,1
1104,815,4,57,16:21:27,29.337,29337,29.337,1
1104,807,3,59,16:25:02,25.672,25672,25.672,1
1104,815,5,70,16:43:16,25.466,25466,25.466,1
1105,846,1,1,15:04:44,37.736,37736,37.736,1
1105,822,1,5,15:10:18,23.691,23691,23.691,1
1105,807,1,8,15:14:21,22.298,22298,22.298,1
1105,855,1,9,15:15:38,23.430,23430,23.43,1
1105,856,1,9,15:15:44,22.522,22522,22.522,1
1105,852,1,10,15:17:01,22.176,22176,22.176,1
1105,825,1,10,15:17:06,22.124,22124,22.124,1
1105,839,1,13,15:21:01,22.112,22112,22.112,1
1105,840,1,14,15:22:19,22.355,22355,22.355,1
1105,832,1,15,15:23:33,22.321,22321,22.321,1
1105,844,1,16,15:25:17,21.778,21778,21.778,1
1105,848,1,16,15:25:24,23.319,23319,23.319,1
1105,857,1,17,15:26:32,22.370,22370,22.37,1
1105,858,1,17,15:26:49,22.583,22583,22.583,1
1105,4,1,19,15:29:09,22.558,22558,22.558,1
1105,842,1,19,15:29:18,23.388,23388,23.388,1
1105,846,2,22,15:33:50,22.850,22850,22.85,1
1105,1,1,24,15:35:37,22.575,22575,22.575,1
1105,825,2,24,15:36:26,24.800,24800,24.8,1
1105,847,1,25,15:37:07,22.275,22275,22.275,1
1105,830,1,26,15:38:06,22.241,22241,22.241,1
1105,807,2,26,15:39:04,23.257,23257,23.257,1
1105,815,1,27,15:39:57,21.775,21775,21.775,1
1105,840,2,34,15:49:34,23.371,23371,23.371,1
1105,852,2,34,15:49:38,22.009,22009,22.009,1
1105,839,2,35,15:50:57,24.110,24110,24.11,1
1105,855,2,36,15:52:25,22.889,22889,22.889,1
1105,858,2,36,15:52:53,23.827,23827,23.827,1
1105,848,2,37,15:54:12,23.449,23449,23.449,1
1105,856,2,38,15:55:17,21.976,21976,21.976,1
1105,857,2,39,15:56:28,22.862,22862,22.862,1
1105,842,2,39,15:56:30,23.610,23610,23.61,1
1105,822,2,39,15:56:58,24.097,24097,24.097,1
1105,832,2,41,15:58:46,22.375,22375,22.375,1
1105,844,2,41,15:59:13,23.003,23003,23.003,1
1105,825,3,42,16:00:59,22.291,22291,22.291,1
1105,807,3,43,16:02:05,24.484,24484,24.484,1
1105,4,2,44,16:03:01,22.896,22896,22.896,1
1105,847,2,45,16:03:58,22.054,22054,22.054,1
1105,1,2,50,16:10:22,22.731,22731,22.731,1
1105,815,2,50,16:10:42,21.537,21537,21.537,1
1105,846,3,50,16:11:39,22.062,22062,22.062,1
1105,830,2,52,16:12:44,22.357,22357,22.357,1
1106,852,1,1,14:04:32,23.646,23646,23.646,1
1106,842,1,10,14:16:36,27.515,27515,27.515,1
1106,807,1,11,14:17:50,24.880,24880,24.88,1
1106,840,1,11,14:17:53,23.711,23711,23.711,1
1106,856,1,11,14:17:56,24.960,24960,24.96,1
1106,830,1,12,14:18:49,23.644,23644,23.644,1
1106,1,1,12,14:18:59,24.339,24339,24.339,1
1106,4,1,12,14:19:00,24.031,24031,24.031,1
1106,839,1,12,14:19:12,24.402,24402,24.402,1
1106,857,1,12,14:19:16,24.828,24828,24.828,1
1106,846,1,12,14:19:24,25.862,25862,25.862,1
1106,848,1,12,14:19:25,25.064,25064,25.064,1
1106,855,1,12,14:19:31,24.161,24161,24.161,1
1106,847,1,12,14:19:55,1:28.943,88943,88.943,0
1106,840,2,27,14:42:23,23.839,23839,23.839,1
1106,807,2,31,14:47:37,24.200,24200,24.2,1
1106,855,2,32,14:48:55,27.509,27509,27.509,1
1106,842,2,33,14:50:14,24.117,24117,24.117,1
1106,852,2,34,14:51:31,27.523,27523,27.523,1
1106,846,2,35,14:52:42,23.570,23570,23.57,1
1106,825,1,35,14:53:34,24.909,24909,24.909,1
1106,839,2,36,14:53:56,23.698,23698,23.698,1
1106,822,1,36,14:53:58,24.038,24038,24.038,1
1106,815,1,37,14:55:06,23.281,23281,23.281,1
1106,857,2,37,14:55:21,23.436,23436,23.436,1
1106,832,1,38,14:56:16,24.133,24133,24.133,1
1106,844,1,39,14:57:32,24.343,24343,24.343,1
1106,1,2,40,14:58:46,23.749,23749,23.749,1
1106,4,2,41,14:59:58,23.928,23928,23.928,1
1106,830,2,42,15:01:10,23.910,23910,23.91,1
1106,856,2,50,15:13:30,23.786,23786,23.786,1
1106,825,2,53,15:17:18,24.515,24515,24.515,1
1106,815,2,68,15:34:57,23.218,23218,23.218,1
1107,825,1,1,15:04:16,26.587,26587,26.587,1
1107,852,1,1,15:04:31,29.691,29691,29.691,1
1107,830,1,2,15:05:57,16.369,16369,16.369,1
1107,844,1,2,15:05:59,16.393,16393,16.393,1
1107,832,1,2,15:06:01,16.380,16380,16.38,1
1107,1,1,2,15:06:03,16.415,16415,16.415,1
1107,846,1,2,15:06:05,18.076,18076,18.076,1
1107,4,1,2,15:06:08,16.600,16600,16.6,1
1107,807,1,2,15:06:09,16.778,16778,16.778,1
1107,840,1,2,15:06:11,16.646,16646,16.646,1
1107,842,1,2,15:06:12,16.380,16380,16.38,1
1107,848,1,2,15:06:13,16.737,16737,16.737,1
1107,847,1,2,15:06:17,17.946,17946,17.946,1
1107,839,1,2,15:06:19,18.143,18143,18.143,1
1107,815,1,2,15:06:20,17.428,17428,17.428,1
1107,855,1,2,15:06:22,17.467,17467,17.467,1
1107,857,1,2,15:06:23,17.324,17324,17.324,1
1107,858,1,2,15:06:25,17.337,17337,17.337,1
1107,822,1,2,15:06:27,17.130,17130,17.13,1
1107,856,1,2,15:06:28,17.033,17033,17.033,1
1107,825,2,2,15:06:31,25.654,25654,25.654,1
1107,852,2,2,15:06:33,16.246,16246,16.246,1
1107,855,2,8,15:14:10,24.374,24374,24.374,1
1107,807,2,11,15:17:41,21.891,21891,21.891,1
1107,856,2,12,15:19:01,21.333,21333,21.333,1
1107,1,2,14,15:21:10,21.993,21993,21.993,1
1107,846,2,14,15:21:12,21.290,21290,21.29,1
1107,842,2,14,15:21:20,21.814,21814,21.814,1
1107,848,2,14,15:21:22,21.562,21562,21.562,1
1107,847,2,14,15:21:23,22.262,22262,22.262,1
1107,839,2,14,15:21:26,22.028,22028,22.028,1
1107,857,2,14,15:21:27,22.467,22467,22.467,1
1107,858,2,14,15:21:32,23.194,23194,23.194,1
1107,844,2,15,15:22:36,23.425,23425,23.425,1
1107,832,2,15,15:22:41,26.283,26283,26.283,1
1107,4,2,15,15:22:48,22.371,22371,22.371,1
1107,840,2,15,15:22:54,24.332,24332,24.332,1
1107,822,2,21,15:30:27,31.785,31785,31.785,1
1107,857,3,22,15:31:40,29.912,29912,29.912,1
1107,852,3,23,15:32:50,27.286,27286,27.286,1
1107,830,2,24,15:33:13,21.365,21365,21.365,1
1107,815,2,25,15:34:47,21.655,21655,21.655,1
1107,825,3,34,15:46:08,22.250,22250,22.25,1
1107,840,3,36,15:48:10,22.050,22050,22.05,1
1107,856,3,37,15:49:41,21.074,21074,21.074,1
1107,855,3,38,15:50:48,21.910,21910,21.91,1
1107,839,3,40,15:52:55,30.427,30427,30.427,1
1107,822,3,40,15:53:22,21.975,21975,21.975,1
1107,846,3,41,15:53:39,22.088,22088,22.088,1
1107,847,3,41,15:53:57,21.702,21702,21.702,1
1107,848,3,41,15:54:04,27.683,27683,27.683,1
1107,857,4,41,15:54:36,22.313,22313,22.313,1
1107,1,3,42,15:54:50,27.724,27724,27.724,1
1107,858,3,43,15:56:40,21.543,21543,21.543,1
1107,852,4,43,15:56:56,21.392,21392,21.392,1
1107,4,3,44,15:57:15,21.993,21993,21.993,1
1107,842,3,44,15:57:30,27.804,27804,27.804,1
1107,832,3,45,15:58:10,28.583,28583,28.583,1
1107,844,3,47,16:00:26,21.470,21470,21.47,1
1107,830,3,49,16:02:31,21.641,21641,21.641,1
1107,815,3,50,16:04:07,21.267,21267,21.267,1
1107,840,4,54,16:09:28,21.837,21837,21.837,1
1107,830,4,69,16:25:43,21.328,21328,21.328,1
1108,807,1,7,15:14:17,41.972,41972,41.972,1
1108,852,1,14,15:25:15,28.353,28353,28.353,1
1108,844,1,18,15:31:08,28.244,28244,28.244,1
1108,855,1,24,15:40:56,29.177,29177,29.177,1
1108,832,1,26,15:43:36,28.869,28869,28.869,1
1108,856,1,27,15:45:34,28.242,28242,28.242,1
1108,847,1,28,15:46:37,29.455,29455,29.455,1
1108,815,1,28,15:46:50,28.060,28060,28.06,1
1108,857,1,29,15:48:05,28.655,28655,28.655,1
1108,858,1,29,15:48:37,28.847,28847,28.847,1
1108,842,1,31,15:51:30,28.458,28458,28.458,1
1108,840,1,31,15:51:39,28.561,28561,28.561,1
1108,848,1,32,15:53:10,29.634,29634,29.634,1
1108,844,2,32,15:53:11,28.805,28805,28.805,1
1108,822,1,32,15:53:38,29.662,29662,29.662,1
1108,852,2,32,15:53:48,28.603,28603,28.603,1
1108,856,2,32,15:53:55,28.413,28413,28.413,1
1108,807,2,32,15:54:11,30.003,30003,30.003,1
1108,830,1,33,15:54:29,29.056,29056,29.056,1
1108,846,1,33,15:54:43,28.438,28438,28.438,1
1108,1,1,33,15:54:58,29.169,29169,29.169,1
1108,4,1,33,15:55:09,28.679,28679,28.679,1
1108,855,2,33,15:56:08,28.709,28709,28.709,1
1108,855,3,36,16:02:39,34.374,34374,34.374,1
1109,848,1,8,15:14:47,22.076,22076,22.076,1
1109,840,1,9,15:16:10,21.910,21910,21.91,1
1109,852,1,9,15:16:10,26.170,26170,26.17,1
1109,822,1,9,15:16:11,22.114,22114,22.114,1
1109,855,1,10,15:17:40,29.211,29211,29.211,1
1109,858,1,13,15:21:59,24.001,24001,24.001,1
1109,825,1,14,15:23:24,22.753,22753,22.753,1
1109,832,1,15,15:24:37,21.402,21402,21.402,1
1109,1,1,16,15:25:56,21.974,21974,21.974,1
1109,807,1,16,15:26:11,22.922,22922,22.922,1
1109,846,1,17,15:27:16,21.541,21541,21.541,1
1109,844,1,17,15:27:23,28.404,28404,28.404,1
1109,857,1,18,15:28:39,21.171,21171,21.171,1
1109,817,1,18,15:29:10,21.958,21958,21.958,1
1109,4,1,20,15:31:46,22.916,22916,22.916,1
1109,830,1,23,15:35:32,21.407,21407,21.407,1
1109,815,1,24,15:37:20,21.862,21862,21.862,1
1109,847,1,28,15:43:20,21.886,21886,21.886,1
1109,817,2,29,15:45:13,22.203,22203,22.203,1
1109,848,2,31,15:47:54,21.762,21762,21.762,1
1109,840,2,34,15:52:02,22.403,22403,22.403,1
1109,858,2,34,15:52:24,22.197,22197,22.197,1
1109,807,2,38,15:57:58,21.955,21955,21.955,1
1109,855,2,38,15:58:02,22.853,22853,22.853,1
1109,822,2,40,16:00:39,23.242,23242,23.242,1
1109,825,2,41,16:02:32,22.152,22152,22.152,1
1109,857,2,42,16:02:48,22.030,22030,22.03,1
1109,815,2,42,16:02:51,20.880,20880,20.88,1
1109,844,2,43,16:04:31,21.452,21452,21.452,1
1109,4,2,43,16:04:39,24.152,24152,24.152,1
1109,846,2,44,16:05:28,21.430,21430,21.43,1
1109,832,2,44,16:05:56,22.051,22051,22.051,1
1109,852,2,44,16:06:33,21.181,21181,21.181,1
1109,847,2,46,16:08:49,21.675,21675,21.675,1
1109,1,2,49,16:12:41,21.728,21728,21.728,1
1109,830,2,51,16:14:53,21.680,21680,21.68,1
1110,846,1,5,15:13:27,25.012,25012,25.012,1
1110,825,1,5,15:13:30,23.638,23638,23.638,1
1110,817,1,5,15:13:31,22.843,22843,22.843,1
1110,839,1,6,15:15:23,23.085,23085,23.085,1
1110,822,1,6,15:15:24,23.362,23362,23.362,1
1110,848,1,7,15:17:14,25.015,25015,25.015,1
1110,832,1,7,15:17:20,23.303,23303,23.303,1
1110,855,1,7,15:17:21,24.449,24449,24.449,1
1110,858,1,8,15:19:14,23.570,23570,23.57,1
1110,852,1,9,15:20:59,22.610,22610,22.61,1
1110,4,1,10,15:22:48,23.085,23085,23.085,1
1110,1,1,12,15:26:27,23.090,23090,23.09,1
1110,807,1,12,15:26:56,24.571,24571,24.571,1
1110,815,1,13,15:28:09,23.684,23684,23.684,1
1110,844,1,13,15:28:16,23.224,23224,23.224,1
1110,830,1,14,15:30:04,22.887,22887,22.887,1
1110,846,2,17,15:36:37,23.744,23744,23.744,1
1110,840,1,20,15:42:12,25.397,25397,25.397,1
1110,847,1,22,15:46:00,23.837,23837,23.837,1
1110,817,2,22,15:46:18,23.290,23290,23.29,1
1110,842,1,23,15:48:00,25.664,25664,25.664,1
1110,848,2,23,15:48:02,23.596,23596,23.596,1
1110,852,2,24,15:49:52,22.737,22737,22.737,1
1110,822,2,24,15:50:02,23.786,23786,23.786,1
1110,807,2,24,15:50:04,25.238,25238,25.238,1
1110,858,2,24,15:50:09,23.938,23938,23.938,1
1110,839,2,25,15:51:50,23.339,23339,23.339,1
1110,825,2,25,15:51:55,23.572,23572,23.572,1
1110,855,2,25,15:52:01,24.045,24045,24.045,1
1110,1,2,27,15:55:00,23.023,23023,23.023,1
1110,844,2,28,15:56:48,23.148,23148,23.148,1
1110,815,2,29,15:58:34,22.710,22710,22.71,1
1110,4,2,29,15:59:01,23.798,23798,23.798,1
1110,830,2,30,16:00:16,23.012,23012,23.012,1
1110,848,3,33,16:07:06,23.529,23529,23.529,1
1110,858,3,34,16:09:09,23.109,23109,23.109,1
1110,1,3,42,16:23:05,23.156,23156,23.156,1
1111,815,1,1,15:04:43,22.666,22666,22.666,1
1111,844,1,1,15:04:46,32.686,32686,32.686,1
1111,842,1,1,15:04:47,28.469,28469,28.469,1
1111,855,1,1,15:04:49,23.088,23088,23.088,1
1111,852,1,1,15:04:50,32.321,32321,32.321,1
1111,859,1,1,15:04:53,42.641,42641,42.641,1
1111,825,1,1,15:04:55,31.341,31341,31.341,1
1111,830,1,2,15:06:25,20.379,20379,20.379,1
1111,4,1,2,15:06:26,20.647,20647,20.647,1
1111,832,1,2,15:06:31,20.973,20973,20.973,1
1111,839,1,2,15:06:39,22.534,22534,22.534,1
1111,846,1,3,15:08:18,20.170,20170,20.17,1
1111,1,1,3,15:08:35,20.266,20266,20.266,1
1111,847,1,4,15:10:00,21.201,21201,21.201,1
1111,840,1,4,15:10:16,20.036,20036,20.036,1
1111,825,2,9,15:16:59,20.137,20137,20.137,1
1111,1,2,9,15:17:26,19.970,19970,19.97,1
1111,840,2,9,15:17:44,20.208,20208,20.208,1
1111,855,2,10,15:18:09,20.231,20231,20.231,1
1111,4,2,10,15:18:10,20.109,20109,20.109,1
1111,832,2,10,15:18:16,19.511,19511,19.511,1
1111,852,2,10,15:18:24,18.904,18904,18.904,1
1111,839,2,10,15:18:26,19.795,19795,19.795,1
1111,846,2,10,15:18:33,20.395,20395,20.395,1
1111,859,2,10,15:18:37,30.836,30836,30.836,1
1111,847,2,10,15:18:55,20.148,20148,20.148,1
1111,830,2,11,15:19:24,19.289,19289,19.289,1
1111,842,2,11,15:19:34,19.518,19518,19.518,1
1111,844,2,11,15:19:46,27.202,27202,27.202,1
1111,815,2,12,15:20:46,19.460,19460,19.46,1
1111,857,1,15,15:25:18,18.979,18979,18.979,1
1111,822,1,16,15:27:09,20.187,20187,20.187,1
1111,807,1,16,15:27:10,20.438,20438,20.438,1
1111,847,3,16,15:27:30,19.607,19607,19.607,1
1111,840,3,16,15:27:53,19.653,19653,19.653,1
1111,859,3,17,15:29:22,19.600,19600,19.6,1
1111,840,4,34,15:53:38,19.923,19923,19.923,1
1111,825,3,35,15:54:48,20.510,20510,20.51,1
1111,855,3,37,15:57:19,20.469,20469,20.469,1
1111,832,3,41,16:02:07,19.398,19398,19.398,1
1111,846,3,42,16:03:37,18.878,18878,18.878,1
1111,839,3,43,16:04:50,19.024,19024,19.024,1
1111,848,1,44,16:06:01,19.667,19667,19.667,1
1111,815,3,45,16:06:58,18.789,18789,18.789,1
1111,1,3,45,16:07:26,19.327,19327,19.327,1
1111,842,3,46,16:08:21,25.404,25404,25.404,1
1111,857,2,46,16:08:46,19.120,19120,19.12,1
1111,859,4,46,16:09:09,19.192,19192,19.192,1
1111,822,2,47,16:10:17,20.213,20213,20.213,1
1111,4,3,48,16:10:51,25.147,25147,25.147,1
1111,807,2,48,16:11:31,19.713,19713,19.713,1
1111,830,3,49,16:11:52,18.706,18706,18.706,1
1111,822,3,59,16:25:45,19.735,19735,19.735,1
1111,859,5,59,16:25:48,19.307,19307,19.307,1
1111,815,4,60,16:26:00,27.596,27596,27.596,1
1111,842,4,60,16:26:21,20.417,20417,20.417,1
1111,832,4,60,16:26:22,19.838,19838,19.838,1
1111,1,4,60,16:26:30,20.779,20779,20.779,1
1111,847,4,60,16:26:34,24.019,24019,24.019,1
1111,846,4,60,16:26:35,19.871,19871,19.871,1
1111,857,3,60,16:26:40,22.376,22376,22.376,1
1111,852,3,60,16:26:50,20.602,20602,20.602,1
1111,855,4,60,16:26:53,21.439,21439,21.439,1
1111,840,5,60,16:26:58,21.532,21532,21.532,1
1111,807,3,60,16:26:58,23.582,23582,23.582,1
1111,825,4,60,16:27:09,23.584,23584,23.584,1
1111,830,4,61,16:27:10,19.429,19429,19.429,1
1111,4,4,61,16:27:35,20.655,20655,20.655,1
1111,848,2,61,16:27:57,21.300,21300,21.3,1
1111,839,4,61,16:28:03,22.096,22096,22.096,1
1111,830,5,63,16:30:26,20.402,20402,20.402,1
1111,815,5,63,16:31:04,41:01.612,2461612,2461.612,0
1111,846,5,63,16:31:28,40:43.212,2443212,2443.212,0
1111,847,5,63,16:31:31,40:46.251,2446251,2446.251,0
1111,848,3,63,16:31:37,40:43.475,2443475,2443.475,0
1111,857,4,63,16:31:49,40:34.653,2434653,2434.653,0
1111,839,5,63,16:31:53,40:32.201,2432201,2432.201,0
1111,852,4,63,16:32:13,40:14.895,2414895,2414.895,0
1111,840,6,63,16:32:20,40:10.734,2410734,2410.734,0
1111,807,4,63,16:32:22,40:10.704,2410704,2410.704,0
1111,822,4,63,16:32:29,40:05.113,2405113,2405.113,0
1111,859,6,63,16:32:43,39:56.340,2396340,2396.34,0
1111,825,5,63,16:32:48,39:54.733,2394733,2394.733,0
1111,830,6,64,16:32:50,41:23.382,2483382,2483.382,0
1111,4,5,64,16:33:22,40:55.302,2455302,2455.302,0
1111,842,5,64,16:33:40,40:43.169,2443169,2443.169,0
1111,832,5,64,16:33:44,40:43.147,2443147,2443.147,0
1111,1,5,64,16:33:59,40:31.108,2431108,2431.108,0
1111,815,6,64,17:13:46,35.592,35592,35.592,1
1111,846,6,64,17:13:49,44.272,44272,44.272,1
1111,847,6,64,17:13:59,39.845,39845,39.845,1
1111,848,4,64,17:14:02,39.234,39234,39.234,1
1111,857,5,64,17:14:06,38.453,38453,38.453,1
1111,839,6,64,17:14:09,37.037,37037,37.037,1
1111,852,5,64,17:14:14,34.901,34901,34.901,1
1111,840,7,64,17:14:17,33.553,33553,33.553,1
1111,807,5,64,17:14:19,32.884,32884,32.884,1
1111,822,5,64,17:14:22,32.518,32518,32.518,1
1111,859,7,64,17:14:27,31.306,31306,31.306,1
1111,825,6,64,17:14:31,30.628,30628,30.628,1
1111,847,7,67,17:20:51,22.379,22379,22.379,1
1112,842,1,10,15:38:07,27.376,27376,27.376,1
1112,855,1,11,15:39:33,24.396,24396,24.396,1
1112,825,1,12,15:41:12,24.660,24660,24.66,1
1112,859,1,13,15:42:27,24.212,24212,24.212,1
1112,807,1,14,15:43:56,26.095,26095,26.095,1
1112,858,1,14,15:43:57,24.779,24779,24.779,1
1112,848,1,15,15:45:13,24.538,24538,24.538,1
1112,832,1,19,15:50:52,25.183,25183,25.183,1
1112,847,1,19,15:50:56,24.215,24215,24.215,1
1112,830,1,20,15:52:13,24.228,24228,24.228,1
1112,844,1,20,15:52:19,23.931,23931,23.931,1
1112,840,1,20,15:52:50,25.667,25667,25.667,1
1112,815,1,21,15:53:46,23.819,23819,23.819,1
1112,4,1,21,15:54:03,24.798,24798,24.798,1
1112,846,1,22,15:55:26,23.727,23727,23.727,1
1112,857,1,23,15:56:53,24.133,24133,24.133,1
1112,839,1,24,15:58:45,24.249,24249,24.249,1
1112,822,1,25,16:00:06,24.658,24658,24.658,1
1112,1,1,27,16:02:46,24.255,24255,24.255,1
1112,842,2,31,16:09:08,24.686,24686,24.686,1
1112,859,2,33,16:11:56,24.281,24281,24.281,1
1112,855,2,33,16:11:58,25.959,25959,25.959,1
1112,825,2,33,16:12:15,24.765,24765,24.765,1
1112,807,2,39,16:20:52,24.328,24328,24.328,1
1112,857,2,41,16:23:21,31.799,31799,31.799,1
1113,855,1,2,20:07:21,30.032,30032,30.032,1
1113,858,1,19,20:36:42,1:03.543,63543,63.543,0
1113,832,1,20,20:37:19,29.499,29499,29.499,1
1113,844,1,20,20:37:28,32.888,32888,32.888,1
1113,847,1,20,20:37:29,29.976,29976,29.976,1
1113,846,1,20,20:37:31,29.485,29485,29.485,1
1113,1,1,20,20:37:33,32.631,32631,32.631,1
1113,4,1,20,20:37:39,30.670,30670,30.67,1
1113,839,1,20,20:37:43,29.755,29755,29.755,1
1113,825,1,20,20:37:50,31.475,31475,31.475,1
1113,807,1,20,20:37:53,35.497,35497,35.497,1
1113,842,1,20,20:37:54,31.802,31802,31.802,1
1113,859,1,20,20:37:55,32.348,32348,32.348,1
1113,857,1,20,20:37:58,29.369,29369,29.369,1
1113,848,1,20,20:37:59,30.138,30138,30.138,1
1113,855,2,20,20:38:30,30.637,30637,30.637,1
1113,815,1,39,21:11:53,28.977,28977,28.977,1
1113,830,1,40,21:13:21,29.698,29698,29.698,1
1113,822,1,40,21:13:47,30.487,30487,30.487,1
1113,848,2,43,21:18:51,29.787,29787,29.787,1
1113,825,2,43,21:19:04,33.078,33078,33.078,1
1113,858,2,43,21:19:17,31.018,31018,31.018,1
1113,847,2,44,21:20:21,30.039,30039,30.039,1
1113,1,2,44,21:20:24,33.581,33581,33.581,1
1113,4,2,44,21:20:59,52.708,52708,52.708,1
1114,848,1,1,14:06:29,50.143,50143,50.143,1
1114,855,1,1,14:06:34,41.041,41041,41.041,1
1114,839,1,1,14:06:45,27.056,27056,27.056,1
1114,822,1,1,14:06:58,55.802,55802,55.802,1
1114,815,1,2,14:08:56,32.450,32450,32.45,1
1114,858,1,2,14:09:11,32.715,32715,32.715,1
1114,858,2,5,14:16:24,43.868,43868,43.868,1
1114,822,2,6,14:18:28,53.512,53512,53.512,1
1114,807,1,8,14:21:18,23.520,23520,23.52,1
1114,852,1,9,14:22:56,22.944,22944,22.944,1
1114,859,1,10,14:24:35,23.136,23136,23.136,1
1114,855,2,10,14:24:44,24.091,24091,24.091,1
1114,4,1,11,14:26:10,24.086,24086,24.086,1
1114,815,2,12,14:28:22,41.499,41499,41.499,1
1114,825,1,12,14:28:23,23.816,23816,23.816,1
1114,857,1,13,14:29:24,24.455,24455,24.455,1
1114,848,2,13,14:29:58,52.165,52165,52.165,1
1114,840,1,14,14:31:37,23.441,23441,23.441,1
1114,815,3,13,14:31:50,41:25.913,2485913,2485.913,0
1114,830,1,16,14:34:31,24.382,24382,24.382,1
1114,1,1,16,14:34:49,24.841,24841,24.841,1
1114,846,1,17,14:36:20,23.523,23523,23.523,1
1114,844,1,17,14:36:23,23.197,23197,23.197,1
1114,832,1,18,14:38:04,23.075,23075,23.075,1
1114,842,1,18,14:38:20,24.488,24488,24.488,1
1114,807,2,21,14:43:39,23.660,23660,23.66,1
1114,858,3,21,14:44:16,35.182,35182,35.182,1
1114,847,1,24,14:48:05,24.034,24034,24.034,1
1114,4,2,25,14:50:07,24.294,24294,24.294,1
1114,859,2,25,14:50:20,23.671,23671,23.671,1
1114,839,2,28,14:55:08,23.789,23789,23.789,1
1114,855,3,29,14:57:06,24.116,24116,24.116,1
1114,852,2,30,14:58:41,23.327,23327,23.327,1
1114,825,2,31,15:00:39,23.858,23858,23.858,1
1114,844,2,34,15:04:38,22.926,22926,22.926,1
1114,1,2,34,15:04:43,23.631,23631,23.631,1
1114,842,2,34,15:05:03,24.651,24651,24.651,1
1114,857,2,35,15:06:11,23.198,23198,23.198,1
1114,846,2,36,15:07:43,23.182,23182,23.182,1
1114,830,2,37,15:09:05,23.696,23696,23.696,1
1114,807,3,37,15:10:23,23.338,23338,23.338,1
1114,832,2,38,15:11:15,23.374,23374,23.374,1
1114,815,4,14,15:14:59,30.651,30651,30.651,1
1115,847,1,1,20:05:46,39.686,39686,39.686,1
1115,822,1,3,20:10:22,29.977,29977,29.977,1
1115,825,1,3,20:10:26,28.743,28743,28.743,1
1115,840,1,3,20:10:27,28.886,28886,28.886,1
1115,859,1,3,20:10:28,29.330,29330,29.33,1
1115,852,1,9,20:20:28,27.781,27781,27.781,1
1115,839,1,10,20:21:53,28.961,28961,28.961,1
1115,4,1,11,20:23:19,28.373,28373,28.373,1
1115,842,1,11,20:23:25,28.429,28429,28.429,1
1115,857,1,12,20:24:45,28.875,28875,28.875,1
1115,844,1,12,20:24:49,28.228,28228,28.228,1
1115,846,1,13,20:26:21,28.134,28134,28.134,1
1115,807,1,13,20:26:32,39.879,39879,39.879,1
1115,858,1,13,20:26:35,29.436,29436,29.436,1
1115,847,2,14,20:27:57,28.542,28542,28.542,1
1115,830,1,17,20:32:05,28.233,28233,28.233,1
1115,815,1,17,20:32:32,27.808,27808,27.808,1
1115,848,1,18,20:33:58,29.253,29253,29.253,1
1115,855,1,18,20:34:06,28.984,28984,28.984,1
1115,822,2,21,20:38:42,29.387,29387,29.387,1
1115,840,2,21,20:38:45,28.156,28156,28.156,1
1115,825,2,21,20:38:52,28.948,28948,28.948,1
1115,859,2,21,20:38:54,28.665,28665,28.665,1
1115,852,2,22,20:40:25,27.596,27596,27.596,1
1115,857,2,25,20:44:26,27.868,27868,27.868,1
1115,844,2,25,20:44:40,27.873,27873,27.873,1
1115,839,2,25,20:44:42,28.969,28969,28.969,1
1115,4,2,26,20:46:01,28.432,28432,28.432,1
1115,842,2,26,20:46:12,30.192,30192,30.192,1
1115,858,2,26,20:46:27,29.373,29373,29.373,1
1115,846,2,27,20:47:29,27.611,27611,27.611,1
1115,807,2,27,20:47:58,28.274,28274,28.274,1
1115,815,2,31,20:53:34,33.246,33246,33.246,1
1115,848,2,31,20:53:43,28.747,28747,28.747,1
1115,847,3,32,20:54:52,28.314,28314,28.314,1
1115,830,2,34,20:57:24,28.103,28103,28.103,1
1115,855,2,35,20:59:41,28.854,28854,28.854,1
1115,822,3,39,21:05:42,28.946,28946,28.946,1
1115,840,3,39,21:05:45,29.399,29399,29.399,1
1115,825,3,39,21:05:53,30.331,30331,30.331,1
1115,859,3,39,21:06:05,28.171,28171,28.171,1
1115,807,3,39,21:06:08,28.591,28591,28.591,1
1115,852,3,40,21:07:30,27.809,27809,27.809,1
1115,857,3,43,21:10:55,27.489,27489,27.489,1
1115,844,3,43,21:11:17,27.513,27513,27.513,1
1115,839,3,43,21:11:27,29.169,29169,29.169,1
1115,815,3,43,21:11:35,33.165,33165,33.165,1
1115,846,3,44,21:12:24,27.677,27677,27.677,1
1115,4,3,44,21:12:50,28.393,28393,28.393,1
1115,842,3,44,21:12:58,34.856,34856,34.856,1
1115,848,3,44,21:13:12,28.981,28981,28.981,1
1115,847,4,50,21:21:11,28.191,28191,28.191,1
1115,830,3,51,21:22:13,29.726,29726,29.726,1
1115,855,3,52,21:24:48,28.815,28815,28.815,1
1116,822,2,28,14:52:29,25.020,25020,25.02,1
1116,848,2,29,14:54:08,24.354,24354,24.354,1
1116,825,2,29,14:54:24,24.745,24745,24.745,1
1116,1,1,20,14:37:53,24.916,24916,24.916,1
1116,840,1,20,14:38:28,24.457,24457,24.457,1
1116,847,1,21,14:39:49,24.357,24357,24.357,1
1116,848,1,10,14:21:07,24.563,24563,24.563,1
1116,822,1,10,14:21:09,24.783,24783,24.783,1
1116,825,1,10,14:21:11,25.067,25067,25.067,1
1116,858,1,11,14:22:55,24.990,24990,24.99,1
1116,830,1,16,14:31:06,23.756,23756,23.756,1
1116,846,1,17,14:32:42,24.155,24155,24.155,1
1116,832,1,17,14:32:54,23.668,23668,23.668,1
1116,815,1,17,14:32:58,24.245,24245,24.245,1
1116,852,1,17,14:33:06,24.354,24354,24.354,1
1116,842,1,18,14:34:46,23.900,23900,23.9,1
1116,4,1,19,14:36:41,25.055,25055,25.055,1
1116,807,1,19,14:36:48,26.573,26573,26.573,1
1116,855,1,9,14:19:22,25.636,25636,25.636,1
1116,855,2,27,14:50:48,24.717,24717,24.717,1
1116,832,2,35,15:03:42,23.673,23673,23.673,1
1116,830,2,35,15:03:31,24.974,24974,24.974,1
1116,807,2,34,15:02:47,24.308,24308,24.308,1
1116,858,2,32,14:59:24,25.547,25547,25.547,1
1116,846,2,34,15:01:53,23.361,23361,23.361,1
1116,852,2,34,15:02:26,24.125,24125,24.125,1
1116,817,1,23,14:43:10,23.963,23963,23.963,1
1116,815,2,37,15:07:07,23.747,23747,23.747,1
1116,842,2,37,15:07:28,24.880,24880,24.88,1
1116,1,2,38,15:08:41,24.648,24648,24.648,1
1116,847,2,39,15:10:47,23.969,23969,23.969,1
1116,840,2,40,15:12:45,23.955,23955,23.955,1
1116,4,2,42,15:16:00,24.823,24823,24.823,1
1116,817,2,47,15:25:15,26.513,26513,26.513,1
1116,852,3,54,15:36:35,23.472,23472,23.472,1
1116,844,1,23,14:43:10,23.963,23963,23.963,1
1117,852,1,9,14:16:34,30.121,30121,30.121,1
1117,846,1,11,14:19:23,23.408,23408,23.408,1
1117,830,1,19,14:30:10,22.427,22427,22.427,1
1117,855,1,21,14:33:34,22.817,22817,22.817,1
1117,858,1,22,14:35:03,23.945,23945,23.945,1
1117,807,1,23,14:36:19,23.144,23144,23.144,1
1117,825,1,23,14:36:27,23.642,23642,23.642,1
1117,1,1,24,14:37:21,22.210,22210,22.21,1
1117,857,1,25,14:38:53,23.734,23734,23.734,1
1117,847,1,26,14:40:18,22.311,22311,22.311,1
1117,817,1,27,14:41:39,22.406,22406,22.406,1
1117,842,1,28,14:43:24,22.627,22627,22.627,1
1117,4,1,29,14:45:06,22.844,22844,22.844,1
1117,832,1,30,14:45:46,22.067,22067,22.067,1
1117,840,1,30,14:46:28,22.582,22582,22.582,1
1117,844,1,31,14:47:01,22.248,22248,22.248,1
1117,822,1,31,14:47:48,23.638,23638,23.638,1
1117,830,2,33,14:50:02,22.372,22372,22.372,1
1117,846,2,33,14:50:50,22.563,22563,22.563,1
1117,848,1,33,14:50:54,23.680,23680,23.68,1
1117,830,3,34,14:52:56,20:09.136,1209136,1209.136,0
1117,844,2,34,14:52:57,20:10.512,1210512,1210.512,0
1117,1,2,34,14:52:59,20:12.908,1212908,1212.908,0
1117,832,2,34,14:53:00,20:15.432,1215432,1215.432,0
1117,817,2,34,14:53:02,20:17.136,1217136,1217.136,0
1117,857,2,34,14:53:04,20:19.064,1219064,1219.064,0
1117,847,2,34,14:53:10,20:18.200,1218200,1218.2,0
1117,852,2,34,14:53:13,20:18.057,1218057,1218.057,0
1117,807,2,34,14:53:15,20:19.826,1219826,1219.826,0
1117,846,3,34,14:53:17,20:26.386,1226386,1226.386,0
1117,842,2,34,14:53:20,20:25.698,1225698,1225.698,0
1117,848,2,34,14:53:22,20:27.980,1227980,1227.98,0
1117,855,2,34,14:53:24,20:29.539,1229539,1229.539,0
1117,839,1,34,14:53:30,20:26.296,1226296,1226.296,0
1117,858,2,34,14:53:33,20:27.718,1227718,1227.718,0
1117,822,2,34,14:53:35,20:29.349,1229349,1229.349,0
1117,840,2,34,14:53:38,20:29.686,1229686,1229.686,0
1117,4,2,34,14:53:42,20:29.837,1229837,1229.837,0
1118,830,1,1,14:05:19,18.535,18535,18.535,1
1118,846,1,1,14:05:21,19.386,19386,19.386,1
1118,1,1,1,14:05:24,18.521,18521,18.521,1
1118,4,1,1,14:05:26,18.487,18487,18.487,1
1118,840,1,1,14:05:28,18.504,18504,18.504,1
1118,847,1,1,14:05:30,20.449,20449,20.449,1
1118,815,1,1,14:05:32,20.811,20811,20.811,1
1118,832,1,1,14:05:33,23.030,23030,23.03,1
1118,839,1,1,14:05:35,22.209,22209,22.209,1
1118,857,1,1,14:05:36,26:24.007,1584007,1584.007,0
1118,852,1,1,14:05:39,20.969,20969,20.969,1
1118,842,1,1,14:05:40,20.523,20523,20.523,1
1118,822,1,1,14:05:41,20.732,20732,20.732,1
1118,855,1,1,14:05:45,21.256,21256,21.256,1
1118,858,1,1,14:05:46,27.472,27472,27.472,1
1118,817,1,1,14:05:47,26:16.725,1576725,1576.725,0
1118,807,1,1,14:05:49,34.261,34261,34.261,1
1118,830,2,2,14:07:42,23:22.632,1402632,1402.632,0
1118,846,2,2,14:07:44,23:24.611,1404611,1404.611,0
1118,1,2,2,14:07:46,23:26.375,1406375,1406.375,0
1118,4,2,2,14:07:47,23:28.154,1408154,1408.154,0
1118,840,2,2,14:07:50,23:29.984,1409984,1409.984,0
1118,847,2,2,14:07:53,23:30.984,1410984,1410.984,0
1118,815,2,2,14:07:55,23:31.712,1411712,1411.712,0
1118,832,2,2,14:07:57,23:33.704,1413704,1413.704,0
1118,839,2,2,14:07:59,23:34.725,1414725,1414.725,0
1118,852,2,2,14:08:02,23:35.420,1415420,1415.42,0
1118,842,2,2,14:08:04,23:36.706,1416706,1416.706,0
1118,822,2,2,14:08:05,23:38.156,1418156,1418.156,0
1118,855,2,2,14:08:09,23:39.945,1419945,1419.945,0
1118,858,2,2,14:08:10,23:41.207,1421207,1421.207,0
1118,807,2,2,14:08:14,23:41.069,1421069,1421.069,0
1118,857,2,2,14:33:41,38.489,38489,38.489,1
1118,817,2,2,14:33:47,32.770,32770,32.77,1
1118,839,3,14,14:48:20,24.037,24037,24.037,1
1118,855,3,15,14:49:40,23.953,23953,23.953,1
1118,858,3,17,14:52:18,24.367,24367,24.367,1
1118,1,3,18,14:53:23,23.571,23571,23.571,1
1118,822,3,18,14:53:31,24.077,24077,24.077,1
1118,847,3,19,14:54:41,23.730,23730,23.73,1
1118,815,3,20,14:55:57,23.164,23164,23.164,1
1118,807,3,21,14:57:33,24.401,24401,24.401,1
1118,840,3,22,14:58:34,23.558,23558,23.558,1
1118,4,3,25,15:02:12,24.204,24204,24.204,1
1118,857,3,24,15:02:38,23.536,23536,23.536,1
1118,832,3,26,15:03:43,23.557,23557,23.557,1
1118,842,3,26,15:03:46,25.295,25295,25.295,1
1118,852,3,26,15:03:48,27.114,27114,27.114,1
1118,830,3,27,15:04:35,22.994,22994,22.994,1
1118,846,3,27,15:04:39,23.806,23806,23.806,1
1118,817,3,26,15:05:07,23.955,23955,23.955,1
1118,839,4,31,15:10:28,24.406,24406,24.406,1
1118,858,4,44,15:27:16,24.137,24137,24.137,1
1118,847,4,45,15:28:17,23.962,23962,23.962,1
1118,815,4,46,15:29:13,23.522,23522,23.522,1
1118,1,4,46,15:29:28,24.074,24074,24.074,1
1118,842,4,46,15:29:32,23.583,23583,23.583,1
1118,807,4,46,15:30:00,23.841,23841,23.841,1
1118,4,4,47,15:30:25,23.830,23830,23.83,1
1118,832,4,51,15:35:44,23.704,23704,23.704,1
1118,839,5,51,15:36:12,23.599,23599,23.599,1
1118,840,4,52,15:36:55,25.294,25294,25.294,1
1118,857,4,52,15:38:37,23.338,23338,23.338,1
1118,852,4,55,15:41:00,23.453,23453,23.453,1
1118,830,4,56,15:41:21,23.397,23397,23.397,1
1118,817,4,55,15:42:16,23.508,23508,23.508,1
1118,846,4,59,15:45:16,23.664,23664,23.664,1
1119,815,1,1,22:06:05,33.599,33599,33.599,1
1119,4,1,1,22:06:26,29.304,29304,29.304,1
1119,822,1,1,22:06:30,43.914,43914,43.914,1
1119,840,1,3,22:10:06,22.222,22222,22.222,1
1119,832,1,3,22:10:19,21.261,21261,21.261,1
1119,852,1,10,22:25:26,20.619,20619,20.619,1
1119,807,1,12,22:28:45,22.154,22154,22.154,1
1119,825,1,14,22:32:02,21.611,21611,21.611,1
1119,847,1,15,22:33:29,21.257,21257,21.257,1
1119,858,1,15,22:33:40,21.367,21367,21.367,1
1119,830,1,16,22:35:04,26.686,26686,26.686,1
1119,848,1,16,22:35:17,21.242,21242,21.242,1
1119,857,1,16,22:35:19,23.269,23269,23.269,1
1119,842,1,17,22:36:53,22.262,22262,22.262,1
1119,1,1,17,22:37:11,25.047,25047,25.047,1
1119,817,1,17,22:37:13,22.242,22242,22.242,1
1119,839,1,20,22:41:58,21.763,21763,21.763,1
1119,844,1,21,22:43:18,22.559,22559,22.559,1
1119,852,2,21,22:44:16,20.894,20894,20.894,1
1119,822,2,24,22:49:10,21.575,21575,21.575,1
1119,815,2,26,22:51:52,21.568,21568,21.568,1
1119,840,2,26,22:52:07,22.570,22570,22.57,1
1119,830,2,26,22:52:08,21.323,21323,21.323,1
1119,847,2,26,22:52:11,21.952,21952,21.952,1
1119,832,2,26,22:52:13,22.630,22630,22.63,1
1119,4,2,26,22:52:17,23.214,23214,23.214,1
1119,855,1,26,22:52:26,22.155,22155,22.155,1
1119,825,2,26,22:52:38,21.868,21868,21.868,1
1119,807,2,26,22:52:42,25.453,25453,25.453,1
1119,1,2,26,22:52:49,22.508,22508,22.508,1
1119,857,2,43,23:22:11,20.535,20535,20.535,1
1120,825,1,5,17:11:16,22.764,22764,22.764,1
1120,817,1,7,17:14:15,21.692,21692,21.692,1
1120,4,1,12,17:21:44,22.462,22462,22.462,1
1120,857,1,13,17:23:13,21.697,21697,21.697,1
1120,807,1,13,17:23:25,21.861,21861,21.861,1
1120,855,1,13,17:23:27,22.867,22867,22.867,1
1120,846,1,14,17:24:40,24.061,24061,24.061,1
1120,847,1,14,17:24:42,21.650,21650,21.65,1
1120,1,1,15,17:26:21,22.195,22195,22.195,1
1120,839,1,15,17:26:22,22.160,22160,22.16,1
1120,858,1,15,17:26:35,22.124,22124,22.124,1
1120,830,1,16,17:27:36,21.662,21662,21.662,1
1120,848,1,16,17:28:04,22.170,22170,22.17,1
1120,844,1,17,17:29:09,21.919,21919,21.919,1
1120,815,1,17,17:29:21,21.446,21446,21.446,1
1120,842,1,17,17:29:26,23.091,23091,23.091,1
1120,852,1,22,17:36:54,21.486,21486,21.486,1
1120,840,1,22,17:36:59,21.866,21866,21.866,1
1120,825,2,22,17:37:30,22.163,22163,22.163,1
1120,832,1,23,17:38:36,21.229,21229,21.229,1
1120,822,1,29,17:48:01,22.665,22665,22.665,1
1120,817,2,31,17:50:51,21.740,21740,21.74,1
1120,842,2,32,17:52:26,23.478,23478,23.478,1
1120,846,2,33,17:53:31,21.432,21432,21.432,1
1120,807,2,33,17:54:04,22.081,22081,22.081,1
1120,847,2,34,17:54:57,22.084,22084,22.084,1
1120,844,2,35,17:56:25,21.246,21246,21.246,1
1120,1,2,35,17:56:42,22.045,22045,22.045,1
1120,857,2,36,17:58:08,21.156,21156,21.156,1
1120,4,2,36,17:58:11,21.841,21841,21.841,1
1120,855,2,37,18:00:12,22.345,22345,22.345,1
1120,858,2,41,18:06:20,21.880,21880,21.88,1
1120,815,2,42,18:06:56,21.274,21274,21.274,1
1120,840,2,42,18:07:20,21.667,21667,21.667,1
1120,830,2,43,18:08:09,21.275,21275,21.275,1
1120,848,2,43,18:09:09,21.919,21919,21.919,1
1120,832,2,56,18:28:24,21.564,21564,21.564,1
1121,807,1,1,18:05:33,36.604,36604,36.604,1
1121,855,1,9,18:18:39,25.208,25208,25.208,1
1121,840,1,9,18:18:42,24.418,24418,24.418,1
1121,839,1,10,18:20:20,24.877,24877,24.877,1
1121,858,1,10,18:21:19,35.729,35729,35.729,1
1121,847,1,11,18:21:38,24.778,24778,24.778,1
1121,844,1,11,18:21:41,24.069,24069,24.069,1
1121,825,1,11,18:21:55,25.951,25951,25.951,1
1121,815,1,12,18:23:16,24.516,24516,24.516,1
1122,830,1,7,20:15:25,20.607,20607,20.607,1
1121,1,1,12,18:23:26,25.087,25087,25.087,1
1121,842,1,12,18:23:38,29.980,29980,29.98,1
1121,822,1,12,18:23:42,26.420,26420,26.42,1
1122,815,1,7,20:15:30,22.196,22196,22.196,1
1121,817,1,13,18:25:17,24.988,24988,24.988,1
1121,832,1,14,18:26:32,24.474,24474,24.474,1
1121,852,1,14,18:26:47,24.724,24724,24.724,1
1121,4,1,15,18:28:24,24.786,24786,24.786,1
1121,848,1,15,18:28:29,24.681,24681,24.681,1
1121,830,1,17,18:31:12,25.064,25064,25.064,1
1121,807,2,20,18:37:08,24.768,24768,24.768,1
1121,840,2,27,18:48:25,24.545,24545,24.545,1
1121,855,2,28,18:49:59,25.094,25094,25.094,1
1121,858,2,28,18:51:33,25.070,25070,25.07,1
1121,839,2,30,18:53:30,25.145,25145,25.145,1
1121,822,2,30,18:53:32,1:14.773,74773,74.773,0
1121,847,2,31,18:54:21,24.866,24866,24.866,1
1121,842,2,31,18:55:10,26.462,26462,26.462,1
1121,825,2,32,18:56:37,24.446,24446,24.446,1
1122,844,1,7,20:15:31,23.419,23419,23.419,1
1121,1,2,33,18:57:45,24.094,24094,24.094,1
1121,844,2,34,18:59:13,24.136,24136,24.136,1
1122,857,1,7,20:15:36,21.427,21427,21.427,1
1121,852,2,34,18:59:47,24.324,24324,24.324,1
1121,832,2,35,19:00:38,23.866,23866,23.866,1
1121,817,2,35,19:01:34,24.856,24856,24.856,1
1121,815,2,36,19:02:12,24.563,24563,24.563,1
1121,848,2,36,19:03:09,24.610,24610,24.61,1
1121,830,2,37,19:03:29,24.209,24209,24.209,1
1121,4,2,41,19:10:58,25.109,25109,25.109,1
1121,858,3,40,19:11:22,25.346,25346,25.346,1
1121,807,3,41,19:11:29,24.387,24387,24.387,1
1121,842,3,43,19:14:55,25.240,25240,25.24,1
1121,857,1,12,18:23:24,25.450,25450,25.45,1
1121,846,1,13,18:25:00,24.205,24205,24.205,1
1121,846,2,33,18:57:39,24.705,24705,24.705,1
1121,857,2,34,18:59:20,24.852,24852,24.852,1
1122,4,1,7,20:15:37,22.129,22129,22.129,1
1122,847,1,7,20:15:42,21.013,21013,21.013,1
1122,852,1,7,20:15:51,21.694,21694,21.694,1
1122,860,1,7,20:15:51,22.457,22457,22.457,1
1122,825,1,7,20:15:53,21.460,21460,21.46,1
1122,848,1,7,20:15:53,21.723,21723,21.723,1
1122,817,1,7,20:15:57,1:03.364,63364,63.364,0
1122,839,1,7,20:15:59,22.502,22502,22.502,1
1122,822,1,7,20:16:00,22.795,22795,22.795,1
1122,858,1,7,20:16:01,23.645,23645,23.645,1
1122,807,1,33,20:59:21,21.035,21035,21.035,1
1122,822,2,35,21:02:58,23.281,23281,23.281,1
1122,1,1,36,21:03:38,20.170,20170,20.17,1
1123,817,1,5,15:10:25,18.265,18265,18.265,1
1122,855,1,41,21:12:03,46.381,46381,46.381,1
1122,846,1,37,21:05:08,22.211,22211,22.211,1
1123,848,1,6,15:11:45,17.755,17755,17.755,1
1123,855,1,6,15:11:49,19.032,19032,19.032,1
1123,1,1,7,15:13:04,17.596,17596,17.596,1
1123,825,1,7,15:13:08,18.301,18301,18.301,1
1123,847,1,8,15:14:23,18.046,18046,18.046,1
1123,840,1,8,15:14:26,17.901,17901,17.901,1
1123,822,1,8,15:14:30,46.969,46969,46.969,1
1123,844,1,9,15:15:42,17.409,17409,17.409,1
1123,857,1,9,15:15:43,17.573,17573,17.573,1
1123,852,1,9,15:15:50,18.523,18523,18.523,1
1123,839,1,9,15:15:55,18.287,18287,18.287,1
1123,846,1,14,15:22:37,17.776,17776,17.776,1
1123,815,1,14,15:22:45,18.112,18112,18.112,1
1123,832,1,16,15:25:14,17.599,17599,17.599,1
1123,839,2,16,15:25:58,30.626,30626,30.626,1
1123,4,1,17,15:27:06,18.160,18160,18.16,1
1123,807,1,17,15:27:28,18.320,18320,18.32,1
1123,842,1,17,15:27:32,20.316,20316,20.316,1
1123,848,2,27,15:41:35,17.745,17745,17.745,1
1123,817,2,29,15:44:29,17.751,17751,17.751,1
1123,825,2,33,15:49:58,18.151,18151,18.151,1
1123,844,2,34,15:50:35,17.308,17308,17.308,1
1123,815,2,35,15:52:18,17.222,17222,17.222,1
1123,807,2,35,15:52:40,18.145,18145,18.145,1
1123,855,2,35,15:52:50,36.866,36866,36.866,1
1123,852,2,36,15:53:59,17.535,17535,17.535,1
1123,822,2,36,15:54:30,18.938,18938,18.938,1
1123,840,2,37,15:55:19,17.977,17977,17.977,1
1123,857,2,39,15:57:32,18.533,18533,18.533,1
1123,846,2,40,15:58:46,17.653,17653,17.653,1
1123,832,2,41,15:59:57,17.740,17740,17.74,1
1123,4,2,41,16:00:37,17.995,17995,17.995,1
1123,842,2,41,16:01:21,17.682,17682,17.682,1
1123,839,3,42,16:02:51,18.007,18007,18.007,1
1123,847,2,45,16:06:07,17.964,17964,17.964,1
1124,830,1,1,14:05:50,26:15.603,1575603,1575.603,0
1124,815,1,1,14:05:52,26:17.661,1577661,1577.661,0
1124,846,1,1,14:05:54,26:20.116,1580116,1580.116,0
1124,832,1,1,14:05:57,26:20.097,1580097,1580.097,0
1124,4,1,1,14:06:00,26:20.924,1580924,1580.924,0
1124,857,1,1,14:06:03,26:20.204,1580204,1580.204,0
1124,1,1,1,14:06:12,26:20.696,1580696,1580.696,0
1124,844,1,1,14:06:13,26:23.333,1583333,1583.333,0
1124,847,1,1,14:06:18,26:21.238,1581238,1581.238,0
1124,807,1,1,14:06:21,26:20.886,1580886,1580.886,0
1124,822,1,1,14:06:22,26:22.542,1582542,1582.542,0
1124,852,1,1,14:06:25,26:24.553,1584553,1584.553,0
1124,839,1,1,14:06:28,26:26.095,1586095,1586.095,0
1124,842,1,1,14:06:30,26:26.793,1586793,1586.793,0
1124,840,1,1,14:06:35,26:25.911,1585911,1585.911,0
1124,825,1,1,14:06:40,26:24.630,1584630,1584.63,0
1124,858,1,1,14:06:43,26:25.267,1585267,1585.267,0
1124,855,1,1,14:06:50,26:22.912,1582912,1582.912,0
1124,807,2,5,14:40:46,23.622,23622,23.622,1
1124,822,2,6,14:42:21,24.824,24824,24.824,1
1124,852,2,7,14:43:59,23.358,23358,23.358,1
1124,855,2,7,14:44:07,23.910,23910,23.91,1
1124,846,2,11,14:50:21,23.049,23049,23.049,1
1124,855,3,11,14:51:01,26.653,26653,26.653,1
1124,857,2,12,14:52:06,23.420,23420,23.42,1
1124,840,2,12,14:52:17,23.358,23358,23.358,1
1124,4,2,13,14:53:43,22.998,22998,22.998,1
1124,815,2,15,14:56:51,22.990,22990,22.99,1
1124,832,2,15,14:56:55,23.136,23136,23.136,1
1124,830,2,16,14:58:23,23.177,23177,23.177,1
1124,842,2,16,14:59:18,23.844,23844,23.844,1
1124,839,2,19,15:04:11,23.394,23394,23.394,1
1124,847,2,22,15:08:39,23.577,23577,23.577,1
1124,825,2,22,15:09:03,26.198,26198,26.198,1
1124,822,3,22,15:09:04,25.946,25946,25.946,1
1124,858,2,22,15:09:04,25.530,25530,25.53,1
1124,852,3,22,15:09:05,23.486,23486,23.486,1
1124,840,3,22,15:09:06,23.238,23238,23.238,1
1124,1,2,23,15:10:21,23.333,23333,23.333,1
1124,844,2,26,15:15:01,23.285,23285,23.285,1
1124,846,3,26,15:15:02,23.232,23232,23.232,1
1124,857,3,32,15:25:00,22.848,22848,22.848,1
1124,842,3,32,15:26:03,23.102,23102,23.102,1
1124,815,3,33,15:26:18,22.956,22956,22.956,1
1124,4,3,33,15:26:33,23.157,23157,23.157,1
1124,807,3,33,15:27:22,23.993,23993,23.993,1
1124,839,3,33,15:27:33,24.181,24181,24.181,1
1124,830,3,34,15:27:43,23.234,23234,23.234,1
1124,840,4,34,15:28:58,22.911,22911,22.911,1
1124,858,3,34,15:29:04,24.220,24220,24.22,1
1124,832,3,36,15:31:14,23.591,23591,23.591,1
1124,847,3,37,15:33:07,22.991,22991,22.991,1
1124,1,3,39,15:36:25,23.956,23956,23.956,1
1124,858,4,41,15:41:24,23.287,23287,23.287,1
1125,807,1,8,15:17:30,23.004,23004,23.004,1
1125,852,1,8,15:17:35,23.160,23160,23.16,1
1125,855,1,8,15:17:39,23.362,23362,23.362,1
1125,840,1,9,15:19:10,23.823,23823,23.823,1
1125,822,1,9,15:19:12,22.949,22949,22.949,1
1125,839,1,9,15:19:14,23.156,23156,23.156,1
1125,848,1,9,15:19:15,23.273,23273,23.273,1
1125,1,1,9,15:19:19,22.518,22518,22.518,1
1125,4,1,11,15:22:28,23.049,23049,23.049,1
1125,847,1,11,15:22:32,22.415,22415,22.415,1
1125,842,1,11,15:22:43,39.712,39712,39.712,1
1125,858,1,12,15:24:34,23.229,23229,23.229,1
1125,830,1,13,15:25:33,22.456,22456,22.456,1
1125,815,1,13,15:25:43,22.027,22027,22.027,1
1125,817,1,14,15:27:53,22.598,22598,22.598,1
1125,857,1,16,15:31:03,22.673,22673,22.673,1
1125,832,1,17,15:32:49,22.629,22629,22.629,1
1125,825,1,17,15:33:13,22.974,22974,22.974,1
1125,844,1,21,15:39:34,22.360,22360,22.36,1
1125,840,2,21,15:40:07,22.911,22911,22.911,1
1125,1,2,21,15:40:23,22.662,22662,22.662,1
1125,846,1,22,15:41:37,22.161,22161,22.161,1
1125,830,2,23,15:43:44,22.270,22270,22.27,1
1125,815,2,23,15:44:03,22.371,22371,22.371,1
1125,4,2,23,15:44:21,22.687,22687,22.687,1
1125,847,2,23,15:44:25,22.707,22707,22.707,1
1125,807,2,23,15:44:41,23.336,23336,23.336,1
1125,839,2,23,15:44:48,23.208,23208,23.208,1
1125,852,2,23,15:44:54,22.387,22387,22.387,1
1125,848,2,23,15:44:57,23.600,23600,23.6,1
1125,855,2,23,15:45:02,25.610,25610,25.61,1
1125,842,2,23,15:45:12,23.987,23987,23.987,1
1125,857,2,24,15:46:41,22.262,22262,22.262,1
1125,858,2,24,15:47:14,22.684,22684,22.684,1
1125,840,3,26,15:51:46,1:33.274,93274,93.274,0
1125,825,2,27,15:54:22,25.727,25727,25.727,1
1125,840,4,35,16:10:09,34.777,34777,34.777,1
1125,842,3,38,16:15:11,22.836,22836,22.836,1
1125,855,3,40,16:18:35,23.252,23252,23.252,1
1125,4,3,43,16:23:18,23.179,23179,23.179,1
1126,848,1,10,16:19:16,22.828,22828,22.828,1
1126,840,1,11,16:20:48,23.038,23038,23.038,1
1126,858,1,11,16:20:52,22.611,22611,22.611,1
1126,822,1,11,16:20:55,23.730,23730,23.73,1
1126,807,1,12,16:22:21,23.055,23055,23.055,1
1126,842,1,12,16:22:22,22.466,22466,22.466,1
1126,815,1,17,16:29:57,21.695,21695,21.695,1
1126,844,1,19,16:32:56,21.825,21825,21.825,1
1126,839,1,22,16:38:08,22.663,22663,22.663,1
1126,4,1,22,16:38:11,22.374,22374,22.374,1
1126,825,1,22,16:38:18,23.265,23265,23.265,1
1126,830,1,23,16:39:17,22.187,22187,22.187,1
1126,847,1,24,16:41:18,22.800,22800,22.8,1
1126,1,1,26,16:44:23,22.107,22107,22.107,1
1126,857,1,27,16:45:31,22.216,22216,22.216,1
1126,832,1,27,16:45:33,22.805,22805,22.805,1
1126,815,2,28,16:47:40,22.396,22396,22.396,1
1126,852,1,28,16:47:44,22.153,22153,22.153,1
1126,855,1,28,16:48:01,23.017,23017,23.017,1
1126,817,1,28,16:48:05,22.540,22540,22.54,1
1126,807,2,28,16:48:13,22.487,22487,22.487,1
1126,840,2,28,16:48:15,22.631,22631,22.631,1
1126,825,2,28,16:48:47,29.727,29727,29.727,1
1126,846,1,29,16:49:15,22.041,22041,22.041,1
1126,822,2,29,16:50:34,22.765,22765,22.765,1
1126,825,3,31,16:54:36,30.732,30732,30.732,1
1126,857,2,40,17:08:34,30.409,30409,30.409,1
1126,848,2,53,17:29:03,22.567,22567,22.567,1
1127,4,1,7,15:13:08,31.368,31368,31.368,1
1127,848,1,8,15:14:25,30.050,30050,30.05,1
1127,842,1,8,15:14:26,30.081,30081,30.081,1
1127,822,1,8,15:14:28,30.240,30240,30.24,1
1127,848,2,9,15:17:08,33.179,33179,33.179,1
1127,817,1,11,15:18:29,30.068,30068,30.068,1
1127,852,1,12,15:19:49,29.628,29628,29.628,1
1127,807,1,13,15:21:11,29.749,29749,29.749,1
1127,847,1,21,15:31:57,29.664,29664,29.664,1
1127,846,1,22,15:33:08,29.956,29956,29.956,1
1127,857,1,23,15:34:37,29.770,29770,29.77,1
1127,830,1,24,15:35:46,30.416,30416,30.416,1
1127,848,3,23,15:36:52,38.413,38413,38.413,1
1127,844,1,25,15:37:15,30.149,30149,30.149,1
1127,839,1,25,15:37:56,30.659,30659,30.659,1
1127,832,1,27,15:40:03,30.508,30508,30.508,1
1127,1,1,27,15:40:14,29.547,29547,29.547,1
1127,848,4,28,15:44:25,31.131,31131,31.131,1
1127,842,2,30,15:45:06,30.654,30654,30.654,1
1127,858,1,31,15:46:28,31.085,31085,31.085,1
1127,855,1,33,15:49:09,30.244,30244,30.244,1
1127,815,1,37,15:54:16,29.669,29669,29.669,1
1127,840,1,37,15:54:22,29.971,29971,29.971,1
1127,825,1,37,15:54:36,31.302,31302,31.302,1
1127,4,2,40,15:59:03,30.483,30483,30.483,1
1127,847,2,52,16:14:22,29.605,29605,29.605,1
1127,4,3,59,16:25:23,29.931,29931,29.931,1
1129,825,1,7,14:14:25,30.472,30472,30.472,1
1129,807,1,12,14:22:33,24.233,24233,24.233,1
1129,855,1,24,14:40:42,25.598,25598,25.598,1
1129,830,1,25,14:40:52,24.306,24306,24.306,1
1129,847,1,25,14:40:52,24.044,24044,24.044,1
1129,857,1,25,14:40:53,23.977,23977,23.977,1
1129,4,1,25,14:41:12,25.788,25788,25.788,1
1129,1,1,25,14:41:13,23.762,23762,23.762,1
1129,840,1,25,14:41:47,24.284,24284,24.284,1
1129,848,1,25,14:41:54,24.753,24753,24.753,1
1129,844,1,25,14:41:58,24.031,24031,24.031,1
1129,832,1,25,14:42:01,27.626,27626,27.626,1
1129,825,2,25,14:42:03,26.794,26794,26.794,1
1129,842,1,25,14:42:06,24.911,24911,24.911,1
1129,815,1,25,14:42:09,33.762,33762,33.762,1
1129,807,2,25,14:42:21,24.668,24668,24.668,1
1129,846,1,26,14:42:44,23.423,23423,23.423,1
1129,817,1,26,14:43:37,30.298,30298,30.298,1
1129,844,2,28,14:47:31,47.186,47186,47.186,1
1129,844,3,31,14:53:31,24.629,24629,24.629,1
1129,842,2,40,15:05:55,24.408,24408,24.408,1
1129,825,3,41,15:07:24,24.833,24833,24.833,1
1129,822,1,42,15:08:45,24.929,24929,24.929,1
1129,1,2,43,15:09:46,24.226,24226,24.226,1
1129,817,2,43,15:10:10,23.860,23860,23.86,1
1129,832,2,43,15:10:12,24.125,24125,24.125,1
1129,815,2,43,15:10:12,24.423,24423,24.423,1
1129,857,2,44,15:11:10,23.476,23476,23.476,1
1129,4,2,44,15:11:23,24.346,24346,24.346,1
1129,852,1,44,15:11:26,25.569,25569,25.569,1
1129,840,2,44,15:11:30,25.025,25025,25.025,1
1129,839,1,44,15:11:32,24.495,24495,24.495,1
1129,848,2,44,15:11:34,24.804,24804,24.804,1
1129,807,3,44,15:11:43,24.751,24751,24.751,1
1129,855,2,44,15:11:53,1:05.564,65564,65.564,0
1129,830,2,45,15:12:29,24.246,24246,24.246,1
1129,847,2,45,15:12:31,25.431,25431,25.431,1
1129,846,2,47,15:15:19,23.983,23983,23.983,1
1129,855,3,52,15:25:02,28.375,28375,28.375,1
1129,847,3,54,15:25:19,28.157,28157,28.157,1
1129,1,3,54,15:25:24,28.817,28817,28.817,1
1129,825,4,54,15:26:25,26.845,26845,26.845,1
1128,844,1,1,15:04:50,39:18.026,2358026,2358.026,0
1128,857,1,1,15:04:52,39:17.645,2357645,2357.645,0
1128,846,1,1,15:04:54,39:25.538,2365538,2365.538,0
1128,847,1,1,15:04:56,39:29.363,2369363,2369.363,0
1128,830,1,1,15:04:57,39:32.670,2372670,2372.67,0
1128,1,1,1,15:05:00,39:35.369,2375369,2375.369,0
1128,852,1,1,15:05:02,39:37.564,2377564,2377.564,0
1128,848,1,1,15:05:05,39:41.390,2381390,2381.39,0
1128,842,1,1,15:05:07,39:41.893,2381893,2381.893,0
1128,840,1,1,15:05:10,39:43.588,2383588,2383.588,0
1128,817,1,1,15:05:13,39:45.823,2385823,2385.823,0
1128,4,1,1,15:05:15,39:49.467,2389467,2389.467,0
1128,858,1,1,15:05:16,39:51.600,2391600,2391.6,0
1128,822,1,1,15:05:19,39:54.053,2394053,2394.053,0
1128,832,1,1,15:05:27,38:47.072,2327072,2327.072,0
1128,855,1,1,15:05:31,39:46.414,2386414,2386.414,0
1128,822,15,2,16:04:57,24.239,24239,24.239,1
1128,840,42,2,16:41:05,24.132,24132,24.132,1
1128,840,48,3,16:49:27,28.211,28211,28.211,1
1128,1,51,2,16:52:10,24.232,24232,24.232,1
1128,830,52,2,16:53:26,23.813,23813,23.813,1
1128,858,57,2,17:01:43,24.384,24384,24.384,1
1128,855,70,2,17:19:04,24.367,24367,24.367,1
1130,855,1,9,15:15:47,22.523,22523,22.523,1
1130,852,1,9,15:15:48,22.064,22064,22.064,1
1130,825,1,10,15:17:08,23.360,23360,23.36,1
1130,822,1,11,15:18:28,22.744,22744,22.744,1
1130,807,1,12,15:19:44,22.722,22722,22.722,1
1130,839,1,13,15:21:03,21.834,21834,21.834,1
1130,815,1,13,15:21:05,22.181,22181,22.181,1
1130,842,1,14,15:22:19,26.097,26097,26.097,1
1130,858,1,14,15:22:45,22.401,22401,22.401,1
1130,847,1,15,15:23:33,25.023,25023,25.023,1
1130,832,1,15,15:23:36,22.194,22194,22.194,1
1130,1,1,16,15:24:57,21.840,21840,21.84,1
1130,817,1,16,15:25:24,22.364,22364,22.364,1
1130,830,1,17,15:26:11,21.544,21544,21.544,1
1130,840,1,17,15:26:39,21.880,21880,21.88,1
1130,848,1,18,15:28:15,23.248,23248,23.248,1
1130,4,1,19,15:29:25,21.957,21957,21.957,1
1130,857,1,21,15:31:54,22.224,22224,22.224,1
1130,846,1,23,15:34:21,21.618,21618,21.618,1
1130,844,1,24,15:35:49,22.260,22260,22.26,1
1130,852,2,27,15:40:44,22.084,22084,22.084,1
1130,822,2,28,15:41:58,22.963,22963,22.963,1
1130,825,2,29,15:43:22,28.967,28967,28.967,1
1130,815,2,31,15:45:43,21.464,21464,21.464,1
1130,858,2,34,15:50:28,22.506,22506,22.506,1
1130,847,2,36,15:52:01,22.700,22700,22.7,1
1130,832,2,36,15:52:05,22.249,22249,22.249,1
1130,839,2,37,15:53:54,21.921,21921,21.921,1
1130,840,2,37,15:54:06,23.381,23381,23.381,1
1130,842,2,38,15:55:06,21.687,21687,21.687,1
1130,807,2,38,15:55:17,22.518,22518,22.518,1
1130,855,2,41,15:59:31,24.253,24253,24.253,1
1130,817,2,42,16:01:01,22.108,22108,22.108,1
1130,1,2,43,16:01:21,21.603,21603,21.603,1
1130,830,2,44,16:02:29,22.340,22340,22.34,1
1130,848,2,43,16:02:33,21.892,21892,21.892,1
1130,852,3,44,16:04:06,22.564,22564,22.564,1
1130,4,2,45,16:04:54,22.571,22571,22.571,1
1130,857,2,46,16:05:37,22.420,22420,22.42,1
1130,846,2,47,16:06:31,22.631,22631,22.631,1
1130,844,2,47,16:06:44,21.624,21624,21.624,1
1130,815,3,49,16:09:52,21.472,21472,21.472,1
1131,844,1,1,15:04:20,31.917,31917,31.917,1
1131,858,1,1,15:04:23,31.722,31722,31.722,1
1131,825,1,10,15:15:02,21.518,21518,21.518,1
1131,817,1,10,15:15:04,21.502,21502,21.502,1
1131,807,1,11,15:16:12,22.355,22355,22.355,1
1131,4,1,11,15:16:18,21.483,21483,21.483,1
1131,848,1,12,15:17:30,21.878,21878,21.878,1
1131,844,2,16,15:22:38,21.685,21685,21.685,1
1131,839,1,19,15:25:51,22.291,22291,22.291,1
1131,822,1,19,15:26:01,21.918,21918,21.918,1
1131,842,1,20,15:27:05,21.431,21431,21.431,1
1131,840,1,20,15:27:11,21.399,21399,21.399,1
1131,858,2,20,15:27:51,22.502,22502,22.502,1
1131,1,1,21,15:28:03,21.563,21563,21.563,1
1131,815,1,21,15:28:10,21.291,21291,21.291,1
1131,852,1,21,15:28:21,21.250,21250,21.25,1
1131,847,1,22,15:29:09,21.673,21673,21.673,1
1131,832,1,22,15:29:12,21.226,21226,21.226,1
1131,830,1,23,15:30:10,21.899,21899,21.899,1
1131,846,1,23,15:30:16,21.617,21617,21.617,1
1131,857,1,25,15:32:49,20.978,20978,20.978,1
1131,855,1,28,15:37:09,23.198,23198,23.198,1
1131,844,3,33,15:43:03,22.243,22243,22.243,1
1131,4,2,35,15:45:19,33.947,33947,33.947,1
1131,817,2,37,15:47:39,21.093,21093,21.093,1
1131,825,2,38,15:48:49,21.832,21832,21.832,1
1131,807,2,39,15:49:55,21.814,21814,21.814,1
1131,848,2,39,15:50:11,21.692,21692,21.692,1
1131,842,2,42,15:53:40,22.043,22043,22.043,1
1131,822,2,42,15:53:49,21.991,21991,21.991,1
1131,839,2,43,15:54:52,21.231,21231,21.231,1
1131,840,2,43,15:54:58,21.302,21302,21.302,1
1131,852,2,44,15:56:07,23.444,23444,23.444,1
1131,847,2,46,15:57:41,21.229,21229,21.229,1
1131,832,2,47,15:58:55,21.283,21283,21.283,1
1131,858,3,49,16:03:04,22.093,22093,22.093,1
1131,830,2,51,16:03:13,25.841,25841,25.841,1
1131,846,2,51,16:03:21,21.411,21411,21.411,1
1131,857,2,51,16:03:40,20.775,20775,20.775,1
1131,815,2,51,16:04:03,27.500,27500,27.5,1
1131,844,4,51,16:04:33,20.903,20903,20.903,1
1131,855,2,51,16:05:02,21.594,21594,21.594,1
1131,1,2,53,16:06:06,27.281,27281,27.281,1
1131,830,3,64,16:19:06,22.729,22729,22.729,1
1131,4,3,68,16:25:31,22.487,22487,22.487,1
1132,855,1,12,15:22:07,29.178,29178,29.178,1
1132,844,1,19,15:32:51,28.481,28481,28.481,1
1132,815,1,19,15:32:59,28.391,28391,28.391,1
1132,839,1,19,15:33:21,28.495,28495,28.495,1
1132,855,2,19,15:33:46,29.838,29838,29.838,1
1132,839,2,21,15:37:02,28.276,28276,28.276,1
1132,830,1,26,15:43:41,28.365,28365,28.365,1
1132,832,1,26,15:43:42,29.199,29199,29.199,1
1132,807,1,26,15:43:59,29.412,29412,29.412,1
1132,840,1,26,15:44:01,29.023,29023,29.023,1
1132,817,1,26,15:44:23,28.875,28875,28.875,1
1132,822,1,26,15:44:42,30.628,30628,30.628,1
1132,846,1,27,15:45:13,28.661,28661,28.661,1
1132,1,1,27,15:45:17,28.929,28929,28.929,1
1132,847,1,27,15:45:20,32.045,32045,32.045,1
1132,4,1,27,15:45:51,29.341,29341,29.341,1
1132,852,1,27,15:45:52,30.000,30000,30.0,1
1132,848,1,27,15:45:53,34.742,34742,34.742,1
1132,839,3,26,15:45:57,29.289,29289,29.289,1
1132,825,1,27,15:45:59,30.308,30308,30.308,1
1132,858,1,27,15:46:01,32.801,32801,32.801,1
1132,855,3,26,15:46:39,29.125,29125,29.125,1
1132,857,1,28,15:47:12,29.541,29541,29.541,1
1132,844,2,27,15:47:17,29.233,29233,29.233,1
1132,815,2,28,15:49:13,32.313,32313,32.313,1
1132,825,2,37,16:03:41,29.884,29884,29.884,1
1132,817,2,37,16:03:44,29.873,29873,29.873,1
1132,822,2,37,16:04:05,31.527,31527,31.527,1
1132,1,2,38,16:04:09,30.038,30038,30.038,1
1132,830,2,38,16:04:14,29.076,29076,29.076,1
1132,857,2,38,16:04:29,29.200,29200,29.2,1
1132,844,3,37,16:04:40,29.166,29166,29.166,1
1132,815,3,37,16:04:59,29.300,29300,29.3,1
1132,4,2,38,16:05:03,29.686,29686,29.686,1
1132,852,2,38,16:05:07,29.658,29658,29.658,1
1132,848,2,38,16:05:11,29.410,29410,29.41,1
1132,858,2,38,16:05:23,29.444,29444,29.444,1
1132,846,2,39,16:05:44,30.387,30387,30.387,1
1132,855,4,37,16:06:00,33.083,33083,33.083,1
1132,832,2,39,16:06:06,29.097,29097,29.097,1
1132,807,2,39,16:06:28,30.265,30265,30.265,1
1132,840,2,39,16:06:33,29.469,29469,29.469,1
1132,839,4,38,16:06:52,29.086,29086,29.086,1
1132,815,4,47,16:20:38,28.871,28871,28.871,1
1132,832,3,50,16:22:59,28.706,28706,28.706,1
1133,807,1,2,15:06:01,22.287,22287,22.287,1
1133,848,1,6,15:11:43,22.091,22091,22.091,1
1133,825,1,6,15:11:43,21.871,21871,21.871,1
1133,839,1,6,15:11:47,21.829,21829,21.829,1
1133,4,1,7,15:13:05,22.542,22542,22.542,1
1133,817,1,7,15:13:08,21.084,21084,21.084,1
1133,855,1,7,15:13:15,21.993,21993,21.993,1
1133,858,1,8,15:14:38,21.757,21757,21.757,1
1133,840,1,14,15:23:01,23.237,23237,23.237,1
1133,1,1,16,15:25:36,21.306,21306,21.306,1
1133,822,1,16,15:25:58,22.146,22146,22.146,1
1133,846,1,17,15:26:55,21.861,21861,21.861,1
1133,857,1,18,15:28:15,21.641,21641,21.641,1
1133,830,1,21,15:32:38,22.101,22101,22.101,1
1133,832,1,21,15:32:46,21.655,21655,21.655,1
1133,844,1,23,15:35:30,21.894,21894,21.894,1
1133,815,1,28,15:43:04,21.395,21395,21.395,1
1133,842,1,28,15:43:16,21.405,21405,21.405,1
1133,817,2,28,15:43:23,21.378,21378,21.378,1
1133,852,1,29,15:44:27,21.467,21467,21.467,1
1133,807,2,29,15:44:45,22.472,22472,22.472,1
1133,848,2,29,15:44:46,23.410,23410,23.41,1
1133,839,2,30,15:46:17,21.444,21444,21.444,1
1133,847,1,33,15:50:09,21.369,21369,21.369,1
1133,858,2,33,15:50:34,21.398,21398,21.398,1
1133,825,2,34,15:51:57,22.531,22531,22.531,1
1133,855,2,36,15:55:03,22.183,22183,22.183,1
1133,4,2,37,15:55:57,21.800,21800,21.8,1
1133,1,2,40,15:59:28,21.910,21910,21.91,1
1133,844,2,40,15:59:29,21.723,21723,21.723,1
1133,846,2,45,16:06:18,21.249,21249,21.249,1
1133,840,2,45,16:07:17,22.276,22276,22.276,1
1133,822,2,45,16:07:35,21.981,21981,21.981,1
1133,857,2,47,16:09:05,21.823,21823,21.823,1
1133,832,2,47,16:09:23,21.439,21439,21.439,1
1133,815,2,47,16:09:46,21.056,21056,21.056,1
1133,830,2,49,16:12:02,21.344,21344,21.344,1
1133,847,2,53,16:18:05,21.328,21328,21.328,1
1133,858,3,63,16:33:22,21.908,21908,21.908,1
1133,839,3,64,16:34:46,21.330,21330,21.33,1
1134,807,1,7,15:17:00,23.562,23562,23.562,1
1134,848,1,8,15:18:45,23.606,23606,23.606,1
1134,817,1,8,15:18:49,22.643,22643,22.643,1
1134,858,1,8,15:18:55,23.338,23338,23.338,1
1134,842,1,9,15:20:39,22.900,22900,22.9,1
1134,847,1,10,15:22:19,22.686,22686,22.686,1
1134,830,1,10,15:22:21,23.214,23214,23.214,1
1134,1,1,11,15:24:02,23.188,23188,23.188,1
1134,815,1,11,15:24:06,22.692,22692,22.692,1
1134,857,1,11,15:24:08,22.623,22623,22.623,1
1134,822,1,11,15:24:22,23.147,23147,23.147,1
1134,844,1,12,15:25:53,22.942,22942,22.942,1
1134,839,1,12,15:26:11,23.366,23366,23.366,1
1134,840,1,12,15:26:15,23.010,23010,23.01,1
1134,4,1,13,15:27:58,23.075,23075,23.075,1
1134,846,1,15,15:31:29,22.682,22682,22.682,1
1134,852,1,15,15:31:55,23.452,23452,23.452,1
1134,825,1,17,15:35:32,23.619,23619,23.619,1
1134,832,1,20,15:40:33,23.080,23080,23.08,1
1134,807,2,20,15:41:12,23.268,23268,23.268,1
1134,815,2,21,15:42:34,22.648,22648,22.648,1
1134,817,2,21,15:42:55,22.328,22328,22.328,1
1134,848,2,23,15:46:34,23.146,23146,23.146,1
1134,858,2,24,15:48:46,23.692,23692,23.692,1
1134,844,2,25,15:49:39,23.330,23330,23.33,1
1134,1,2,26,15:51:24,22.704,22704,22.704,1
1134,830,2,28,15:55:10,22.943,22943,22.943,1
1134,832,2,28,15:55:17,23.089,23089,23.089,1
1134,842,2,28,15:55:46,22.844,22844,22.844,1
1134,846,2,29,15:56:59,22.610,22610,22.61,1
1134,857,2,30,15:58:38,24.125,24125,24.125,1
1134,839,2,30,15:59:14,23.546,23546,23.546,1
1134,822,2,35,16:08:31,22.949,22949,22.949,1
1134,815,3,42,16:20:40,22.632,22632,22.632,1
1135,848,1,12,15:18:56,21.258,21258,21.258,1
1135,807,1,14,15:21:26,21.619,21619,21.619,1
1135,852,1,14,15:21:27,21.249,21249,21.249,1
1135,822,1,15,15:22:50,21.095,21095,21.095,1
1135,855,1,18,15:26:53,21.214,21214,21.214,1
1135,858,1,22,15:32:00,22.030,22030,22.03,1
1135,1,1,23,15:32:56,21.168,21168,21.168,1
1135,844,1,24,15:33:57,20.841,20841,20.841,1
1135,847,1,25,15:35:11,21.846,21846,21.846,1
1135,830,1,27,15:37:39,20.785,20785,20.785,1
1135,846,1,28,15:38:48,21.536,21536,21.536,1
1135,815,1,29,15:40:23,22.934,22934,22.934,1
1135,817,1,29,15:40:51,20.942,20942,20.942,1
1135,832,1,30,15:41:41,20.840,20840,20.84,1
1135,840,1,30,15:42:05,21.385,21385,21.385,1
1135,839,1,30,15:42:17,21.015,21015,21.015,1
1135,4,1,31,15:43:19,21.348,21348,21.348,1
1135,842,1,32,15:44:31,22.646,22646,22.646,1
1135,852,2,32,15:44:50,20.880,20880,20.88,1
1135,857,1,33,15:45:22,20.969,20969,20.969,1
1135,825,1,40,15:55:10,21.403,21403,21.403,1
1135,822,2,43,15:59:12,21.273,21273,21.273,1
1135,1,2,48,16:04:40,21.026,21026,21.026,1
1135,855,2,51,16:09:57,22.044,22044,22.044,1
1135,847,2,54,16:12:03,21.159,21159,21.159,1
1135,848,2,54,16:13:00,21.016,21016,21.016,1
1136,807,1,5,15:10:58,38.875,38875,38.875,1
1136,842,1,10,15:18:08,24.335,24335,24.335,1
1136,847,1,11,15:19:22,32.696,32696,32.696,1
1136,817,1,11,15:19:31,30.317,30317,30.317,1
1136,4,1,12,15:20:54,24.866,24866,24.866,1
1136,846,1,14,15:23:26,24.169,24169,24.169,1
1136,825,1,14,15:23:48,25.672,25672,25.672,1
1136,844,1,15,15:24:52,24.551,24551,24.551,1
1136,1,1,15,15:24:58,24.469,24469,24.469,1
1136,855,1,15,15:25:28,27.138,27138,27.138,1
1136,857,1,16,15:26:13,23.793,23793,23.793,1
1136,861,1,16,15:26:50,25.147,25147,25.147,1
1136,848,1,17,15:28:04,24.801,24801,24.801,1
1136,832,1,19,15:30:37,24.313,24313,24.313,1
1136,840,1,19,15:31:07,24.980,24980,24.98,1
1136,830,1,22,15:34:56,28.198,28198,28.198,1
1136,815,1,23,15:36:25,24.728,24728,24.728,1
1136,842,2,30,15:47:05,24.203,24203,24.203,1
1136,839,1,31,15:48:20,24.146,24146,24.146,1
1136,846,2,32,15:48:59,24.870,24870,24.87,1
1136,807,2,32,15:50:05,36.576,36576,36.576,1
1136,847,2,33,15:50:51,26.297,26297,26.297,1
1136,822,1,33,15:51:24,24.410,24410,24.41,1
1136,815,2,35,15:53:38,24.030,24030,24.03,1
1136,4,2,35,15:53:55,24.501,24501,24.501,1
1136,840,2,36,15:55:36,24.209,24209,24.209,1
1136,1,2,37,15:56:11,24.155,24155,24.155,1
1136,857,2,38,15:57:15,24.670,24670,24.67,1
1136,830,2,41,16:01:54,24.150,24150,24.15,1
1136,840,3,50,16:15:41,25.269,25269,25.269,1
1137,840,1,1,15:06:20,21.123,21123,21.123,1
1137,861,1,10,15:22:39,20.596,20596,20.596,1
1137,4,1,11,15:24:27,20.073,20073,20.073,1
1137,822,1,11,15:25:01,20.045,20045,20.045,1
1137,830,1,12,15:26:10,21.145,21145,21.145,1
1137,847,1,12,15:26:14,19.954,19954,19.954,1
1137,1,1,12,15:26:34,21.289,21289,21.289,1
1137,852,1,12,15:26:54,20.922,20922,20.922,1
1137,815,1,13,15:27:51,20.630,20630,20.63,1
1137,860,1,14,15:30:09,21.276,21276,21.276,1
1137,857,1,15,15:31:28,20.181,20181,20.181,1
1137,807,1,15,15:31:57,21.617,21617,21.617,1
1137,844,1,16,15:33:13,20.671,20671,20.671,1
1137,832,1,17,15:35:11,21.483,21483,21.483,1
1137,840,2,22,15:45:17,20.214,20214,20.214,1
1137,848,1,31,16:00:54,20.287,20287,20.287,1
1137,855,1,34,16:07:12,20.520,20520,20.52,1
1137,846,1,37,16:11:41,19.712,19712,19.712,1
1137,830,2,49,16:33:13,20.725,20725,20.725,1
1137,817,1,49,16:34:12,21.984,21984,21.984,1
1137,839,1,49,16:34:42,20.634,20634,20.634,1
1137,842,1,50,16:36:20,20.257,20257,20.257,1
1138,817,1,10,20:20:46,30.316,30316,30.316,1
1138,848,1,11,20:22:22,29.126,29126,29.126,1
1138,832,1,13,20:25:37,29.385,29385,29.385,1
1138,1,1,17,20:31:54,29.272,29272,29.272,1
1138,4,1,25,20:45:21,29.251,29251,29.251,1
1138,840,1,26,20:47:31,29.816,29816,29.816,1
1138,847,1,27,20:48:22,28.739,28739,28.739,1
1138,815,1,28,20:50:26,28.990,28990,28.99,1
1138,825,1,28,20:50:47,29.707,29707,29.707,1
1138,830,1,29,20:51:28,29.655,29655,29.655,1
1138,807,1,29,20:52:00,29.808,29808,29.808,1
1138,861,1,29,20:52:02,29.772,29772,29.772,1
1138,839,1,29,20:52:22,29.601,29601,29.601,1
1138,846,1,30,20:52:44,29.091,29091,29.091,1
1138,852,1,33,20:58:54,29.662,29662,29.662,1
1138,822,1,33,20:59:22,30.423,30423,30.423,1
1138,855,1,34,21:01:01,29.360,29360,29.36,1
1138,844,1,36,21:03:29,29.042,29042,29.042,1
1138,842,1,37,21:06:04,31.509,31509,31.509,1
1138,857,1,38,21:06:22,29.152,29152,29.152,1
1138,817,2,46,21:20:58,29.066,29066,29.066,1
1138,825,2,49,21:26:52,31.291,31291,31.291,1
1138,817,3,58,21:40:58,29.653,29653,29.653,1
1139,848,1,3,14:09:39,34.983,34983,34.983,1
1139,855,1,13,14:28:22,24.433,24433,24.433,1
1139,822,1,15,14:31:39,24.439,24439,24.439,1
1139,825,1,17,14:34:50,23.966,23966,23.966,1
1139,842,1,18,14:36:29,28.228,28228,28.228,1
1139,852,1,18,14:36:35,24.193,24193,24.193,1
1139,832,1,21,14:41:13,23.963,23963,23.963,1
1139,830,1,25,14:47:52,24.228,24228,24.228,1
1139,844,1,26,14:49:20,23.817,23817,23.817,1
1139,815,1,26,14:49:57,23.580,23580,23.58,1
1139,4,1,26,14:50:15,24.247,24247,24.247,1
1139,807,1,27,14:51:40,24.500,24500,24.5,1
1139,840,1,27,14:52:06,26.399,26399,26.399,1
1139,846,1,31,14:57:52,23.731,23731,23.731,1
1139,839,1,31,14:58:47,24.156,24156,24.156,1
1139,857,1,32,14:59:38,24.107,24107,24.107,1
1139,848,2,33,15:02:17,24.391,24391,24.391,1
1139,855,2,35,15:05:59,24.890,24890,24.89,1
1139,859,1,36,15:06:52,23.839,23839,23.839,1
1139,825,2,38,15:10:18,24.087,24087,24.087,1
1139,861,1,39,15:11:56,23.971,23971,23.971,1
1139,847,1,40,15:13:16,29.327,29327,29.327,1
1139,839,2,51,15:32:32,26.175,26175,26.175,1
1140,815,1,20,14:35:55,27.730,27730,27.73,1
1140,830,1,26,14:43:43,43.730,43730,43.73,1
1140,840,1,26,14:44:17,22.592,22592,22.592,1
1140,1,1,28,14:46:42,22.538,22538,22.538,1
1140,842,1,28,14:46:56,23.204,23204,23.204,1
1140,807,1,29,14:48:15,23.077,23077,23.077,1
1140,846,1,30,14:49:15,22.111,22111,22.111,1
1140,825,1,30,14:49:36,23.332,23332,23.332,1
1140,844,1,31,14:50:30,22.860,22860,22.86,1
1140,847,1,31,14:50:44,22.462,22462,22.462,1
1140,832,1,32,14:51:43,22.249,22249,22.249,1
1140,857,1,39,15:02:09,21.825,21825,21.825,1
1140,859,1,39,15:02:15,22.586,22586,22.586,1
1140,855,1,43,15:08:09,22.935,22935,22.935,1
1140,815,2,43,15:08:13,22.174,22174,22.174,1
1140,861,1,47,15:13:22,23.895,23895,23.895,1
1140,839,1,48,15:14:59,23.245,23245,23.245,1
1140,822,1,49,15:16:16,22.505,22505,22.505,1
1140,859,2,65,15:38:15,30.299,30299,30.299,1
1140,844,2,69,15:42:04,22.690,22690,22.69,1
1140,815,3,68,15:42:41,21.920,21920,21.92,1
1141,844,1,24,13:24:06,24.573,24573,24.573,1
1141,807,1,25,13:25:44,25.369,25369,25.369,1
1141,861,1,26,13:27:23,25.287,25287,25.287,1
1141,857,1,27,13:28:37,26.050,26050,26.05,1
1141,4,1,27,13:28:41,25.107,25107,25.107,1
1141,860,1,27,13:28:52,35.755,35755,35.755,1
1141,1,1,27,13:28:55,25.205,25205,25.205,1
1141,832,1,27,13:29:01,25.920,25920,25.92,1
1141,815,1,27,13:29:04,26.692,26692,26.692,1
1141,855,1,27,13:29:32,25.248,25248,25.248,1
1141,847,1,28,13:29:59,25.698,25698,25.698,1
1141,846,1,28,13:30:01,24.764,24764,24.764,1
1141,852,1,28,13:30:16,25.431,25431,25.431,1
1141,859,1,28,13:30:35,28.167,28167,28.167,1
1141,807,2,27,13:31:21,58.984,58984,58.984,1
1141,855,2,28,13:31:38,27.067,27067,27.067,1
1141,861,2,30,13:35:02,25.239,25239,25.239,1
1141,807,3,29,13:36:17,28.590,28590,28.59,1
1141,839,1,32,13:38:37,23:28.695,1408695,1408.695,0
1141,830,1,32,13:38:39,23:29.303,1409303,1409.303,0
1141,855,3,31,13:38:42,21:23.154,1283154,1283.154,0
1141,842,1,32,13:38:45,23:27.586,1407586,1407.586,0
1141,846,2,32,13:38:46,23:35.363,1415363,1415.363,0
1141,847,2,32,13:38:51,23:35.838,1415838,1415.838,0
1141,852,2,32,13:38:53,23:39.030,1419030,1419.03,0
1141,844,2,32,13:38:55,23:40.260,1420260,1420.26,0
1141,857,2,32,13:38:58,23:40.270,1420270,1420.27,0
1141,4,2,32,13:39:00,23:42.872,1422872,1422.872,0
1141,859,2,32,13:39:03,23:42.722,1422722,1422.722,0
1141,1,2,32,13:39:05,23:45.703,1425703,1425.703,0
1141,822,1,32,13:39:10,23:42.094,1422094,1422.094,0
1141,832,2,32,13:39:11,23:44.659,1424659,1424.659,0
1141,815,2,32,13:39:13,23:45.215,1425215,1425.215,0
1141,860,2,32,13:39:16,23:44.737,1424737,1424.737,0
1141,855,4,32,14:01:55,1:08.542,68542,68.542,0
1142,4,1,4,22:10:35,21.407,21407,21.407,1
1142,844,1,9,22:18:44,21.329,21329,21.329,1
1142,846,1,9,22:18:45,21.194,21194,21.194,1
1142,848,1,9,22:18:56,22.012,22012,22.012,1
1142,840,1,9,22:18:57,34.863,34863,34.863,1
1142,832,1,10,22:20:21,21.048,21048,21.048,1
1142,842,1,10,22:20:28,22.179,22179,22.179,1
1142,852,1,10,22:20:29,21.168,21168,21.168,1
1142,857,1,10,22:20:30,27.732,27732,27.732,1
1142,830,1,11,22:21:59,20.697,20697,20.697,1
1142,839,1,11,22:22:13,15.790,15790,15.79,1
1142,855,1,11,22:22:14,22.960,22960,22.96,1
1142,859,1,11,22:22:17,21.049,21049,21.049,1
1142,847,1,12,22:23:29,21.072,21072,21.072,1
1142,839,2,12,22:24:07,21.142,21142,21.142,1
1142,1,1,13,22:25:24,21.067,21067,21.067,1
1142,807,1,14,22:27:15,21.511,21511,21.511,1
1142,861,1,16,22:30:50,21.170,21170,21.17,1
1142,815,1,17,22:32:20,21.294,21294,21.294,1
1142,825,1,17,22:32:31,21.963,21963,21.963,1
1142,822,1,17,22:32:34,21.623,21623,21.623,1
1142,4,2,24,22:44:09,21.407,21407,21.407,1
1142,857,2,25,22:45:37,21.082,21082,21.082,1
1142,861,2,26,22:47:34,21.221,21221,21.221,1
1142,830,2,27,22:48:30,22.254,22254,22.254,1
1142,1,2,27,22:48:34,21.355,21355,21.355,1
1142,832,2,28,22:50:14,20.879,20879,20.879,1
1142,840,2,28,22:50:55,21.588,21588,21.588,1
1142,852,2,29,22:52:13,21.208,21208,21.208,1
1142,846,2,30,22:53:40,20.668,20668,20.668,1
1142,844,2,31,22:55:05,21.585,21585,21.585,1
1142,847,2,32,22:56:26,20.975,20975,20.975,1
1142,815,2,32,22:57:18,21.034,21034,21.034,1
1142,807,2,33,22:58:49,21.702,21702,21.702,1
1142,855,2,34,23:00:44,21.761,21761,21.761,1
1142,822,2,35,23:02:48,22.821,22821,22.821,1
1142,859,2,38,23:07:28,20.642,20642,20.642,1
1142,839,3,45,23:18:59,21.858,21858,21.858,1
1142,846,3,48,23:22:59,21.059,21059,21.059,1
1143,840,1,1,19:05:45,29.783,29783,29.783,1
1143,807,1,1,19:06:14,32.957,32957,32.957,1
1143,840,2,7,19:17:19,41.674,41674,41.674,1
1143,847,1,23,19:39:53,32.309,32309,32.309,1
1143,822,1,24,19:41:56,29.034,29034,29.034,1
1143,825,1,27,19:46:04,28.543,28543,28.543,1
1143,807,2,31,19:52:08,28.343,28343,28.343,1
1143,857,1,34,19:55:28,27.818,27818,27.818,1
1143,832,1,34,19:55:52,36.143,36143,36.143,1
1143,1,1,34,19:56:36,37.915,37915,37.915,1
1143,830,1,35,19:56:43,28.303,28303,28.303,1
1143,846,1,35,19:56:47,28.024,28024,28.024,1
1143,844,1,35,19:57:03,28.460,28460,28.46,1
1143,815,1,35,19:57:29,28.088,28088,28.088,1
1143,842,1,35,19:57:50,28.792,28792,28.792,1
1143,847,2,35,19:57:59,27.870,27870,27.87,1
1143,4,1,35,19:58:01,28.628,28628,28.628,1
1143,855,1,35,19:58:03,29.085,29085,29.085,1
1143,852,1,35,19:58:23,29.024,29024,29.024,1
1143,848,1,35,19:58:26,29.179,29179,29.179,1
1143,859,1,35,19:58:28,45.049,45049,45.049,1
1143,830,2,36,19:59:32,23.884,23884,23.884,1
1143,1,2,35,19:59:34,23.412,23412,23.412,1
1143,822,2,35,19:59:35,28.968,28968,28.968,1
1143,846,2,36,19:59:37,25.592,25592,25.592,1
1143,844,2,36,19:59:40,25.675,25675,25.675,1
1143,857,2,36,19:59:44,22.867,22867,22.867,1
1143,815,2,36,19:59:53,22.705,22705,22.705,1
1143,842,2,36,20:00:12,22.717,22717,22.717,1
1143,847,3,36,20:00:22,22.763,22763,22.763,1
1143,832,2,36,20:00:24,22.776,22776,22.776,1
1143,4,2,36,20:00:27,28.592,28592,28.592,1
1143,855,2,36,20:00:29,23.228,23228,23.228,1
1143,825,2,36,20:00:33,22.696,22696,22.696,1
1143,852,2,36,20:00:47,22.714,22714,22.714,1
1143,848,2,36,20:00:48,22.710,22710,22.71,1
1143,807,3,36,20:00:50,23.810,23810,23.81,1
1143,859,2,36,20:01:08,22.737,22737,22.737,1
1143,830,3,37,20:02:21,22.703,22703,22.703,1
1143,1,3,36,20:02:23,26.815,26815,26.815,1
1143,846,3,37,20:02:24,28.746,28746,28.746,1
1143,822,3,36,20:02:25,28.140,28140,28.14,1
1143,844,3,37,20:02:26,28.983,28983,28.983,1
1143,857,3,37,20:02:28,29.326,29326,29.326,1
1143,815,3,37,20:02:30,29.459,29459,29.459,1
1143,842,3,37,20:02:33,30.488,30488,30.488,1
1143,847,4,37,20:02:34,34.037,34037,34.037,1
1143,832,3,37,20:02:35,34.356,34356,34.356,1
1143,855,3,37,20:02:37,34.818,34818,34.818,1
1143,4,3,37,20:02:41,32.811,32811,32.811,1
1143,825,3,37,20:02:42,33.363,33363,33.363,1
1143,852,3,37,20:02:45,35.849,35849,35.849,1
1143,848,3,37,20:02:46,36.548,36548,36.548,1
1143,807,4,37,20:02:48,37.692,37692,37.692,1
1143,859,3,37,20:03:03,26.790,26790,26.79,1
1143,852,4,40,20:09:21,29.271,29271,29.271,1
1143,859,4,40,20:09:24,34.655,34655,34.655,1
1143,846,4,45,20:17:59,36.069,36069,36.069,1
1143,1,4,47,20:21:04,22.705,22705,22.705,1
1143,848,4,55,20:32:43,39.687,39687,39.687,1
1144,861,1,3,17:09:29,24.941,24941,24.941,1
1144,857,1,4,17:10:26,23.582,23582,23.582,1
1144,822,1,6,17:13:23,41.144,41144,41.144,1
1144,840,1,11,17:20:50,23.266,23266,23.266,1
1144,825,1,12,17:22:19,26.363,26363,26.363,1
1144,855,1,12,17:22:26,23.024,23024,23.024,1
1144,848,1,12,17:22:27,22.065,22065,22.065,1
1144,807,1,13,17:23:45,21.530,21530,21.53,1
1144,4,1,13,17:23:49,23.326,23326,23.326,1
1144,842,1,14,17:25:11,22.059,22059,22.059,1
1144,844,1,20,17:34:12,21.869,21869,21.869,1
1144,852,1,22,17:37:40,21.869,21869,21.869,1
1144,862,1,22,17:37:42,22.080,22080,22.08,1
1144,859,1,23,17:39:04,23.415,23415,23.415,1
1144,859,2,24,17:41:00,22.565,22565,22.565,1
1144,832,1,25,17:41:22,21.280,21280,21.28,1
1144,846,1,26,17:42:49,21.276,21276,21.276,1
1144,847,1,26,17:43:11,21.656,21656,21.656,1
1144,830,1,29,17:47:46,32.652,32652,32.652,1
1144,825,2,29,17:48:18,21.678,21678,21.678,1
1144,859,3,29,17:48:52,32.317,32317,32.317,1
1144,825,3,30,17:50:20,22.815,22815,22.815,1
1144,857,2,32,17:52:42,32.774,32774,32.774,1
1144,840,2,32,17:52:48,22.053,22053,22.053,1
1144,1,1,34,17:55:17,21.694,21694,21.694,1
1144,4,2,37,18:00:10,22.437,22437,22.437,1
1144,855,2,39,18:03:21,28.765,28765,28.765,1
1144,825,4,55,18:28:06,22.090,22090,22.09,1
