resultId,raceId,driverId,constructorId,grid,positionOrder,points,laps,statusId,year,round,circuitId,race_name,race_date,constructor_name,constructor_nationality,forename,surname,driver_nationality,status,circuit_name,circuit_location,circuit_country,lat,lng,position_delta,finished,driver_name,season_race_num,is_podium,is_win,is_points_finish
22130,900,3,131,3,1,25.0,57,1,2014,1,1,Australian Grand Prix,2014-03-16,Mercedes,German,Nico,Rosberg,German,Finished,Albert Park Grand Prix Circuit,Melbourne,Australia,-37.8497,144.968,2,1,Nico Rosberg,1,1,1,1
22131,900,825,1,4,2,18.0,57,1,2014,1,1,Australian Grand Prix,2014-03-16,McLaren,British,Kevin,Magnussen,Danish,Finished,Albert Park Grand Prix Circuit,Melbourne,Australia,-37.8497,144.968,2,1,Kevin Magnussen,1,1,0,1
22132,900,18,1,10,3,15.0,57,1,2014,1,1,Australian Grand Prix,2014-03-16,McLaren,British,Jenson,Button,British,Finished,Albert Park Grand Prix Circuit,Melbourne,Australia,-37.8497,144.968,7,1,Jenson Button,1,1,0,1
22133,900,4,6,5,4,12.0,57,1,2014,1,1,Australian Grand Prix,2014-03-16,Ferrari,Italian,Fernando,Alonso,Spanish,Finished,Albert Park Grand Prix Circuit,Melbourne,Australia,-37.8497,144.968,1,1,Fernando Alonso,1,0,0,1
22134,900,822,3,15,5,10.0,57,1,2014,1,1,Australian Grand Prix,2014-03-16,Williams,British,Valtteri,Bottas,Finnish,Finished,Albert Park Grand Prix Circuit,Melbourne,Australia,-37.8497,144.968,10,1,Valtteri Bottas,1,0,0,1
22135,900,807,10,7,6,8.0,57,1,2014,1,1,Australian Grand Prix,2014-03-16,Force India,Indian,Nico,Hülkenberg,German,Finished,Albert Park Grand Prix Circuit,Melbourne,Australia,-37.8497,144.968,1,1,Nico Hülkenberg,1,0,0,1
22136,900,8,6,11,7,6.0,57,1,2014,1,1,Australian Grand Prix,2014-03-16,Ferrari,Italian,Kimi,Räikkönen,Finnish,Finished,Albert Park Grand Prix Circuit,Melbourne,Australia,-37.8497,144.968,4,1,Kimi Räikkönen,1,0,0,1
22137,900,818,5,6,8,4.0,57,1,2014,1,1,Australian Grand Prix,2014-03-16,Toro Rosso,Italian,Jean-Éric,Vergne,French,Finished,Albert Park Grand Prix Circuit,Melbourne,Australia,-37.8497,144.968,-2,1,Jean-Éric Vergne,1,0,0,1
22138,900,826,5,8,9,2.0,57,1,2014,1,1,Australian Grand Prix,2014-03-16,Toro Rosso,Italian,Daniil,Kvyat,Russian,Finished,Albert Park Grand Prix Circuit,Melbourne,Australia,-37.8497,144.968,-1,1,Daniil Kvyat,1,0,0,1
22139,900,815,10,16,10,1.0,57,1,2014,1,1,Australian Grand Prix,2014-03-16,Force India,Indian,Sergio,Pérez,Mexican,Finished,Albert Park Grand Prix Circuit,Melbourne,Australia,-37.8497,144.968,6,1,Sergio Pérez,1,0,0,1
22140,900,16,15,13,11,0.0,56,11,2014,1,1,Australian Grand Prix,2014-03-16,Sauber,Swiss,Adrian,Sutil,German,+1 Lap,Albert Park Grand Prix Circuit,Melbourne,Australia,-37.8497,144.968,2,1,Adrian Sutil,1,0,0,0
22141,900,821,15,20,12,0.0,56,11,2014,1,1,Australian Grand Prix,2014-03-16,Sauber,Swiss,Esteban,Gutiérrez,Mexican,+1 Lap,Albert Park Grand Prix Circuit,Melbourne,Australia,-37.8497,144.968,8,1,Esteban Gutiérrez,1,0,0,0
22142,900,820,206,17,13,0.0,55,12,2014,1,1,Australian Grand Prix,2014-03-16,Marussia,Russian,Max,Chilton,British,+2 Laps,Albert Park Grand Prix Circuit,Melbourne,Australia,-37.8497,144.968,4,1,Max Chilton,1,0,0,0
22143,900,824,206,18,14,0.0,49,18,2014,1,1,Australian Grand Prix,2014-03-16,Marussia,Russian,Jules,Bianchi,French,+8 Laps,Albert Park Grand Prix Circuit,Melbourne,Australia,-37.8497,144.968,4,1,Jules Bianchi,1,0,0,0
22144,900,154,208,22,15,0.0,43,132,2014,1,1,Australian Grand Prix,2014-03-16,Lotus F1,British,Romain,Grosjean,French,ERS,Albert Park Grand Prix Circuit,Melbourne,Australia,-37.8497,144.968,7,0,Romain Grosjean,1,0,0,0
22145,900,813,208,21,16,0.0,29,132,2014,1,1,Australian Grand Prix,2014-03-16,Lotus F1,British,Pastor,Maldonado,Venezuelan,ERS,Albert Park Grand Prix Circuit,Melbourne,Australia,-37.8497,144.968,5,0,Pastor Maldonado,1,0,0,0
22146,900,828,207,19,17,0.0,27,51,2014,1,1,Australian Grand Prix,2014-03-16,Caterham,Malaysian,Marcus,Ericsson,Swedish,Oil pressure,Albert Park Grand Prix Circuit,Melbourne,Australia,-37.8497,144.968,2,0,Marcus Ericsson,1,0,0,0
22147,900,20,9,12,18,0.0,3,5,2014,1,1,Australian Grand Prix,2014-03-16,Red Bull,Austrian,Sebastian,Vettel,German,Engine,Albert Park Grand Prix Circuit,Melbourne,Australia,-37.8497,144.968,-6,0,Sebastian Vettel,1,0,0,0
22148,900,1,131,1,19,0.0,2,5,2014,1,1,Australian Grand Prix,2014-03-16,Mercedes,German,Lewis,Hamilton,British,Engine,Albert Park Grand Prix Circuit,Melbourne,Australia,-37.8497,144.968,-18,0,Lewis Hamilton,1,0,0,0
22149,900,13,3,9,20,0.0,0,4,2014,1,1,Australian Grand Prix,2014-03-16,Williams,British,Felipe,Massa,Brazilian,Collision,Albert Park Grand Prix Circuit,Melbourne,Australia,-37.8497,144.968,-11,0,Felipe Massa,1,0,0,0
22150,900,155,207,14,21,0.0,0,4,2014,1,1,Australian Grand Prix,2014-03-16,Caterham,Malaysian,Kamui,Kobayashi,Japanese,Collision,Albert Park Grand Prix Circuit,Melbourne,Australia,-37.8497,144.968,-7,0,Kamui Kobayashi,1,0,0,0
22151,900,817,9,2,22,0.0,57,2,2014,1,1,Australian Grand Prix,2014-03-16,Red Bull,Austrian,Daniel,Ricciardo,Australian,Disqualified,Albert Park Grand Prix Circuit,Melbourne,Australia,-37.8497,144.968,-20,0,Daniel Ricciardo,1,0,0,0
22152,901,1,131,1,1,25.0,56,1,2014,2,2,Malaysian Grand Prix,2014-03-30,Mercedes,German,Lewis,Hamilton,British,Finished,Sepang International Circuit,Kuala Lumpur,Malaysia,2.76083,101.738,0,1,Lewis Hamilton,2,1,1,1
22153,901,3,131,3,2,18.0,56,1,2014,2,2,Malaysian Grand Prix,2014-03-30,Mercedes,German,Nico,Rosberg,German,Finished,Sepang International Circuit,Kuala Lumpur,Malaysia,2.76083,101.738,1,1,Nico Rosberg,2,1,0,1
22154,901,20,9,2,3,15.0,56,1,2014,2,2,Malaysian Grand Prix,2014-03-30,Red Bull,Austrian,Sebastian,Vettel,German,Finished,Sepang International Circuit,Kuala Lumpur,Malaysia,2.76083,101.738,-1,1,Sebastian Vettel,2,1,0,1
22155,901,4,6,4,4,12.0,56,1,2014,2,2,Malaysian Grand Prix,2014-03-30,Ferrari,Italian,Fernando,Alonso,Spanish,Finished,Sepang International Circuit,Kuala Lumpur,Malaysia,2.76083,101.738,0,1,Fernando Alonso,2,0,0,1
22156,901,807,10,7,5,10.0,56,1,2014,2,2,Malaysian Grand Prix,2014-03-30,Force India,Indian,Nico,Hülkenberg,German,Finished,Sepang International Circuit,Kuala Lumpur,Malaysia,2.76083,101.738,2,1,Nico Hülkenberg,2,0,0,1
22157,901,18,1,10,6,8.0,56,1,2014,2,2,Malaysian Grand Prix,2014-03-30,McLaren,British,Jenson,Button,British,Finished,Sepang International Circuit,Kuala Lumpur,Malaysia,2.76083,101.738,4,1,Jenson Button,2,0,0,1
22158,901,13,3,13,7,6.0,56,1,2014,2,2,Malaysian Grand Prix,2014-03-30,Williams,British,Felipe,Massa,Brazilian,Finished,Sepang International Circuit,Kuala Lumpur,Malaysia,2.76083,101.738,6,1,Felipe Massa,2,0,0,1
22159,901,822,3,18,8,4.0,56,1,2014,2,2,Malaysian Grand Prix,2014-03-30,Williams,British,Valtteri,Bottas,Finnish,Finished,Sepang International Circuit,Kuala Lumpur,Malaysia,2.76083,101.738,10,1,Valtteri Bottas,2,0,0,1
22160,901,825,1,8,9,2.0,55,11,2014,2,2,Malaysian Grand Prix,2014-03-30,McLaren,British,Kevin,Magnussen,Danish,+1 Lap,Sepang International Circuit,Kuala Lumpur,Malaysia,2.76083,101.738,-1,1,Kevin Magnussen,2,0,0,1
22161,901,826,5,11,10,1.0,55,11,2014,2,2,Malaysian Grand Prix,2014-03-30,Toro Rosso,Italian,Daniil,Kvyat,Russian,+1 Lap,Sepang International Circuit,Kuala Lumpur,Malaysia,2.76083,101.738,1,1,Daniil Kvyat,2,0,0,1
22162,901,154,208,15,11,0.0,55,11,2014,2,2,Malaysian Grand Prix,2014-03-30,Lotus F1,British,Romain,Grosjean,French,+1 Lap,Sepang International Circuit,Kuala Lumpur,Malaysia,2.76083,101.738,4,1,Romain Grosjean,2,0,0,0
22163,901,8,6,6,12,0.0,55,11,2014,2,2,Malaysian Grand Prix,2014-03-30,Ferrari,Italian,Kimi,Räikkönen,Finnish,+1 Lap,Sepang International Circuit,Kuala Lumpur,Malaysia,2.76083,101.738,-6,1,Kimi Räikkönen,2,0,0,0
22164,901,155,207,20,13,0.0,55,11,2014,2,2,Malaysian Grand Prix,2014-03-30,Caterham,Malaysian,Kamui,Kobayashi,Japanese,+1 Lap,Sepang International Circuit,Kuala Lumpur,Malaysia,2.76083,101.738,7,1,Kamui Kobayashi,2,0,0,0
22165,901,828,207,22,14,0.0,54,12,2014,2,2,Malaysian Grand Prix,2014-03-30,Caterham,Malaysian,Marcus,Ericsson,Swedish,+2 Laps,Sepang International Circuit,Kuala Lumpur,Malaysia,2.76083,101.738,8,1,Marcus Ericsson,2,0,0,0
22166,901,820,206,21,15,0.0,54,12,2014,2,2,Malaysian Grand Prix,2014-03-30,Marussia,Russian,Max,Chilton,British,+2 Laps,Sepang International Circuit,Kuala Lumpur,Malaysia,2.76083,101.738,6,1,Max Chilton,2,0,0,0
22167,901,817,9,5,16,0.0,49,39,2014,2,2,Malaysian Grand Prix,2014-03-30,Red Bull,Austrian,Daniel,Ricciardo,Australian,Technical,Sepang International Circuit,Kuala Lumpur,Malaysia,2.76083,101.738,-11,0,Daniel Ricciardo,2,0,0,0
22168,901,821,15,12,17,0.0,35,6,2014,2,2,Malaysian Grand Prix,2014-03-30,Sauber,Swiss,Esteban,Gutiérrez,Mexican,Gearbox,Sepang International Circuit,Kuala Lumpur,Malaysia,2.76083,101.738,-5,0,Esteban Gutiérrez,2,0,0,0
22169,901,16,15,17,18,0.0,32,10,2014,2,2,Malaysian Grand Prix,2014-03-30,Sauber,Swiss,Adrian,Sutil,German,Electrical,Sepang International Circuit,Kuala Lumpur,Malaysia,2.76083,101.738,-1,0,Adrian Sutil,2,0,0,0
22170,901,818,5,9,19,0.0,18,131,2014,2,2,Malaysian Grand Prix,2014-03-30,Toro Rosso,Italian,Jean-Éric,Vergne,French,Power Unit,Sepang International Circuit,Kuala Lumpur,Malaysia,2.76083,101.738,-10,0,Jean-Éric Vergne,2,0,0,0
22171,901,824,206,19,20,0.0,8,23,2014,2,2,Malaysian Grand Prix,2014-03-30,Marussia,Russian,Jules,Bianchi,French,Brakes,Sepang International Circuit,Kuala Lumpur,Malaysia,2.76083,101.738,-1,0,Jules Bianchi,2,0,0,0
22172,901,813,208,16,21,0.0,7,5,2014,2,2,Malaysian Grand Prix,2014-03-30,Lotus F1,British,Pastor,Maldonado,Venezuelan,Engine,Sepang International Circuit,Kuala Lumpur,Malaysia,2.76083,101.738,-5,0,Pastor Maldonado,2,0,0,0
22173,901,815,10,14,22,0.0,0,54,2014,2,2,Malaysian Grand Prix,2014-03-30,Force India,Indian,Sergio,Pérez,Mexican,Withdrew,Sepang International Circuit,Kuala Lumpur,Malaysia,2.76083,101.738,-8,0,Sergio Pérez,2,0,0,0
22174,902,1,131,2,1,25.0,57,1,2014,3,3,Bahrain Grand Prix,2014-04-06,Mercedes,German,Lewis,Hamilton,British,Finished,Bahrain International Circuit,Sakhir,Bahrain,26.0325,50.5106,1,1,Lewis Hamilton,3,1,1,1
22175,902,3,131,1,2,18.0,57,1,2014,3,3,Bahrain Grand Prix,2014-04-06,Mercedes,German,Nico,Rosberg,German,Finished,Bahrain International Circuit,Sakhir,Bahrain,26.0325,50.5106,-1,1,Nico Rosberg,3,1,0,1
22176,902,815,10,4,3,15.0,57,1,2014,3,3,Bahrain Grand Prix,2014-04-06,Force India,Indian,Sergio,Pérez,Mexican,Finished,Bahrain International Circuit,Sakhir,Bahrain,26.0325,50.5106,1,1,Sergio Pérez,3,1,0,1
22177,902,817,9,13,4,12.0,57,1,2014,3,3,Bahrain Grand Prix,2014-04-06,Red Bull,Austrian,Daniel,Ricciardo,Australian,Finished,Bahrain International Circuit,Sakhir,Bahrain,26.0325,50.5106,9,1,Daniel Ricciardo,3,0,0,1
22178,902,807,10,11,5,10.0,57,1,2014,3,3,Bahrain Grand Prix,2014-04-06,Force India,Indian,Nico,Hülkenberg,German,Finished,Bahrain International Circuit,Sakhir,Bahrain,26.0325,50.5106,6,1,Nico Hülkenberg,3,0,0,1
22179,902,20,9,10,6,8.0,57,1,2014,3,3,Bahrain Grand Prix,2014-04-06,Red Bull,Austrian,Sebastian,Vettel,German,Finished,Bahrain International Circuit,Sakhir,Bahrain,26.0325,50.5106,4,1,Sebastian Vettel,3,0,0,1
22180,902,13,3,7,7,6.0,57,1,2014,3,3,Bahrain Grand Prix,2014-04-06,Williams,British,Felipe,Massa,Brazilian,Finished,Bahrain International Circuit,Sakhir,Bahrain,26.0325,50.5106,0,1,Felipe Massa,3,0,0,1
22181,902,822,3,3,8,4.0,57,1,2014,3,3,Bahrain Grand Prix,2014-04-06,Williams,British,Valtteri,Bottas,Finnish,Finished,Bahrain International Circuit,Sakhir,Bahrain,26.0325,50.5106,-5,1,Valtteri Bottas,3,0,0,1
22182,902,4,6,9,9,2.0,57,1,2014,3,3,Bahrain Grand Prix,2014-04-06,Ferrari,Italian,Fernando,Alonso,Spanish,Finished,Bahrain International Circuit,Sakhir,Bahrain,26.0325,50.5106,0,1,Fernando Alonso,3,0,0,1
22183,902,8,6,5,10,1.0,57,1,2014,3,3,Bahrain Grand Prix,2014-04-06,Ferrari,Italian,Kimi,Räikkönen,Finnish,Finished,Bahrain International Circuit,Sakhir,Bahrain,26.0325,50.5106,-5,1,Kimi Räikkönen,3,0,0,1
22184,902,826,5,12,11,0.0,57,1,2014,3,3,Bahrain Grand Prix,2014-04-06,Toro Rosso,Italian,Daniil,Kvyat,Russian,Finished,Bahrain International Circuit,Sakhir,Bahrain,26.0325,50.5106,1,1,Daniil Kvyat,3,0,0,0
22185,902,154,208,16,12,0.0,57,1,2014,3,3,Bahrain Grand Prix,2014-04-06,Lotus F1,British,Romain,Grosjean,French,Finished,Bahrain International Circuit,Sakhir,Bahrain,26.0325,50.5106,4,1,Romain Grosjean,3,0,0,0
22186,902,820,206,21,13,0.0,57,1,2014,3,3,Bahrain Grand Prix,2014-04-06,Marussia,Russian,Max,Chilton,British,Finished,Bahrain International Circuit,Sakhir,Bahrain,26.0325,50.5106,8,1,Max Chilton,3,0,0,0
22187,902,813,208,17,14,0.0,57,1,2014,3,3,Bahrain Grand Prix,2014-04-06,Lotus F1,British,Pastor,Maldonado,Venezuelan,Finished,Bahrain International Circuit,Sakhir,Bahrain,26.0325,50.5106,3,1,Pastor Maldonado,3,0,0,0
22188,902,155,207,18,15,0.0,57,1,2014,3,3,Bahrain Grand Prix,2014-04-06,Caterham,Malaysian,Kamui,Kobayashi,Japanese,Finished,Bahrain International Circuit,Sakhir,Bahrain,26.0325,50.5106,3,1,Kamui Kobayashi,3,0,0,0
22189,902,824,206,19,16,0.0,56,11,2014,3,3,Bahrain Grand Prix,2014-04-06,Marussia,Russian,Jules,Bianchi,French,+1 Lap,Bahrain International Circuit,Sakhir,Bahrain,26.0325,50.5106,3,1,Jules Bianchi,3,0,0,0
22190,902,18,1,6,17,0.0,55,8,2014,3,3,Bahrain Grand Prix,2014-04-06,McLaren,British,Jenson,Button,British,Clutch,Bahrain International Circuit,Sakhir,Bahrain,26.0325,50.5106,-11,0,Jenson Button,3,0,0,0
22191,902,825,1,8,18,0.0,40,8,2014,3,3,Bahrain Grand Prix,2014-04-06,McLaren,British,Kevin,Magnussen,Danish,Clutch,Bahrain International Circuit,Sakhir,Bahrain,26.0325,50.5106,-10,0,Kevin Magnussen,3,0,0,0
22192,902,821,15,15,19,0.0,39,4,2014,3,3,Bahrain Grand Prix,2014-04-06,Sauber,Swiss,Esteban,Gutiérrez,Mexican,Collision,Bahrain International Circuit,Sakhir,Bahrain,26.0325,50.5106,-4,0,Esteban Gutiérrez,3,0,0,0
22193,902,828,207,20,20,0.0,33,31,2014,3,3,Bahrain Grand Prix,2014-04-06,Caterham,Malaysian,Marcus,Ericsson,Swedish,Retired,Bahrain International Circuit,Sakhir,Bahrain,26.0325,50.5106,0,0,Marcus Ericsson,3,0,0,0
22194,902,818,5,14,21,0.0,18,31,2014,3,3,Bahrain Grand Prix,2014-04-06,Toro Rosso,Italian,Jean-Éric,Vergne,French,Retired,Bahrain International Circuit,Sakhir,Bahrain,26.0325,50.5106,-7,0,Jean-Éric Vergne,3,0,0,0
22195,902,16,15,22,22,0.0,17,4,2014,3,3,Bahrain Grand Prix,2014-04-06,Sauber,Swiss,Adrian,Sutil,German,Collision,Bahrain International Circuit,Sakhir,Bahrain,26.0325,50.5106,0,0,Adrian Sutil,3,0,0,0
22196,903,1,131,1,1,25.0,54,1,2014,4,17,Chinese Grand Prix,2014-04-20,Mercedes,German,Lewis,Hamilton,British,Finished,Shanghai International Circuit,Shanghai,China,31.3389,121.22,0,1,Lewis Hamilton,4,1,1,1
22197,903,3,131,4,2,18.0,54,1,2014,4,17,Chinese Grand Prix,2014-04-20,Mercedes,German,Nico,Rosberg,German,Finished,Shanghai International Circuit,Shanghai,China,31.3389,121.22,2,1,Nico Rosberg,4,1,0,1
22198,903,4,6,5,3,15.0,54,1,2014,4,17,Chinese Grand Prix,2014-04-20,Ferrari,Italian,Fernando,Alonso,Spanish,Finished,Shanghai International Circuit,Shanghai,China,31.3389,121.22,2,1,Fernando Alonso,4,1,0,1
22199,903,817,9,2,4,12.0,54,1,2014,4,17,Chinese Grand Prix,2014-04-20,Red Bull,Austrian,Daniel,Ricciardo,Australian,Finished,Shanghai International Circuit,Shanghai,China,31.3389,121.22,-2,1,Daniel Ricciardo,4,0,0,1
22200,903,20,9,3,5,10.0,54,1,2014,4,17,Chinese Grand Prix,2014-04-20,Red Bull,Austrian,Sebastian,Vettel,German,Finished,Shanghai International Circuit,Shanghai,China,31.3389,121.22,-2,1,Sebastian Vettel,4,0,0,1
22201,903,807,10,8,6,8.0,54,1,2014,4,17,Chinese Grand Prix,2014-04-20,Force India,Indian,Nico,Hülkenberg,German,Finished,Shanghai International Circuit,Shanghai,China,31.3389,121.22,2,1,Nico Hülkenberg,4,0,0,1
22202,903,822,3,7,7,6.0,54,1,2014,4,17,Chinese Grand Prix,2014-04-20,Williams,British,Valtteri,Bottas,Finnish,Finished,Shanghai International Circuit,Shanghai,China,31.3389,121.22,0,1,Valtteri Bottas,4,0,0,1
22203,903,8,6,11,8,4.0,54,1,2014,4,17,Chinese Grand Prix,2014-04-20,Ferrari,Italian,Kimi,Räikkönen,Finnish,Finished,Shanghai International Circuit,Shanghai,China,31.3389,121.22,3,1,Kimi Räikkönen,4,0,0,1
22204,903,815,10,16,9,2.0,54,1,2014,4,17,Chinese Grand Prix,2014-04-20,Force India,Indian,Sergio,Pérez,Mexican,Finished,Shanghai International Circuit,Shanghai,China,31.3389,121.22,7,1,Sergio Pérez,4,0,0,1
22205,903,826,5,13,10,1.0,53,11,2014,4,17,Chinese Grand Prix,2014-04-20,Toro Rosso,Italian,Daniil,Kvyat,Russian,+1 Lap,Shanghai International Circuit,Shanghai,China,31.3389,121.22,3,1,Daniil Kvyat,4,0,0,1
22206,903,18,1,12,11,0.0,53,11,2014,4,17,Chinese Grand Prix,2014-04-20,McLaren,British,Jenson,Button,British,+1 Lap,Shanghai International Circuit,Shanghai,China,31.3389,121.22,1,1,Jenson Button,4,0,0,0
22207,903,818,5,9,12,0.0,53,11,2014,4,17,Chinese Grand Prix,2014-04-20,Toro Rosso,Italian,Jean-Éric,Vergne,French,+1 Lap,Shanghai International Circuit,Shanghai,China,31.3389,121.22,-3,1,Jean-Éric Vergne,4,0,0,0
22208,903,825,1,15,13,0.0,53,11,2014,4,17,Chinese Grand Prix,2014-04-20,McLaren,British,Kevin,Magnussen,Danish,+1 Lap,Shanghai International Circuit,Shanghai,China,31.3389,121.22,2,1,Kevin Magnussen,4,0,0,0
22209,903,813,208,22,14,0.0,53,11,2014,4,17,Chinese Grand Prix,2014-04-20,Lotus F1,British,Pastor,Maldonado,Venezuelan,+1 Lap,Shanghai International Circuit,Shanghai,China,31.3389,121.22,8,1,Pastor Maldonado,4,0,0,0
22210,903,13,3,6,15,0.0,53,11,2014,4,17,Chinese Grand Prix,2014-04-20,Williams,British,Felipe,Massa,Brazilian,+1 Lap,Shanghai International Circuit,Shanghai,China,31.3389,121.22,-9,1,Felipe Massa,4,0,0,0
22211,903,821,15,17,16,0.0,53,11,2014,4,17,Chinese Grand Prix,2014-04-20,Sauber,Swiss,Esteban,Gutiérrez,Mexican,+1 Lap,Shanghai International Circuit,Shanghai,China,31.3389,121.22,1,1,Esteban Gutiérrez,4,0,0,0
22212,903,824,206,19,17,0.0,53,11,2014,4,17,Chinese Grand Prix,2014-04-20,Marussia,Russian,Jules,Bianchi,French,+1 Lap,Shanghai International Circuit,Shanghai,China,31.3389,121.22,2,1,Jules Bianchi,4,0,0,0
22213,903,155,207,18,18,0.0,53,11,2014,4,17,Chinese Grand Prix,2014-04-20,Caterham,Malaysian,Kamui,Kobayashi,Japanese,+1 Lap,Shanghai International Circuit,Shanghai,China,31.3389,121.22,0,1,Kamui Kobayashi,4,0,0,0
22214,903,820,206,21,19,0.0,52,12,2014,4,17,Chinese Grand Prix,2014-04-20,Marussia,Russian,Max,Chilton,British,+2 Laps,Shanghai International Circuit,Shanghai,China,31.3389,121.22,2,1,Max Chilton,4,0,0,0
22215,903,828,207,20,20,0.0,52,12,2014,4,17,Chinese Grand Prix,2014-04-20,Caterham,Malaysian,Marcus,Ericsson,Swedish,+2 Laps,Shanghai International Circuit,Shanghai,China,31.3389,121.22,0,1,Marcus Ericsson,4,0,0,0
22216,903,154,208,10,21,0.0,28,6,2014,4,17,Chinese Grand Prix,2014-04-20,Lotus F1,British,Romain,Grosjean,French,Gearbox,Shanghai International Circuit,Shanghai,China,31.3389,121.22,-11,0,Romain Grosjean,4,0,0,0
22217,903,16,15,14,22,0.0,5,5,2014,4,17,Chinese Grand Prix,2014-04-20,Sauber,Swiss,Adrian,Sutil,German,Engine,Shanghai International Circuit,Shanghai,China,31.3389,121.22,-8,0,Adrian Sutil,4,0,0,0
22218,904,1,131,1,1,25.0,66,1,2014,5,4,Spanish Grand Prix,2014-05-11,Mercedes,German,Lewis,Hamilton,British,Finished,Circuit de Barcelona-Catalunya,Montmeló,Spain,41.57,2.26111,0,1,Lewis Hamilton,5,1,1,1
22219,904,3,131,2,2,18.0,66,1,2014,5,4,Spanish Grand Prix,2014-05-11,Mercedes,German,Nico,Rosberg,German,Finished,Circuit de Barcelona-Catalunya,Montmeló,Spain,41.57,2.26111,0,1,Nico Rosberg,5,1,0,1
22220,904,817,9,3,3,15.0,66,1,2014,5,4,Spanish Grand Prix,2014-05-11,Red Bull,Austrian,Daniel,Ricciardo,Australian,Finished,Circuit de Barcelona-Catalunya,Montmeló,Spain,41.57,2.26111,0,1,Daniel Ricciardo,5,1,0,1
22221,904,20,9,15,4,12.0,66,1,2014,5,4,Spanish Grand Prix,2014-05-11,Red Bull,Austrian,Sebastian,Vettel,German,Finished,Circuit de Barcelona-Catalunya,Montmeló,Spain,41.57,2.26111,11,1,Sebastian Vettel,5,0,0,1
22222,904,822,3,4,5,10.0,66,1,2014,5,4,Spanish Grand Prix,2014-05-11,Williams,British,Valtteri,Bottas,Finnish,Finished,Circuit de Barcelona-Catalunya,Montmeló,Spain,41.57,2.26111,-1,1,Valtteri Bottas,5,0,0,1
22223,904,4,6,7,6,8.0,66,1,2014,5,4,Spanish Grand Prix,2014-05-11,Ferrari,Italian,Fernando,Alonso,Spanish,Finished,Circuit de Barcelona-Catalunya,Montmeló,Spain,41.57,2.26111,1,1,Fernando Alonso,5,0,0,1
22224,904,8,6,6,7,6.0,65,11,2014,5,4,Spanish Grand Prix,2014-05-11,Ferrari,Italian,Kimi,Räikkönen,Finnish,+1 Lap,Circuit de Barcelona-Catalunya,Montmeló,Spain,41.57,2.26111,-1,1,Kimi Räikkönen,5,0,0,1
22225,904,154,208,5,8,4.0,65,11,2014,5,4,Spanish Grand Prix,2014-05-11,Lotus F1,British,Romain,Grosjean,French,+1 Lap,Circuit de Barcelona-Catalunya,Montmeló,Spain,41.57,2.26111,-3,1,Romain Grosjean,5,0,0,1
22226,904,815,10,11,9,2.0,65,11,2014,5,4,Spanish Grand Prix,2014-05-11,Force India,Indian,Sergio,Pérez,Mexican,+1 Lap,Circuit de Barcelona-Catalunya,Montmeló,Spain,41.57,2.26111,2,1,Sergio Pérez,5,0,0,1
22227,904,807,10,10,10,1.0,65,11,2014,5,4,Spanish Grand Prix,2014-05-11,Force India,Indian,Nico,Hülkenberg,German,+1 Lap,Circuit de Barcelona-Catalunya,Montmeló,Spain,41.57,2.26111,0,1,Nico Hülkenberg,5,0,0,1
22228,904,18,1,8,11,0.0,65,11,2014,5,4,Spanish Grand Prix,2014-05-11,McLaren,British,Jenson,Button,British,+1 Lap,Circuit de Barcelona-Catalunya,Montmeló,Spain,41.57,2.26111,-3,1,Jenson Button,5,0,0,0
22229,904,825,1,14,12,0.0,65,11,2014,5,4,Spanish Grand Prix,2014-05-11,McLaren,British,Kevin,Magnussen,Danish,+1 Lap,Circuit de Barcelona-Catalunya,Montmeló,Spain,41.57,2.26111,2,1,Kevin Magnussen,5,0,0,0
22230,904,13,3,9,13,0.0,65,11,2014,5,4,Spanish Grand Prix,2014-05-11,Williams,British,Felipe,Massa,Brazilian,+1 Lap,Circuit de Barcelona-Catalunya,Montmeló,Spain,41.57,2.26111,-4,1,Felipe Massa,5,0,0,0
22231,904,826,5,12,14,0.0,65,11,2014,5,4,Spanish Grand Prix,2014-05-11,Toro Rosso,Italian,Daniil,Kvyat,Russian,+1 Lap,Circuit de Barcelona-Catalunya,Montmeló,Spain,41.57,2.26111,-2,1,Daniil Kvyat,5,0,0,0
22232,904,813,208,22,15,0.0,65,11,2014,5,4,Spanish Grand Prix,2014-05-11,Lotus F1,British,Pastor,Maldonado,Venezuelan,+1 Lap,Circuit de Barcelona-Catalunya,Montmeló,Spain,41.57,2.26111,7,1,Pastor Maldonado,5,0,0,0
22233,904,821,15,13,16,0.0,65,11,2014,5,4,Spanish Grand Prix,2014-05-11,Sauber,Swiss,Esteban,Gutiérrez,Mexican,+1 Lap,Circuit de Barcelona-Catalunya,Montmeló,Spain,41.57,2.26111,-3,1,Esteban Gutiérrez,5,0,0,0
22234,904,16,15,16,17,0.0,65,11,2014,5,4,Spanish Grand Prix,2014-05-11,Sauber,Swiss,Adrian,Sutil,German,+1 Lap,Circuit de Barcelona-Catalunya,Montmeló,Spain,41.57,2.26111,-1,1,Adrian Sutil,5,0,0,0
22235,904,824,206,18,18,0.0,64,12,2014,5,4,Spanish Grand Prix,2014-05-11,Marussia,Russian,Jules,Bianchi,French,+2 Laps,Circuit de Barcelona-Catalunya,Montmeló,Spain,41.57,2.26111,0,1,Jules Bianchi,5,0,0,0
22236,904,820,206,17,19,0.0,64,12,2014,5,4,Spanish Grand Prix,2014-05-11,Marussia,Russian,Max,Chilton,British,+2 Laps,Circuit de Barcelona-Catalunya,Montmeló,Spain,41.57,2.26111,-2,1,Max Chilton,5,0,0,0
22237,904,828,207,19,20,0.0,64,12,2014,5,4,Spanish Grand Prix,2014-05-11,Caterham,Malaysian,Marcus,Ericsson,Swedish,+2 Laps,Circuit de Barcelona-Catalunya,Montmeló,Spain,41.57,2.26111,-1,1,Marcus Ericsson,5,0,0,0
22238,904,155,207,20,21,0.0,34,23,2014,5,4,Spanish Grand Prix,2014-05-11,Caterham,Malaysian,Kamui,Kobayashi,Japanese,Brakes,Circuit de Barcelona-Catalunya,Montmeló,Spain,41.57,2.26111,-1,0,Kamui Kobayashi,5,0,0,0
22239,904,818,5,21,22,0.0,24,43,2014,5,4,Spanish Grand Prix,2014-05-11,Toro Rosso,Italian,Jean-Éric,Vergne,French,Exhaust,Circuit de Barcelona-Catalunya,Montmeló,Spain,41.57,2.26111,-1,0,Jean-Éric Vergne,5,0,0,0
22240,905,3,131,1,1,25.0,78,1,2014,6,6,Monaco Grand Prix,2014-05-25,Mercedes,German,Nico,Rosberg,German,Finished,Circuit de Monaco,Monte-Carlo,Monaco,43.7347,7.42056,0,1,Nico Rosberg,6,1,1,1
22241,905,1,131,2,2,18.0,78,1,2014,6,6,Monaco Grand Prix,2014-05-25,Mercedes,German,Lewis,Hamilton,British,Finished,Circuit de Monaco,Monte-Carlo,Monaco,43.7347,7.42056,0,1,Lewis Hamilton,6,1,0,1
22242,905,817,9,3,3,15.0,78,1,2014,6,6,Monaco Grand Prix,2014-05-25,Red Bull,Austrian,Daniel,Ricciardo,Australian,Finished,Circuit de Monaco,Monte-Carlo,Monaco,43.7347,7.42056,0,1,Daniel Ricciardo,6,1,0,1
22243,905,4,6,5,4,12.0,78,1,2014,6,6,Monaco Grand Prix,2014-05-25,Ferrari,Italian,Fernando,Alonso,Spanish,Finished,Circuit de Monaco,Monte-Carlo,Monaco,43.7347,7.42056,1,1,Fernando Alonso,6,0,0,1
22244,905,807,10,11,5,10.0,77,11,2014,6,6,Monaco Grand Prix,2014-05-25,Force India,Indian,Nico,Hülkenberg,German,+1 Lap,Circuit de Monaco,Monte-Carlo,Monaco,43.7347,7.42056,6,1,Nico Hülkenberg,6,0,0,1
22245,905,18,1,12,6,8.0,77,11,2014,6,6,Monaco Grand Prix,2014-05-25,McLaren,British,Jenson,Button,British,+1 Lap,Circuit de Monaco,Monte-Carlo,Monaco,43.7347,7.42056,6,1,Jenson Button,6,0,0,1
22246,905,13,3,16,7,6.0,77,11,2014,6,6,Monaco Grand Prix,2014-05-25,Williams,British,Felipe,Massa,Brazilian,+1 Lap,Circuit de Monaco,Monte-Carlo,Monaco,43.7347,7.42056,9,1,Felipe Massa,6,0,0,1
22247,905,154,208,14,8,4.0,77,11,2014,6,6,Monaco Grand Prix,2014-05-25,Lotus F1,British,Romain,Grosjean,French,+1 Lap,Circuit de Monaco,Monte-Carlo,Monaco,43.7347,7.42056,6,1,Romain Grosjean,6,0,0,1
22248,905,824,206,21,9,2.0,77,11,2014,6,6,Monaco Grand Prix,2014-05-25,Marussia,Russian,Jules,Bianchi,French,+1 Lap,Circuit de Monaco,Monte-Carlo,Monaco,43.7347,7.42056,12,1,Jules Bianchi,6,0,0,1
22249,905,825,1,8,10,1.0,77,11,2014,6,6,Monaco Grand Prix,2014-05-25,McLaren,British,Kevin,Magnussen,Danish,+1 Lap,Circuit de Monaco,Monte-Carlo,Monaco,43.7347,7.42056,-2,1,Kevin Magnussen,6,0,0,1
22250,905,828,207,22,11,0.0,77,11,2014,6,6,Monaco Grand Prix,2014-05-25,Caterham,Malaysian,Marcus,Ericsson,Swedish,+1 Lap,Circuit de Monaco,Monte-Carlo,Monaco,43.7347,7.42056,11,1,Marcus Ericsson,6,0,0,0
22251,905,8,6,6,12,0.0,77,11,2014,6,6,Monaco Grand Prix,2014-05-25,Ferrari,Italian,Kimi,Räikkönen,Finnish,+1 Lap,Circuit de Monaco,Monte-Carlo,Monaco,43.7347,7.42056,-6,1,Kimi Räikkönen,6,0,0,0
22252,905,155,207,20,13,0.0,75,12,2014,6,6,Monaco Grand Prix,2014-05-25,Caterham,Malaysian,Kamui,Kobayashi,Japanese,+2 Laps,Circuit de Monaco,Monte-Carlo,Monaco,43.7347,7.42056,7,1,Kamui Kobayashi,6,0,0,0
22253,905,820,206,19,14,0.0,75,13,2014,6,6,Monaco Grand Prix,2014-05-25,Marussia,Russian,Max,Chilton,British,+3 Laps,Circuit de Monaco,Monte-Carlo,Monaco,43.7347,7.42056,5,1,Max Chilton,6,0,0,0
22254,905,821,15,17,15,0.0,59,3,2014,6,6,Monaco Grand Prix,2014-05-25,Sauber,Swiss,Esteban,Gutiérrez,Mexican,Accident,Circuit de Monaco,Monte-Carlo,Monaco,43.7347,7.42056,2,0,Esteban Gutiérrez,6,0,0,0
22255,905,822,3,13,16,0.0,55,5,2014,6,6,Monaco Grand Prix,2014-05-25,Williams,British,Valtteri,Bottas,Finnish,Engine,Circuit de Monaco,Monte-Carlo,Monaco,43.7347,7.42056,-3,0,Valtteri Bottas,6,0,0,0
22256,905,818,5,7,17,0.0,50,5,2014,6,6,Monaco Grand Prix,2014-05-25,Toro Rosso,Italian,Jean-Éric,Vergne,French,Engine,Circuit de Monaco,Monte-Carlo,Monaco,43.7347,7.42056,-10,0,Jean-Éric Vergne,6,0,0,0
22257,905,16,15,18,18,0.0,23,3,2014,6,6,Monaco Grand Prix,2014-05-25,Sauber,Swiss,Adrian,Sutil,German,Accident,Circuit de Monaco,Monte-Carlo,Monaco,43.7347,7.42056,0,0,Adrian Sutil,6,0,0,0
22258,905,826,5,9,19,0.0,10,26,2014,6,6,Monaco Grand Prix,2014-05-25,Toro Rosso,Italian,Daniil,Kvyat,Russian,Mechanical,Circuit de Monaco,Monte-Carlo,Monaco,43.7347,7.42056,-10,0,Daniil Kvyat,6,0,0,0
22259,905,20,9,4,20,0.0,5,101,2014,6,6,Monaco Grand Prix,2014-05-25,Red Bull,Austrian,Sebastian,Vettel,German,Turbo,Circuit de Monaco,Monte-Carlo,Monaco,43.7347,7.42056,-16,0,Sebastian Vettel,6,0,0,0
22260,905,815,10,10,21,0.0,0,4,2014,6,6,Monaco Grand Prix,2014-05-25,Force India,Indian,Sergio,Pérez,Mexican,Collision,Circuit de Monaco,Monte-Carlo,Monaco,43.7347,7.42056,-11,0,Sergio Pérez,6,0,0,0
22261,905,813,208,15,22,0.0,0,54,2014,6,6,Monaco Grand Prix,2014-05-25,Lotus F1,British,Pastor,Maldonado,Venezuelan,Withdrew,Circuit de Monaco,Monte-Carlo,Monaco,43.7347,7.42056,-7,0,Pastor Maldonado,6,0,0,0
22262,906,817,9,6,1,25.0,70,1,2014,7,7,Canadian Grand Prix,2014-06-08,Red Bull,Austrian,Daniel,Ricciardo,Australian,Finished,Circuit Gilles Villeneuve,Montreal,Canada,45.5,-73.5228,5,1,Daniel Ricciardo,7,1,1,1
22263,906,3,131,1,2,18.0,70,1,2014,7,7,Canadian Grand Prix,2014-06-08,Mercedes,German,Nico,Rosberg,German,Finished,Circuit Gilles Villeneuve,Montreal,Canada,45.5,-73.5228,-1,1,Nico Rosberg,7,1,0,1
22264,906,20,9,3,3,15.0,70,1,2014,7,7,Canadian Grand Prix,2014-06-08,Red Bull,Austrian,Sebastian,Vettel,German,Finished,Circuit Gilles Villeneuve,Montreal,Canada,45.5,-73.5228,0,1,Sebastian Vettel,7,1,0,1
22265,906,18,1,9,4,12.0,70,1,2014,7,7,Canadian Grand Prix,2014-06-08,McLaren,British,Jenson,Button,British,Finished,Circuit Gilles Villeneuve,Montreal,Canada,45.5,-73.5228,5,1,Jenson Button,7,0,0,1
22266,906,807,10,11,5,10.0,70,1,2014,7,7,Canadian Grand Prix,2014-06-08,Force India,Indian,Nico,Hülkenberg,German,Finished,Circuit Gilles Villeneuve,Montreal,Canada,45.5,-73.5228,6,1,Nico Hülkenberg,7,0,0,1
22267,906,4,6,7,6,8.0,70,1,2014,7,7,Canadian Grand Prix,2014-06-08,Ferrari,Italian,Fernando,Alonso,Spanish,Finished,Circuit Gilles Villeneuve,Montreal,Canada,45.5,-73.5228,1,1,Fernando Alonso,7,0,0,1
22268,906,822,3,4,7,6.0,70,1,2014,7,7,Canadian Grand Prix,2014-06-08,Williams,British,Valtteri,Bottas,Finnish,Finished,Circuit Gilles Villeneuve,Montreal,Canada,45.5,-73.5228,-3,1,Valtteri Bottas,7,0,0,1
22269,906,818,5,8,8,4.0,70,1,2014,7,7,Canadian Grand Prix,2014-06-08,Toro Rosso,Italian,Jean-Éric,Vergne,French,Finished,Circuit Gilles Villeneuve,Montreal,Canada,45.5,-73.5228,0,1,Jean-Éric Vergne,7,0,0,1
22270,906,825,1,12,9,2.0,70,1,2014,7,7,Canadian Grand Prix,2014-06-08,McLaren,British,Kevin,Magnussen,Danish,Finished,Circuit Gilles Villeneuve,Montreal,Canada,45.5,-73.5228,3,1,Kevin Magnussen,7,0,0,1
22271,906,8,6,10,10,1.0,70,1,2014,7,7,Canadian Grand Prix,2014-06-08,Ferrari,Italian,Kimi,Räikkönen,Finnish,Finished,Circuit Gilles Villeneuve,Montreal,Canada,45.5,-73.5228,0,1,Kimi Räikkönen,7,0,0,1
22272,906,815,10,13,11,0.0,69,4,2014,7,7,Canadian Grand Prix,2014-06-08,Force India,Indian,Sergio,Pérez,Mexican,Collision,Circuit Gilles Villeneuve,Montreal,Canada,45.5,-73.5228,2,0,Sergio Pérez,7,0,0,0
22273,906,13,3,5,12,0.0,69,4,2014,7,7,Canadian Grand Prix,2014-06-08,Williams,British,Felipe,Massa,Brazilian,Collision,Circuit Gilles Villeneuve,Montreal,Canada,45.5,-73.5228,-7,0,Felipe Massa,7,0,0,0
22274,906,16,15,16,13,0.0,69,11,2014,7,7,Canadian Grand Prix,2014-06-08,Sauber,Swiss,Adrian,Sutil,German,+1 Lap,Circuit Gilles Villeneuve,Montreal,Canada,45.5,-73.5228,3,1,Adrian Sutil,7,0,0,0
22275,906,821,15,22,14,0.0,64,132,2014,7,7,Canadian Grand Prix,2014-06-08,Sauber,Swiss,Esteban,Gutiérrez,Mexican,ERS,Circuit Gilles Villeneuve,Montreal,Canada,45.5,-73.5228,8,0,Esteban Gutiérrez,7,0,0,0
22276,906,154,208,14,15,0.0,59,65,2014,7,7,Canadian Grand Prix,2014-06-08,Lotus F1,British,Romain,Grosjean,French,Rear wing,Circuit Gilles Villeneuve,Montreal,Canada,45.5,-73.5228,-1,0,Romain Grosjean,7,0,0,0
22277,906,826,5,15,16,0.0,47,79,2014,7,7,Canadian Grand Prix,2014-06-08,Toro Rosso,Italian,Daniil,Kvyat,Russian,Drivetrain,Circuit Gilles Villeneuve,Montreal,Canada,45.5,-73.5228,-1,0,Daniil Kvyat,7,0,0,0
22278,906,1,131,2,17,0.0,46,23,2014,7,7,Canadian Grand Prix,2014-06-08,Mercedes,German,Lewis,Hamilton,British,Brakes,Circuit Gilles Villeneuve,Montreal,Canada,45.5,-73.5228,-15,0,Lewis Hamilton,7,0,0,0
22279,906,155,207,21,18,0.0,23,22,2014,7,7,Canadian Grand Prix,2014-06-08,Caterham,Malaysian,Kamui,Kobayashi,Japanese,Suspension,Circuit Gilles Villeneuve,Montreal,Canada,45.5,-73.5228,3,0,Kamui Kobayashi,7,0,0,0
22280,906,813,208,17,19,0.0,21,131,2014,7,7,Canadian Grand Prix,2014-06-08,Lotus F1,British,Pastor,Maldonado,Venezuelan,Power Unit,Circuit Gilles Villeneuve,Montreal,Canada,45.5,-73.5228,-2,0,Pastor Maldonado,7,0,0,0
22281,906,828,207,20,20,0.0,7,101,2014,7,7,Canadian Grand Prix,2014-06-08,Caterham,Malaysian,Marcus,Ericsson,Swedish,Turbo,Circuit Gilles Villeneuve,Montreal,Canada,45.5,-73.5228,0,0,Marcus Ericsson,7,0,0,0
22282,906,820,206,18,21,0.0,0,4,2014,7,7,Canadian Grand Prix,2014-06-08,Marussia,Russian,Max,Chilton,British,Collision,Circuit Gilles Villeneuve,Montreal,Canada,45.5,-73.5228,-3,0,Max Chilton,7,0,0,0
22283,906,824,206,19,22,0.0,0,4,2014,7,7,Canadian Grand Prix,2014-06-08,Marussia,Russian,Jules,Bianchi,French,Collision,Circuit Gilles Villeneuve,Montreal,Canada,45.5,-73.5228,-3,0,Jules Bianchi,7,0,0,0
22284,907,3,131,3,1,25.0,71,1,2014,8,70,Austrian Grand Prix,2014-06-22,Mercedes,German,Nico,Rosberg,German,Finished,Red Bull Ring,Spielberg,Austria,47.2197,14.7647,2,1,Nico Rosberg,8,1,1,1
22285,907,1,131,9,2,18.0,71,1,2014,8,70,Austrian Grand Prix,2014-06-22,Mercedes,German,Lewis,Hamilton,British,Finished,Red Bull Ring,Spielberg,Austria,47.2197,14.7647,7,1,Lewis Hamilton,8,1,0,1
22286,907,822,3,2,3,15.0,71,1,2014,8,70,Austrian Grand Prix,2014-06-22,Williams,British,Valtteri,Bottas,Finnish,Finished,Red Bull Ring,Spielberg,Austria,47.2197,14.7647,-1,1,Valtteri Bottas,8,1,0,1
22287,907,13,3,1,4,12.0,71,1,2014,8,70,Austrian Grand Prix,2014-06-22,Williams,British,Felipe,Massa,Brazilian,Finished,Red Bull Ring,Spielberg,Austria,47.2197,14.7647,-3,1,Felipe Massa,8,0,0,1
22288,907,4,6,4,5,10.0,71,1,2014,8,70,Austrian Grand Prix,2014-06-22,Ferrari,Italian,Fernando,Alonso,Spanish,Finished,Red Bull Ring,Spielberg,Austria,47.2197,14.7647,-1,1,Fernando Alonso,8,0,0,1
22289,907,815,10,15,6,8.0,71,1,2014,8,70,Austrian Grand Prix,2014-06-22,Force India,Indian,Sergio,Pérez,Mexican,Finished,Red Bull Ring,Spielberg,Austria,47.2197,14.7647,9,1,Sergio Pérez,8,0,0,1
22290,907,825,1,6,7,6.0,71,1,2014,8,70,Austrian Grand Prix,2014-06-22,McLaren,British,Kevin,Magnussen,Danish,Finished,Red Bull Ring,Spielberg,Austria,47.2197,14.7647,-1,1,Kevin Magnussen,8,0,0,1
22291,907,817,9,5,8,4.0,71,1,2014,8,70,Austrian Grand Prix,2014-06-22,Red Bull,Austrian,Daniel,Ricciardo,Australian,Finished,Red Bull Ring,Spielberg,Austria,47.2197,14.7647,-3,1,Daniel Ricciardo,8,0,0,1
22292,907,807,10,10,9,2.0,71,1,2014,8,70,Austrian Grand Prix,2014-06-22,Force India,Indian,Nico,Hülkenberg,German,Finished,Red Bull Ring,Spielberg,Austria,47.2197,14.7647,1,1,Nico Hülkenberg,8,0,0,1
22293,907,8,6,8,10,1.0,71,1,2014,8,70,Austrian Grand Prix,2014-06-22,Ferrari,Italian,Kimi,Räikkönen,Finnish,Finished,Red Bull Ring,Spielberg,Austria,47.2197,14.7647,-2,1,Kimi Räikkönen,8,0,0,1
22294,907,18,1,11,11,0.0,71,1,2014,8,70,Austrian Grand Prix,2014-06-22,McLaren,British,Jenson,Button,British,Finished,Red Bull Ring,Spielberg,Austria,47.2197,14.7647,0,1,Jenson Button,8,0,0,0
22295,907,813,208,13,12,0.0,70,11,2014,8,70,Austrian Grand Prix,2014-06-22,Lotus F1,British,Pastor,Maldonado,Venezuelan,+1 Lap,Red Bull Ring,Spielberg,Austria,47.2197,14.7647,1,1,Pastor Maldonado,8,0,0,0
22296,907,16,15,16,13,0.0,70,11,2014,8,70,Austrian Grand Prix,2014-06-22,Sauber,Swiss,Adrian,Sutil,German,+1 Lap,Red Bull Ring,Spielberg,Austria,47.2197,14.7647,3,1,Adrian Sutil,8,0,0,0
22297,907,154,208,22,14,0.0,70,11,2014,8,70,Austrian Grand Prix,2014-06-22,Lotus F1,British,Romain,Grosjean,French,+1 Lap,Red Bull Ring,Spielberg,Austria,47.2197,14.7647,8,1,Romain Grosjean,8,0,0,0
22298,907,824,206,18,15,0.0,69,12,2014,8,70,Austrian Grand Prix,2014-06-22,Marussia,Russian,Jules,Bianchi,French,+2 Laps,Red Bull Ring,Spielberg,Austria,47.2197,14.7647,3,1,Jules Bianchi,8,0,0,0
22299,907,155,207,19,16,0.0,69,12,2014,8,70,Austrian Grand Prix,2014-06-22,Caterham,Malaysian,Kamui,Kobayashi,Japanese,+2 Laps,Red Bull Ring,Spielberg,Austria,47.2197,14.7647,3,1,Kamui Kobayashi,8,0,0,0
22300,907,820,206,21,17,0.0,69,12,2014,8,70,Austrian Grand Prix,2014-06-22,Marussia,Russian,Max,Chilton,British,+2 Laps,Red Bull Ring,Spielberg,Austria,47.2197,14.7647,4,1,Max Chilton,8,0,0,0
22301,907,828,207,20,18,0.0,69,12,2014,8,70,Austrian Grand Prix,2014-06-22,Caterham,Malaysian,Marcus,Ericsson,Swedish,+2 Laps,Red Bull Ring,Spielberg,Austria,47.2197,14.7647,2,1,Marcus Ericsson,8,0,0,0
22302,907,821,15,17,19,0.0,69,12,2014,8,70,Austrian Grand Prix,2014-06-22,Sauber,Swiss,Esteban,Gutiérrez,Mexican,+2 Laps,Red Bull Ring,Spielberg,Austria,47.2197,14.7647,-2,1,Esteban Gutiérrez,8,0,0,0
22303,907,818,5,14,20,0.0,59,23,2014,8,70,Austrian Grand Prix,2014-06-22,Toro Rosso,Italian,Jean-Éric,Vergne,French,Brakes,Red Bull Ring,Spielberg,Austria,47.2197,14.7647,-6,0,Jean-Éric Vergne,8,0,0,0
22304,907,20,9,12,21,0.0,34,10,2014,8,70,Austrian Grand Prix,2014-06-22,Red Bull,Austrian,Sebastian,Vettel,German,Electrical,Red Bull Ring,Spielberg,Austria,47.2197,14.7647,-9,0,Sebastian Vettel,8,0,0,0
22305,907,826,5,7,22,0.0,24,22,2014,8,70,Austrian Grand Prix,2014-06-22,Toro Rosso,Italian,Daniil,Kvyat,Russian,Suspension,Red Bull Ring,Spielberg,Austria,47.2197,14.7647,-15,0,Daniil Kvyat,8,0,0,0
22306,908,1,131,6,1,25.0,52,1,2014,9,9,British Grand Prix,2014-07-06,Mercedes,German,Lewis,Hamilton,British,Finished,Silverstone Circuit,Silverstone,UK,52.0786,-1.01694,5,1,Lewis Hamilton,9,1,1,1
22307,908,822,3,14,2,18.0,52,1,2014,9,9,British Grand Prix,2014-07-06,Williams,British,Valtteri,Bottas,Finnish,Finished,Silverstone Circuit,Silverstone,UK,52.0786,-1.01694,12,1,Valtteri Bottas,9,1,0,1
22308,908,817,9,8,3,15.0,52,1,2014,9,9,British Grand Prix,2014-07-06,Red Bull,Austrian,Daniel,Ricciardo,Australian,Finished,Silverstone Circuit,Silverstone,UK,52.0786,-1.01694,5,1,Daniel Ricciardo,9,1,0,1
22309,908,18,1,3,4,12.0,52,1,2014,9,9,British Grand Prix,2014-07-06,McLaren,British,Jenson,Button,British,Finished,Silverstone Circuit,Silverstone,UK,52.0786,-1.01694,-1,1,Jenson Button,9,0,0,1
22310,908,20,9,2,5,10.0,52,1,2014,9,9,British Grand Prix,2014-07-06,Red Bull,Austrian,Sebastian,Vettel,German,Finished,Silverstone Circuit,Silverstone,UK,52.0786,-1.01694,-3,1,Sebastian Vettel,9,0,0,1
22311,908,4,6,16,6,8.0,52,1,2014,9,9,British Grand Prix,2014-07-06,Ferrari,Italian,Fernando,Alonso,Spanish,Finished,Silverstone Circuit,Silverstone,UK,52.0786,-1.01694,10,1,Fernando Alonso,9,0,0,1
22312,908,825,1,5,7,6.0,52,1,2014,9,9,British Grand Prix,2014-07-06,McLaren,British,Kevin,Magnussen,Danish,Finished,Silverstone Circuit,Silverstone,UK,52.0786,-1.01694,-2,1,Kevin Magnussen,9,0,0,1
22313,908,807,10,4,8,4.0,52,1,2014,9,9,British Grand Prix,2014-07-06,Force India,Indian,Nico,Hülkenberg,German,Finished,Silverstone Circuit,Silverstone,UK,52.0786,-1.01694,-4,1,Nico Hülkenberg,9,0,0,1
22314,908,826,5,9,9,2.0,52,1,2014,9,9,British Grand Prix,2014-07-06,Toro Rosso,Italian,Daniil,Kvyat,Russian,Finished,Silverstone Circuit,Silverstone,UK,52.0786,-1.01694,0,1,Daniil Kvyat,9,0,0,1
22315,908,818,5,10,10,1.0,51,11,2014,9,9,British Grand Prix,2014-07-06,Toro Rosso,Italian,Jean-Éric,Vergne,French,+1 Lap,Silverstone Circuit,Silverstone,UK,52.0786,-1.01694,0,1,Jean-Éric Vergne,9,0,0,1
22316,908,815,10,7,11,0.0,51,11,2014,9,9,British Grand Prix,2014-07-06,Force India,Indian,Sergio,Pérez,Mexican,+1 Lap,Silverstone Circuit,Silverstone,UK,52.0786,-1.01694,-4,1,Sergio Pérez,9,0,0,0
22317,908,154,208,11,12,0.0,51,11,2014,9,9,British Grand Prix,2014-07-06,Lotus F1,British,Romain,Grosjean,French,+1 Lap,Silverstone Circuit,Silverstone,UK,52.0786,-1.01694,-1,1,Romain Grosjean,9,0,0,0
22318,908,16,15,13,13,0.0,51,11,2014,9,9,British Grand Prix,2014-07-06,Sauber,Swiss,Adrian,Sutil,German,+1 Lap,Silverstone Circuit,Silverstone,UK,52.0786,-1.01694,0,1,Adrian Sutil,9,0,0,0
22319,908,824,206,12,14,0.0,51,11,2014,9,9,British Grand Prix,2014-07-06,Marussia,Russian,Jules,Bianchi,French,+1 Lap,Silverstone Circuit,Silverstone,UK,52.0786,-1.01694,-2,1,Jules Bianchi,9,0,0,0
22320,908,155,207,22,15,0.0,50,12,2014,9,9,British Grand Prix,2014-07-06,Caterham,Malaysian,Kamui,Kobayashi,Japanese,+2 Laps,Silverstone Circuit,Silverstone,UK,52.0786,-1.01694,7,1,Kamui Kobayashi,9,0,0,0
22321,908,820,206,17,16,0.0,50,12,2014,9,9,British Grand Prix,2014-07-06,Marussia,Russian,Max,Chilton,British,+2 Laps,Silverstone Circuit,Silverstone,UK,52.0786,-1.01694,1,1,Max Chilton,9,0,0,0
22322,908,813,208,20,17,0.0,49,13,2014,9,9,British Grand Prix,2014-07-06,Lotus F1,British,Pastor,Maldonado,Venezuelan,+3 Laps,Silverstone Circuit,Silverstone,UK,52.0786,-1.01694,3,1,Pastor Maldonado,9,0,0,0
22323,908,3,131,1,18,0.0,28,6,2014,9,9,British Grand Prix,2014-07-06,Mercedes,German,Nico,Rosberg,German,Gearbox,Silverstone Circuit,Silverstone,UK,52.0786,-1.01694,-17,0,Nico Rosberg,9,0,0,0
22324,908,828,207,21,19,0.0,11,22,2014,9,9,British Grand Prix,2014-07-06,Caterham,Malaysian,Marcus,Ericsson,Swedish,Suspension,Silverstone Circuit,Silverstone,UK,52.0786,-1.01694,2,0,Marcus Ericsson,9,0,0,0
22325,908,821,15,19,20,0.0,9,4,2014,9,9,British Grand Prix,2014-07-06,Sauber,Swiss,Esteban,Gutiérrez,Mexican,Collision,Silverstone Circuit,Silverstone,UK,52.0786,-1.01694,-1,0,Esteban Gutiérrez,9,0,0,0
22326,908,13,3,15,21,0.0,0,4,2014,9,9,British Grand Prix,2014-07-06,Williams,British,Felipe,Massa,Brazilian,Collision,Silverstone Circuit,Silverstone,UK,52.0786,-1.01694,-6,0,Felipe Massa,9,0,0,0
22327,908,8,6,18,22,0.0,0,4,2014,9,9,British Grand Prix,2014-07-06,Ferrari,Italian,Kimi,Räikkönen,Finnish,Collision,Silverstone Circuit,Silverstone,UK,52.0786,-1.01694,-4,0,Kimi Räikkönen,9,0,0,0
22328,909,3,131,1,1,25.0,67,1,2014,10,10,German Grand Prix,2014-07-20,Mercedes,German,Nico,Rosberg,German,Finished,Hockenheimring,Hockenheim,Germany,49.3278,8.56583,0,1,Nico Rosberg,10,1,1,1
22329,909,822,3,2,2,18.0,67,1,2014,10,10,German Grand Prix,2014-07-20,Williams,British,Valtteri,Bottas,Finnish,Finished,Hockenheimring,Hockenheim,Germany,49.3278,8.56583,0,1,Valtteri Bottas,10,1,0,1
22330,909,1,131,20,3,15.0,67,1,2014,10,10,German Grand Prix,2014-07-20,Mercedes,German,Lewis,Hamilton,British,Finished,Hockenheimring,Hockenheim,Germany,49.3278,8.56583,17,1,Lewis Hamilton,10,1,0,1
22331,909,20,9,6,4,12.0,67,1,2014,10,10,German Grand Prix,2014-07-20,Red Bull,Austrian,Sebastian,Vettel,German,Finished,Hockenheimring,Hockenheim,Germany,49.3278,8.56583,2,1,Sebastian Vettel,10,0,0,1
22332,909,4,6,7,5,10.0,67,1,2014,10,10,German Grand Prix,2014-07-20,Ferrari,Italian,Fernando,Alonso,Spanish,Finished,Hockenheimring,Hockenheim,Germany,49.3278,8.56583,2,1,Fernando Alonso,10,0,0,1
22333,909,817,9,5,6,8.0,67,1,2014,10,10,German Grand Prix,2014-07-20,Red Bull,Austrian,Daniel,Ricciardo,Australian,Finished,Hockenheimring,Hockenheim,Germany,49.3278,8.56583,-1,1,Daniel Ricciardo,10,0,0,1
22334,909,807,10,9,7,6.0,67,1,2014,10,10,German Grand Prix,2014-07-20,Force India,Indian,Nico,Hülkenberg,German,Finished,Hockenheimring,Hockenheim,Germany,49.3278,8.56583,2,1,Nico Hülkenberg,10,0,0,1
22335,909,18,1,11,8,4.0,67,1,2014,10,10,German Grand Prix,2014-07-20,McLaren,British,Jenson,Button,British,Finished,Hockenheimring,Hockenheim,Germany,49.3278,8.56583,3,1,Jenson Button,10,0,0,1
22336,909,825,1,4,9,2.0,66,11,2014,10,10,German Grand Prix,2014-07-20,McLaren,British,Kevin,Magnussen,Danish,+1 Lap,Hockenheimring,Hockenheim,Germany,49.3278,8.56583,-5,1,Kevin Magnussen,10,0,0,1
22337,909,815,10,10,10,1.0,66,11,2014,10,10,German Grand Prix,2014-07-20,Force India,Indian,Sergio,Pérez,Mexican,+1 Lap,Hockenheimring,Hockenheim,Germany,49.3278,8.56583,0,1,Sergio Pérez,10,0,0,1
22338,909,8,6,12,11,0.0,66,11,2014,10,10,German Grand Prix,2014-07-20,Ferrari,Italian,Kimi,Räikkönen,Finnish,+1 Lap,Hockenheimring,Hockenheim,Germany,49.3278,8.56583,1,1,Kimi Räikkönen,10,0,0,0
22339,909,813,208,18,12,0.0,66,11,2014,10,10,German Grand Prix,2014-07-20,Lotus F1,British,Pastor,Maldonado,Venezuelan,+1 Lap,Hockenheimring,Hockenheim,Germany,49.3278,8.56583,6,1,Pastor Maldonado,10,0,0,0
22340,909,818,5,13,13,0.0,66,11,2014,10,10,German Grand Prix,2014-07-20,Toro Rosso,Italian,Jean-Éric,Vergne,French,+1 Lap,Hockenheimring,Hockenheim,Germany,49.3278,8.56583,0,1,Jean-Éric Vergne,10,0,0,0
22341,909,821,15,16,14,0.0,66,11,2014,10,10,German Grand Prix,2014-07-20,Sauber,Swiss,Esteban,Gutiérrez,Mexican,+1 Lap,Hockenheimring,Hockenheim,Germany,49.3278,8.56583,2,1,Esteban Gutiérrez,10,0,0,0
22342,909,824,206,17,15,0.0,66,11,2014,10,10,German Grand Prix,2014-07-20,Marussia,Russian,Jules,Bianchi,French,+1 Lap,Hockenheimring,Hockenheim,Germany,49.3278,8.56583,2,1,Jules Bianchi,10,0,0,0
22343,909,155,207,19,16,0.0,65,12,2014,10,10,German Grand Prix,2014-07-20,Caterham,Malaysian,Kamui,Kobayashi,Japanese,+2 Laps,Hockenheimring,Hockenheim,Germany,49.3278,8.56583,3,1,Kamui Kobayashi,10,0,0,0
22344,909,820,206,21,17,0.0,65,12,2014,10,10,German Grand Prix,2014-07-20,Marussia,Russian,Max,Chilton,British,+2 Laps,Hockenheimring,Hockenheim,Germany,49.3278,8.56583,4,1,Max Chilton,10,0,0,0
22345,909,828,207,22,18,0.0,65,12,2014,10,10,German Grand Prix,2014-07-20,Caterham,Malaysian,Marcus,Ericsson,Swedish,+2 Laps,Hockenheimring,Hockenheim,Germany,49.3278,8.56583,4,1,Marcus Ericsson,10,0,0,0
22346,909,16,15,15,19,0.0,47,23,2014,10,10,German Grand Prix,2014-07-20,Sauber,Swiss,Adrian,Sutil,German,Brakes,Hockenheimring,Hockenheim,Germany,49.3278,8.56583,-4,0,Adrian Sutil,10,0,0,0
22347,909,826,5,8,20,0.0,44,44,2014,10,10,German Grand Prix,2014-07-20,Toro Rosso,Italian,Daniil,Kvyat,Russian,Oil leak,Hockenheimring,Hockenheim,Germany,49.3278,8.56583,-12,0,Daniil Kvyat,10,0,0,0
22348,909,154,208,14,21,0.0,26,47,2014,10,10,German Grand Prix,2014-07-20,Lotus F1,British,Romain,Grosjean,French,Water leak,Hockenheimring,Hockenheim,Germany,49.3278,8.56583,-7,0,Romain Grosjean,10,0,0,0
22349,909,13,3,3,22,0.0,0,4,2014,10,10,German Grand Prix,2014-07-20,Williams,British,Felipe,Massa,Brazilian,Collision,Hockenheimring,Hockenheim,Germany,49.3278,8.56583,-19,0,Felipe Massa,10,0,0,0
22350,910,817,9,4,1,25.0,70,1,2014,11,11,Hungarian Grand Prix,2014-07-27,Red Bull,Austrian,Daniel,Ricciardo,Australian,Finished,Hungaroring,Budapest,Hungary,47.5789,19.2486,3,1,Daniel Ricciardo,11,1,1,1
22351,910,4,6,5,2,18.0,70,1,2014,11,11,Hungarian Grand Prix,2014-07-27,Ferrari,Italian,Fernando,Alonso,Spanish,Finished,Hungaroring,Budapest,Hungary,47.5789,19.2486,3,1,Fernando Alonso,11,1,0,1
22352,910,1,131,22,3,15.0,70,1,2014,11,11,Hungarian Grand Prix,2014-07-27,Mercedes,German,Lewis,Hamilton,British,Finished,Hungaroring,Budapest,Hungary,47.5789,19.2486,19,1,Lewis Hamilton,11,1,0,1
22353,910,3,131,1,4,12.0,70,1,2014,11,11,Hungarian Grand Prix,2014-07-27,Mercedes,German,Nico,Rosberg,German,Finished,Hungaroring,Budapest,Hungary,47.5789,19.2486,-3,1,Nico Rosberg,11,0,0,1
22354,910,13,3,6,5,10.0,70,1,2014,11,11,Hungarian Grand Prix,2014-07-27,Williams,British,Felipe,Massa,Brazilian,Finished,Hungaroring,Budapest,Hungary,47.5789,19.2486,1,1,Felipe Massa,11,0,0,1
22355,910,8,6,16,6,8.0,70,1,2014,11,11,Hungarian Grand Prix,2014-07-27,Ferrari,Italian,Kimi,Räikkönen,Finnish,Finished,Hungaroring,Budapest,Hungary,47.5789,19.2486,10,1,Kimi Räikkönen,11,0,0,1
22356,910,20,9,2,7,6.0,70,1,2014,11,11,Hungarian Grand Prix,2014-07-27,Red Bull,Austrian,Sebastian,Vettel,German,Finished,Hungaroring,Budapest,Hungary,47.5789,19.2486,-5,1,Sebastian Vettel,11,0,0,1
22357,910,822,3,3,8,4.0,70,1,2014,11,11,Hungarian Grand Prix,2014-07-27,Williams,British,Valtteri,Bottas,Finnish,Finished,Hungaroring,Budapest,Hungary,47.5789,19.2486,-5,1,Valtteri Bottas,11,0,0,1
22358,910,818,5,8,9,2.0,70,1,2014,11,11,Hungarian Grand Prix,2014-07-27,Toro Rosso,Italian,Jean-Éric,Vergne,French,Finished,Hungaroring,Budapest,Hungary,47.5789,19.2486,-1,1,Jean-Éric Vergne,11,0,0,1
22359,910,18,1,7,10,1.0,70,1,2014,11,11,Hungarian Grand Prix,2014-07-27,McLaren,British,Jenson,Button,British,Finished,Hungaroring,Budapest,Hungary,47.5789,19.2486,-3,1,Jenson Button,11,0,0,1
22360,910,16,15,11,11,0.0,70,1,2014,11,11,Hungarian Grand Prix,2014-07-27,Sauber,Swiss,Adrian,Sutil,German,Finished,Hungaroring,Budapest,Hungary,47.5789,19.2486,0,1,Adrian Sutil,11,0,0,0
22361,910,825,1,21,12,0.0,70,1,2014,11,11,Hungarian Grand Prix,2014-07-27,McLaren,British,Kevin,Magnussen,Danish,Finished,Hungaroring,Budapest,Hungary,47.5789,19.2486,9,1,Kevin Magnussen,11,0,0,0
22362,910,813,208,20,13,0.0,70,1,2014,11,11,Hungarian Grand Prix,2014-07-27,Lotus F1,British,Pastor,Maldonado,Venezuelan,Finished,Hungaroring,Budapest,Hungary,47.5789,19.2486,7,1,Pastor Maldonado,11,0,0,0
22363,910,826,5,10,14,0.0,69,11,2014,11,11,Hungarian Grand Prix,2014-07-27,Toro Rosso,Italian,Daniil,Kvyat,Russian,+1 Lap,Hungaroring,Budapest,Hungary,47.5789,19.2486,-4,1,Daniil Kvyat,11,0,0,0
22364,910,824,206,15,15,0.0,69,11,2014,11,11,Hungarian Grand Prix,2014-07-27,Marussia,Russian,Jules,Bianchi,French,+1 Lap,Hungaroring,Budapest,Hungary,47.5789,19.2486,0,1,Jules Bianchi,11,0,0,0
22365,910,820,206,18,16,0.0,69,11,2014,11,11,Hungarian Grand Prix,2014-07-27,Marussia,Russian,Max,Chilton,British,+1 Lap,Hungaroring,Budapest,Hungary,47.5789,19.2486,2,1,Max Chilton,11,0,0,0
22366,910,821,15,13,17,0.0,33,31,2014,11,11,Hungarian Grand Prix,2014-07-27,Sauber,Swiss,Esteban,Gutiérrez,Mexican,Retired,Hungaroring,Budapest,Hungary,47.5789,19.2486,-4,0,Esteban Gutiérrez,11,0,0,0
22367,910,155,207,17,18,0.0,26,31,2014,11,11,Hungarian Grand Prix,2014-07-27,Caterham,Malaysian,Kamui,Kobayashi,Japanese,Retired,Hungaroring,Budapest,Hungary,47.5789,19.2486,-1,0,Kamui Kobayashi,11,0,0,0
22368,910,815,10,12,19,0.0,23,3,2014,11,11,Hungarian Grand Prix,2014-07-27,Force India,Indian,Sergio,Pérez,Mexican,Accident,Hungaroring,Budapest,Hungary,47.5789,19.2486,-7,0,Sergio Pérez,11,0,0,0
22369,910,807,10,9,20,0.0,16,3,2014,11,11,Hungarian Grand Prix,2014-07-27,Force India,Indian,Nico,Hülkenberg,German,Accident,Hungaroring,Budapest,Hungary,47.5789,19.2486,-11,0,Nico Hülkenberg,11,0,0,0
22370,910,154,208,14,21,0.0,11,3,2014,11,11,Hungarian Grand Prix,2014-07-27,Lotus F1,British,Romain,Grosjean,French,Accident,Hungaroring,Budapest,Hungary,47.5789,19.2486,-7,0,Romain Grosjean,11,0,0,0
22371,910,828,207,19,22,0.0,8,3,2014,11,11,Hungarian Grand Prix,2014-07-27,Caterham,Malaysian,Marcus,Ericsson,Swedish,Accident,Hungaroring,Budapest,Hungary,47.5789,19.2486,-3,0,Marcus Ericsson,11,0,0,0
22373,911,817,9,5,1,25.0,44,1,2014,12,13,Belgian Grand Prix,2014-08-24,Red Bull,Austrian,Daniel,Ricciardo,Australian,Finished,Circuit de Spa-Francorchamps,Spa,Belgium,50.4372,5.97139,4,1,Daniel Ricciardo,12,1,1,1
22374,911,3,131,1,2,18.0,44,1,2014,12,13,Belgian Grand Prix,2014-08-24,Mercedes,German,Nico,Rosberg,German,Finished,Circuit de Spa-Francorchamps,Spa,Belgium,50.4372,5.97139,-1,1,Nico Rosberg,12,1,0,1
22375,911,822,3,6,3,15.0,44,1,2014,12,13,Belgian Grand Prix,2014-08-24,Williams,British,Valtteri,Bottas,Finnish,Finished,Circuit de Spa-Francorchamps,Spa,Belgium,50.4372,5.97139,3,1,Valtteri Bottas,12,1,0,1
22376,911,8,6,8,4,12.0,44,1,2014,12,13,Belgian Grand Prix,2014-08-24,Ferrari,Italian,Kimi,Räikkönen,Finnish,Finished,Circuit de Spa-Francorchamps,Spa,Belgium,50.4372,5.97139,4,1,Kimi Räikkönen,12,0,0,1
22377,911,20,9,3,5,10.0,44,1,2014,12,13,Belgian Grand Prix,2014-08-24,Red Bull,Austrian,Sebastian,Vettel,German,Finished,Circuit de Spa-Francorchamps,Spa,Belgium,50.4372,5.97139,-2,1,Sebastian Vettel,12,0,0,1
22378,911,18,1,10,6,8.0,44,1,2014,12,13,Belgian Grand Prix,2014-08-24,McLaren,British,Jenson,Button,British,Finished,Circuit de Spa-Francorchamps,Spa,Belgium,50.4372,5.97139,4,1,Jenson Button,12,0,0,1
22379,911,4,6,4,7,6.0,44,1,2014,12,13,Belgian Grand Prix,2014-08-24,Ferrari,Italian,Fernando,Alonso,Spanish,Finished,Circuit de Spa-Francorchamps,Spa,Belgium,50.4372,5.97139,-3,1,Fernando Alonso,12,0,0,1
22380,911,815,10,13,8,4.0,44,1,2014,12,13,Belgian Grand Prix,2014-08-24,Force India,Indian,Sergio,Pérez,Mexican,Finished,Circuit de Spa-Francorchamps,Spa,Belgium,50.4372,5.97139,5,1,Sergio Pérez,12,0,0,1
22381,911,826,5,11,9,2.0,44,1,2014,12,13,Belgian Grand Prix,2014-08-24,Toro Rosso,Italian,Daniil,Kvyat,Russian,Finished,Circuit de Spa-Francorchamps,Spa,Belgium,50.4372,5.97139,2,1,Daniil Kvyat,12,0,0,1
22382,911,807,10,18,10,1.0,44,1,2014,12,13,Belgian Grand Prix,2014-08-24,Force India,Indian,Nico,Hülkenberg,German,Finished,Circuit de Spa-Francorchamps,Spa,Belgium,50.4372,5.97139,8,1,Nico Hülkenberg,12,0,0,1
22383,911,818,5,12,11,0.0,44,1,2014,12,13,Belgian Grand Prix,2014-08-24,Toro Rosso,Italian,Jean-Éric,Vergne,French,Finished,Circuit de Spa-Francorchamps,Spa,Belgium,50.4372,5.97139,1,1,Jean-Éric Vergne,12,0,0,0
22384,911,825,1,7,12,0.0,44,1,2014,12,13,Belgian Grand Prix,2014-08-24,McLaren,British,Kevin,Magnussen,Danish,Finished,Circuit de Spa-Francorchamps,Spa,Belgium,50.4372,5.97139,-5,1,Kevin Magnussen,12,0,0,0
22385,911,13,3,9,13,0.0,44,1,2014,12,13,Belgian Grand Prix,2014-08-24,Williams,British,Felipe,Massa,Brazilian,Finished,Circuit de Spa-Francorchamps,Spa,Belgium,50.4372,5.97139,-4,1,Felipe Massa,12,0,0,0
22386,911,16,15,14,14,0.0,44,1,2014,12,13,Belgian Grand Prix,2014-08-24,Sauber,Swiss,Adrian,Sutil,German,Finished,Circuit de Spa-Francorchamps,Spa,Belgium,50.4372,5.97139,0,1,Adrian Sutil,12,0,0,0
22387,911,821,15,20,15,0.0,44,1,2014,12,13,Belgian Grand Prix,2014-08-24,Sauber,Swiss,Esteban,Gutiérrez,Mexican,Finished,Circuit de Spa-Francorchamps,Spa,Belgium,50.4372,5.97139,5,1,Esteban Gutiérrez,12,0,0,0
22388,911,820,206,19,16,0.0,43,11,2014,12,13,Belgian Grand Prix,2014-08-24,Marussia,Russian,Max,Chilton,British,+1 Lap,Circuit de Spa-Francorchamps,Spa,Belgium,50.4372,5.97139,3,1,Max Chilton,12,0,0,0
22389,911,828,207,22,17,0.0,43,11,2014,12,13,Belgian Grand Prix,2014-08-24,Caterham,Malaysian,Marcus,Ericsson,Swedish,+1 Lap,Circuit de Spa-Francorchamps,Spa,Belgium,50.4372,5.97139,5,1,Marcus Ericsson,12,0,0,0
22390,911,824,206,16,18,0.0,39,6,2014,12,13,Belgian Grand Prix,2014-08-24,Marussia,Russian,Jules,Bianchi,French,Gearbox,Circuit de Spa-Francorchamps,Spa,Belgium,50.4372,5.97139,-2,0,Jules Bianchi,12,0,0,0
22391,911,1,131,2,19,0.0,38,31,2014,12,13,Belgian Grand Prix,2014-08-24,Mercedes,German,Lewis,Hamilton,British,Retired,Circuit de Spa-Francorchamps,Spa,Belgium,50.4372,5.97139,-17,0,Lewis Hamilton,12,0,0,0
22392,911,154,208,15,20,0.0,33,31,2014,12,13,Belgian Grand Prix,2014-08-24,Lotus F1,British,Romain,Grosjean,French,Retired,Circuit de Spa-Francorchamps,Spa,Belgium,50.4372,5.97139,-5,0,Romain Grosjean,12,0,0,0
22393,911,813,208,17,21,0.0,1,26,2014,12,13,Belgian Grand Prix,2014-08-24,Lotus F1,British,Pastor,Maldonado,Venezuelan,Mechanical,Circuit de Spa-Francorchamps,Spa,Belgium,50.4372,5.97139,-4,0,Pastor Maldonado,12,0,0,0
22394,911,827,207,21,22,0.0,1,131,2014,12,13,Belgian Grand Prix,2014-08-24,Caterham,Malaysian,André,Lotterer,German,Power Unit,Circuit de Spa-Francorchamps,Spa,Belgium,50.4372,5.97139,-1,0,André Lotterer,12,0,0,0
22395,912,1,131,1,1,25.0,53,1,2014,13,14,Italian Grand Prix,2014-09-07,Mercedes,German,Lewis,Hamilton,British,Finished,Autodromo Nazionale di Monza,Monza,Italy,45.6156,9.28111,0,1,Lewis Hamilton,13,1,1,1
22396,912,3,131,2,2,18.0,53,1,2014,13,14,Italian Grand Prix,2014-09-07,Mercedes,German,Nico,Rosberg,German,Finished,Autodromo Nazionale di Monza,Monza,Italy,45.6156,9.28111,0,1,Nico Rosberg,13,1,0,1
22397,912,13,3,4,3,15.0,53,1,2014,13,14,Italian Grand Prix,2014-09-07,Williams,British,Felipe,Massa,Brazilian,Finished,Autodromo Nazionale di Monza,Monza,Italy,45.6156,9.28111,1,1,Felipe Massa,13,1,0,1
22398,912,822,3,3,4,12.0,53,1,2014,13,14,Italian Grand Prix,2014-09-07,Williams,British,Valtteri,Bottas,Finnish,Finished,Autodromo Nazionale di Monza,Monza,Italy,45.6156,9.28111,-1,1,Valtteri Bottas,13,0,0,1
22399,912,817,9,9,5,10.0,53,1,2014,13,14,Italian Grand Prix,2014-09-07,Red Bull,Austrian,Daniel,Ricciardo,Australian,Finished,Autodromo Nazionale di Monza,Monza,Italy,45.6156,9.28111,4,1,Daniel Ricciardo,13,0,0,1
22400,912,20,9,8,6,8.0,53,1,2014,13,14,Italian Grand Prix,2014-09-07,Red Bull,Austrian,Sebastian,Vettel,German,Finished,Autodromo Nazionale di Monza,Monza,Italy,45.6156,9.28111,2,1,Sebastian Vettel,13,0,0,1
22401,912,815,10,10,7,6.0,53,1,2014,13,14,Italian Grand Prix,2014-09-07,Force India,Indian,Sergio,Pérez,Mexican,Finished,Autodromo Nazionale di Monza,Monza,Italy,45.6156,9.28111,3,1,Sergio Pérez,13,0,0,1
22402,912,18,1,6,8,4.0,53,1,2014,13,14,Italian Grand Prix,2014-09-07,McLaren,British,Jenson,Button,British,Finished,Autodromo Nazionale di Monza,Monza,Italy,45.6156,9.28111,-2,1,Jenson Button,13,0,0,1
22403,912,8,6,11,9,2.0,53,1,2014,13,14,Italian Grand Prix,2014-09-07,Ferrari,Italian,Kimi,Räikkönen,Finnish,Finished,Autodromo Nazionale di Monza,Monza,Italy,45.6156,9.28111,2,1,Kimi Räikkönen,13,0,0,1
22404,912,825,1,5,10,1.0,53,1,2014,13,14,Italian Grand Prix,2014-09-07,McLaren,British,Kevin,Magnussen,Danish,Finished,Autodromo Nazionale di Monza,Monza,Italy,45.6156,9.28111,-5,1,Kevin Magnussen,13,0,0,1
22405,912,826,5,21,11,0.0,53,1,2014,13,14,Italian Grand Prix,2014-09-07,Toro Rosso,Italian,Daniil,Kvyat,Russian,Finished,Autodromo Nazionale di Monza,Monza,Italy,45.6156,9.28111,10,1,Daniil Kvyat,13,0,0,0
22406,912,807,10,13,12,0.0,53,1,2014,13,14,Italian Grand Prix,2014-09-07,Force India,Indian,Nico,Hülkenberg,German,Finished,Autodromo Nazionale di Monza,Monza,Italy,45.6156,9.28111,1,1,Nico Hülkenberg,13,0,0,0
22407,912,818,5,12,13,0.0,53,1,2014,13,14,Italian Grand Prix,2014-09-07,Toro Rosso,Italian,Jean-Éric,Vergne,French,Finished,Autodromo Nazionale di Monza,Monza,Italy,45.6156,9.28111,-1,1,Jean-Éric Vergne,13,0,0,0
22408,912,813,208,16,14,0.0,52,11,2014,13,14,Italian Grand Prix,2014-09-07,Lotus F1,British,Pastor,Maldonado,Venezuelan,+1 Lap,Autodromo Nazionale di Monza,Monza,Italy,45.6156,9.28111,2,1,Pastor Maldonado,13,0,0,0
22409,912,16,15,14,15,0.0,52,11,2014,13,14,Italian Grand Prix,2014-09-07,Sauber,Swiss,Adrian,Sutil,German,+1 Lap,Autodromo Nazionale di Monza,Monza,Italy,45.6156,9.28111,-1,1,Adrian Sutil,13,0,0,0
22410,912,154,208,17,16,0.0,52,11,2014,13,14,Italian Grand Prix,2014-09-07,Lotus F1,British,Romain,Grosjean,French,+1 Lap,Autodromo Nazionale di Monza,Monza,Italy,45.6156,9.28111,1,1,Romain Grosjean,13,0,0,0
22411,912,155,207,18,17,0.0,52,11,2014,13,14,Italian Grand Prix,2014-09-07,Caterham,Malaysian,Kamui,Kobayashi,Japanese,+1 Lap,Autodromo Nazionale di Monza,Monza,Italy,45.6156,9.28111,1,1,Kamui Kobayashi,13,0,0,0
22412,912,824,206,19,18,0.0,52,11,2014,13,14,Italian Grand Prix,2014-09-07,Marussia,Russian,Jules,Bianchi,French,+1 Lap,Autodromo Nazionale di Monza,Monza,Italy,45.6156,9.28111,1,1,Jules Bianchi,13,0,0,0
22413,912,821,15,15,19,0.0,51,12,2014,13,14,Italian Grand Prix,2014-09-07,Sauber,Swiss,Esteban,Gutiérrez,Mexican,+2 Laps,Autodromo Nazionale di Monza,Monza,Italy,45.6156,9.28111,-4,1,Esteban Gutiérrez,13,0,0,0
22414,912,828,207,22,20,0.0,51,12,2014,13,14,Italian Grand Prix,2014-09-07,Caterham,Malaysian,Marcus,Ericsson,Swedish,+2 Laps,Autodromo Nazionale di Monza,Monza,Italy,45.6156,9.28111,2,1,Marcus Ericsson,13,0,0,0
22415,912,4,6,7,21,0.0,28,5,2014,13,14,Italian Grand Prix,2014-09-07,Ferrari,Italian,Fernando,Alonso,Spanish,Engine,Autodromo Nazionale di Monza,Monza,Italy,45.6156,9.28111,-14,0,Fernando Alonso,13,0,0,0
22416,912,820,206,20,22,0.0,5,3,2014,13,14,Italian Grand Prix,2014-09-07,Marussia,Russian,Max,Chilton,British,Accident,Autodromo Nazionale di Monza,Monza,Italy,45.6156,9.28111,-2,0,Max Chilton,13,0,0,0
22417,913,1,131,1,1,25.0,60,1,2014,14,15,Singapore Grand Prix,2014-09-21,Mercedes,German,Lewis,Hamilton,British,Finished,Marina Bay Street Circuit,Marina Bay,Singapore,1.2914,103.864,0,1,Lewis Hamilton,14,1,1,1
22418,913,20,9,4,2,18.0,60,1,2014,14,15,Singapore Grand Prix,2014-09-21,Red Bull,Austrian,Sebastian,Vettel,German,Finished,Marina Bay Street Circuit,Marina Bay,Singapore,1.2914,103.864,2,1,Sebastian Vettel,14,1,0,1
22419,913,817,9,3,3,15.0,60,1,2014,14,15,Singapore Grand Prix,2014-09-21,Red Bull,Austrian,Daniel,Ricciardo,Australian,Finished,Marina Bay Street Circuit,Marina Bay,Singapore,1.2914,103.864,0,1,Daniel Ricciardo,14,1,0,1
22420,913,4,6,5,4,12.0,60,1,2014,14,15,Singapore Grand Prix,2014-09-21,Ferrari,Italian,Fernando,Alonso,Spanish,Finished,Marina Bay Street Circuit,Marina Bay,Singapore,1.2914,103.864,1,1,Fernando Alonso,14,0,0,1
22421,913,13,3,6,5,10.0,60,1,2014,14,15,Singapore Grand Prix,2014-09-21,Williams,British,Felipe,Massa,Brazilian,Finished,Marina Bay Street Circuit,Marina Bay,Singapore,1.2914,103.864,1,1,Felipe Massa,14,0,0,1
22422,913,818,5,12,6,8.0,60,1,2014,14,15,Singapore Grand Prix,2014-09-21,Toro Rosso,Italian,Jean-Éric,Vergne,French,Finished,Marina Bay Street Circuit,Marina Bay,Singapore,1.2914,103.864,6,1,Jean-Éric Vergne,14,0,0,1
22423,913,815,10,15,7,6.0,60,1,2014,14,15,Singapore Grand Prix,2014-09-21,Force India,Indian,Sergio,Pérez,Mexican,Finished,Marina Bay Street Circuit,Marina Bay,Singapore,1.2914,103.864,8,1,Sergio Pérez,14,0,0,1
22424,913,8,6,7,8,4.0,60,1,2014,14,15,Singapore Grand Prix,2014-09-21,Ferrari,Italian,Kimi,Räikkönen,Finnish,Finished,Marina Bay Street Circuit,Marina Bay,Singapore,1.2914,103.864,-1,1,Kimi Räikkönen,14,0,0,1
22425,913,807,10,13,9,2.0,60,1,2014,14,15,Singapore Grand Prix,2014-09-21,Force India,Indian,Nico,Hülkenberg,German,Finished,Marina Bay Street Circuit,Marina Bay,Singapore,1.2914,103.864,4,1,Nico Hülkenberg,14,0,0,1
22426,913,825,1,9,10,1.0,60,1,2014,14,15,Singapore Grand Prix,2014-09-21,McLaren,British,Kevin,Magnussen,Danish,Finished,Marina Bay Street Circuit,Marina Bay,Singapore,1.2914,103.864,-1,1,Kevin Magnussen,14,0,0,1
22427,913,822,3,8,11,0.0,60,1,2014,14,15,Singapore Grand Prix,2014-09-21,Williams,British,Valtteri,Bottas,Finnish,Finished,Marina Bay Street Circuit,Marina Bay,Singapore,1.2914,103.864,-3,1,Valtteri Bottas,14,0,0,0
22428,913,813,208,18,12,0.0,60,1,2014,14,15,Singapore Grand Prix,2014-09-21,Lotus F1,British,Pastor,Maldonado,Venezuelan,Finished,Marina Bay Street Circuit,Marina Bay,Singapore,1.2914,103.864,6,1,Pastor Maldonado,14,0,0,0
22429,913,154,208,16,13,0.0,60,1,2014,14,15,Singapore Grand Prix,2014-09-21,Lotus F1,British,Romain,Grosjean,French,Finished,Marina Bay Street Circuit,Marina Bay,Singapore,1.2914,103.864,3,1,Romain Grosjean,14,0,0,0
22430,913,826,5,10,14,0.0,60,1,2014,14,15,Singapore Grand Prix,2014-09-21,Toro Rosso,Italian,Daniil,Kvyat,Russian,Finished,Marina Bay Street Circuit,Marina Bay,Singapore,1.2914,103.864,-4,1,Daniil Kvyat,14,0,0,0
22431,913,828,207,22,15,0.0,60,1,2014,14,15,Singapore Grand Prix,2014-09-21,Caterham,Malaysian,Marcus,Ericsson,Swedish,Finished,Marina Bay Street Circuit,Marina Bay,Singapore,1.2914,103.864,7,1,Marcus Ericsson,14,0,0,0
22432,913,824,206,19,16,0.0,60,1,2014,14,15,Singapore Grand Prix,2014-09-21,Marussia,Russian,Jules,Bianchi,French,Finished,Marina Bay Street Circuit,Marina Bay,Singapore,1.2914,103.864,3,1,Jules Bianchi,14,0,0,0
22433,913,820,206,21,17,0.0,59,11,2014,14,15,Singapore Grand Prix,2014-09-21,Marussia,Russian,Max,Chilton,British,+1 Lap,Marina Bay Street Circuit,Marina Bay,Singapore,1.2914,103.864,4,1,Max Chilton,14,0,0,0
22434,913,18,1,11,18,0.0,52,31,2014,14,15,Singapore Grand Prix,2014-09-21,McLaren,British,Jenson,Button,British,Retired,Marina Bay Street Circuit,Marina Bay,Singapore,1.2914,103.864,-7,0,Jenson Button,14,0,0,0
22435,913,16,15,17,19,0.0,40,34,2014,14,15,Singapore Grand Prix,2014-09-21,Sauber,Swiss,Adrian,Sutil,German,Water pressure,Marina Bay Street Circuit,Marina Bay,Singapore,1.2914,103.864,-2,0,Adrian Sutil,14,0,0,0
22436,913,821,15,14,20,0.0,17,10,2014,14,15,Singapore Grand Prix,2014-09-21,Sauber,Swiss,Esteban,Gutiérrez,Mexican,Electrical,Marina Bay Street Circuit,Marina Bay,Singapore,1.2914,103.864,-6,0,Esteban Gutiérrez,14,0,0,0
22437,913,3,131,2,21,0.0,13,10,2014,14,15,Singapore Grand Prix,2014-09-21,Mercedes,German,Nico,Rosberg,German,Electrical,Marina Bay Street Circuit,Marina Bay,Singapore,1.2914,103.864,-19,0,Nico Rosberg,14,0,0,0
22438,913,155,207,20,22,0.0,0,131,2014,14,15,Singapore Grand Prix,2014-09-21,Caterham,Malaysian,Kamui,Kobayashi,Japanese,Power Unit,Marina Bay Street Circuit,Marina Bay,Singapore,1.2914,103.864,-2,0,Kamui Kobayashi,14,0,0,0
22439,914,1,131,2,1,25.0,44,1,2014,15,22,Japanese Grand Prix,2014-10-05,Mercedes,German,Lewis,Hamilton,British,Finished,Suzuka Circuit,Suzuka,Japan,34.8431,136.541,1,1,Lewis Hamilton,15,1,1,1
22440,914,3,131,1,2,18.0,44,1,2014,15,22,Japanese Grand Prix,2014-10-05,Mercedes,German,Nico,Rosberg,German,Finished,Suzuka Circuit,Suzuka,Japan,34.8431,136.541,-1,1,Nico Rosberg,15,1,0,1
22441,914,20,9,9,3,15.0,44,1,2014,15,22,Japanese Grand Prix,2014-10-05,Red Bull,Austrian,Sebastian,Vettel,German,Finished,Suzuka Circuit,Suzuka,Japan,34.8431,136.541,6,1,Sebastian Vettel,15,1,0,1
22442,914,817,9,6,4,12.0,44,1,2014,15,22,Japanese Grand Prix,2014-10-05,Red Bull,Austrian,Daniel,Ricciardo,Australian,Finished,Suzuka Circuit,Suzuka,Japan,34.8431,136.541,2,1,Daniel Ricciardo,15,0,0,1
22443,914,18,1,8,5,10.0,44,1,2014,15,22,Japanese Grand Prix,2014-10-05,McLaren,British,Jenson,Button,British,Finished,Suzuka Circuit,Suzuka,Japan,34.8431,136.541,3,1,Jenson Button,15,0,0,1
22444,914,822,3,3,6,8.0,44,1,2014,15,22,Japanese Grand Prix,2014-10-05,Williams,British,Valtteri,Bottas,Finnish,Finished,Suzuka Circuit,Suzuka,Japan,34.8431,136.541,-3,1,Valtteri Bottas,15,0,0,1
22445,914,13,3,4,7,6.0,44,1,2014,15,22,Japanese Grand Prix,2014-10-05,Williams,British,Felipe,Massa,Brazilian,Finished,Suzuka Circuit,Suzuka,Japan,34.8431,136.541,-3,1,Felipe Massa,15,0,0,1
22446,914,807,10,13,8,4.0,44,1,2014,15,22,Japanese Grand Prix,2014-10-05,Force India,Indian,Nico,Hülkenberg,German,Finished,Suzuka Circuit,Suzuka,Japan,34.8431,136.541,5,1,Nico Hülkenberg,15,0,0,1
22447,914,818,5,20,9,2.0,44,1,2014,15,22,Japanese Grand Prix,2014-10-05,Toro Rosso,Italian,Jean-Éric,Vergne,French,Finished,Suzuka Circuit,Suzuka,Japan,34.8431,136.541,11,1,Jean-Éric Vergne,15,0,0,1
22448,914,815,10,11,10,1.0,43,11,2014,15,22,Japanese Grand Prix,2014-10-05,Force India,Indian,Sergio,Pérez,Mexican,+1 Lap,Suzuka Circuit,Suzuka,Japan,34.8431,136.541,1,1,Sergio Pérez,15,0,0,1
22449,914,826,5,12,11,0.0,43,11,2014,15,22,Japanese Grand Prix,2014-10-05,Toro Rosso,Italian,Daniil,Kvyat,Russian,+1 Lap,Suzuka Circuit,Suzuka,Japan,34.8431,136.541,1,1,Daniil Kvyat,15,0,0,0
22450,914,8,6,10,12,0.0,43,11,2014,15,22,Japanese Grand Prix,2014-10-05,Ferrari,Italian,Kimi,Räikkönen,Finnish,+1 Lap,Suzuka Circuit,Suzuka,Japan,34.8431,136.541,-2,1,Kimi Räikkönen,15,0,0,0
22451,914,821,15,15,13,0.0,43,11,2014,15,22,Japanese Grand Prix,2014-10-05,Sauber,Swiss,Esteban,Gutiérrez,Mexican,+1 Lap,Suzuka Circuit,Suzuka,Japan,34.8431,136.541,2,1,Esteban Gutiérrez,15,0,0,0
22452,914,825,1,7,14,0.0,43,11,2014,15,22,Japanese Grand Prix,2014-10-05,McLaren,British,Kevin,Magnussen,Danish,+1 Lap,Suzuka Circuit,Suzuka,Japan,34.8431,136.541,-7,1,Kevin Magnussen,15,0,0,0
22453,914,154,208,16,15,0.0,43,11,2014,15,22,Japanese Grand Prix,2014-10-05,Lotus F1,British,Romain,Grosjean,French,+1 Lap,Suzuka Circuit,Suzuka,Japan,34.8431,136.541,1,1,Romain Grosjean,15,0,0,0
22454,914,813,208,22,16,0.0,43,11,2014,15,22,Japanese Grand Prix,2014-10-05,Lotus F1,British,Pastor,Maldonado,Venezuelan,+1 Lap,Suzuka Circuit,Suzuka,Japan,34.8431,136.541,6,1,Pastor Maldonado,15,0,0,0
22455,914,828,207,17,17,0.0,43,11,2014,15,22,Japanese Grand Prix,2014-10-05,Caterham,Malaysian,Marcus,Ericsson,Swedish,+1 Lap,Suzuka Circuit,Suzuka,Japan,34.8431,136.541,0,1,Marcus Ericsson,15,0,0,0
22456,914,820,206,21,18,0.0,43,11,2014,15,22,Japanese Grand Prix,2014-10-05,Marussia,Russian,Max,Chilton,British,+1 Lap,Suzuka Circuit,Suzuka,Japan,34.8431,136.541,3,1,Max Chilton,15,0,0,0
22457,914,155,207,19,19,0.0,43,11,2014,15,22,Japanese Grand Prix,2014-10-05,Caterham,Malaysian,Kamui,Kobayashi,Japanese,+1 Lap,Suzuka Circuit,Suzuka,Japan,34.8431,136.541,0,1,Kamui Kobayashi,15,0,0,0
22458,914,824,206,18,20,0.0,41,3,2014,15,22,Japanese Grand Prix,2014-10-05,Marussia,Russian,Jules,Bianchi,French,Accident,Suzuka Circuit,Suzuka,Japan,34.8431,136.541,-2,0,Jules Bianchi,15,0,0,0
22459,914,16,15,14,21,0.0,40,3,2014,15,22,Japanese Grand Prix,2014-10-05,Sauber,Swiss,Adrian,Sutil,German,Accident,Suzuka Circuit,Suzuka,Japan,34.8431,136.541,-7,0,Adrian Sutil,15,0,0,0
22460,914,4,6,5,22,0.0,2,40,2014,15,22,Japanese Grand Prix,2014-10-05,Ferrari,Italian,Fernando,Alonso,Spanish,Electronics,Suzuka Circuit,Suzuka,Japan,34.8431,136.541,-17,0,Fernando Alonso,15,0,0,0
22461,915,1,131,1,1,25.0,53,1,2014,16,71,Russian Grand Prix,2014-10-12,Mercedes,German,Lewis,Hamilton,British,Finished,Sochi Autodrom,Sochi,Russia,43.4057,39.9578,0,1,Lewis Hamilton,16,1,1,1
22462,915,3,131,2,2,18.0,53,1,2014,16,71,Russian Grand Prix,2014-10-12,Mercedes,German,Nico,Rosberg,German,Finished,Sochi Autodrom,Sochi,Russia,43.4057,39.9578,0,1,Nico Rosberg,16,1,0,1
22463,915,822,3,3,3,15.0,53,1,2014,16,71,Russian Grand Prix,2014-10-12,Williams,British,Valtteri,Bottas,Finnish,Finished,Sochi Autodrom,Sochi,Russia,43.4057,39.9578,0,1,Valtteri Bottas,16,1,0,1
22464,915,18,1,4,4,12.0,53,1,2014,16,71,Russian Grand Prix,2014-10-12,McLaren,British,Jenson,Button,British,Finished,Sochi Autodrom,Sochi,Russia,43.4057,39.9578,0,1,Jenson Button,16,0,0,1
22465,915,825,1,11,5,10.0,53,1,2014,16,71,Russian Grand Prix,2014-10-12,McLaren,British,Kevin,Magnussen,Danish,Finished,Sochi Autodrom,Sochi,Russia,43.4057,39.9578,6,1,Kevin Magnussen,16,0,0,1
22466,915,4,6,7,6,8.0,53,1,2014,16,71,Russian Grand Prix,2014-10-12,Ferrari,Italian,Fernando,Alonso,Spanish,Finished,Sochi Autodrom,Sochi,Russia,43.4057,39.9578,1,1,Fernando Alonso,16,0,0,1
22467,915,817,9,6,7,6.0,53,1,2014,16,71,Russian Grand Prix,2014-10-12,Red Bull,Austrian,Daniel,Ricciardo,Australian,Finished,Sochi Autodrom,Sochi,Russia,43.4057,39.9578,-1,1,Daniel Ricciardo,16,0,0,1
22468,915,20,9,10,8,4.0,53,1,2014,16,71,Russian Grand Prix,2014-10-12,Red Bull,Austrian,Sebastian,Vettel,German,Finished,Sochi Autodrom,Sochi,Russia,43.4057,39.9578,2,1,Sebastian Vettel,16,0,0,1
22469,915,8,6,8,9,2.0,53,1,2014,16,71,Russian Grand Prix,2014-10-12,Ferrari,Italian,Kimi,Räikkönen,Finnish,Finished,Sochi Autodrom,Sochi,Russia,43.4057,39.9578,-1,1,Kimi Räikkönen,16,0,0,1
22470,915,815,10,12,10,1.0,53,1,2014,16,71,Russian Grand Prix,2014-10-12,Force India,Indian,Sergio,Pérez,Mexican,Finished,Sochi Autodrom,Sochi,Russia,43.4057,39.9578,2,1,Sergio Pérez,16,0,0,1
22471,915,13,3,18,11,0.0,53,1,2014,16,71,Russian Grand Prix,2014-10-12,Williams,British,Felipe,Massa,Brazilian,Finished,Sochi Autodrom,Sochi,Russia,43.4057,39.9578,7,1,Felipe Massa,16,0,0,0
22472,915,807,10,17,12,0.0,53,1,2014,16,71,Russian Grand Prix,2014-10-12,Force India,Indian,Nico,Hülkenberg,German,Finished,Sochi Autodrom,Sochi,Russia,43.4057,39.9578,5,1,Nico Hülkenberg,16,0,0,0
22473,915,818,5,9,13,0.0,53,1,2014,16,71,Russian Grand Prix,2014-10-12,Toro Rosso,Italian,Jean-Éric,Vergne,French,Finished,Sochi Autodrom,Sochi,Russia,43.4057,39.9578,-4,1,Jean-Éric Vergne,16,0,0,0
22474,915,826,5,5,14,0.0,52,11,2014,16,71,Russian Grand Prix,2014-10-12,Toro Rosso,Italian,Daniil,Kvyat,Russian,+1 Lap,Sochi Autodrom,Sochi,Russia,43.4057,39.9578,-9,1,Daniil Kvyat,16,0,0,0
22475,915,821,15,13,15,0.0,52,11,2014,16,71,Russian Grand Prix,2014-10-12,Sauber,Swiss,Esteban,Gutiérrez,Mexican,+1 Lap,Sochi Autodrom,Sochi,Russia,43.4057,39.9578,-2,1,Esteban Gutiérrez,16,0,0,0
22476,915,16,15,14,16,0.0,52,11,2014,16,71,Russian Grand Prix,2014-10-12,Sauber,Swiss,Adrian,Sutil,German,+1 Lap,Sochi Autodrom,Sochi,Russia,43.4057,39.9578,-2,1,Adrian Sutil,16,0,0,0
22477,915,154,208,15,17,0.0,52,11,2014,16,71,Russian Grand Prix,2014-10-12,Lotus F1,British,Romain,Grosjean,French,+1 Lap,Sochi Autodrom,Sochi,Russia,43.4057,39.9578,-2,1,Romain Grosjean,16,0,0,0
22478,915,813,208,21,18,0.0,52,11,2014,16,71,Russian Grand Prix,2014-10-12,Lotus F1,British,Pastor,Maldonado,Venezuelan,+1 Lap,Sochi Autodrom,Sochi,Russia,43.4057,39.9578,3,1,Pastor Maldonado,16,0,0,0
22479,915,828,207,16,19,0.0,51,12,2014,16,71,Russian Grand Prix,2014-10-12,Caterham,Malaysian,Marcus,Ericsson,Swedish,+2 Laps,Sochi Autodrom,Sochi,Russia,43.4057,39.9578,-3,1,Marcus Ericsson,16,0,0,0
22480,915,155,207,19,20,0.0,21,23,2014,16,71,Russian Grand Prix,2014-10-12,Caterham,Malaysian,Kamui,Kobayashi,Japanese,Brakes,Sochi Autodrom,Sochi,Russia,43.4057,39.9578,-1,0,Kamui Kobayashi,16,0,0,0
22481,915,820,206,20,21,0.0,9,22,2014,16,71,Russian Grand Prix,2014-10-12,Marussia,Russian,Max,Chilton,British,Suspension,Sochi Autodrom,Sochi,Russia,43.4057,39.9578,-1,0,Max Chilton,16,0,0,0
22482,916,1,131,2,1,25.0,56,1,2014,17,69,United States Grand Prix,2014-11-02,Mercedes,German,Lewis,Hamilton,British,Finished,Circuit of the Americas,Austin,USA,30.1328,-97.6411,1,1,Lewis Hamilton,17,1,1,1
22483,916,3,131,1,2,18.0,56,1,2014,17,69,United States Grand Prix,2014-11-02,Mercedes,German,Nico,Rosberg,German,Finished,Circuit of the Americas,Austin,USA,30.1328,-97.6411,-1,1,Nico Rosberg,17,1,0,1
22484,916,817,9,5,3,15.0,56,1,2014,17,69,United States Grand Prix,2014-11-02,Red Bull,Austrian,Daniel,Ricciardo,Australian,Finished,Circuit of the Americas,Austin,USA,30.1328,-97.6411,2,1,Daniel Ricciardo,17,1,0,1
22485,916,13,3,4,4,12.0,56,1,2014,17,69,United States Grand Prix,2014-11-02,Williams,British,Felipe,Massa,Brazilian,Finished,Circuit of the Americas,Austin,USA,30.1328,-97.6411,0,1,Felipe Massa,17,0,0,1
22486,916,822,3,3,5,10.0,56,1,2014,17,69,United States Grand Prix,2014-11-02,Williams,British,Valtteri,Bottas,Finnish,Finished,Circuit of the Americas,Austin,USA,30.1328,-97.6411,-2,1,Valtteri Bottas,17,0,0,1
22487,916,4,6,6,6,8.0,56,1,2014,17,69,United States Grand Prix,2014-11-02,Ferrari,Italian,Fernando,Alonso,Spanish,Finished,Circuit of the Americas,Austin,USA,30.1328,-97.6411,0,1,Fernando Alonso,17,0,0,1
22488,916,20,9,18,7,6.0,56,1,2014,17,69,United States Grand Prix,2014-11-02,Red Bull,Austrian,Sebastian,Vettel,German,Finished,Circuit of the Americas,Austin,USA,30.1328,-97.6411,11,1,Sebastian Vettel,17,0,0,1
22489,916,825,1,7,8,4.0,56,1,2014,17,69,United States Grand Prix,2014-11-02,McLaren,British,Kevin,Magnussen,Danish,Finished,Circuit of the Americas,Austin,USA,30.1328,-97.6411,-1,1,Kevin Magnussen,17,0,0,1
22490,916,818,5,14,10,1.0,56,1,2014,17,69,United States Grand Prix,2014-11-02,Toro Rosso,Italian,Jean-Éric,Vergne,French,Finished,Circuit of the Americas,Austin,USA,30.1328,-97.6411,4,1,Jean-Éric Vergne,17,0,0,1
22491,916,813,208,10,9,2.0,56,1,2014,17,69,United States Grand Prix,2014-11-02,Lotus F1,British,Pastor,Maldonado,Venezuelan,Finished,Circuit of the Americas,Austin,USA,30.1328,-97.6411,1,1,Pastor Maldonado,17,0,0,1
22492,916,154,208,16,11,0.0,55,11,2014,17,69,United States Grand Prix,2014-11-02,Lotus F1,British,Romain,Grosjean,French,+1 Lap,Circuit of the Americas,Austin,USA,30.1328,-97.6411,5,1,Romain Grosjean,17,0,0,0
22493,916,18,1,12,12,0.0,55,11,2014,17,69,United States Grand Prix,2014-11-02,McLaren,British,Jenson,Button,British,+1 Lap,Circuit of the Americas,Austin,USA,30.1328,-97.6411,0,1,Jenson Button,17,0,0,0
22494,916,8,6,8,13,0.0,55,11,2014,17,69,United States Grand Prix,2014-11-02,Ferrari,Italian,Kimi,Räikkönen,Finnish,+1 Lap,Circuit of the Americas,Austin,USA,30.1328,-97.6411,-5,1,Kimi Räikkönen,17,0,0,0
22495,916,821,15,15,14,0.0,55,11,2014,17,69,United States Grand Prix,2014-11-02,Sauber,Swiss,Esteban,Gutiérrez,Mexican,+1 Lap,Circuit of the Americas,Austin,USA,30.1328,-97.6411,1,1,Esteban Gutiérrez,17,0,0,0
22496,916,826,5,17,15,0.0,55,11,2014,17,69,United States Grand Prix,2014-11-02,Toro Rosso,Italian,Daniil,Kvyat,Russian,+1 Lap,Circuit of the Americas,Austin,USA,30.1328,-97.6411,2,1,Daniil Kvyat,17,0,0,0
22497,916,807,10,13,16,0.0,16,5,2014,17,69,United States Grand Prix,2014-11-02,Force India,Indian,Nico,Hülkenberg,German,Engine,Circuit of the Americas,Austin,USA,30.1328,-97.6411,-3,0,Nico Hülkenberg,17,0,0,0
22498,916,815,10,11,17,0.0,1,130,2014,17,69,United States Grand Prix,2014-11-02,Force India,Indian,Sergio,Pérez,Mexican,Collision damage,Circuit of the Americas,Austin,USA,30.1328,-97.6411,-6,0,Sergio Pérez,17,0,0,0
22499,916,16,15,9,18,0.0,0,4,2014,17,69,United States Grand Prix,2014-11-02,Sauber,Swiss,Adrian,Sutil,German,Collision,Circuit of the Americas,Austin,USA,30.1328,-97.6411,-9,0,Adrian Sutil,17,0,0,0
22500,917,3,131,1,1,25.0,71,1,2014,18,18,Brazilian Grand Prix,2014-11-09,Mercedes,German,Nico,Rosberg,German,Finished,Autódromo José Carlos Pace,São Paulo,Brazil,-23.7036,-46.6997,0,1,Nico Rosberg,18,1,1,1
22501,917,1,131,2,2,18.0,71,1,2014,18,18,Brazilian Grand Prix,2014-11-09,Mercedes,German,Lewis,Hamilton,British,Finished,Autódromo José Carlos Pace,São Paulo,Brazil,-23.7036,-46.6997,0,1,Lewis Hamilton,18,1,0,1
22502,917,13,3,3,3,15.0,71,1,2014,18,18,Brazilian Grand Prix,2014-11-09,Williams,British,Felipe,Massa,Brazilian,Finished,Autódromo José Carlos Pace,São Paulo,Brazil,-23.7036,-46.6997,0,1,Felipe Massa,18,1,0,1
22503,917,18,1,5,4,12.0,71,1,2014,18,18,Brazilian Grand Prix,2014-11-09,McLaren,British,Jenson,Button,British,Finished,Autódromo José Carlos Pace,São Paulo,Brazil,-23.7036,-46.6997,1,1,Jenson Button,18,0,0,1
22504,917,20,9,6,5,10.0,71,1,2014,18,18,Brazilian Grand Prix,2014-11-09,Red Bull,Austrian,Sebastian,Vettel,German,Finished,Autódromo José Carlos Pace,São Paulo,Brazil,-23.7036,-46.6997,1,1,Sebastian Vettel,18,0,0,1
22505,917,4,6,8,6,8.0,71,1,2014,18,18,Brazilian Grand Prix,2014-11-09,Ferrari,Italian,Fernando,Alonso,Spanish,Finished,Autódromo José Carlos Pace,São Paulo,Brazil,-23.7036,-46.6997,2,1,Fernando Alonso,18,0,0,1
22506,917,8,6,10,7,6.0,71,1,2014,18,18,Brazilian Grand Prix,2014-11-09,Ferrari,Italian,Kimi,Räikkönen,Finnish,Finished,Autódromo José Carlos Pace,São Paulo,Brazil,-23.7036,-46.6997,3,1,Kimi Räikkönen,18,0,0,1
22507,917,807,10,12,8,4.0,71,1,2014,18,18,Brazilian Grand Prix,2014-11-09,Force India,Indian,Nico,Hülkenberg,German,Finished,Autódromo José Carlos Pace,São Paulo,Brazil,-23.7036,-46.6997,4,1,Nico Hülkenberg,18,0,0,1
22508,917,825,1,7,9,2.0,71,1,2014,18,18,Brazilian Grand Prix,2014-11-09,McLaren,British,Kevin,Magnussen,Danish,Finished,Autódromo José Carlos Pace,São Paulo,Brazil,-23.7036,-46.6997,-2,1,Kevin Magnussen,18,0,0,1
22509,917,822,3,4,10,1.0,70,11,2014,18,18,Brazilian Grand Prix,2014-11-09,Williams,British,Valtteri,Bottas,Finnish,+1 Lap,Autódromo José Carlos Pace,São Paulo,Brazil,-23.7036,-46.6997,-6,1,Valtteri Bottas,18,0,0,1
22510,917,826,5,17,11,0.0,70,11,2014,18,18,Brazilian Grand Prix,2014-11-09,Toro Rosso,Italian,Daniil,Kvyat,Russian,+1 Lap,Autódromo José Carlos Pace,São Paulo,Brazil,-23.7036,-46.6997,6,1,Daniil Kvyat,18,0,0,0
22511,917,813,208,16,12,0.0,70,11,2014,18,18,Brazilian Grand Prix,2014-11-09,Lotus F1,British,Pastor,Maldonado,Venezuelan,+1 Lap,Autódromo José Carlos Pace,São Paulo,Brazil,-23.7036,-46.6997,4,1,Pastor Maldonado,18,0,0,0
22512,917,818,5,15,13,0.0,70,11,2014,18,18,Brazilian Grand Prix,2014-11-09,Toro Rosso,Italian,Jean-Éric,Vergne,French,+1 Lap,Autódromo José Carlos Pace,São Paulo,Brazil,-23.7036,-46.6997,2,1,Jean-Éric Vergne,18,0,0,0
22513,917,821,15,11,14,0.0,70,11,2014,18,18,Brazilian Grand Prix,2014-11-09,Sauber,Swiss,Esteban,Gutiérrez,Mexican,+1 Lap,Autódromo José Carlos Pace,São Paulo,Brazil,-23.7036,-46.6997,-3,1,Esteban Gutiérrez,18,0,0,0
22514,917,815,10,18,15,0.0,70,11,2014,18,18,Brazilian Grand Prix,2014-11-09,Force India,Indian,Sergio,Pérez,Mexican,+1 Lap,Autódromo José Carlos Pace,São Paulo,Brazil,-23.7036,-46.6997,3,1,Sergio Pérez,18,0,0,0
22515,917,16,15,13,16,0.0,70,11,2014,18,18,Brazilian Grand Prix,2014-11-09,Sauber,Swiss,Adrian,Sutil,German,+1 Lap,Autódromo José Carlos Pace,São Paulo,Brazil,-23.7036,-46.6997,-3,1,Adrian Sutil,18,0,0,0
22516,917,154,208,14,17,0.0,63,18,2014,18,18,Brazilian Grand Prix,2014-11-09,Lotus F1,British,Romain,Grosjean,French,+8 Laps,Autódromo José Carlos Pace,São Paulo,Brazil,-23.7036,-46.6997,-3,1,Romain Grosjean,18,0,0,0
22517,917,817,9,9,18,0.0,39,22,2014,18,18,Brazilian Grand Prix,2014-11-09,Red Bull,Austrian,Daniel,Ricciardo,Australian,Suspension,Autódromo José Carlos Pace,São Paulo,Brazil,-23.7036,-46.6997,-9,0,Daniel Ricciardo,18,0,0,0
22518,918,1,131,2,1,50.0,55,1,2014,19,24,Abu Dhabi Grand Prix,2014-11-23,Mercedes,German,Lewis,Hamilton,British,Finished,Yas Marina Circuit,Abu Dhabi,UAE,24.4672,54.6031,1,1,Lewis Hamilton,19,1,1,1
22519,918,13,3,4,2,36.0,55,1,2014,19,24,Abu Dhabi Grand Prix,2014-11-23,Williams,British,Felipe,Massa,Brazilian,Finished,Yas Marina Circuit,Abu Dhabi,UAE,24.4672,54.6031,2,1,Felipe Massa,19,1,0,1
22520,918,822,3,3,3,30.0,55,1,2014,19,24,Abu Dhabi Grand Prix,2014-11-23,Williams,British,Valtteri,Bottas,Finnish,Finished,Yas Marina Circuit,Abu Dhabi,UAE,24.4672,54.6031,0,1,Valtteri Bottas,19,1,0,1
22521,918,817,9,20,4,24.0,55,1,2014,19,24,Abu Dhabi Grand Prix,2014-11-23,Red Bull,Austrian,Daniel,Ricciardo,Australian,Finished,Yas Marina Circuit,Abu Dhabi,UAE,24.4672,54.6031,16,1,Daniel Ricciardo,19,0,0,1
22522,918,18,1,6,5,20.0,55,1,2014,19,24,Abu Dhabi Grand Prix,2014-11-23,McLaren,British,Jenson,Button,British,Finished,Yas Marina Circuit,Abu Dhabi,UAE,24.4672,54.6031,1,1,Jenson Button,19,0,0,1
22523,918,807,10,12,6,16.0,55,1,2014,19,24,Abu Dhabi Grand Prix,2014-11-23,Force India,Indian,Nico,Hülkenberg,German,Finished,Yas Marina Circuit,Abu Dhabi,UAE,24.4672,54.6031,6,1,Nico Hülkenberg,19,0,0,1
22524,918,815,10,11,7,12.0,55,1,2014,19,24,Abu Dhabi Grand Prix,2014-11-23,Force India,Indian,Sergio,Pérez,Mexican,Finished,Yas Marina Circuit,Abu Dhabi,UAE,24.4672,54.6031,4,1,Sergio Pérez,19,0,0,1
22525,918,20,9,19,8,8.0,55,1,2014,19,24,Abu Dhabi Grand Prix,2014-11-23,Red Bull,Austrian,Sebastian,Vettel,German,Finished,Yas Marina Circuit,Abu Dhabi,UAE,24.4672,54.6031,11,1,Sebastian Vettel,19,0,0,1
22526,918,4,6,8,9,4.0,55,1,2014,19,24,Abu Dhabi Grand Prix,2014-11-23,Ferrari,Italian,Fernando,Alonso,Spanish,Finished,Yas Marina Circuit,Abu Dhabi,UAE,24.4672,54.6031,-1,1,Fernando Alonso,19,0,0,1
22527,918,8,6,7,10,2.0,55,1,2014,19,24,Abu Dhabi Grand Prix,2014-11-23,Ferrari,Italian,Kimi,Räikkönen,Finnish,Finished,Yas Marina Circuit,Abu Dhabi,UAE,24.4672,54.6031,-3,1,Kimi Räikkönen,19,0,0,1
22528,918,825,1,9,11,0.0,55,1,2014,19,24,Abu Dhabi Grand Prix,2014-11-23,McLaren,British,Kevin,Magnussen,Danish,Finished,Yas Marina Circuit,Abu Dhabi,UAE,24.4672,54.6031,-2,1,Kevin Magnussen,19,0,0,0
22529,918,818,5,10,12,0.0,55,1,2014,19,24,Abu Dhabi Grand Prix,2014-11-23,Toro Rosso,Italian,Jean-Éric,Vergne,French,Finished,Yas Marina Circuit,Abu Dhabi,UAE,24.4672,54.6031,-2,1,Jean-Éric Vergne,19,0,0,0
22530,918,154,208,18,13,0.0,54,11,2014,19,24,Abu Dhabi Grand Prix,2014-11-23,Lotus F1,British,Romain,Grosjean,French,+1 Lap,Yas Marina Circuit,Abu Dhabi,UAE,24.4672,54.6031,5,1,Romain Grosjean,19,0,0,0
22531,918,3,131,1,14,0.0,54,11,2014,19,24,Abu Dhabi Grand Prix,2014-11-23,Mercedes,German,Nico,Rosberg,German,+1 Lap,Yas Marina Circuit,Abu Dhabi,UAE,24.4672,54.6031,-13,1,Nico Rosberg,19,0,0,0
22532,918,821,15,14,15,0.0,54,11,2014,19,24,Abu Dhabi Grand Prix,2014-11-23,Sauber,Swiss,Esteban,Gutiérrez,Mexican,+1 Lap,Yas Marina Circuit,Abu Dhabi,UAE,24.4672,54.6031,-1,1,Esteban Gutiérrez,19,0,0,0
22533,918,16,15,13,16,0.0,54,11,2014,19,24,Abu Dhabi Grand Prix,2014-11-23,Sauber,Swiss,Adrian,Sutil,German,+1 Lap,Yas Marina Circuit,Abu Dhabi,UAE,24.4672,54.6031,-3,1,Adrian Sutil,19,0,0,0
22534,918,829,207,17,17,0.0,54,11,2014,19,24,Abu Dhabi Grand Prix,2014-11-23,Caterham,Malaysian,Will,Stevens,British,+1 Lap,Yas Marina Circuit,Abu Dhabi,UAE,24.4672,54.6031,0,1,Will Stevens,19,0,0,0
22535,918,155,207,16,18,0.0,42,31,2014,19,24,Abu Dhabi Grand Prix,2014-11-23,Caterham,Malaysian,Kamui,Kobayashi,Japanese,Retired,Yas Marina Circuit,Abu Dhabi,UAE,24.4672,54.6031,-2,0,Kamui Kobayashi,19,0,0,0
22536,918,813,208,15,19,0.0,26,131,2014,19,24,Abu Dhabi Grand Prix,2014-11-23,Lotus F1,British,Pastor,Maldonado,Venezuelan,Power Unit,Yas Marina Circuit,Abu Dhabi,UAE,24.4672,54.6031,-4,0,Pastor Maldonado,19,0,0,0
22537,918,826,5,5,20,0.0,14,131,2014,19,24,Abu Dhabi Grand Prix,2014-11-23,Toro Rosso,Italian,Daniil,Kvyat,Russian,Power Unit,Yas Marina Circuit,Abu Dhabi,UAE,24.4672,54.6031,-15,0,Daniil Kvyat,19,0,0,0
22538,926,1,131,1,1,25.0,58,1,2015,1,1,Australian Grand Prix,2015-03-15,Mercedes,German,Lewis,Hamilton,British,Finished,Albert Park Grand Prix Circuit,Melbourne,Australia,-37.8497,144.968,0,1,Lewis Hamilton,1,1,1,1
22539,926,3,131,2,2,18.0,58,1,2015,1,1,Australian Grand Prix,2015-03-15,Mercedes,German,Nico,Rosberg,German,Finished,Albert Park Grand Prix Circuit,Melbourne,Australia,-37.8497,144.968,0,1,Nico Rosberg,1,1,0,1
22540,926,20,6,4,3,15.0,58,1,2015,1,1,Australian Grand Prix,2015-03-15,Ferrari,Italian,Sebastian,Vettel,German,Finished,Albert Park Grand Prix Circuit,Melbourne,Australia,-37.8497,144.968,1,1,Sebastian Vettel,1,1,0,1
22541,926,13,3,3,4,12.0,58,1,2015,1,1,Australian Grand Prix,2015-03-15,Williams,British,Felipe,Massa,Brazilian,Finished,Albert Park Grand Prix Circuit,Melbourne,Australia,-37.8497,144.968,-1,1,Felipe Massa,1,0,0,1
22542,926,831,15,10,5,10.0,58,1,2015,1,1,Australian Grand Prix,2015-03-15,Sauber,Swiss,Felipe,Nasr,Brazilian,Finished,Albert Park Grand Prix Circuit,Melbourne,Australia,-37.8497,144.968,5,1,Felipe Nasr,1,0,0,1
22543,926,817,9,6,6,8.0,57,11,2015,1,1,Australian Grand Prix,2015-03-15,Red Bull,Austrian,Daniel,Ricciardo,Australian,+1 Lap,Albert Park Grand Prix Circuit,Melbourne,Australia,-37.8497,144.968,0,1,Daniel Ricciardo,1,0,0,1
22544,926,807,10,13,7,6.0,57,11,2015,1,1,Australian Grand Prix,2015-03-15,Force India,Indian,Nico,Hülkenberg,German,+1 Lap,Albert Park Grand Prix Circuit,Melbourne,Australia,-37.8497,144.968,6,1,Nico Hülkenberg,1,0,0,1
22545,926,828,15,15,8,4.0,57,11,2015,1,1,Australian Grand Prix,2015-03-15,Sauber,Swiss,Marcus,Ericsson,Swedish,+1 Lap,Albert Park Grand Prix Circuit,Melbourne,Australia,-37.8497,144.968,7,1,Marcus Ericsson,1,0,0,1
22546,926,832,5,7,9,2.0,57,11,2015,1,1,Australian Grand Prix,2015-03-15,Toro Rosso,Italian,Carlos,Sainz,Spanish,+1 Lap,Albert Park Grand Prix Circuit,Melbourne,Australia,-37.8497,144.968,-2,1,Carlos Sainz,1,0,0,1
22547,926,815,10,14,10,1.0,57,11,2015,1,1,Australian Grand Prix,2015-03-15,Force India,Indian,Sergio,Pérez,Mexican,+1 Lap,Albert Park Grand Prix Circuit,Melbourne,Australia,-37.8497,144.968,4,1,Sergio Pérez,1,0,0,1
22548,926,18,1,16,11,0.0,56,12,2015,1,1,Australian Grand Prix,2015-03-15,McLaren,British,Jenson,Button,British,+2 Laps,Albert Park Grand Prix Circuit,Melbourne,Australia,-37.8497,144.968,5,1,Jenson Button,1,0,0,0
22549,926,8,6,5,12,0.0,40,36,2015,1,1,Australian Grand Prix,2015-03-15,Ferrari,Italian,Kimi,Räikkönen,Finnish,Wheel,Albert Park Grand Prix Circuit,Melbourne,Australia,-37.8497,144.968,-7,0,Kimi Räikkönen,1,0,0,0
22550,926,830,5,11,13,0.0,32,5,2015,1,1,Australian Grand Prix,2015-03-15,Toro Rosso,Italian,Max,Verstappen,Dutch,Engine,Albert Park Grand Prix Circuit,Melbourne,Australia,-37.8497,144.968,-2,0,Max Verstappen,1,0,0,0
22551,926,154,208,8,14,0.0,0,75,2015,1,1,Australian Grand Prix,2015-03-15,Lotus F1,British,Romain,Grosjean,French,Power loss,Albert Park Grand Prix Circuit,Melbourne,Australia,-37.8497,144.968,-6,0,Romain Grosjean,1,0,0,0
22552,926,813,208,9,15,0.0,0,3,2015,1,1,Australian Grand Prix,2015-03-15,Lotus F1,British,Pastor,Maldonado,Venezuelan,Accident,Albert Park Grand Prix Circuit,Melbourne,Australia,-37.8497,144.968,-6,0,Pastor Maldonado,1,0,0,0
22553,926,826,9,12,16,0.0,0,54,2015,1,1,Australian Grand Prix,2015-03-15,Red Bull,Austrian,Daniil,Kvyat,Russian,Withdrew,Albert Park Grand Prix Circuit,Melbourne,Australia,-37.8497,144.968,-4,0,Daniil Kvyat,1,0,0,0
22554,926,825,1,17,17,0.0,0,54,2015,1,1,Australian Grand Prix,2015-03-15,McLaren,British,Kevin,Magnussen,Danish,Withdrew,Albert Park Grand Prix Circuit,Melbourne,Australia,-37.8497,144.968,0,0,Kevin Magnussen,1,0,0,0
22555,926,822,3,0,18,0.0,0,54,2015,1,1,Australian Grand Prix,2015-03-15,Williams,British,Valtteri,Bottas,Finnish,Withdrew,Albert Park Grand Prix Circuit,Melbourne,Australia,-37.8497,144.968,-18,0,Valtteri Bottas,1,0,0,0
22556,927,20,6,2,1,25.0,56,1,2015,2,2,Malaysian Grand Prix,2015-03-29,Ferrari,Italian,Sebastian,Vettel,German,Finished,Sepang International Circuit,Kuala Lumpur,Malaysia,2.76083,101.738,1,1,Sebastian Vettel,2,1,1,1
22557,927,1,131,1,2,18.0,56,1,2015,2,2,Malaysian Grand Prix,2015-03-29,Mercedes,German,Lewis,Hamilton,British,Finished,Sepang International Circuit,Kuala Lumpur,Malaysia,2.76083,101.738,-1,1,Lewis Hamilton,2,1,0,1
22558,927,3,131,3,3,15.0,56,1,2015,2,2,Malaysian Grand Prix,2015-03-29,Mercedes,German,Nico,Rosberg,German,Finished,Sepang International Circuit,Kuala Lumpur,Malaysia,2.76083,101.738,0,1,Nico Rosberg,2,1,0,1
22559,927,8,6,11,4,12.0,56,1,2015,2,2,Malaysian Grand Prix,2015-03-29,Ferrari,Italian,Kimi,Räikkönen,Finnish,Finished,Sepang International Circuit,Kuala Lumpur,Malaysia,2.76083,101.738,7,1,Kimi Räikkönen,2,0,0,1
22560,927,822,3,8,5,10.0,56,1,2015,2,2,Malaysian Grand Prix,2015-03-29,Williams,British,Valtteri,Bottas,Finnish,Finished,Sepang International Circuit,Kuala Lumpur,Malaysia,2.76083,101.738,3,1,Valtteri Bottas,2,0,0,1
22561,927,13,3,7,6,8.0,56,1,2015,2,2,Malaysian Grand Prix,2015-03-29,Williams,British,Felipe,Massa,Brazilian,Finished,Sepang International Circuit,Kuala Lumpur,Malaysia,2.76083,101.738,1,1,Felipe Massa,2,0,0,1
22562,927,830,5,6,7,6.0,56,1,2015,2,2,Malaysian Grand Prix,2015-03-29,Toro Rosso,Italian,Max,Verstappen,Dutch,Finished,Sepang International Circuit,Kuala Lumpur,Malaysia,2.76083,101.738,-1,1,Max Verstappen,2,0,0,1
22563,927,832,5,15,8,4.0,55,11,2015,2,2,Malaysian Grand Prix,2015-03-29,Toro Rosso,Italian,Carlos,Sainz,Spanish,+1 Lap,Sepang International Circuit,Kuala Lumpur,Malaysia,2.76083,101.738,7,1,Carlos Sainz,2,0,0,1
22564,927,826,9,5,9,2.0,55,11,2015,2,2,Malaysian Grand Prix,2015-03-29,Red Bull,Austrian,Daniil,Kvyat,Russian,+1 Lap,Sepang International Circuit,Kuala Lumpur,Malaysia,2.76083,101.738,-4,1,Daniil Kvyat,2,0,0,1
22565,927,817,9,4,10,1.0,55,11,2015,2,2,Malaysian Grand Prix,2015-03-29,Red Bull,Austrian,Daniel,Ricciardo,Australian,+1 Lap,Sepang International Circuit,Kuala Lumpur,Malaysia,2.76083,101.738,-6,1,Daniel Ricciardo,2,0,0,1
22566,927,154,208,10,11,0.0,55,11,2015,2,2,Malaysian Grand Prix,2015-03-29,Lotus F1,British,Romain,Grosjean,French,+1 Lap,Sepang International Circuit,Kuala Lumpur,Malaysia,2.76083,101.738,-1,1,Romain Grosjean,2,0,0,0
22567,927,831,15,16,12,0.0,55,11,2015,2,2,Malaysian Grand Prix,2015-03-29,Sauber,Swiss,Felipe,Nasr,Brazilian,+1 Lap,Sepang International Circuit,Kuala Lumpur,Malaysia,2.76083,101.738,4,1,Felipe Nasr,2,0,0,0
22568,927,815,10,14,13,0.0,55,11,2015,2,2,Malaysian Grand Prix,2015-03-29,Force India,Indian,Sergio,Pérez,Mexican,+1 Lap,Sepang International Circuit,Kuala Lumpur,Malaysia,2.76083,101.738,1,1,Sergio Pérez,2,0,0,0
22569,927,807,10,13,14,0.0,55,11,2015,2,2,Malaysian Grand Prix,2015-03-29,Force India,Indian,Nico,Hülkenberg,German,+1 Lap,Sepang International Circuit,Kuala Lumpur,Malaysia,2.76083,101.738,-1,1,Nico Hülkenberg,2,0,0,0
22570,927,833,209,19,15,0.0,53,13,2015,2,2,Malaysian Grand Prix,2015-03-29,Manor Marussia,British,Roberto,Merhi,Spanish,+3 Laps,Sepang International Circuit,Kuala Lumpur,Malaysia,2.76083,101.738,4,1,Roberto Merhi,2,0,0,0
22571,927,813,208,12,16,0.0,47,31,2015,2,2,Malaysian Grand Prix,2015-03-29,Lotus F1,British,Pastor,Maldonado,Venezuelan,Retired,Sepang International Circuit,Kuala Lumpur,Malaysia,2.76083,101.738,-4,0,Pastor Maldonado,2,0,0,0
22572,927,18,1,17,17,0.0,41,101,2015,2,2,Malaysian Grand Prix,2015-03-29,McLaren,British,Jenson,Button,British,Turbo,Sepang International Circuit,Kuala Lumpur,Malaysia,2.76083,101.738,0,0,Jenson Button,2,0,0,0
22573,927,4,1,18,18,0.0,21,132,2015,2,2,Malaysian Grand Prix,2015-03-29,McLaren,British,Fernando,Alonso,Spanish,ERS,Sepang International Circuit,Kuala Lumpur,Malaysia,2.76083,101.738,0,0,Fernando Alonso,2,0,0,0
22574,927,828,15,9,19,0.0,3,20,2015,2,2,Malaysian Grand Prix,2015-03-29,Sauber,Swiss,Marcus,Ericsson,Swedish,Spun off,Sepang International Circuit,Kuala Lumpur,Malaysia,2.76083,101.738,-10,0,Marcus Ericsson,2,0,0,0
22575,927,829,209,0,20,0.0,0,69,2015,2,2,Malaysian Grand Prix,2015-03-29,Manor Marussia,British,Will,Stevens,British,Fuel system,Sepang International Circuit,Kuala Lumpur,Malaysia,2.76083,101.738,-20,0,Will Stevens,2,0,0,0
22576,928,1,131,1,1,25.0,56,1,2015,3,17,Chinese Grand Prix,2015-04-12,Mercedes,German,Lewis,Hamilton,British,Finished,Shanghai International Circuit,Shanghai,China,31.3389,121.22,0,1,Lewis Hamilton,3,1,1,1
22577,928,3,131,2,2,18.0,56,1,2015,3,17,Chinese Grand Prix,2015-04-12,Mercedes,German,Nico,Rosberg,German,Finished,Shanghai International Circuit,Shanghai,China,31.3389,121.22,0,1,Nico Rosberg,3,1,0,1
22578,928,20,6,3,3,15.0,56,1,2015,3,17,Chinese Grand Prix,2015-04-12,Ferrari,Italian,Sebastian,Vettel,German,Finished,Shanghai International Circuit,Shanghai,China,31.3389,121.22,0,1,Sebastian Vettel,3,1,0,1
22579,928,8,6,6,4,12.0,56,1,2015,3,17,Chinese Grand Prix,2015-04-12,Ferrari,Italian,Kimi,Räikkönen,Finnish,Finished,Shanghai International Circuit,Shanghai,China,31.3389,121.22,2,1,Kimi Räikkönen,3,0,0,1
22580,928,13,3,4,5,10.0,56,1,2015,3,17,Chinese Grand Prix,2015-04-12,Williams,British,Felipe,Massa,Brazilian,Finished,Shanghai International Circuit,Shanghai,China,31.3389,121.22,-1,1,Felipe Massa,3,0,0,1
22581,928,822,3,5,6,8.0,56,1,2015,3,17,Chinese Grand Prix,2015-04-12,Williams,British,Valtteri,Bottas,Finnish,Finished,Shanghai International Circuit,Shanghai,China,31.3389,121.22,-1,1,Valtteri Bottas,3,0,0,1
22582,928,154,208,8,7,6.0,56,1,2015,3,17,Chinese Grand Prix,2015-04-12,Lotus F1,British,Romain,Grosjean,French,Finished,Shanghai International Circuit,Shanghai,China,31.3389,121.22,1,1,Romain Grosjean,3,0,0,1
22583,928,831,15,9,8,4.0,56,1,2015,3,17,Chinese Grand Prix,2015-04-12,Sauber,Swiss,Felipe,Nasr,Brazilian,Finished,Shanghai International Circuit,Shanghai,China,31.3389,121.22,1,1,Felipe Nasr,3,0,0,1
22584,928,817,9,7,9,2.0,56,1,2015,3,17,Chinese Grand Prix,2015-04-12,Red Bull,Austrian,Daniel,Ricciardo,Australian,Finished,Shanghai International Circuit,Shanghai,China,31.3389,121.22,-2,1,Daniel Ricciardo,3,0,0,1
22585,928,828,15,10,10,1.0,55,11,2015,3,17,Chinese Grand Prix,2015-04-12,Sauber,Swiss,Marcus,Ericsson,Swedish,+1 Lap,Shanghai International Circuit,Shanghai,China,31.3389,121.22,0,1,Marcus Ericsson,3,0,0,1
22586,928,815,10,15,11,0.0,55,11,2015,3,17,Chinese Grand Prix,2015-04-12,Force India,Indian,Sergio,Pérez,Mexican,+1 Lap,Shanghai International Circuit,Shanghai,China,31.3389,121.22,4,1,Sergio Pérez,3,0,0,0
22587,928,4,1,18,12,0.0,55,11,2015,3,17,Chinese Grand Prix,2015-04-12,McLaren,British,Fernando,Alonso,Spanish,+1 Lap,Shanghai International Circuit,Shanghai,China,31.3389,121.22,6,1,Fernando Alonso,3,0,0,0
22588,928,832,5,14,13,0.0,55,11,2015,3,17,Chinese Grand Prix,2015-04-12,Toro Rosso,Italian,Carlos,Sainz,Spanish,+1 Lap,Shanghai International Circuit,Shanghai,China,31.3389,121.22,1,1,Carlos Sainz,3,0,0,0
22589,928,18,1,17,14,0.0,55,11,2015,3,17,Chinese Grand Prix,2015-04-12,McLaren,British,Jenson,Button,British,+1 Lap,Shanghai International Circuit,Shanghai,China,31.3389,121.22,3,1,Jenson Button,3,0,0,0
22590,928,829,209,19,15,0.0,54,12,2015,3,17,Chinese Grand Prix,2015-04-12,Manor Marussia,British,Will,Stevens,British,+2 Laps,Shanghai International Circuit,Shanghai,China,31.3389,121.22,4,1,Will Stevens,3,0,0,0
22591,928,833,209,20,16,0.0,54,12,2015,3,17,Chinese Grand Prix,2015-04-12,Manor Marussia,British,Roberto,Merhi,Spanish,+2 Laps,Shanghai International Circuit,Shanghai,China,31.3389,121.22,4,1,Roberto Merhi,3,0,0,0
22592,928,830,5,13,17,0.0,52,7,2015,3,17,Chinese Grand Prix,2015-04-12,Toro Rosso,Italian,Max,Verstappen,Dutch,Transmission,Shanghai International Circuit,Shanghai,China,31.3389,121.22,-4,0,Max Verstappen,3,0,0,0
22593,928,813,208,11,18,0.0,49,23,2015,3,17,Chinese Grand Prix,2015-04-12,Lotus F1,British,Pastor,Maldonado,Venezuelan,Brakes,Shanghai International Circuit,Shanghai,China,31.3389,121.22,-7,0,Pastor Maldonado,3,0,0,0
22594,928,826,9,12,19,0.0,15,131,2015,3,17,Chinese Grand Prix,2015-04-12,Red Bull,Austrian,Daniil,Kvyat,Russian,Power Unit,Shanghai International Circuit,Shanghai,China,31.3389,121.22,-7,0,Daniil Kvyat,3,0,0,0
22595,928,807,10,16,20,0.0,9,6,2015,3,17,Chinese Grand Prix,2015-04-12,Force India,Indian,Nico,Hülkenberg,German,Gearbox,Shanghai International Circuit,Shanghai,China,31.3389,121.22,-4,0,Nico Hülkenberg,3,0,0,0
22596,929,1,131,1,1,25.0,57,1,2015,4,3,Bahrain Grand Prix,2015-04-19,Mercedes,German,Lewis,Hamilton,British,Finished,Bahrain International Circuit,Sakhir,Bahrain,26.0325,50.5106,0,1,Lewis Hamilton,4,1,1,1
22597,929,8,6,4,2,18.0,57,1,2015,4,3,Bahrain Grand Prix,2015-04-19,Ferrari,Italian,Kimi,Räikkönen,Finnish,Finished,Bahrain International Circuit,Sakhir,Bahrain,26.0325,50.5106,2,1,Kimi Räikkönen,4,1,0,1
22598,929,3,131,3,3,15.0,57,1,2015,4,3,Bahrain Grand Prix,2015-04-19,Mercedes,German,Nico,Rosberg,German,Finished,Bahrain International Circuit,Sakhir,Bahrain,26.0325,50.5106,0,1,Nico Rosberg,4,1,0,1
22599,929,822,3,5,4,12.0,57,1,2015,4,3,Bahrain Grand Prix,2015-04-19,Williams,British,Valtteri,Bottas,Finnish,Finished,Bahrain International Circuit,Sakhir,Bahrain,26.0325,50.5106,1,1,Valtteri Bottas,4,0,0,1
22600,929,20,6,2,5,10.0,57,1,2015,4,3,Bahrain Grand Prix,2015-04-19,Ferrari,Italian,Sebastian,Vettel,German,Finished,Bahrain International Circuit,Sakhir,Bahrain,26.0325,50.5106,-3,1,Sebastian Vettel,4,0,0,1
22601,929,817,9,7,6,8.0,57,1,2015,4,3,Bahrain Grand Prix,2015-04-19,Red Bull,Austrian,Daniel,Ricciardo,Australian,Finished,Bahrain International Circuit,Sakhir,Bahrain,26.0325,50.5106,1,1,Daniel Ricciardo,4,0,0,1
22602,929,154,208,10,7,6.0,57,1,2015,4,3,Bahrain Grand Prix,2015-04-19,Lotus F1,British,Romain,Grosjean,French,Finished,Bahrain International Circuit,Sakhir,Bahrain,26.0325,50.5106,3,1,Romain Grosjean,4,0,0,1
22603,929,815,10,11,8,4.0,56,11,2015,4,3,Bahrain Grand Prix,2015-04-19,Force India,Indian,Sergio,Pérez,Mexican,+1 Lap,Bahrain International Circuit,Sakhir,Bahrain,26.0325,50.5106,3,1,Sergio Pérez,4,0,0,1
22604,929,826,9,17,9,2.0,56,11,2015,4,3,Bahrain Grand Prix,2015-04-19,Red Bull,Austrian,Daniil,Kvyat,Russian,+1 Lap,Bahrain International Circuit,Sakhir,Bahrain,26.0325,50.5106,8,1,Daniil Kvyat,4,0,0,1
22605,929,13,3,6,10,1.0,56,11,2015,4,3,Bahrain Grand Prix,2015-04-19,Williams,British,Felipe,Massa,Brazilian,+1 Lap,Bahrain International Circuit,Sakhir,Bahrain,26.0325,50.5106,-4,1,Felipe Massa,4,0,0,1
22606,929,4,1,14,11,0.0,56,11,2015,4,3,Bahrain Grand Prix,2015-04-19,McLaren,British,Fernando,Alonso,Spanish,+1 Lap,Bahrain International Circuit,Sakhir,Bahrain,26.0325,50.5106,3,1,Fernando Alonso,4,0,0,0
22607,929,831,15,12,12,0.0,56,11,2015,4,3,Bahrain Grand Prix,2015-04-19,Sauber,Swiss,Felipe,Nasr,Brazilian,+1 Lap,Bahrain International Circuit,Sakhir,Bahrain,26.0325,50.5106,0,1,Felipe Nasr,4,0,0,0
22608,929,807,10,8,13,0.0,56,11,2015,4,3,Bahrain Grand Prix,2015-04-19,Force India,Indian,Nico,Hülkenberg,German,+1 Lap,Bahrain International Circuit,Sakhir,Bahrain,26.0325,50.5106,-5,1,Nico Hülkenberg,4,0,0,0
22609,929,828,15,13,14,0.0,56,11,2015,4,3,Bahrain Grand Prix,2015-04-19,Sauber,Swiss,Marcus,Ericsson,Swedish,+1 Lap,Bahrain International Circuit,Sakhir,Bahrain,26.0325,50.5106,-1,1,Marcus Ericsson,4,0,0,0
22610,929,813,208,16,15,0.0,56,11,2015,4,3,Bahrain Grand Prix,2015-04-19,Lotus F1,British,Pastor,Maldonado,Venezuelan,+1 Lap,Bahrain International Circuit,Sakhir,Bahrain,26.0325,50.5106,1,1,Pastor Maldonado,4,0,0,0
22611,929,829,209,18,16,0.0,55,12,2015,4,3,Bahrain Grand Prix,2015-04-19,Manor Marussia,British,Will,Stevens,British,+2 Laps,Bahrain International Circuit,Sakhir,Bahrain,26.0325,50.5106,2,1,Will Stevens,4,0,0,0
22612,929,833,209,19,17,0.0,54,13,2015,4,3,Bahrain Grand Prix,2015-04-19,Manor Marussia,British,Roberto,Merhi,Spanish,+3 Laps,Bahrain International Circuit,Sakhir,Bahrain,26.0325,50.5106,2,1,Roberto Merhi,4,0,0,0
22613,929,830,5,15,18,0.0,34,10,2015,4,3,Bahrain Grand Prix,2015-04-19,Toro Rosso,Italian,Max,Verstappen,Dutch,Electrical,Bahrain International Circuit,Sakhir,Bahrain,26.0325,50.5106,-3,0,Max Verstappen,4,0,0,0
22614,929,832,5,9,19,0.0,29,5,2015,4,3,Bahrain Grand Prix,2015-04-19,Toro Rosso,Italian,Carlos,Sainz,Spanish,Engine,Bahrain International Circuit,Sakhir,Bahrain,26.0325,50.5106,-10,0,Carlos Sainz,4,0,0,0
22615,929,18,1,20,20,0.0,0,132,2015,4,3,Bahrain Grand Prix,2015-04-19,McLaren,British,Jenson,Button,British,ERS,Bahrain International Circuit,Sakhir,Bahrain,26.0325,50.5106,0,0,Jenson Button,4,0,0,0
22616,930,3,131,1,1,25.0,66,1,2015,5,4,Spanish Grand Prix,2015-05-10,Mercedes,German,Nico,Rosberg,German,Finished,Circuit de Barcelona-Catalunya,Montmeló,Spain,41.57,2.26111,0,1,Nico Rosberg,5,1,1,1
22617,930,1,131,2,2,18.0,66,1,2015,5,4,Spanish Grand Prix,2015-05-10,Mercedes,German,Lewis,Hamilton,British,Finished,Circuit de Barcelona-Catalunya,Montmeló,Spain,41.57,2.26111,0,1,Lewis Hamilton,5,1,0,1
22618,930,20,6,3,3,15.0,66,1,2015,5,4,Spanish Grand Prix,2015-05-10,Ferrari,Italian,Sebastian,Vettel,German,Finished,Circuit de Barcelona-Catalunya,Montmeló,Spain,41.57,2.26111,0,1,Sebastian Vettel,5,1,0,1
22619,930,822,3,4,4,12.0,66,1,2015,5,4,Spanish Grand Prix,2015-05-10,Williams,British,Valtteri,Bottas,Finnish,Finished,Circuit de Barcelona-Catalunya,Montmeló,Spain,41.57,2.26111,0,1,Valtteri Bottas,5,0,0,1
22620,930,8,6,7,5,10.0,66,1,2015,5,4,Spanish Grand Prix,2015-05-10,Ferrari,Italian,Kimi,Räikkönen,Finnish,Finished,Circuit de Barcelona-Catalunya,Montmeló,Spain,41.57,2.26111,2,1,Kimi Räikkönen,5,0,0,1
22621,930,13,3,9,6,8.0,66,1,2015,5,4,Spanish Grand Prix,2015-05-10,Williams,British,Felipe,Massa,Brazilian,Finished,Circuit de Barcelona-Catalunya,Montmeló,Spain,41.57,2.26111,3,1,Felipe Massa,5,0,0,1
22622,930,817,9,10,7,6.0,65,11,2015,5,4,Spanish Grand Prix,2015-05-10,Red Bull,Austrian,Daniel,Ricciardo,Australian,+1 Lap,Circuit de Barcelona-Catalunya,Montmeló,Spain,41.57,2.26111,3,1,Daniel Ricciardo,5,0,0,1
22623,930,154,208,11,8,4.0,65,11,2015,5,4,Spanish Grand Prix,2015-05-10,Lotus F1,British,Romain,Grosjean,French,+1 Lap,Circuit de Barcelona-Catalunya,Montmeló,Spain,41.57,2.26111,3,1,Romain Grosjean,5,0,0,1
22624,930,832,5,5,9,2.0,65,11,2015,5,4,Spanish Grand Prix,2015-05-10,Toro Rosso,Italian,Carlos,Sainz,Spanish,+1 Lap,Circuit de Barcelona-Catalunya,Montmeló,Spain,41.57,2.26111,-4,1,Carlos Sainz,5,0,0,1
22625,930,826,9,8,10,1.0,65,11,2015,5,4,Spanish Grand Prix,2015-05-10,Red Bull,Austrian,Daniil,Kvyat,Russian,+1 Lap,Circuit de Barcelona-Catalunya,Montmeló,Spain,41.57,2.26111,-2,1,Daniil Kvyat,5,0,0,1
22626,930,830,5,6,11,0.0,65,11,2015,5,4,Spanish Grand Prix,2015-05-10,Toro Rosso,Italian,Max,Verstappen,Dutch,+1 Lap,Circuit de Barcelona-Catalunya,Montmeló,Spain,41.57,2.26111,-5,1,Max Verstappen,5,0,0,0
22627,930,831,15,15,12,0.0,65,11,2015,5,4,Spanish Grand Prix,2015-05-10,Sauber,Swiss,Felipe,Nasr,Brazilian,+1 Lap,Circuit de Barcelona-Catalunya,Montmeló,Spain,41.57,2.26111,3,1,Felipe Nasr,5,0,0,0
22628,930,815,10,18,13,0.0,65,11,2015,5,4,Spanish Grand Prix,2015-05-10,Force India,Indian,Sergio,Pérez,Mexican,+1 Lap,Circuit de Barcelona-Catalunya,Montmeló,Spain,41.57,2.26111,5,1,Sergio Pérez,5,0,0,0
22629,930,828,15,16,14,0.0,65,11,2015,5,4,Spanish Grand Prix,2015-05-10,Sauber,Swiss,Marcus,Ericsson,Swedish,+1 Lap,Circuit de Barcelona-Catalunya,Montmeló,Spain,41.57,2.26111,2,1,Marcus Ericsson,5,0,0,0
22630,930,807,10,17,15,0.0,65,11,2015,5,4,Spanish Grand Prix,2015-05-10,Force India,Indian,Nico,Hülkenberg,German,+1 Lap,Circuit de Barcelona-Catalunya,Montmeló,Spain,41.57,2.26111,2,1,Nico Hülkenberg,5,0,0,0
22631,930,18,1,14,16,0.0,65,11,2015,5,4,Spanish Grand Prix,2015-05-10,McLaren,British,Jenson,Button,British,+1 Lap,Circuit de Barcelona-Catalunya,Montmeló,Spain,41.57,2.26111,-2,1,Jenson Button,5,0,0,0
22632,930,829,209,19,17,0.0,63,13,2015,5,4,Spanish Grand Prix,2015-05-10,Manor Marussia,British,Will,Stevens,British,+3 Laps,Circuit de Barcelona-Catalunya,Montmeló,Spain,41.57,2.26111,2,1,Will Stevens,5,0,0,0
22633,930,833,209,20,18,0.0,62,14,2015,5,4,Spanish Grand Prix,2015-05-10,Manor Marussia,British,Roberto,Merhi,Spanish,+4 Laps,Circuit de Barcelona-Catalunya,Montmeló,Spain,41.57,2.26111,2,1,Roberto Merhi,5,0,0,0
22634,930,813,208,12,19,0.0,45,3,2015,5,4,Spanish Grand Prix,2015-05-10,Lotus F1,British,Pastor,Maldonado,Venezuelan,Accident,Circuit de Barcelona-Catalunya,Montmeló,Spain,41.57,2.26111,-7,0,Pastor Maldonado,5,0,0,0
22635,930,4,1,13,20,0.0,26,23,2015,5,4,Spanish Grand Prix,2015-05-10,McLaren,British,Fernando,Alonso,Spanish,Brakes,Circuit de Barcelona-Catalunya,Montmeló,Spain,41.57,2.26111,-7,0,Fernando Alonso,5,0,0,0
22636,931,3,131,2,1,25.0,78,1,2015,6,6,Monaco Grand Prix,2015-05-24,Mercedes,German,Nico,Rosberg,German,Finished,Circuit de Monaco,Monte-Carlo,Monaco,43.7347,7.42056,1,1,Nico Rosberg,6,1,1,1
22637,931,20,6,3,2,18.0,78,1,2015,6,6,Monaco Grand Prix,2015-05-24,Ferrari,Italian,Sebastian,Vettel,German,Finished,Circuit de Monaco,Monte-Carlo,Monaco,43.7347,7.42056,1,1,Sebastian Vettel,6,1,0,1
22638,931,1,131,1,3,15.0,78,1,2015,6,6,Monaco Grand Prix,2015-05-24,Mercedes,German,Lewis,Hamilton,British,Finished,Circuit de Monaco,Monte-Carlo,Monaco,43.7347,7.42056,-2,1,Lewis Hamilton,6,1,0,1
22639,931,826,9,5,4,12.0,78,1,2015,6,6,Monaco Grand Prix,2015-05-24,Red Bull,Austrian,Daniil,Kvyat,Russian,Finished,Circuit de Monaco,Monte-Carlo,Monaco,43.7347,7.42056,1,1,Daniil Kvyat,6,0,0,1
22640,931,817,9,4,5,10.0,78,1,2015,6,6,Monaco Grand Prix,2015-05-24,Red Bull,Austrian,Daniel,Ricciardo,Australian,Finished,Circuit de Monaco,Monte-Carlo,Monaco,43.7347,7.42056,-1,1,Daniel Ricciardo,6,0,0,1
22641,931,8,6,6,6,8.0,78,1,2015,6,6,Monaco Grand Prix,2015-05-24,Ferrari,Italian,Kimi,Räikkönen,Finnish,Finished,Circuit de Monaco,Monte-Carlo,Monaco,43.7347,7.42056,0,1,Kimi Räikkönen,6,0,0,1
22642,931,815,10,7,7,6.0,78,1,2015,6,6,Monaco Grand Prix,2015-05-24,Force India,Indian,Sergio,Pérez,Mexican,Finished,Circuit de Monaco,Monte-Carlo,Monaco,43.7347,7.42056,0,1,Sergio Pérez,6,0,0,1
22643,931,18,1,10,8,4.0,78,1,2015,6,6,Monaco Grand Prix,2015-05-24,McLaren,British,Jenson,Button,British,Finished,Circuit de Monaco,Monte-Carlo,Monaco,43.7347,7.42056,2,1,Jenson Button,6,0,0,1
22644,931,831,15,14,9,2.0,78,1,2015,6,6,Monaco Grand Prix,2015-05-24,Sauber,Swiss,Felipe,Nasr,Brazilian,Finished,Circuit de Monaco,Monte-Carlo,Monaco,43.7347,7.42056,5,1,Felipe Nasr,6,0,0,1
22645,931,832,5,0,10,1.0,78,1,2015,6,6,Monaco Grand Prix,2015-05-24,Toro Rosso,Italian,Carlos,Sainz,Spanish,Finished,Circuit de Monaco,Monte-Carlo,Monaco,43.7347,7.42056,-10,1,Carlos Sainz,6,0,0,1
22646,931,807,10,11,11,0.0,78,1,2015,6,6,Monaco Grand Prix,2015-05-24,Force India,Indian,Nico,Hülkenberg,German,Finished,Circuit de Monaco,Monte-Carlo,Monaco,43.7347,7.42056,0,1,Nico Hülkenberg,6,0,0,0
22647,931,154,208,15,12,0.0,78,1,2015,6,6,Monaco Grand Prix,2015-05-24,Lotus F1,British,Romain,Grosjean,French,Finished,Circuit de Monaco,Monte-Carlo,Monaco,43.7347,7.42056,3,1,Romain Grosjean,6,0,0,0
22648,931,828,15,17,13,0.0,78,1,2015,6,6,Monaco Grand Prix,2015-05-24,Sauber,Swiss,Marcus,Ericsson,Swedish,Finished,Circuit de Monaco,Monte-Carlo,Monaco,43.7347,7.42056,4,1,Marcus Ericsson,6,0,0,0
22649,931,822,3,16,14,0.0,78,1,2015,6,6,Monaco Grand Prix,2015-05-24,Williams,British,Valtteri,Bottas,Finnish,Finished,Circuit de Monaco,Monte-Carlo,Monaco,43.7347,7.42056,2,1,Valtteri Bottas,6,0,0,0
22650,931,13,3,12,15,0.0,77,11,2015,6,6,Monaco Grand Prix,2015-05-24,Williams,British,Felipe,Massa,Brazilian,+1 Lap,Circuit de Monaco,Monte-Carlo,Monaco,43.7347,7.42056,-3,1,Felipe Massa,6,0,0,0
22651,931,833,209,19,16,0.0,76,12,2015,6,6,Monaco Grand Prix,2015-05-24,Manor Marussia,British,Roberto,Merhi,Spanish,+2 Laps,Circuit de Monaco,Monte-Carlo,Monaco,43.7347,7.42056,3,1,Roberto Merhi,6,0,0,0
22652,931,829,209,18,17,0.0,76,12,2015,6,6,Monaco Grand Prix,2015-05-24,Manor Marussia,British,Will,Stevens,British,+2 Laps,Circuit de Monaco,Monte-Carlo,Monaco,43.7347,7.42056,1,1,Will Stevens,6,0,0,0
22653,931,830,5,9,18,0.0,62,3,2015,6,6,Monaco Grand Prix,2015-05-24,Toro Rosso,Italian,Max,Verstappen,Dutch,Accident,Circuit de Monaco,Monte-Carlo,Monaco,43.7347,7.42056,-9,0,Max Verstappen,6,0,0,0
22654,931,4,1,13,19,0.0,41,6,2015,6,6,Monaco Grand Prix,2015-05-24,McLaren,British,Fernando,Alonso,Spanish,Gearbox,Circuit de Monaco,Monte-Carlo,Monaco,43.7347,7.42056,-6,0,Fernando Alonso,6,0,0,0
22655,931,813,208,8,20,0.0,5,23,2015,6,6,Monaco Grand Prix,2015-05-24,Lotus F1,British,Pastor,Maldonado,Venezuelan,Brakes,Circuit de Monaco,Monte-Carlo,Monaco,43.7347,7.42056,-12,0,Pastor Maldonado,6,0,0,0
22656,932,1,131,1,1,25.0,70,1,2015,7,7,Canadian Grand Prix,2015-06-07,Mercedes,German,Lewis,Hamilton,British,Finished,Circuit Gilles Villeneuve,Montreal,Canada,45.5,-73.5228,0,1,Lewis Hamilton,7,1,1,1
22657,932,3,131,2,2,18.0,70,1,2015,7,7,Canadian Grand Prix,2015-06-07,Mercedes,German,Nico,Rosberg,German,Finished,Circuit Gilles Villeneuve,Montreal,Canada,45.5,-73.5228,0,1,Nico Rosberg,7,1,0,1
22658,932,822,3,4,3,15.0,70,1,2015,7,7,Canadian Grand Prix,2015-06-07,Williams,British,Valtteri,Bottas,Finnish,Finished,Circuit Gilles Villeneuve,Montreal,Canada,45.5,-73.5228,1,1,Valtteri Bottas,7,1,0,1
22659,932,8,6,3,4,12.0,70,1,2015,7,7,Canadian Grand Prix,2015-06-07,Ferrari,Italian,Kimi,Räikkönen,Finnish,Finished,Circuit Gilles Villeneuve,Montreal,Canada,45.5,-73.5228,-1,1,Kimi Räikkönen,7,0,0,1
22660,932,20,6,18,5,10.0,70,1,2015,7,7,Canadian Grand Prix,2015-06-07,Ferrari,Italian,Sebastian,Vettel,German,Finished,Circuit Gilles Villeneuve,Montreal,Canada,45.5,-73.5228,13,1,Sebastian Vettel,7,0,0,1
22661,932,13,3,15,6,8.0,70,1,2015,7,7,Canadian Grand Prix,2015-06-07,Williams,British,Felipe,Massa,Brazilian,Finished,Circuit Gilles Villeneuve,Montreal,Canada,45.5,-73.5228,9,1,Felipe Massa,7,0,0,1
22662,932,813,208,6,7,6.0,70,1,2015,7,7,Canadian Grand Prix,2015-06-07,Lotus F1,British,Pastor,Maldonado,Venezuelan,Finished,Circuit Gilles Villeneuve,Montreal,Canada,45.5,-73.5228,-1,1,Pastor Maldonado,7,0,0,1
22663,932,807,10,7,8,4.0,69,11,2015,7,7,Canadian Grand Prix,2015-06-07,Force India,Indian,Nico,Hülkenberg,German,+1 Lap,Circuit Gilles Villeneuve,Montreal,Canada,45.5,-73.5228,-1,1,Nico Hülkenberg,7,0,0,1
22664,932,826,9,8,9,2.0,69,11,2015,7,7,Canadian Grand Prix,2015-06-07,Red Bull,Austrian,Daniil,Kvyat,Russian,+1 Lap,Circuit Gilles Villeneuve,Montreal,Canada,45.5,-73.5228,-1,1,Daniil Kvyat,7,0,0,1
22665,932,154,208,5,10,1.0,69,11,2015,7,7,Canadian Grand Prix,2015-06-07,Lotus F1,British,Romain,Grosjean,French,+1 Lap,Circuit Gilles Villeneuve,Montreal,Canada,45.5,-73.5228,-5,1,Romain Grosjean,7,0,0,1
22666,932,815,10,10,11,0.0,69,11,2015,7,7,Canadian Grand Prix,2015-06-07,Force India,Indian,Sergio,Pérez,Mexican,+1 Lap,Circuit Gilles Villeneuve,Montreal,Canada,45.5,-73.5228,-1,1,Sergio Pérez,7,0,0,0
22667,932,832,5,11,12,0.0,69,11,2015,7,7,Canadian Grand Prix,2015-06-07,Toro Rosso,Italian,Carlos,Sainz,Spanish,+1 Lap,Circuit Gilles Villeneuve,Montreal,Canada,45.5,-73.5228,-1,1,Carlos Sainz,7,0,0,0
22668,932,817,9,9,13,0.0,69,11,2015,7,7,Canadian Grand Prix,2015-06-07,Red Bull,Austrian,Daniel,Ricciardo,Australian,+1 Lap,Circuit Gilles Villeneuve,Montreal,Canada,45.5,-73.5228,-4,1,Daniel Ricciardo,7,0,0,0
22669,932,828,15,12,14,0.0,69,11,2015,7,7,Canadian Grand Prix,2015-06-07,Sauber,Swiss,Marcus,Ericsson,Swedish,+1 Lap,Circuit Gilles Villeneuve,Montreal,Canada,45.5,-73.5228,-2,1,Marcus Ericsson,7,0,0,0
22670,932,830,5,19,15,0.0,69,11,2015,7,7,Canadian Grand Prix,2015-06-07,Toro Rosso,Italian,Max,Verstappen,Dutch,+1 Lap,Circuit Gilles Villeneuve,Montreal,Canada,45.5,-73.5228,4,1,Max Verstappen,7,0,0,0
22671,932,831,15,14,16,0.0,68,12,2015,7,7,Canadian Grand Prix,2015-06-07,Sauber,Swiss,Felipe,Nasr,Brazilian,+2 Laps,Circuit Gilles Villeneuve,Montreal,Canada,45.5,-73.5228,-2,1,Felipe Nasr,7,0,0,0
22672,932,829,209,17,17,0.0,66,14,2015,7,7,Canadian Grand Prix,2015-06-07,Manor Marussia,British,Will,Stevens,British,+4 Laps,Circuit Gilles Villeneuve,Montreal,Canada,45.5,-73.5228,0,1,Will Stevens,7,0,0,0
22673,932,833,209,16,18,0.0,57,31,2015,7,7,Canadian Grand Prix,2015-06-07,Manor Marussia,British,Roberto,Merhi,Spanish,Retired,Circuit Gilles Villeneuve,Montreal,Canada,45.5,-73.5228,-2,0,Roberto Merhi,7,0,0,0
22674,932,18,1,20,19,0.0,54,31,2015,7,7,Canadian Grand Prix,2015-06-07,McLaren,British,Jenson,Button,British,Retired,Circuit Gilles Villeneuve,Montreal,Canada,45.5,-73.5228,1,0,Jenson Button,7,0,0,0
22675,932,4,1,13,20,0.0,44,5,2015,7,7,Canadian Grand Prix,2015-06-07,McLaren,British,Fernando,Alonso,Spanish,Engine,Circuit Gilles Villeneuve,Montreal,Canada,45.5,-73.5228,-7,0,Fernando Alonso,7,0,0,0
22676,933,3,131,2,1,25.0,71,1,2015,8,70,Austrian Grand Prix,2015-06-21,Mercedes,German,Nico,Rosberg,German,Finished,Red Bull Ring,Spielberg,Austria,47.2197,14.7647,1,1,Nico Rosberg,8,1,1,1
22677,933,1,131,1,2,18.0,71,1,2015,8,70,Austrian Grand Prix,2015-06-21,Mercedes,German,Lewis,Hamilton,British,Finished,Red Bull Ring,Spielberg,Austria,47.2197,14.7647,-1,1,Lewis Hamilton,8,1,0,1
22678,933,13,3,4,3,15.0,71,1,2015,8,70,Austrian Grand Prix,2015-06-21,Williams,British,Felipe,Massa,Brazilian,Finished,Red Bull Ring,Spielberg,Austria,47.2197,14.7647,1,1,Felipe Massa,8,1,0,1
22679,933,20,6,3,4,12.0,71,1,2015,8,70,Austrian Grand Prix,2015-06-21,Ferrari,Italian,Sebastian,Vettel,German,Finished,Red Bull Ring,Spielberg,Austria,47.2197,14.7647,-1,1,Sebastian Vettel,8,0,0,1
22680,933,822,3,6,5,10.0,71,1,2015,8,70,Austrian Grand Prix,2015-06-21,Williams,British,Valtteri,Bottas,Finnish,Finished,Red Bull Ring,Spielberg,Austria,47.2197,14.7647,1,1,Valtteri Bottas,8,0,0,1
22681,933,807,10,5,6,8.0,71,1,2015,8,70,Austrian Grand Prix,2015-06-21,Force India,Indian,Nico,Hülkenberg,German,Finished,Red Bull Ring,Spielberg,Austria,47.2197,14.7647,-1,1,Nico Hülkenberg,8,0,0,1
22682,933,813,208,10,7,6.0,70,11,2015,8,70,Austrian Grand Prix,2015-06-21,Lotus F1,British,Pastor,Maldonado,Venezuelan,+1 Lap,Red Bull Ring,Spielberg,Austria,47.2197,14.7647,3,1,Pastor Maldonado,8,0,0,1
22683,933,830,5,7,8,4.0,70,11,2015,8,70,Austrian Grand Prix,2015-06-21,Toro Rosso,Italian,Max,Verstappen,Dutch,+1 Lap,Red Bull Ring,Spielberg,Austria,47.2197,14.7647,-1,1,Max Verstappen,8,0,0,1
22684,933,815,10,13,9,2.0,70,11,2015,8,70,Austrian Grand Prix,2015-06-21,Force India,Indian,Sergio,Pérez,Mexican,+1 Lap,Red Bull Ring,Spielberg,Austria,47.2197,14.7647,4,1,Sergio Pérez,8,0,0,1
22685,933,817,9,18,10,1.0,70,11,2015,8,70,Austrian Grand Prix,2015-06-21,Red Bull,Austrian,Daniel,Ricciardo,Australian,+1 Lap,Red Bull Ring,Spielberg,Austria,47.2197,14.7647,8,1,Daniel Ricciardo,8,0,0,1
22686,933,831,15,8,11,0.0,70,11,2015,8,70,Austrian Grand Prix,2015-06-21,Sauber,Swiss,Felipe,Nasr,Brazilian,+1 Lap,Red Bull Ring,Spielberg,Austria,47.2197,14.7647,-3,1,Felipe Nasr,8,0,0,0
22687,933,826,9,15,12,0.0,70,11,2015,8,70,Austrian Grand Prix,2015-06-21,Red Bull,Austrian,Daniil,Kvyat,Russian,+1 Lap,Red Bull Ring,Spielberg,Austria,47.2197,14.7647,3,1,Daniil Kvyat,8,0,0,0
22688,933,828,15,11,13,0.0,69,12,2015,8,70,Austrian Grand Prix,2015-06-21,Sauber,Swiss,Marcus,Ericsson,Swedish,+2 Laps,Red Bull Ring,Spielberg,Austria,47.2197,14.7647,-2,1,Marcus Ericsson,8,0,0,0
22689,933,833,209,16,14,0.0,68,13,2015,8,70,Austrian Grand Prix,2015-06-21,Manor Marussia,British,Roberto,Merhi,Spanish,+3 Laps,Red Bull Ring,Spielberg,Austria,47.2197,14.7647,2,1,Roberto Merhi,8,0,0,0
22690,933,154,208,9,15,0.0,35,6,2015,8,70,Austrian Grand Prix,2015-06-21,Lotus F1,British,Romain,Grosjean,French,Gearbox,Red Bull Ring,Spielberg,Austria,47.2197,14.7647,-6,0,Romain Grosjean,8,0,0,0
22691,933,832,5,12,16,0.0,35,75,2015,8,70,Austrian Grand Prix,2015-06-21,Toro Rosso,Italian,Carlos,Sainz,Spanish,Power loss,Red Bull Ring,Spielberg,Austria,47.2197,14.7647,-4,0,Carlos Sainz,8,0,0,0
22692,933,18,1,20,17,0.0,8,31,2015,8,70,Austrian Grand Prix,2015-06-21,McLaren,British,Jenson,Button,British,Retired,Red Bull Ring,Spielberg,Austria,47.2197,14.7647,3,0,Jenson Button,8,0,0,0
22693,933,829,209,17,18,0.0,1,44,2015,8,70,Austrian Grand Prix,2015-06-21,Manor Marussia,British,Will,Stevens,British,Oil leak,Red Bull Ring,Spielberg,Austria,47.2197,14.7647,-1,0,Will Stevens,8,0,0,0
22694,933,8,6,14,19,0.0,0,4,2015,8,70,Austrian Grand Prix,2015-06-21,Ferrari,Italian,Kimi,Räikkönen,Finnish,Collision,Red Bull Ring,Spielberg,Austria,47.2197,14.7647,-5,0,Kimi Räikkönen,8,0,0,0
22695,933,4,1,19,20,0.0,0,4,2015,8,70,Austrian Grand Prix,2015-06-21,McLaren,British,Fernando,Alonso,Spanish,Collision,Red Bull Ring,Spielberg,Austria,47.2197,14.7647,-1,0,Fernando Alonso,8,0,0,0
22696,934,1,131,1,1,25.0,52,1,2015,9,9,British Grand Prix,2015-07-05,Mercedes,German,Lewis,Hamilton,British,Finished,Silverstone Circuit,Silverstone,UK,52.0786,-1.01694,0,1,Lewis Hamilton,9,1,1,1
22697,934,3,131,2,2,18.0,52,1,2015,9,9,British Grand Prix,2015-07-05,Mercedes,German,Nico,Rosberg,German,Finished,Silverstone Circuit,Silverstone,UK,52.0786,-1.01694,0,1,Nico Rosberg,9,1,0,1
22698,934,20,6,6,3,15.0,52,1,2015,9,9,British Grand Prix,2015-07-05,Ferrari,Italian,Sebastian,Vettel,German,Finished,Silverstone Circuit,Silverstone,UK,52.0786,-1.01694,3,1,Sebastian Vettel,9,1,0,1
22699,934,13,3,3,4,12.0,52,1,2015,9,9,British Grand Prix,2015-07-05,Williams,British,Felipe,Massa,Brazilian,Finished,Silverstone Circuit,Silverstone,UK,52.0786,-1.01694,-1,1,Felipe Massa,9,0,0,1
22700,934,822,3,4,5,10.0,52,1,2015,9,9,British Grand Prix,2015-07-05,Williams,British,Valtteri,Bottas,Finnish,Finished,Silverstone Circuit,Silverstone,UK,52.0786,-1.01694,-1,1,Valtteri Bottas,9,0,0,1
22701,934,826,9,7,6,8.0,52,1,2015,9,9,British Grand Prix,2015-07-05,Red Bull,Austrian,Daniil,Kvyat,Russian,Finished,Silverstone Circuit,Silverstone,UK,52.0786,-1.01694,1,1,Daniil Kvyat,9,0,0,1
22702,934,807,10,9,7,6.0,52,1,2015,9,9,British Grand Prix,2015-07-05,Force India,Indian,Nico,Hülkenberg,German,Finished,Silverstone Circuit,Silverstone,UK,52.0786,-1.01694,2,1,Nico Hülkenberg,9,0,0,1
22703,934,8,6,5,8,4.0,51,11,2015,9,9,British Grand Prix,2015-07-05,Ferrari,Italian,Kimi,Räikkönen,Finnish,+1 Lap,Silverstone Circuit,Silverstone,UK,52.0786,-1.01694,-3,1,Kimi Räikkönen,9,0,0,1
22704,934,815,10,11,9,2.0,51,11,2015,9,9,British Grand Prix,2015-07-05,Force India,Indian,Sergio,Pérez,Mexican,+1 Lap,Silverstone Circuit,Silverstone,UK,52.0786,-1.01694,2,1,Sergio Pérez,9,0,0,1
22705,934,4,1,17,10,1.0,51,11,2015,9,9,British Grand Prix,2015-07-05,McLaren,British,Fernando,Alonso,Spanish,+1 Lap,Silverstone Circuit,Silverstone,UK,52.0786,-1.01694,7,1,Fernando Alonso,9,0,0,1
22706,934,828,15,15,11,0.0,51,11,2015,9,9,British Grand Prix,2015-07-05,Sauber,Swiss,Marcus,Ericsson,Swedish,+1 Lap,Silverstone Circuit,Silverstone,UK,52.0786,-1.01694,4,1,Marcus Ericsson,9,0,0,0
22707,934,833,209,20,12,0.0,49,13,2015,9,9,British Grand Prix,2015-07-05,Manor Marussia,British,Roberto,Merhi,Spanish,+3 Laps,Silverstone Circuit,Silverstone,UK,52.0786,-1.01694,8,1,Roberto Merhi,9,0,0,0
22708,934,829,209,19,13,0.0,49,13,2015,9,9,British Grand Prix,2015-07-05,Manor Marussia,British,Will,Stevens,British,+3 Laps,Silverstone Circuit,Silverstone,UK,52.0786,-1.01694,6,1,Will Stevens,9,0,0,0
22709,934,832,5,8,14,0.0,31,10,2015,9,9,British Grand Prix,2015-07-05,Toro Rosso,Italian,Carlos,Sainz,Spanish,Electrical,Silverstone Circuit,Silverstone,UK,52.0786,-1.01694,-6,0,Carlos Sainz,9,0,0,0
22710,934,817,9,10,15,0.0,21,10,2015,9,9,British Grand Prix,2015-07-05,Red Bull,Austrian,Daniel,Ricciardo,Australian,Electrical,Silverstone Circuit,Silverstone,UK,52.0786,-1.01694,-5,0,Daniel Ricciardo,9,0,0,0
22711,934,830,5,13,16,0.0,3,20,2015,9,9,British Grand Prix,2015-07-05,Toro Rosso,Italian,Max,Verstappen,Dutch,Spun off,Silverstone Circuit,Silverstone,UK,52.0786,-1.01694,-3,0,Max Verstappen,9,0,0,0
22712,934,813,208,14,18,0.0,0,4,2015,9,9,British Grand Prix,2015-07-05,Lotus F1,British,Pastor,Maldonado,Venezuelan,Collision,Silverstone Circuit,Silverstone,UK,52.0786,-1.01694,-4,0,Pastor Maldonado,9,0,0,0
22713,934,18,1,18,19,0.0,0,4,2015,9,9,British Grand Prix,2015-07-05,McLaren,British,Jenson,Button,British,Collision,Silverstone Circuit,Silverstone,UK,52.0786,-1.01694,-1,0,Jenson Button,9,0,0,0
22714,934,154,208,12,17,0.0,0,4,2015,9,9,British Grand Prix,2015-07-05,Lotus F1,British,Romain,Grosjean,French,Collision,Silverstone Circuit,Silverstone,UK,52.0786,-1.01694,-5,0,Romain Grosjean,9,0,0,0
22715,934,831,15,16,20,0.0,0,6,2015,9,9,British Grand Prix,2015-07-05,Sauber,Swiss,Felipe,Nasr,Brazilian,Gearbox,Silverstone Circuit,Silverstone,UK,52.0786,-1.01694,-4,0,Felipe Nasr,9,0,0,0
22716,936,20,6,3,1,25.0,69,1,2015,10,11,Hungarian Grand Prix,2015-07-26,Ferrari,Italian,Sebastian,Vettel,German,Finished,Hungaroring,Budapest,Hungary,47.5789,19.2486,2,1,Sebastian Vettel,10,1,1,1
22717,936,826,9,7,2,18.0,69,1,2015,10,11,Hungarian Grand Prix,2015-07-26,Red Bull,Austrian,Daniil,Kvyat,Russian,Finished,Hungaroring,Budapest,Hungary,47.5789,19.2486,5,1,Daniil Kvyat,10,1,0,1
22718,936,817,9,4,3,15.0,69,1,2015,10,11,Hungarian Grand Prix,2015-07-26,Red Bull,Austrian,Daniel,Ricciardo,Australian,Finished,Hungaroring,Budapest,Hungary,47.5789,19.2486,1,1,Daniel Ricciardo,10,1,0,1
22719,936,830,5,9,4,12.0,69,1,2015,10,11,Hungarian Grand Prix,2015-07-26,Toro Rosso,Italian,Max,Verstappen,Dutch,Finished,Hungaroring,Budapest,Hungary,47.5789,19.2486,5,1,Max Verstappen,10,0,0,1
22720,936,4,1,15,5,10.0,69,1,2015,10,11,Hungarian Grand Prix,2015-07-26,McLaren,British,Fernando,Alonso,Spanish,Finished,Hungaroring,Budapest,Hungary,47.5789,19.2486,10,1,Fernando Alonso,10,0,0,1
22721,936,1,131,1,6,8.0,69,1,2015,10,11,Hungarian Grand Prix,2015-07-26,Mercedes,German,Lewis,Hamilton,British,Finished,Hungaroring,Budapest,Hungary,47.5789,19.2486,-5,1,Lewis Hamilton,10,0,0,1
22722,936,154,208,10,7,6.0,69,1,2015,10,11,Hungarian Grand Prix,2015-07-26,Lotus F1,British,Romain,Grosjean,French,Finished,Hungaroring,Budapest,Hungary,47.5789,19.2486,3,1,Romain Grosjean,10,0,0,1
22723,936,3,131,2,8,4.0,69,1,2015,10,11,Hungarian Grand Prix,2015-07-26,Mercedes,German,Nico,Rosberg,German,Finished,Hungaroring,Budapest,Hungary,47.5789,19.2486,-6,1,Nico Rosberg,10,0,0,1
22724,936,18,1,16,9,2.0,69,1,2015,10,11,Hungarian Grand Prix,2015-07-26,McLaren,British,Jenson,Button,British,Finished,Hungaroring,Budapest,Hungary,47.5789,19.2486,7,1,Jenson Button,10,0,0,1
22725,936,828,15,17,10,1.0,69,1,2015,10,11,Hungarian Grand Prix,2015-07-26,Sauber,Swiss,Marcus,Ericsson,Swedish,Finished,Hungaroring,Budapest,Hungary,47.5789,19.2486,7,1,Marcus Ericsson,10,0,0,1
22726,936,831,15,18,11,0.0,69,1,2015,10,11,Hungarian Grand Prix,2015-07-26,Sauber,Swiss,Felipe,Nasr,Brazilian,Finished,Hungaroring,Budapest,Hungary,47.5789,19.2486,7,1,Felipe Nasr,10,0,0,0
22727,936,13,3,8,12,0.0,69,1,2015,10,11,Hungarian Grand Prix,2015-07-26,Williams,British,Felipe,Massa,Brazilian,Finished,Hungaroring,Budapest,Hungary,47.5789,19.2486,-4,1,Felipe Massa,10,0,0,0
22728,936,822,3,6,13,0.0,69,1,2015,10,11,Hungarian Grand Prix,2015-07-26,Williams,British,Valtteri,Bottas,Finnish,Finished,Hungaroring,Budapest,Hungary,47.5789,19.2486,-7,1,Valtteri Bottas,10,0,0,0
22729,936,813,208,14,14,0.0,69,1,2015,10,11,Hungarian Grand Prix,2015-07-26,Lotus F1,British,Pastor,Maldonado,Venezuelan,Finished,Hungaroring,Budapest,Hungary,47.5789,19.2486,0,1,Pastor Maldonado,10,0,0,0
22730,936,833,209,19,15,0.0,67,12,2015,10,11,Hungarian Grand Prix,2015-07-26,Manor Marussia,British,Roberto,Merhi,Spanish,+2 Laps,Hungaroring,Budapest,Hungary,47.5789,19.2486,4,1,Roberto Merhi,10,0,0,0
22731,936,829,209,20,16,0.0,65,14,2015,10,11,Hungarian Grand Prix,2015-07-26,Manor Marussia,British,Will,Stevens,British,+4 Laps,Hungaroring,Budapest,Hungary,47.5789,19.2486,4,1,Will Stevens,10,0,0,0
22732,936,832,5,12,17,0.0,60,10,2015,10,11,Hungarian Grand Prix,2015-07-26,Toro Rosso,Italian,Carlos,Sainz,Spanish,Electrical,Hungaroring,Budapest,Hungary,47.5789,19.2486,-5,0,Carlos Sainz,10,0,0,0
22733,936,8,6,5,18,0.0,55,131,2015,10,11,Hungarian Grand Prix,2015-07-26,Ferrari,Italian,Kimi,Räikkönen,Finnish,Power Unit,Hungaroring,Budapest,Hungary,47.5789,19.2486,-13,0,Kimi Räikkönen,10,0,0,0
22734,936,815,10,13,19,0.0,53,22,2015,10,11,Hungarian Grand Prix,2015-07-26,Force India,Indian,Sergio,Pérez,Mexican,Suspension,Hungaroring,Budapest,Hungary,47.5789,19.2486,-6,0,Sergio Pérez,10,0,0,0
22735,936,807,10,11,20,0.0,41,33,2015,10,11,Hungarian Grand Prix,2015-07-26,Force India,Indian,Nico,Hülkenberg,German,Front wing,Hungaroring,Budapest,Hungary,47.5789,19.2486,-9,0,Nico Hülkenberg,10,0,0,0
22736,937,1,131,1,1,25.0,43,1,2015,11,13,Belgian Grand Prix,2015-08-23,Mercedes,German,Lewis,Hamilton,British,Finished,Circuit de Spa-Francorchamps,Spa,Belgium,50.4372,5.97139,0,1,Lewis Hamilton,11,1,1,1
22737,937,3,131,2,2,18.0,43,1,2015,11,13,Belgian Grand Prix,2015-08-23,Mercedes,German,Nico,Rosberg,German,Finished,Circuit de Spa-Francorchamps,Spa,Belgium,50.4372,5.97139,0,1,Nico Rosberg,11,1,0,1
22738,937,154,208,9,3,15.0,43,1,2015,11,13,Belgian Grand Prix,2015-08-23,Lotus F1,British,Romain,Grosjean,French,Finished,Circuit de Spa-Francorchamps,Spa,Belgium,50.4372,5.97139,6,1,Romain Grosjean,11,1,0,1
22739,937,826,9,12,4,12.0,43,1,2015,11,13,Belgian Grand Prix,2015-08-23,Red Bull,Austrian,Daniil,Kvyat,Russian,Finished,Circuit de Spa-Francorchamps,Spa,Belgium,50.4372,5.97139,8,1,Daniil Kvyat,11,0,0,1
22740,937,815,10,4,5,10.0,43,1,2015,11,13,Belgian Grand Prix,2015-08-23,Force India,Indian,Sergio,Pérez,Mexican,Finished,Circuit de Spa-Francorchamps,Spa,Belgium,50.4372,5.97139,-1,1,Sergio Pérez,11,0,0,1
22741,937,13,3,6,6,8.0,43,1,2015,11,13,Belgian Grand Prix,2015-08-23,Williams,British,Felipe,Massa,Brazilian,Finished,Circuit de Spa-Francorchamps,Spa,Belgium,50.4372,5.97139,0,1,Felipe Massa,11,0,0,1
22742,937,8,6,16,7,6.0,43,1,2015,11,13,Belgian Grand Prix,2015-08-23,Ferrari,Italian,Kimi,Räikkönen,Finnish,Finished,Circuit de Spa-Francorchamps,Spa,Belgium,50.4372,5.97139,9,1,Kimi Räikkönen,11,0,0,1
22743,937,830,5,18,8,4.0,43,1,2015,11,13,Belgian Grand Prix,2015-08-23,Toro Rosso,Italian,Max,Verstappen,Dutch,Finished,Circuit de Spa-Francorchamps,Spa,Belgium,50.4372,5.97139,10,1,Max Verstappen,11,0,0,1
22744,937,822,3,3,9,2.0,43,131,2015,11,13,Belgian Grand Prix,2015-08-23,Williams,British,Valtteri,Bottas,Finnish,Power Unit,Circuit de Spa-Francorchamps,Spa,Belgium,50.4372,5.97139,-6,0,Valtteri Bottas,11,0,0,1
22745,937,828,15,13,10,1.0,43,1,2015,11,13,Belgian Grand Prix,2015-08-23,Sauber,Swiss,Marcus,Ericsson,Swedish,Finished,Circuit de Spa-Francorchamps,Spa,Belgium,50.4372,5.97139,3,1,Marcus Ericsson,11,0,0,1
22746,937,831,15,14,11,0.0,43,1,2015,11,13,Belgian Grand Prix,2015-08-23,Sauber,Swiss,Felipe,Nasr,Brazilian,Finished,Circuit de Spa-Francorchamps,Spa,Belgium,50.4372,5.97139,3,1,Felipe Nasr,11,0,0,0
22747,937,20,6,8,12,0.0,42,27,2015,11,13,Belgian Grand Prix,2015-08-23,Ferrari,Italian,Sebastian,Vettel,German,Tyre,Circuit de Spa-Francorchamps,Spa,Belgium,50.4372,5.97139,-4,0,Sebastian Vettel,11,0,0,0
22748,937,4,1,20,13,0.0,42,11,2015,11,13,Belgian Grand Prix,2015-08-23,McLaren,British,Fernando,Alonso,Spanish,+1 Lap,Circuit de Spa-Francorchamps,Spa,Belgium,50.4372,5.97139,7,1,Fernando Alonso,11,0,0,0
22749,937,18,1,19,14,0.0,42,11,2015,11,13,Belgian Grand Prix,2015-08-23,McLaren,British,Jenson,Button,British,+1 Lap,Circuit de Spa-Francorchamps,Spa,Belgium,50.4372,5.97139,5,1,Jenson Button,11,0,0,0
22750,937,833,209,17,15,0.0,42,11,2015,11,13,Belgian Grand Prix,2015-08-23,Manor Marussia,British,Roberto,Merhi,Spanish,+1 Lap,Circuit de Spa-Francorchamps,Spa,Belgium,50.4372,5.97139,2,1,Roberto Merhi,11,0,0,0
22751,937,829,209,15,16,0.0,42,11,2015,11,13,Belgian Grand Prix,2015-08-23,Manor Marussia,British,Will,Stevens,British,+1 Lap,Circuit de Spa-Francorchamps,Spa,Belgium,50.4372,5.97139,-1,1,Will Stevens,11,0,0,0
22752,937,832,5,10,17,0.0,32,131,2015,11,13,Belgian Grand Prix,2015-08-23,Toro Rosso,Italian,Carlos,Sainz,Spanish,Power Unit,Circuit de Spa-Francorchamps,Spa,Belgium,50.4372,5.97139,-7,0,Carlos Sainz,11,0,0,0
22753,937,817,9,5,18,0.0,19,131,2015,11,13,Belgian Grand Prix,2015-08-23,Red Bull,Austrian,Daniel,Ricciardo,Australian,Power Unit,Circuit de Spa-Francorchamps,Spa,Belgium,50.4372,5.97139,-13,0,Daniel Ricciardo,11,0,0,0
22754,937,813,208,7,19,0.0,2,5,2015,11,13,Belgian Grand Prix,2015-08-23,Lotus F1,British,Pastor,Maldonado,Venezuelan,Engine,Circuit de Spa-Francorchamps,Spa,Belgium,50.4372,5.97139,-12,0,Pastor Maldonado,11,0,0,0
22755,937,807,10,11,20,0.0,0,75,2015,11,13,Belgian Grand Prix,2015-08-23,Force India,Indian,Nico,Hülkenberg,German,Power loss,Circuit de Spa-Francorchamps,Spa,Belgium,50.4372,5.97139,-9,0,Nico Hülkenberg,11,0,0,0
22756,938,1,131,1,1,25.0,53,1,2015,12,14,Italian Grand Prix,2015-09-06,Mercedes,German,Lewis,Hamilton,British,Finished,Autodromo Nazionale di Monza,Monza,Italy,45.6156,9.28111,0,1,Lewis Hamilton,12,1,1,1
22757,938,20,6,3,2,18.0,53,1,2015,12,14,Italian Grand Prix,2015-09-06,Ferrari,Italian,Sebastian,Vettel,German,Finished,Autodromo Nazionale di Monza,Monza,Italy,45.6156,9.28111,1,1,Sebastian Vettel,12,1,0,1
22758,938,13,3,5,3,15.0,53,1,2015,12,14,Italian Grand Prix,2015-09-06,Williams,British,Felipe,Massa,Brazilian,Finished,Autodromo Nazionale di Monza,Monza,Italy,45.6156,9.28111,2,1,Felipe Massa,12,1,0,1
22759,938,822,3,6,4,12.0,53,1,2015,12,14,Italian Grand Prix,2015-09-06,Williams,British,Valtteri,Bottas,Finnish,Finished,Autodromo Nazionale di Monza,Monza,Italy,45.6156,9.28111,2,1,Valtteri Bottas,12,0,0,1
22760,938,8,6,2,5,10.0,53,1,2015,12,14,Italian Grand Prix,2015-09-06,Ferrari,Italian,Kimi,Räikkönen,Finnish,Finished,Autodromo Nazionale di Monza,Monza,Italy,45.6156,9.28111,-3,1,Kimi Räikkönen,12,0,0,1
22761,938,815,10,7,6,8.0,53,1,2015,12,14,Italian Grand Prix,2015-09-06,Force India,Indian,Sergio,Pérez,Mexican,Finished,Autodromo Nazionale di Monza,Monza,Italy,45.6156,9.28111,1,1,Sergio Pérez,12,0,0,1
22762,938,807,10,9,7,6.0,52,11,2015,12,14,Italian Grand Prix,2015-09-06,Force India,Indian,Nico,Hülkenberg,German,+1 Lap,Autodromo Nazionale di Monza,Monza,Italy,45.6156,9.28111,2,1,Nico Hülkenberg,12,0,0,1
22763,938,817,9,19,8,4.0,52,11,2015,12,14,Italian Grand Prix,2015-09-06,Red Bull,Austrian,Daniel,Ricciardo,Australian,+1 Lap,Autodromo Nazionale di Monza,Monza,Italy,45.6156,9.28111,11,1,Daniel Ricciardo,12,0,0,1
22764,938,828,15,12,9,2.0,52,11,2015,12,14,Italian Grand Prix,2015-09-06,Sauber,Swiss,Marcus,Ericsson,Swedish,+1 Lap,Autodromo Nazionale di Monza,Monza,Italy,45.6156,9.28111,3,1,Marcus Ericsson,12,0,0,1
22765,938,826,9,18,10,1.0,52,11,2015,12,14,Italian Grand Prix,2015-09-06,Red Bull,Austrian,Daniil,Kvyat,Russian,+1 Lap,Autodromo Nazionale di Monza,Monza,Italy,45.6156,9.28111,8,1,Daniil Kvyat,12,0,0,1
22766,938,832,5,17,11,0.0,52,11,2015,12,14,Italian Grand Prix,2015-09-06,Toro Rosso,Italian,Carlos,Sainz,Spanish,+1 Lap,Autodromo Nazionale di Monza,Monza,Italy,45.6156,9.28111,6,1,Carlos Sainz,12,0,0,0
22767,938,830,5,20,12,0.0,52,11,2015,12,14,Italian Grand Prix,2015-09-06,Toro Rosso,Italian,Max,Verstappen,Dutch,+1 Lap,Autodromo Nazionale di Monza,Monza,Italy,45.6156,9.28111,8,1,Max Verstappen,12,0,0,0
22768,938,831,15,17,13,0.0,52,11,2015,12,14,Italian Grand Prix,2015-09-06,Sauber,Swiss,Felipe,Nasr,Brazilian,+1 Lap,Autodromo Nazionale di Monza,Monza,Italy,45.6156,9.28111,4,1,Felipe Nasr,12,0,0,0
22769,938,18,1,15,14,0.0,52,11,2015,12,14,Italian Grand Prix,2015-09-06,McLaren,British,Jenson,Button,British,+1 Lap,Autodromo Nazionale di Monza,Monza,Italy,45.6156,9.28111,1,1,Jenson Button,12,0,0,0
22770,938,829,209,13,15,0.0,51,12,2015,12,14,Italian Grand Prix,2015-09-06,Manor Marussia,British,Will,Stevens,British,+2 Laps,Autodromo Nazionale di Monza,Monza,Italy,45.6156,9.28111,-2,1,Will Stevens,12,0,0,0
22771,938,833,209,14,16,0.0,51,12,2015,12,14,Italian Grand Prix,2015-09-06,Manor Marussia,British,Roberto,Merhi,Spanish,+2 Laps,Autodromo Nazionale di Monza,Monza,Italy,45.6156,9.28111,-2,1,Roberto Merhi,12,0,0,0
22772,938,3,131,4,17,0.0,50,13,2015,12,14,Italian Grand Prix,2015-09-06,Mercedes,German,Nico,Rosberg,German,+3 Laps,Autodromo Nazionale di Monza,Monza,Italy,45.6156,9.28111,-13,1,Nico Rosberg,12,0,0,0
22773,938,4,1,16,18,0.0,47,16,2015,12,14,Italian Grand Prix,2015-09-06,McLaren,British,Fernando,Alonso,Spanish,+6 Laps,Autodromo Nazionale di Monza,Monza,Italy,45.6156,9.28111,-2,1,Fernando Alonso,12,0,0,0
22774,938,154,208,8,19,0.0,1,130,2015,12,14,Italian Grand Prix,2015-09-06,Lotus F1,British,Romain,Grosjean,French,Collision damage,Autodromo Nazionale di Monza,Monza,Italy,45.6156,9.28111,-11,0,Romain Grosjean,12,0,0,0
22775,938,813,208,10,20,0.0,1,130,2015,12,14,Italian Grand Prix,2015-09-06,Lotus F1,British,Pastor,Maldonado,Venezuelan,Collision damage,Autodromo Nazionale di Monza,Monza,Italy,45.6156,9.28111,-10,0,Pastor Maldonado,12,0,0,0
22776,939,20,6,1,1,25.0,61,1,2015,13,15,Singapore Grand Prix,2015-09-20,Ferrari,Italian,Sebastian,Vettel,German,Finished,Marina Bay Street Circuit,Marina Bay,Singapore,1.2914,103.864,0,1,Sebastian Vettel,13,1,1,1
22777,939,817,9,2,2,18.0,61,1,2015,13,15,Singapore Grand Prix,2015-09-20,Red Bull,Austrian,Daniel,Ricciardo,Australian,Finished,Marina Bay Street Circuit,Marina Bay,Singapore,1.2914,103.864,0,1,Daniel Ricciardo,13,1,0,1
22778,939,8,6,3,3,15.0,61,1,2015,13,15,Singapore Grand Prix,2015-09-20,Ferrari,Italian,Kimi,Räikkönen,Finnish,Finished,Marina Bay Street Circuit,Marina Bay,Singapore,1.2914,103.864,0,1,Kimi Räikkönen,13,1,0,1
22779,939,3,131,6,4,12.0,61,1,2015,13,15,Singapore Grand Prix,2015-09-20,Mercedes,German,Nico,Rosberg,German,Finished,Marina Bay Street Circuit,Marina Bay,Singapore,1.2914,103.864,2,1,Nico Rosberg,13,0,0,1
22780,939,822,3,7,5,10.0,61,1,2015,13,15,Singapore Grand Prix,2015-09-20,Williams,British,Valtteri,Bottas,Finnish,Finished,Marina Bay Street Circuit,Marina Bay,Singapore,1.2914,103.864,2,1,Valtteri Bottas,13,0,0,1
22781,939,826,9,4,6,8.0,61,1,2015,13,15,Singapore Grand Prix,2015-09-20,Red Bull,Austrian,Daniil,Kvyat,Russian,Finished,Marina Bay Street Circuit,Marina Bay,Singapore,1.2914,103.864,-2,1,Daniil Kvyat,13,0,0,1
22782,939,815,10,13,7,6.0,61,1,2015,13,15,Singapore Grand Prix,2015-09-20,Force India,Indian,Sergio,Pérez,Mexican,Finished,Marina Bay Street Circuit,Marina Bay,Singapore,1.2914,103.864,6,1,Sergio Pérez,13,0,0,1
22783,939,830,5,8,8,4.0,61,1,2015,13,15,Singapore Grand Prix,2015-09-20,Toro Rosso,Italian,Max,Verstappen,Dutch,Finished,Marina Bay Street Circuit,Marina Bay,Singapore,1.2914,103.864,0,1,Max Verstappen,13,0,0,1
22784,939,832,5,14,9,2.0,61,1,2015,13,15,Singapore Grand Prix,2015-09-20,Toro Rosso,Italian,Carlos,Sainz,Spanish,Finished,Marina Bay Street Circuit,Marina Bay,Singapore,1.2914,103.864,5,1,Carlos Sainz,13,0,0,1
22785,939,831,15,16,10,1.0,61,1,2015,13,15,Singapore Grand Prix,2015-09-20,Sauber,Swiss,Felipe,Nasr,Brazilian,Finished,Marina Bay Street Circuit,Marina Bay,Singapore,1.2914,103.864,6,1,Felipe Nasr,13,0,0,1
22786,939,828,15,17,11,0.0,61,1,2015,13,15,Singapore Grand Prix,2015-09-20,Sauber,Swiss,Marcus,Ericsson,Swedish,Finished,Marina Bay Street Circuit,Marina Bay,Singapore,1.2914,103.864,6,1,Marcus Ericsson,13,0,0,0
22787,939,813,208,18,12,0.0,61,1,2015,13,15,Singapore Grand Prix,2015-09-20,Lotus F1,British,Pastor,Maldonado,Venezuelan,Finished,Marina Bay Street Circuit,Marina Bay,Singapore,1.2914,103.864,6,1,Pastor Maldonado,13,0,0,0
22788,939,154,208,10,13,0.0,59,27,2015,13,15,Singapore Grand Prix,2015-09-20,Lotus F1,British,Romain,Grosjean,French,Tyre,Marina Bay Street Circuit,Marina Bay,Singapore,1.2914,103.864,-3,0,Romain Grosjean,13,0,0,0
22789,939,834,209,20,14,0.0,59,12,2015,13,15,Singapore Grand Prix,2015-09-20,Manor Marussia,British,Alexander,Rossi,American,+2 Laps,Marina Bay Street Circuit,Marina Bay,Singapore,1.2914,103.864,6,1,Alexander Rossi,13,0,0,0
22790,939,829,209,19,15,0.0,59,12,2015,13,15,Singapore Grand Prix,2015-09-20,Manor Marussia,British,Will,Stevens,British,+2 Laps,Marina Bay Street Circuit,Marina Bay,Singapore,1.2914,103.864,4,1,Will Stevens,13,0,0,0
22791,939,18,1,15,16,0.0,52,6,2015,13,15,Singapore Grand Prix,2015-09-20,McLaren,British,Jenson,Button,British,Gearbox,Marina Bay Street Circuit,Marina Bay,Singapore,1.2914,103.864,-1,0,Jenson Button,13,0,0,0
22792,939,4,1,12,17,0.0,33,6,2015,13,15,Singapore Grand Prix,2015-09-20,McLaren,British,Fernando,Alonso,Spanish,Gearbox,Marina Bay Street Circuit,Marina Bay,Singapore,1.2914,103.864,-5,0,Fernando Alonso,13,0,0,0
22793,939,1,131,5,18,0.0,32,37,2015,13,15,Singapore Grand Prix,2015-09-20,Mercedes,German,Lewis,Hamilton,British,Throttle,Marina Bay Street Circuit,Marina Bay,Singapore,1.2914,103.864,-13,0,Lewis Hamilton,13,0,0,0
22794,939,13,3,9,19,0.0,30,6,2015,13,15,Singapore Grand Prix,2015-09-20,Williams,British,Felipe,Massa,Brazilian,Gearbox,Marina Bay Street Circuit,Marina Bay,Singapore,1.2914,103.864,-10,0,Felipe Massa,13,0,0,0
22795,939,807,10,11,20,0.0,12,4,2015,13,15,Singapore Grand Prix,2015-09-20,Force India,Indian,Nico,Hülkenberg,German,Collision,Marina Bay Street Circuit,Marina Bay,Singapore,1.2914,103.864,-9,0,Nico Hülkenberg,13,0,0,0
22796,940,1,131,2,1,25.0,53,1,2015,14,22,Japanese Grand Prix,2015-09-27,Mercedes,German,Lewis,Hamilton,British,Finished,Suzuka Circuit,Suzuka,Japan,34.8431,136.541,1,1,Lewis Hamilton,14,1,1,1
22797,940,3,131,1,2,18.0,53,1,2015,14,22,Japanese Grand Prix,2015-09-27,Mercedes,German,Nico,Rosberg,German,Finished,Suzuka Circuit,Suzuka,Japan,34.8431,136.541,-1,1,Nico Rosberg,14,1,0,1
22798,940,20,6,4,3,15.0,53,1,2015,14,22,Japanese Grand Prix,2015-09-27,Ferrari,Italian,Sebastian,Vettel,German,Finished,Suzuka Circuit,Suzuka,Japan,34.8431,136.541,1,1,Sebastian Vettel,14,1,0,1
22799,940,8,6,6,4,12.0,53,1,2015,14,22,Japanese Grand Prix,2015-09-27,Ferrari,Italian,Kimi,Räikkönen,Finnish,Finished,Suzuka Circuit,Suzuka,Japan,34.8431,136.541,2,1,Kimi Räikkönen,14,0,0,1
22800,940,822,3,3,5,10.0,53,1,2015,14,22,Japanese Grand Prix,2015-09-27,Williams,British,Valtteri,Bottas,Finnish,Finished,Suzuka Circuit,Suzuka,Japan,34.8431,136.541,-2,1,Valtteri Bottas,14,0,0,1
22801,940,807,10,13,6,8.0,53,1,2015,14,22,Japanese Grand Prix,2015-09-27,Force India,Indian,Nico,Hülkenberg,German,Finished,Suzuka Circuit,Suzuka,Japan,34.8431,136.541,7,1,Nico Hülkenberg,14,0,0,1
22802,940,154,208,8,7,6.0,53,1,2015,14,22,Japanese Grand Prix,2015-09-27,Lotus F1,British,Romain,Grosjean,French,Finished,Suzuka Circuit,Suzuka,Japan,34.8431,136.541,1,1,Romain Grosjean,14,0,0,1
22803,940,813,208,11,8,4.0,53,1,2015,14,22,Japanese Grand Prix,2015-09-27,Lotus F1,British,Pastor,Maldonado,Venezuelan,Finished,Suzuka Circuit,Suzuka,Japan,34.8431,136.541,3,1,Pastor Maldonado,14,0,0,1
22804,940,830,5,17,9,2.0,53,1,2015,14,22,Japanese Grand Prix,2015-09-27,Toro Rosso,Italian,Max,Verstappen,Dutch,Finished,Suzuka Circuit,Suzuka,Japan,34.8431,136.541,8,1,Max Verstappen,14,0,0,1
22805,940,832,5,10,10,1.0,52,11,2015,14,22,Japanese Grand Prix,2015-09-27,Toro Rosso,Italian,Carlos,Sainz,Spanish,+1 Lap,Suzuka Circuit,Suzuka,Japan,34.8431,136.541,0,1,Carlos Sainz,14,0,0,1
22806,940,4,1,12,11,0.0,52,11,2015,14,22,Japanese Grand Prix,2015-09-27,McLaren,British,Fernando,Alonso,Spanish,+1 Lap,Suzuka Circuit,Suzuka,Japan,34.8431,136.541,1,1,Fernando Alonso,14,0,0,0
22807,940,815,10,9,12,0.0,52,11,2015,14,22,Japanese Grand Prix,2015-09-27,Force India,Indian,Sergio,Pérez,Mexican,+1 Lap,Suzuka Circuit,Suzuka,Japan,34.8431,136.541,-3,1,Sergio Pérez,14,0,0,0
22808,940,826,9,20,13,0.0,52,11,2015,14,22,Japanese Grand Prix,2015-09-27,Red Bull,Austrian,Daniil,Kvyat,Russian,+1 Lap,Suzuka Circuit,Suzuka,Japan,34.8431,136.541,7,1,Daniil Kvyat,14,0,0,0
22809,940,828,15,15,14,0.0,52,11,2015,14,22,Japanese Grand Prix,2015-09-27,Sauber,Swiss,Marcus,Ericsson,Swedish,+1 Lap,Suzuka Circuit,Suzuka,Japan,34.8431,136.541,1,1,Marcus Ericsson,14,0,0,0
22810,940,817,9,7,15,0.0,52,11,2015,14,22,Japanese Grand Prix,2015-09-27,Red Bull,Austrian,Daniel,Ricciardo,Australian,+1 Lap,Suzuka Circuit,Suzuka,Japan,34.8431,136.541,-8,1,Daniel Ricciardo,14,0,0,0
22811,940,18,1,14,16,0.0,52,11,2015,14,22,Japanese Grand Prix,2015-09-27,McLaren,British,Jenson,Button,British,+1 Lap,Suzuka Circuit,Suzuka,Japan,34.8431,136.541,-2,1,Jenson Button,14,0,0,0
22812,940,13,3,5,17,0.0,51,12,2015,14,22,Japanese Grand Prix,2015-09-27,Williams,British,Felipe,Massa,Brazilian,+2 Laps,Suzuka Circuit,Suzuka,Japan,34.8431,136.541,-12,1,Felipe Massa,14,0,0,0
22813,940,834,209,19,18,0.0,51,12,2015,14,22,Japanese Grand Prix,2015-09-27,Manor Marussia,British,Alexander,Rossi,American,+2 Laps,Suzuka Circuit,Suzuka,Japan,34.8431,136.541,1,1,Alexander Rossi,14,0,0,0
22814,940,829,209,18,19,0.0,50,13,2015,14,22,Japanese Grand Prix,2015-09-27,Manor Marussia,British,Will,Stevens,British,+3 Laps,Suzuka Circuit,Suzuka,Japan,34.8431,136.541,-1,1,Will Stevens,14,0,0,0
22815,940,831,15,16,20,0.0,49,31,2015,14,22,Japanese Grand Prix,2015-09-27,Sauber,Swiss,Felipe,Nasr,Brazilian,Retired,Suzuka Circuit,Suzuka,Japan,34.8431,136.541,-4,0,Felipe Nasr,14,0,0,0
22816,941,1,131,2,1,25.0,53,1,2015,15,71,Russian Grand Prix,2015-10-11,Mercedes,German,Lewis,Hamilton,British,Finished,Sochi Autodrom,Sochi,Russia,43.4057,39.9578,1,1,Lewis Hamilton,15,1,1,1
22817,941,20,6,4,2,18.0,53,1,2015,15,71,Russian Grand Prix,2015-10-11,Ferrari,Italian,Sebastian,Vettel,German,Finished,Sochi Autodrom,Sochi,Russia,43.4057,39.9578,2,1,Sebastian Vettel,15,1,0,1
22818,941,815,10,7,3,15.0,53,1,2015,15,71,Russian Grand Prix,2015-10-11,Force India,Indian,Sergio,Pérez,Mexican,Finished,Sochi Autodrom,Sochi,Russia,43.4057,39.9578,4,1,Sergio Pérez,15,1,0,1
22819,941,13,3,15,4,12.0,53,1,2015,15,71,Russian Grand Prix,2015-10-11,Williams,British,Felipe,Massa,Brazilian,Finished,Sochi Autodrom,Sochi,Russia,43.4057,39.9578,11,1,Felipe Massa,15,0,0,1
22820,941,8,6,5,8,4.0,53,1,2015,15,71,Russian Grand Prix,2015-10-11,Ferrari,Italian,Kimi,Räikkönen,Finnish,Finished,Sochi Autodrom,Sochi,Russia,43.4057,39.9578,-3,1,Kimi Räikkönen,15,0,0,1
22821,941,831,15,12,6,8.0,53,1,2015,15,71,Russian Grand Prix,2015-10-11,Sauber,Swiss,Felipe,Nasr,Brazilian,Finished,Sochi Autodrom,Sochi,Russia,43.4057,39.9578,6,1,Felipe Nasr,15,0,0,1
22822,941,813,208,14,7,6.0,53,1,2015,15,71,Russian Grand Prix,2015-10-11,Lotus F1,British,Pastor,Maldonado,Venezuelan,Finished,Sochi Autodrom,Sochi,Russia,43.4057,39.9578,7,1,Pastor Maldonado,15,0,0,1
22824,941,18,1,13,9,2.0,53,1,2015,15,71,Russian Grand Prix,2015-10-11,McLaren,British,Jenson,Button,British,Finished,Sochi Autodrom,Sochi,Russia,43.4057,39.9578,4,1,Jenson Button,15,0,0,1
22825,941,830,5,9,10,1.0,53,1,2015,15,71,Russian Grand Prix,2015-10-11,Toro Rosso,Italian,Max,Verstappen,Dutch,Finished,Sochi Autodrom,Sochi,Russia,43.4057,39.9578,-1,1,Max Verstappen,15,0,0,1
22826,941,4,1,19,11,0.0,53,1,2015,15,71,Russian Grand Prix,2015-10-11,McLaren,British,Fernando,Alonso,Spanish,Finished,Sochi Autodrom,Sochi,Russia,43.4057,39.9578,8,1,Fernando Alonso,15,0,0,0
22827,941,822,3,3,12,0.0,52,4,2015,15,71,Russian Grand Prix,2015-10-11,Williams,British,Valtteri,Bottas,Finnish,Collision,Sochi Autodrom,Sochi,Russia,43.4057,39.9578,-9,0,Valtteri Bottas,15,0,0,0
22828,941,833,209,18,13,0.0,52,11,2015,15,71,Russian Grand Prix,2015-10-11,Manor Marussia,British,Roberto,Merhi,Spanish,+1 Lap,Sochi Autodrom,Sochi,Russia,43.4057,39.9578,5,1,Roberto Merhi,15,0,0,0
22829,941,829,209,17,14,0.0,51,12,2015,15,71,Russian Grand Prix,2015-10-11,Manor Marussia,British,Will,Stevens,British,+2 Laps,Sochi Autodrom,Sochi,Russia,43.4057,39.9578,3,1,Will Stevens,15,0,0,0
22830,941,817,9,10,15,0.0,47,22,2015,15,71,Russian Grand Prix,2015-10-11,Red Bull,Austrian,Daniel,Ricciardo,Australian,Suspension,Sochi Autodrom,Sochi,Russia,43.4057,39.9578,-5,0,Daniel Ricciardo,15,0,0,0
22831,941,832,5,20,16,0.0,45,23,2015,15,71,Russian Grand Prix,2015-10-11,Toro Rosso,Italian,Carlos,Sainz,Spanish,Brakes,Sochi Autodrom,Sochi,Russia,43.4057,39.9578,4,0,Carlos Sainz,15,0,0,0
22832,941,154,208,8,17,0.0,11,3,2015,15,71,Russian Grand Prix,2015-10-11,Lotus F1,British,Romain,Grosjean,French,Accident,Sochi Autodrom,Sochi,Russia,43.4057,39.9578,-9,0,Romain Grosjean,15,0,0,0
22833,941,3,131,1,18,0.0,7,37,2015,15,71,Russian Grand Prix,2015-10-11,Mercedes,German,Nico,Rosberg,German,Throttle,Sochi Autodrom,Sochi,Russia,43.4057,39.9578,-17,0,Nico Rosberg,15,0,0,0
22834,941,807,10,6,19,0.0,0,4,2015,15,71,Russian Grand Prix,2015-10-11,Force India,Indian,Nico,Hülkenberg,German,Collision,Sochi Autodrom,Sochi,Russia,43.4057,39.9578,-13,0,Nico Hülkenberg,15,0,0,0
22835,941,828,15,17,20,0.0,0,4,2015,15,71,Russian Grand Prix,2015-10-11,Sauber,Swiss,Marcus,Ericsson,Swedish,Collision,Sochi Autodrom,Sochi,Russia,43.4057,39.9578,-3,0,Marcus Ericsson,15,0,0,0
22837,942,1,131,2,1,25.0,56,1,2015,16,69,United States Grand Prix,2015-10-25,Mercedes,German,Lewis,Hamilton,British,Finished,Circuit of the Americas,Austin,USA,30.1328,-97.6411,1,1,Lewis Hamilton,16,1,1,1
22836,941,826,9,11,5,10.0,53,1,2015,15,71,Russian Grand Prix,2015-10-11,Red Bull,Austrian,Daniil,Kvyat,Russian,Finished,Sochi Autodrom,Sochi,Russia,43.4057,39.9578,6,1,Daniil Kvyat,15,0,0,1
22838,942,3,131,1,2,18.0,56,1,2015,16,69,United States Grand Prix,2015-10-25,Mercedes,German,Nico,Rosberg,German,Finished,Circuit of the Americas,Austin,USA,30.1328,-97.6411,-1,1,Nico Rosberg,16,1,0,1
22839,942,20,6,13,3,15.0,56,1,2015,16,69,United States Grand Prix,2015-10-25,Ferrari,Italian,Sebastian,Vettel,German,Finished,Circuit of the Americas,Austin,USA,30.1328,-97.6411,10,1,Sebastian Vettel,16,1,0,1
22840,942,830,5,8,4,12.0,56,1,2015,16,69,United States Grand Prix,2015-10-25,Toro Rosso,Italian,Max,Verstappen,Dutch,Finished,Circuit of the Americas,Austin,USA,30.1328,-97.6411,4,1,Max Verstappen,16,0,0,1
22841,942,815,10,5,5,10.0,56,1,2015,16,69,United States Grand Prix,2015-10-25,Force India,Indian,Sergio,Pérez,Mexican,Finished,Circuit of the Americas,Austin,USA,30.1328,-97.6411,0,1,Sergio Pérez,16,0,0,1
22842,942,18,1,11,6,8.0,56,1,2015,16,69,United States Grand Prix,2015-10-25,McLaren,British,Jenson,Button,British,Finished,Circuit of the Americas,Austin,USA,30.1328,-97.6411,5,1,Jenson Button,16,0,0,1
22843,942,832,5,20,7,6.0,56,1,2015,16,69,United States Grand Prix,2015-10-25,Toro Rosso,Italian,Carlos,Sainz,Spanish,Finished,Circuit of the Americas,Austin,USA,30.1328,-97.6411,13,1,Carlos Sainz,16,0,0,1
22844,942,813,208,12,8,4.0,56,1,2015,16,69,United States Grand Prix,2015-10-25,Lotus F1,British,Pastor,Maldonado,Venezuelan,Finished,Circuit of the Americas,Austin,USA,30.1328,-97.6411,4,1,Pastor Maldonado,16,0,0,1
22845,942,831,15,15,9,2.0,56,1,2015,16,69,United States Grand Prix,2015-10-25,Sauber,Swiss,Felipe,Nasr,Brazilian,Finished,Circuit of the Americas,Austin,USA,30.1328,-97.6411,6,1,Felipe Nasr,16,0,0,1
22846,942,817,9,3,10,1.0,56,1,2015,16,69,United States Grand Prix,2015-10-25,Red Bull,Austrian,Daniel,Ricciardo,Australian,Finished,Circuit of the Americas,Austin,USA,30.1328,-97.6411,-7,1,Daniel Ricciardo,16,0,0,1
22847,942,4,1,9,11,0.0,56,1,2015,16,69,United States Grand Prix,2015-10-25,McLaren,British,Fernando,Alonso,Spanish,Finished,Circuit of the Americas,Austin,USA,30.1328,-97.6411,-2,1,Fernando Alonso,16,0,0,0
22848,942,834,209,17,12,0.0,56,1,2015,16,69,United States Grand Prix,2015-10-25,Manor Marussia,British,Alexander,Rossi,American,Finished,Circuit of the Americas,Austin,USA,30.1328,-97.6411,5,1,Alexander Rossi,16,0,0,0
22849,942,826,9,4,13,0.0,41,3,2015,16,69,United States Grand Prix,2015-10-25,Red Bull,Austrian,Daniil,Kvyat,Russian,Accident,Circuit of the Americas,Austin,USA,30.1328,-97.6411,-9,0,Daniil Kvyat,16,0,0,0
22850,942,807,10,6,14,0.0,35,3,2015,16,69,United States Grand Prix,2015-10-25,Force India,Indian,Nico,Hülkenberg,German,Accident,Circuit of the Americas,Austin,USA,30.1328,-97.6411,-8,0,Nico Hülkenberg,16,0,0,0
22851,942,828,15,14,15,0.0,25,31,2015,16,69,United States Grand Prix,2015-10-25,Sauber,Swiss,Marcus,Ericsson,Swedish,Retired,Circuit of the Americas,Austin,USA,30.1328,-97.6411,-1,0,Marcus Ericsson,16,0,0,0
22852,942,8,6,18,16,0.0,25,135,2015,16,69,United States Grand Prix,2015-10-25,Ferrari,Italian,Kimi,Räikkönen,Finnish,Brake duct,Circuit of the Americas,Austin,USA,30.1328,-97.6411,2,0,Kimi Räikkönen,16,0,0,0
22853,942,13,3,7,17,0.0,23,31,2015,16,69,United States Grand Prix,2015-10-25,Williams,British,Felipe,Massa,Brazilian,Retired,Circuit of the Americas,Austin,USA,30.1328,-97.6411,-10,0,Felipe Massa,16,0,0,0
22854,942,154,208,10,18,0.0,10,31,2015,16,69,United States Grand Prix,2015-10-25,Lotus F1,British,Romain,Grosjean,French,Retired,Circuit of the Americas,Austin,USA,30.1328,-97.6411,-8,0,Romain Grosjean,16,0,0,0
22855,942,822,3,16,19,0.0,5,31,2015,16,69,United States Grand Prix,2015-10-25,Williams,British,Valtteri,Bottas,Finnish,Retired,Circuit of the Americas,Austin,USA,30.1328,-97.6411,-3,0,Valtteri Bottas,16,0,0,0
22856,942,829,209,19,20,0.0,1,31,2015,16,69,United States Grand Prix,2015-10-25,Manor Marussia,British,Will,Stevens,British,Retired,Circuit of the Americas,Austin,USA,30.1328,-97.6411,-1,0,Will Stevens,16,0,0,0
22857,943,3,131,1,1,25.0,71,1,2015,17,32,Mexican Grand Prix,2015-11-01,Mercedes,German,Nico,Rosberg,German,Finished,Autódromo Hermanos Rodríguez,Mexico City,Mexico,19.4042,-99.0907,0,1,Nico Rosberg,17,1,1,1
22858,943,1,131,2,2,18.0,71,1,2015,17,32,Mexican Grand Prix,2015-11-01,Mercedes,German,Lewis,Hamilton,British,Finished,Autódromo Hermanos Rodríguez,Mexico City,Mexico,19.4042,-99.0907,0,1,Lewis Hamilton,17,1,0,1
22859,943,822,3,6,3,15.0,71,1,2015,17,32,Mexican Grand Prix,2015-11-01,Williams,British,Valtteri,Bottas,Finnish,Finished,Autódromo Hermanos Rodríguez,Mexico City,Mexico,19.4042,-99.0907,3,1,Valtteri Bottas,17,1,0,1
22860,943,826,9,4,4,12.0,71,1,2015,17,32,Mexican Grand Prix,2015-11-01,Red Bull,Austrian,Daniil,Kvyat,Russian,Finished,Autódromo Hermanos Rodríguez,Mexico City,Mexico,19.4042,-99.0907,0,1,Daniil Kvyat,17,0,0,1
22861,943,817,9,5,5,10.0,71,1,2015,17,32,Mexican Grand Prix,2015-11-01,Red Bull,Austrian,Daniel,Ricciardo,Australian,Finished,Autódromo Hermanos Rodríguez,Mexico City,Mexico,19.4042,-99.0907,0,1,Daniel Ricciardo,17,0,0,1
22862,943,13,3,7,6,8.0,71,1,2015,17,32,Mexican Grand Prix,2015-11-01,Williams,British,Felipe,Massa,Brazilian,Finished,Autódromo Hermanos Rodríguez,Mexico City,Mexico,19.4042,-99.0907,1,1,Felipe Massa,17,0,0,1
22863,943,807,10,10,7,6.0,71,1,2015,17,32,Mexican Grand Prix,2015-11-01,Force India,Indian,Nico,Hülkenberg,German,Finished,Autódromo Hermanos Rodríguez,Mexico City,Mexico,19.4042,-99.0907,3,1,Nico Hülkenberg,17,0,0,1
22864,943,815,10,9,8,4.0,71,1,2015,17,32,Mexican Grand Prix,2015-11-01,Force India,Indian,Sergio,Pérez,Mexican,Finished,Autódromo Hermanos Rodríguez,Mexico City,Mexico,19.4042,-99.0907,1,1,Sergio Pérez,17,0,0,1
22865,943,830,5,8,9,2.0,71,1,2015,17,32,Mexican Grand Prix,2015-11-01,Toro Rosso,Italian,Max,Verstappen,Dutch,Finished,Autódromo Hermanos Rodríguez,Mexico City,Mexico,19.4042,-99.0907,-1,1,Max Verstappen,17,0,0,1
22866,943,154,208,12,10,1.0,71,1,2015,17,32,Mexican Grand Prix,2015-11-01,Lotus F1,British,Romain,Grosjean,French,Finished,Autódromo Hermanos Rodríguez,Mexico City,Mexico,19.4042,-99.0907,2,1,Romain Grosjean,17,0,0,1
22867,943,813,208,13,11,0.0,71,1,2015,17,32,Mexican Grand Prix,2015-11-01,Lotus F1,British,Pastor,Maldonado,Venezuelan,Finished,Autódromo Hermanos Rodríguez,Mexico City,Mexico,19.4042,-99.0907,2,1,Pastor Maldonado,17,0,0,0
22868,943,828,15,14,12,0.0,71,1,2015,17,32,Mexican Grand Prix,2015-11-01,Sauber,Swiss,Marcus,Ericsson,Swedish,Finished,Autódromo Hermanos Rodríguez,Mexico City,Mexico,19.4042,-99.0907,2,1,Marcus Ericsson,17,0,0,0
22869,943,832,5,11,13,0.0,71,1,2015,17,32,Mexican Grand Prix,2015-11-01,Toro Rosso,Italian,Carlos,Sainz,Spanish,Finished,Autódromo Hermanos Rodríguez,Mexico City,Mexico,19.4042,-99.0907,-2,1,Carlos Sainz,17,0,0,0
22870,943,18,1,20,14,0.0,71,1,2015,17,32,Mexican Grand Prix,2015-11-01,McLaren,British,Jenson,Button,British,Finished,Autódromo Hermanos Rodríguez,Mexico City,Mexico,19.4042,-99.0907,6,1,Jenson Button,17,0,0,0
22871,943,834,209,16,15,0.0,69,12,2015,17,32,Mexican Grand Prix,2015-11-01,Manor Marussia,British,Alexander,Rossi,American,+2 Laps,Autódromo Hermanos Rodríguez,Mexico City,Mexico,19.4042,-99.0907,1,1,Alexander Rossi,17,0,0,0
22872,943,829,209,17,16,0.0,69,12,2015,17,32,Mexican Grand Prix,2015-11-01,Manor Marussia,British,Will,Stevens,British,+2 Laps,Autódromo Hermanos Rodríguez,Mexico City,Mexico,19.4042,-99.0907,1,1,Will Stevens,17,0,0,0
22873,943,831,15,15,17,0.0,57,23,2015,17,32,Mexican Grand Prix,2015-11-01,Sauber,Swiss,Felipe,Nasr,Brazilian,Brakes,Autódromo Hermanos Rodríguez,Mexico City,Mexico,19.4042,-99.0907,-2,0,Felipe Nasr,17,0,0,0
22874,943,20,6,3,18,0.0,50,3,2015,17,32,Mexican Grand Prix,2015-11-01,Ferrari,Italian,Sebastian,Vettel,German,Accident,Autódromo Hermanos Rodríguez,Mexico City,Mexico,19.4042,-99.0907,-15,0,Sebastian Vettel,17,0,0,0
22875,943,8,6,19,19,0.0,21,4,2015,17,32,Mexican Grand Prix,2015-11-01,Ferrari,Italian,Kimi,Räikkönen,Finnish,Collision,Autódromo Hermanos Rodríguez,Mexico City,Mexico,19.4042,-99.0907,0,0,Kimi Räikkönen,17,0,0,0
22876,943,4,1,18,20,0.0,1,31,2015,17,32,Mexican Grand Prix,2015-11-01,McLaren,British,Fernando,Alonso,Spanish,Retired,Autódromo Hermanos Rodríguez,Mexico City,Mexico,19.4042,-99.0907,-2,0,Fernando Alonso,17,0,0,0
22877,944,3,131,1,1,25.0,71,1,2015,18,18,Brazilian Grand Prix,2015-11-15,Mercedes,German,Nico,Rosberg,German,Finished,Autódromo José Carlos Pace,São Paulo,Brazil,-23.7036,-46.6997,0,1,Nico Rosberg,18,1,1,1
22878,944,1,131,2,2,18.0,71,1,2015,18,18,Brazilian Grand Prix,2015-11-15,Mercedes,German,Lewis,Hamilton,British,Finished,Autódromo José Carlos Pace,São Paulo,Brazil,-23.7036,-46.6997,0,1,Lewis Hamilton,18,1,0,1
22879,944,20,6,3,3,15.0,71,1,2015,18,18,Brazilian Grand Prix,2015-11-15,Ferrari,Italian,Sebastian,Vettel,German,Finished,Autódromo José Carlos Pace,São Paulo,Brazil,-23.7036,-46.6997,0,1,Sebastian Vettel,18,1,0,1
22880,944,8,6,4,4,12.0,71,1,2015,18,18,Brazilian Grand Prix,2015-11-15,Ferrari,Italian,Kimi,Räikkönen,Finnish,Finished,Autódromo José Carlos Pace,São Paulo,Brazil,-23.7036,-46.6997,0,1,Kimi Räikkönen,18,0,0,1
22881,944,822,3,7,5,10.0,70,11,2015,18,18,Brazilian Grand Prix,2015-11-15,Williams,British,Valtteri,Bottas,Finnish,+1 Lap,Autódromo José Carlos Pace,São Paulo,Brazil,-23.7036,-46.6997,2,1,Valtteri Bottas,18,0,0,1
22882,944,807,10,5,6,8.0,70,11,2015,18,18,Brazilian Grand Prix,2015-11-15,Force India,Indian,Nico,Hülkenberg,German,+1 Lap,Autódromo José Carlos Pace,São Paulo,Brazil,-23.7036,-46.6997,-1,1,Nico Hülkenberg,18,0,0,1
22883,944,826,9,6,7,6.0,70,11,2015,18,18,Brazilian Grand Prix,2015-11-15,Red Bull,Austrian,Daniil,Kvyat,Russian,+1 Lap,Autódromo José Carlos Pace,São Paulo,Brazil,-23.7036,-46.6997,-1,1,Daniil Kvyat,18,0,0,1
22884,944,154,208,14,8,4.0,70,11,2015,18,18,Brazilian Grand Prix,2015-11-15,Lotus F1,British,Romain,Grosjean,French,+1 Lap,Autódromo José Carlos Pace,São Paulo,Brazil,-23.7036,-46.6997,6,1,Romain Grosjean,18,0,0,1
22885,944,830,5,9,9,2.0,70,11,2015,18,18,Brazilian Grand Prix,2015-11-15,Toro Rosso,Italian,Max,Verstappen,Dutch,+1 Lap,Autódromo José Carlos Pace,São Paulo,Brazil,-23.7036,-46.6997,0,1,Max Verstappen,18,0,0,1
22886,944,813,208,15,10,1.0,70,11,2015,18,18,Brazilian Grand Prix,2015-11-15,Lotus F1,British,Pastor,Maldonado,Venezuelan,+1 Lap,Autódromo José Carlos Pace,São Paulo,Brazil,-23.7036,-46.6997,5,1,Pastor Maldonado,18,0,0,1
22887,944,817,9,19,11,0.0,70,11,2015,18,18,Brazilian Grand Prix,2015-11-15,Red Bull,Austrian,Daniel,Ricciardo,Australian,+1 Lap,Autódromo José Carlos Pace,São Paulo,Brazil,-23.7036,-46.6997,8,1,Daniel Ricciardo,18,0,0,0
22888,944,815,10,11,12,0.0,70,11,2015,18,18,Brazilian Grand Prix,2015-11-15,Force India,Indian,Sergio,Pérez,Mexican,+1 Lap,Autódromo José Carlos Pace,São Paulo,Brazil,-23.7036,-46.6997,-1,1,Sergio Pérez,18,0,0,0
22889,944,831,15,13,13,0.0,70,11,2015,18,18,Brazilian Grand Prix,2015-11-15,Sauber,Swiss,Felipe,Nasr,Brazilian,+1 Lap,Autódromo José Carlos Pace,São Paulo,Brazil,-23.7036,-46.6997,0,1,Felipe Nasr,18,0,0,0
22890,944,18,1,16,14,0.0,70,11,2015,18,18,Brazilian Grand Prix,2015-11-15,McLaren,British,Jenson,Button,British,+1 Lap,Autódromo José Carlos Pace,São Paulo,Brazil,-23.7036,-46.6997,2,1,Jenson Button,18,0,0,0
22891,944,4,1,20,15,0.0,70,11,2015,18,18,Brazilian Grand Prix,2015-11-15,McLaren,British,Fernando,Alonso,Spanish,+1 Lap,Autódromo José Carlos Pace,São Paulo,Brazil,-23.7036,-46.6997,5,1,Fernando Alonso,18,0,0,0
22892,944,828,15,12,16,0.0,69,12,2015,18,18,Brazilian Grand Prix,2015-11-15,Sauber,Swiss,Marcus,Ericsson,Swedish,+2 Laps,Autódromo José Carlos Pace,São Paulo,Brazil,-23.7036,-46.6997,-4,1,Marcus Ericsson,18,0,0,0
22893,944,829,209,18,17,0.0,67,14,2015,18,18,Brazilian Grand Prix,2015-11-15,Manor Marussia,British,Will,Stevens,British,+4 Laps,Autódromo José Carlos Pace,São Paulo,Brazil,-23.7036,-46.6997,1,1,Will Stevens,18,0,0,0
22894,944,834,209,17,18,0.0,67,14,2015,18,18,Brazilian Grand Prix,2015-11-15,Manor Marussia,British,Alexander,Rossi,American,+4 Laps,Autódromo José Carlos Pace,São Paulo,Brazil,-23.7036,-46.6997,-1,1,Alexander Rossi,18,0,0,0
22895,944,832,5,10,19,0.0,0,31,2015,18,18,Brazilian Grand Prix,2015-11-15,Toro Rosso,Italian,Carlos,Sainz,Spanish,Retired,Autódromo José Carlos Pace,São Paulo,Brazil,-23.7036,-46.6997,-9,0,Carlos Sainz,18,0,0,0
22896,944,13,3,8,20,0.0,70,96,2015,18,18,Brazilian Grand Prix,2015-11-15,Williams,British,Felipe,Massa,Brazilian,Excluded,Autódromo José Carlos Pace,São Paulo,Brazil,-23.7036,-46.6997,-12,0,Felipe Massa,18,0,0,0
22897,945,3,131,1,1,25.0,55,1,2015,19,24,Abu Dhabi Grand Prix,2015-11-29,Mercedes,German,Nico,Rosberg,German,Finished,Yas Marina Circuit,Abu Dhabi,UAE,24.4672,54.6031,0,1,Nico Rosberg,19,1,1,1
22898,945,1,131,2,2,18.0,55,1,2015,19,24,Abu Dhabi Grand Prix,2015-11-29,Mercedes,German,Lewis,Hamilton,British,Finished,Yas Marina Circuit,Abu Dhabi,UAE,24.4672,54.6031,0,1,Lewis Hamilton,19,1,0,1
22899,945,8,6,3,3,15.0,55,1,2015,19,24,Abu Dhabi Grand Prix,2015-11-29,Ferrari,Italian,Kimi,Räikkönen,Finnish,Finished,Yas Marina Circuit,Abu Dhabi,UAE,24.4672,54.6031,0,1,Kimi Räikkönen,19,1,0,1
22900,945,20,6,15,4,12.0,55,1,2015,19,24,Abu Dhabi Grand Prix,2015-11-29,Ferrari,Italian,Sebastian,Vettel,German,Finished,Yas Marina Circuit,Abu Dhabi,UAE,24.4672,54.6031,11,1,Sebastian Vettel,19,0,0,1
22901,945,815,10,4,5,10.0,55,1,2015,19,24,Abu Dhabi Grand Prix,2015-11-29,Force India,Indian,Sergio,Pérez,Mexican,Finished,Yas Marina Circuit,Abu Dhabi,UAE,24.4672,54.6031,-1,1,Sergio Pérez,19,0,0,1
22902,945,817,9,5,6,8.0,55,1,2015,19,24,Abu Dhabi Grand Prix,2015-11-29,Red Bull,Austrian,Daniel,Ricciardo,Australian,Finished,Yas Marina Circuit,Abu Dhabi,UAE,24.4672,54.6031,-1,1,Daniel Ricciardo,19,0,0,1
22903,945,807,10,7,7,6.0,55,1,2015,19,24,Abu Dhabi Grand Prix,2015-11-29,Force India,Indian,Nico,Hülkenberg,German,Finished,Yas Marina Circuit,Abu Dhabi,UAE,24.4672,54.6031,0,1,Nico Hülkenberg,19,0,0,1
22904,945,13,3,8,8,4.0,55,1,2015,19,24,Abu Dhabi Grand Prix,2015-11-29,Williams,British,Felipe,Massa,Brazilian,Finished,Yas Marina Circuit,Abu Dhabi,UAE,24.4672,54.6031,0,1,Felipe Massa,19,0,0,1
22905,945,154,208,18,9,2.0,55,1,2015,19,24,Abu Dhabi Grand Prix,2015-11-29,Lotus F1,British,Romain,Grosjean,French,Finished,Yas Marina Circuit,Abu Dhabi,UAE,24.4672,54.6031,9,1,Romain Grosjean,19,0,0,1
22906,945,826,9,9,10,1.0,55,1,2015,19,24,Abu Dhabi Grand Prix,2015-11-29,Red Bull,Austrian,Daniil,Kvyat,Russian,Finished,Yas Marina Circuit,Abu Dhabi,UAE,24.4672,54.6031,-1,1,Daniil Kvyat,19,0,0,1
22907,945,832,5,10,11,0.0,55,1,2015,19,24,Abu Dhabi Grand Prix,2015-11-29,Toro Rosso,Italian,Carlos,Sainz,Spanish,Finished,Yas Marina Circuit,Abu Dhabi,UAE,24.4672,54.6031,-1,1,Carlos Sainz,19,0,0,0
22908,945,18,1,12,12,0.0,54,11,2015,19,24,Abu Dhabi Grand Prix,2015-11-29,McLaren,British,Jenson,Button,British,+1 Lap,Yas Marina Circuit,Abu Dhabi,UAE,24.4672,54.6031,0,1,Jenson Button,19,0,0,0
22909,945,822,3,6,13,0.0,54,11,2015,19,24,Abu Dhabi Grand Prix,2015-11-29,Williams,British,Valtteri,Bottas,Finnish,+1 Lap,Yas Marina Circuit,Abu Dhabi,UAE,24.4672,54.6031,-7,1,Valtteri Bottas,19,0,0,0
22910,945,828,15,17,14,0.0,54,11,2015,19,24,Abu Dhabi Grand Prix,2015-11-29,Sauber,Swiss,Marcus,Ericsson,Swedish,+1 Lap,Yas Marina Circuit,Abu Dhabi,UAE,24.4672,54.6031,3,1,Marcus Ericsson,19,0,0,0
22911,945,831,15,14,15,0.0,54,11,2015,19,24,Abu Dhabi Grand Prix,2015-11-29,Sauber,Swiss,Felipe,Nasr,Brazilian,+1 Lap,Yas Marina Circuit,Abu Dhabi,UAE,24.4672,54.6031,-1,1,Felipe Nasr,19,0,0,0
22912,945,830,5,11,16,0.0,54,11,2015,19,24,Abu Dhabi Grand Prix,2015-11-29,Toro Rosso,Italian,Max,Verstappen,Dutch,+1 Lap,Yas Marina Circuit,Abu Dhabi,UAE,24.4672,54.6031,-5,1,Max Verstappen,19,0,0,0
22913,945,4,1,16,17,0.0,53,12,2015,19,24,Abu Dhabi Grand Prix,2015-11-29,McLaren,British,Fernando,Alonso,Spanish,+2 Laps,Yas Marina Circuit,Abu Dhabi,UAE,24.4672,54.6031,-1,1,Fernando Alonso,19,0,0,0
22914,945,829,209,19,18,0.0,53,12,2015,19,24,Abu Dhabi Grand Prix,2015-11-29,Manor Marussia,British,Will,Stevens,British,+2 Laps,Yas Marina Circuit,Abu Dhabi,UAE,24.4672,54.6031,1,1,Will Stevens,19,0,0,0
22915,945,833,209,20,19,0.0,52,13,2015,19,24,Abu Dhabi Grand Prix,2015-11-29,Manor Marussia,British,Roberto,Merhi,Spanish,+3 Laps,Yas Marina Circuit,Abu Dhabi,UAE,24.4672,54.6031,1,1,Roberto Merhi,19,0,0,0
22916,945,813,208,13,20,0.0,0,4,2015,19,24,Abu Dhabi Grand Prix,2015-11-29,Lotus F1,British,Pastor,Maldonado,Venezuelan,Collision,Yas Marina Circuit,Abu Dhabi,UAE,24.4672,54.6031,-7,0,Pastor Maldonado,19,0,0,0
22917,948,3,131,2,1,25.0,57,1,2016,1,1,Australian Grand Prix,2016-03-20,Mercedes,German,Nico,Rosberg,German,Finished,Albert Park Grand Prix Circuit,Melbourne,Australia,-37.8497,144.968,1,1,Nico Rosberg,1,1,1,1
22918,948,1,131,1,2,18.0,57,1,2016,1,1,Australian Grand Prix,2016-03-20,Mercedes,German,Lewis,Hamilton,British,Finished,Albert Park Grand Prix Circuit,Melbourne,Australia,-37.8497,144.968,-1,1,Lewis Hamilton,1,1,0,1
22919,948,20,6,3,3,15.0,57,1,2016,1,1,Australian Grand Prix,2016-03-20,Ferrari,Italian,Sebastian,Vettel,German,Finished,Albert Park Grand Prix Circuit,Melbourne,Australia,-37.8497,144.968,0,1,Sebastian Vettel,1,1,0,1
22920,948,817,9,8,4,12.0,57,1,2016,1,1,Australian Grand Prix,2016-03-20,Red Bull,Austrian,Daniel,Ricciardo,Australian,Finished,Albert Park Grand Prix Circuit,Melbourne,Australia,-37.8497,144.968,4,1,Daniel Ricciardo,1,0,0,1
22921,948,13,3,6,5,10.0,57,1,2016,1,1,Australian Grand Prix,2016-03-20,Williams,British,Felipe,Massa,Brazilian,Finished,Albert Park Grand Prix Circuit,Melbourne,Australia,-37.8497,144.968,1,1,Felipe Massa,1,0,0,1
22922,948,154,210,19,6,8.0,57,1,2016,1,1,Australian Grand Prix,2016-03-20,Haas F1 Team,American,Romain,Grosjean,French,Finished,Albert Park Grand Prix Circuit,Melbourne,Australia,-37.8497,144.968,13,1,Romain Grosjean,1,0,0,1
22923,948,807,10,10,7,6.0,57,1,2016,1,1,Australian Grand Prix,2016-03-20,Force India,Indian,Nico,Hülkenberg,German,Finished,Albert Park Grand Prix Circuit,Melbourne,Australia,-37.8497,144.968,3,1,Nico Hülkenberg,1,0,0,1
22924,948,822,3,16,8,4.0,57,1,2016,1,1,Australian Grand Prix,2016-03-20,Williams,British,Valtteri,Bottas,Finnish,Finished,Albert Park Grand Prix Circuit,Melbourne,Australia,-37.8497,144.968,8,1,Valtteri Bottas,1,0,0,1
22925,948,832,5,7,9,2.0,57,1,2016,1,1,Australian Grand Prix,2016-03-20,Toro Rosso,Italian,Carlos,Sainz,Spanish,Finished,Albert Park Grand Prix Circuit,Melbourne,Australia,-37.8497,144.968,-2,1,Carlos Sainz,1,0,0,1
22926,948,830,5,5,10,1.0,57,1,2016,1,1,Australian Grand Prix,2016-03-20,Toro Rosso,Italian,Max,Verstappen,Dutch,Finished,Albert Park Grand Prix Circuit,Melbourne,Australia,-37.8497,144.968,-5,1,Max Verstappen,1,0,0,1
22927,948,835,4,13,11,0.0,57,1,2016,1,1,Australian Grand Prix,2016-03-20,Renault,French,Jolyon,Palmer,British,Finished,Albert Park Grand Prix Circuit,Melbourne,Australia,-37.8497,144.968,2,1,Jolyon Palmer,1,0,0,0
22928,948,825,4,14,12,0.0,57,1,2016,1,1,Australian Grand Prix,2016-03-20,Renault,French,Kevin,Magnussen,Danish,Finished,Albert Park Grand Prix Circuit,Melbourne,Australia,-37.8497,144.968,2,1,Kevin Magnussen,1,0,0,0
22929,948,815,10,9,13,0.0,57,1,2016,1,1,Australian Grand Prix,2016-03-20,Force India,Indian,Sergio,Pérez,Mexican,Finished,Albert Park Grand Prix Circuit,Melbourne,Australia,-37.8497,144.968,-4,1,Sergio Pérez,1,0,0,0
22930,948,18,1,12,14,0.0,56,11,2016,1,1,Australian Grand Prix,2016-03-20,McLaren,British,Jenson,Button,British,+1 Lap,Albert Park Grand Prix Circuit,Melbourne,Australia,-37.8497,144.968,-2,1,Jenson Button,1,0,0,0
22931,948,831,15,17,15,0.0,56,11,2016,1,1,Australian Grand Prix,2016-03-20,Sauber,Swiss,Felipe,Nasr,Brazilian,+1 Lap,Albert Park Grand Prix Circuit,Melbourne,Australia,-37.8497,144.968,2,1,Felipe Nasr,1,0,0,0
22932,948,836,209,21,16,0.0,56,11,2016,1,1,Australian Grand Prix,2016-03-20,Manor Marussia,British,Pascal,Wehrlein,German,+1 Lap,Albert Park Grand Prix Circuit,Melbourne,Australia,-37.8497,144.968,5,1,Pascal Wehrlein,1,0,0,0
22933,948,828,15,15,17,0.0,38,5,2016,1,1,Australian Grand Prix,2016-03-20,Sauber,Swiss,Marcus,Ericsson,Swedish,Engine,Albert Park Grand Prix Circuit,Melbourne,Australia,-37.8497,144.968,-2,0,Marcus Ericsson,1,0,0,0
22934,948,8,6,4,18,0.0,21,5,2016,1,1,Australian Grand Prix,2016-03-20,Ferrari,Italian,Kimi,Räikkönen,Finnish,Engine,Albert Park Grand Prix Circuit,Melbourne,Australia,-37.8497,144.968,-14,0,Kimi Räikkönen,1,0,0,0
22935,948,837,209,22,19,0.0,17,26,2016,1,1,Australian Grand Prix,2016-03-20,Manor Marussia,British,Rio,Haryanto,Indonesian,Mechanical,Albert Park Grand Prix Circuit,Melbourne,Australia,-37.8497,144.968,3,0,Rio Haryanto,1,0,0,0
22936,948,821,210,20,20,0.0,16,4,2016,1,1,Australian Grand Prix,2016-03-20,Haas F1 Team,American,Esteban,Gutiérrez,Mexican,Collision,Albert Park Grand Prix Circuit,Melbourne,Australia,-37.8497,144.968,0,0,Esteban Gutiérrez,1,0,0,0
22937,948,4,1,11,21,0.0,16,4,2016,1,1,Australian Grand Prix,2016-03-20,McLaren,British,Fernando,Alonso,Spanish,Collision,Albert Park Grand Prix Circuit,Melbourne,Australia,-37.8497,144.968,-10,0,Fernando Alonso,1,0,0,0
22938,948,826,9,18,22,0.0,0,31,2016,1,1,Australian Grand Prix,2016-03-20,Red Bull,Austrian,Daniil,Kvyat,Russian,Retired,Albert Park Grand Prix Circuit,Melbourne,Australia,-37.8497,144.968,-4,0,Daniil Kvyat,1,0,0,0
22939,949,3,131,2,1,25.0,57,1,2016,2,3,Bahrain Grand Prix,2016-04-03,Mercedes,German,Nico,Rosberg,German,Finished,Bahrain International Circuit,Sakhir,Bahrain,26.0325,50.5106,1,1,Nico Rosberg,2,1,1,1
22940,949,8,6,4,2,18.0,57,1,2016,2,3,Bahrain Grand Prix,2016-04-03,Ferrari,Italian,Kimi,Räikkönen,Finnish,Finished,Bahrain International Circuit,Sakhir,Bahrain,26.0325,50.5106,2,1,Kimi Räikkönen,2,1,0,1
22941,949,1,131,1,3,15.0,57,1,2016,2,3,Bahrain Grand Prix,2016-04-03,Mercedes,German,Lewis,Hamilton,British,Finished,Bahrain International Circuit,Sakhir,Bahrain,26.0325,50.5106,-2,1,Lewis Hamilton,2,1,0,1
22942,949,817,9,5,4,12.0,57,1,2016,2,3,Bahrain Grand Prix,2016-04-03,Red Bull,Austrian,Daniel,Ricciardo,Australian,Finished,Bahrain International Circuit,Sakhir,Bahrain,26.0325,50.5106,1,1,Daniel Ricciardo,2,0,0,1
22943,949,154,210,9,5,10.0,57,1,2016,2,3,Bahrain Grand Prix,2016-04-03,Haas F1 Team,American,Romain,Grosjean,French,Finished,Bahrain International Circuit,Sakhir,Bahrain,26.0325,50.5106,4,1,Romain Grosjean,2,0,0,1
22944,949,830,5,10,6,8.0,57,1,2016,2,3,Bahrain Grand Prix,2016-04-03,Toro Rosso,Italian,Max,Verstappen,Dutch,Finished,Bahrain International Circuit,Sakhir,Bahrain,26.0325,50.5106,4,1,Max Verstappen,2,0,0,1
22945,949,826,9,15,7,6.0,56,11,2016,2,3,Bahrain Grand Prix,2016-04-03,Red Bull,Austrian,Daniil,Kvyat,Russian,+1 Lap,Bahrain International Circuit,Sakhir,Bahrain,26.0325,50.5106,8,1,Daniil Kvyat,2,0,0,1
22946,949,13,3,7,8,4.0,56,11,2016,2,3,Bahrain Grand Prix,2016-04-03,Williams,British,Felipe,Massa,Brazilian,+1 Lap,Bahrain International Circuit,Sakhir,Bahrain,26.0325,50.5106,-1,1,Felipe Massa,2,0,0,1
22947,949,822,3,6,9,2.0,56,11,2016,2,3,Bahrain Grand Prix,2016-04-03,Williams,British,Valtteri,Bottas,Finnish,+1 Lap,Bahrain International Circuit,Sakhir,Bahrain,26.0325,50.5106,-3,1,Valtteri Bottas,2,0,0,1
22948,949,838,1,12,10,1.0,56,11,2016,2,3,Bahrain Grand Prix,2016-04-03,McLaren,British,Stoffel,Vandoorne,Belgian,+1 Lap,Bahrain International Circuit,Sakhir,Bahrain,26.0325,50.5106,2,1,Stoffel Vandoorne,2,0,0,1
22949,949,825,4,22,11,0.0,56,11,2016,2,3,Bahrain Grand Prix,2016-04-03,Renault,French,Kevin,Magnussen,Danish,+1 Lap,Bahrain International Circuit,Sakhir,Bahrain,26.0325,50.5106,11,1,Kevin Magnussen,2,0,0,0
22950,949,828,15,17,12,0.0,56,11,2016,2,3,Bahrain Grand Prix,2016-04-03,Sauber,Swiss,Marcus,Ericsson,Swedish,+1 Lap,Bahrain International Circuit,Sakhir,Bahrain,26.0325,50.5106,5,1,Marcus Ericsson,2,0,0,0
22951,949,836,209,16,13,0.0,56,11,2016,2,3,Bahrain Grand Prix,2016-04-03,Manor Marussia,British,Pascal,Wehrlein,German,+1 Lap,Bahrain International Circuit,Sakhir,Bahrain,26.0325,50.5106,3,1,Pascal Wehrlein,2,0,0,0
22952,949,831,15,21,14,0.0,56,11,2016,2,3,Bahrain Grand Prix,2016-04-03,Sauber,Swiss,Felipe,Nasr,Brazilian,+1 Lap,Bahrain International Circuit,Sakhir,Bahrain,26.0325,50.5106,7,1,Felipe Nasr,2,0,0,0
22953,949,807,10,8,15,0.0,56,11,2016,2,3,Bahrain Grand Prix,2016-04-03,Force India,Indian,Nico,Hülkenberg,German,+1 Lap,Bahrain International Circuit,Sakhir,Bahrain,26.0325,50.5106,-7,1,Nico Hülkenberg,2,0,0,0
22954,949,815,10,18,16,0.0,56,11,2016,2,3,Bahrain Grand Prix,2016-04-03,Force India,Indian,Sergio,Pérez,Mexican,+1 Lap,Bahrain International Circuit,Sakhir,Bahrain,26.0325,50.5106,2,1,Sergio Pérez,2,0,0,0
22955,949,837,209,20,17,0.0,56,11,2016,2,3,Bahrain Grand Prix,2016-04-03,Manor Marussia,British,Rio,Haryanto,Indonesian,+1 Lap,Bahrain International Circuit,Sakhir,Bahrain,26.0325,50.5106,3,1,Rio Haryanto,2,0,0,0
22956,949,832,5,11,18,0.0,29,31,2016,2,3,Bahrain Grand Prix,2016-04-03,Toro Rosso,Italian,Carlos,Sainz,Spanish,Retired,Bahrain International Circuit,Sakhir,Bahrain,26.0325,50.5106,-7,0,Carlos Sainz,2,0,0,0
22957,949,821,210,13,19,0.0,9,31,2016,2,3,Bahrain Grand Prix,2016-04-03,Haas F1 Team,American,Esteban,Gutiérrez,Mexican,Retired,Bahrain International Circuit,Sakhir,Bahrain,26.0325,50.5106,-6,0,Esteban Gutiérrez,2,0,0,0
22958,949,18,1,14,20,0.0,6,131,2016,2,3,Bahrain Grand Prix,2016-04-03,McLaren,British,Jenson,Button,British,Power Unit,Bahrain International Circuit,Sakhir,Bahrain,26.0325,50.5106,-6,0,Jenson Button,2,0,0,0
22959,949,20,6,3,21,0.0,0,5,2016,2,3,Bahrain Grand Prix,2016-04-03,Ferrari,Italian,Sebastian,Vettel,German,Engine,Bahrain International Circuit,Sakhir,Bahrain,26.0325,50.5106,-18,0,Sebastian Vettel,2,0,0,0
22960,949,835,4,19,22,0.0,0,9,2016,2,3,Bahrain Grand Prix,2016-04-03,Renault,French,Jolyon,Palmer,British,Hydraulics,Bahrain International Circuit,Sakhir,Bahrain,26.0325,50.5106,-3,0,Jolyon Palmer,2,0,0,0
22961,950,3,131,1,1,25.0,56,1,2016,3,17,Chinese Grand Prix,2016-04-17,Mercedes,German,Nico,Rosberg,German,Finished,Shanghai International Circuit,Shanghai,China,31.3389,121.22,0,1,Nico Rosberg,3,1,1,1
22962,950,20,6,4,2,18.0,56,1,2016,3,17,Chinese Grand Prix,2016-04-17,Ferrari,Italian,Sebastian,Vettel,German,Finished,Shanghai International Circuit,Shanghai,China,31.3389,121.22,2,1,Sebastian Vettel,3,1,0,1
22963,950,826,9,6,3,15.0,56,1,2016,3,17,Chinese Grand Prix,2016-04-17,Red Bull,Austrian,Daniil,Kvyat,Russian,Finished,Shanghai International Circuit,Shanghai,China,31.3389,121.22,3,1,Daniil Kvyat,3,1,0,1
22964,950,817,9,2,4,12.0,56,1,2016,3,17,Chinese Grand Prix,2016-04-17,Red Bull,Austrian,Daniel,Ricciardo,Australian,Finished,Shanghai International Circuit,Shanghai,China,31.3389,121.22,-2,1,Daniel Ricciardo,3,0,0,1
22965,950,8,6,3,5,10.0,56,1,2016,3,17,Chinese Grand Prix,2016-04-17,Ferrari,Italian,Kimi,Räikkönen,Finnish,Finished,Shanghai International Circuit,Shanghai,China,31.3389,121.22,-2,1,Kimi Räikkönen,3,0,0,1
22966,950,13,3,10,6,8.0,56,1,2016,3,17,Chinese Grand Prix,2016-04-17,Williams,British,Felipe,Massa,Brazilian,Finished,Shanghai International Circuit,Shanghai,China,31.3389,121.22,4,1,Felipe Massa,3,0,0,1
22967,950,1,131,22,7,6.0,56,1,2016,3,17,Chinese Grand Prix,2016-04-17,Mercedes,German,Lewis,Hamilton,British,Finished,Shanghai International Circuit,Shanghai,China,31.3389,121.22,15,1,Lewis Hamilton,3,0,0,1
22968,950,830,5,9,8,4.0,56,1,2016,3,17,Chinese Grand Prix,2016-04-17,Toro Rosso,Italian,Max,Verstappen,Dutch,Finished,Shanghai International Circuit,Shanghai,China,31.3389,121.22,1,1,Max Verstappen,3,0,0,1
22969,950,832,5,8,9,2.0,56,1,2016,3,17,Chinese Grand Prix,2016-04-17,Toro Rosso,Italian,Carlos,Sainz,Spanish,Finished,Shanghai International Circuit,Shanghai,China,31.3389,121.22,-1,1,Carlos Sainz,3,0,0,1
22970,950,822,3,5,10,1.0,56,1,2016,3,17,Chinese Grand Prix,2016-04-17,Williams,British,Valtteri,Bottas,Finnish,Finished,Shanghai International Circuit,Shanghai,China,31.3389,121.22,-5,1,Valtteri Bottas,3,0,0,1
22971,950,815,10,7,11,0.0,56,1,2016,3,17,Chinese Grand Prix,2016-04-17,Force India,Indian,Sergio,Pérez,Mexican,Finished,Shanghai International Circuit,Shanghai,China,31.3389,121.22,-4,1,Sergio Pérez,3,0,0,0
22972,950,4,1,11,12,0.0,56,1,2016,3,17,Chinese Grand Prix,2016-04-17,McLaren,British,Fernando,Alonso,Spanish,Finished,Shanghai International Circuit,Shanghai,China,31.3389,121.22,-1,1,Fernando Alonso,3,0,0,0
22973,950,18,1,12,13,0.0,56,1,2016,3,17,Chinese Grand Prix,2016-04-17,McLaren,British,Jenson,Button,British,Finished,Shanghai International Circuit,Shanghai,China,31.3389,121.22,-1,1,Jenson Button,3,0,0,0
22974,950,821,210,18,14,0.0,55,11,2016,3,17,Chinese Grand Prix,2016-04-17,Haas F1 Team,American,Esteban,Gutiérrez,Mexican,+1 Lap,Shanghai International Circuit,Shanghai,China,31.3389,121.22,4,1,Esteban Gutiérrez,3,0,0,0
22975,950,807,10,13,15,0.0,55,11,2016,3,17,Chinese Grand Prix,2016-04-17,Force India,Indian,Nico,Hülkenberg,German,+1 Lap,Shanghai International Circuit,Shanghai,China,31.3389,121.22,-2,1,Nico Hülkenberg,3,0,0,0
22976,950,828,15,15,16,0.0,55,11,2016,3,17,Chinese Grand Prix,2016-04-17,Sauber,Swiss,Marcus,Ericsson,Swedish,+1 Lap,Shanghai International Circuit,Shanghai,China,31.3389,121.22,-1,1,Marcus Ericsson,3,0,0,0
22977,950,825,4,17,17,0.0,55,11,2016,3,17,Chinese Grand Prix,2016-04-17,Renault,French,Kevin,Magnussen,Danish,+1 Lap,Shanghai International Circuit,Shanghai,China,31.3389,121.22,0,1,Kevin Magnussen,3,0,0,0
22978,950,836,209,21,18,0.0,55,11,2016,3,17,Chinese Grand Prix,2016-04-17,Manor Marussia,British,Pascal,Wehrlein,German,+1 Lap,Shanghai International Circuit,Shanghai,China,31.3389,121.22,3,1,Pascal Wehrlein,3,0,0,0
22979,950,154,210,14,19,0.0,55,11,2016,3,17,Chinese Grand Prix,2016-04-17,Haas F1 Team,American,Romain,Grosjean,French,+1 Lap,Shanghai International Circuit,Shanghai,China,31.3389,121.22,-5,1,Romain Grosjean,3,0,0,0
22980,950,831,15,16,20,0.0,55,11,2016,3,17,Chinese Grand Prix,2016-04-17,Sauber,Swiss,Felipe,Nasr,Brazilian,+1 Lap,Shanghai International Circuit,Shanghai,China,31.3389,121.22,-4,1,Felipe Nasr,3,0,0,0
22981,950,837,209,20,21,0.0,55,11,2016,3,17,Chinese Grand Prix,2016-04-17,Manor Marussia,British,Rio,Haryanto,Indonesian,+1 Lap,Shanghai International Circuit,Shanghai,China,31.3389,121.22,-1,1,Rio Haryanto,3,0,0,0
22982,950,835,4,19,22,0.0,55,11,2016,3,17,Chinese Grand Prix,2016-04-17,Renault,French,Jolyon,Palmer,British,+1 Lap,Shanghai International Circuit,Shanghai,China,31.3389,121.22,-3,1,Jolyon Palmer,3,0,0,0
22983,951,3,131,1,1,25.0,53,1,2016,4,71,Russian Grand Prix,2016-05-01,Mercedes,German,Nico,Rosberg,German,Finished,Sochi Autodrom,Sochi,Russia,43.4057,39.9578,0,1,Nico Rosberg,4,1,1,1
22984,951,1,131,10,2,18.0,53,1,2016,4,71,Russian Grand Prix,2016-05-01,Mercedes,German,Lewis,Hamilton,British,Finished,Sochi Autodrom,Sochi,Russia,43.4057,39.9578,8,1,Lewis Hamilton,4,1,0,1
22985,951,8,6,3,3,15.0,53,1,2016,4,71,Russian Grand Prix,2016-05-01,Ferrari,Italian,Kimi,Räikkönen,Finnish,Finished,Sochi Autodrom,Sochi,Russia,43.4057,39.9578,0,1,Kimi Räikkönen,4,1,0,1
22986,951,822,3,2,4,12.0,53,1,2016,4,71,Russian Grand Prix,2016-05-01,Williams,British,Valtteri,Bottas,Finnish,Finished,Sochi Autodrom,Sochi,Russia,43.4057,39.9578,-2,1,Valtteri Bottas,4,0,0,1
22987,951,13,3,4,5,10.0,53,1,2016,4,71,Russian Grand Prix,2016-05-01,Williams,British,Felipe,Massa,Brazilian,Finished,Sochi Autodrom,Sochi,Russia,43.4057,39.9578,-1,1,Felipe Massa,4,0,0,1
22988,951,4,1,14,6,8.0,52,11,2016,4,71,Russian Grand Prix,2016-05-01,McLaren,British,Fernando,Alonso,Spanish,+1 Lap,Sochi Autodrom,Sochi,Russia,43.4057,39.9578,8,1,Fernando Alonso,4,0,0,1
22989,951,825,4,17,7,6.0,52,11,2016,4,71,Russian Grand Prix,2016-05-01,Renault,French,Kevin,Magnussen,Danish,+1 Lap,Sochi Autodrom,Sochi,Russia,43.4057,39.9578,10,1,Kevin Magnussen,4,0,0,1
22990,951,154,210,15,8,4.0,52,11,2016,4,71,Russian Grand Prix,2016-05-01,Haas F1 Team,American,Romain,Grosjean,French,+1 Lap,Sochi Autodrom,Sochi,Russia,43.4057,39.9578,7,1,Romain Grosjean,4,0,0,1
22991,951,815,10,6,9,2.0,52,11,2016,4,71,Russian Grand Prix,2016-05-01,Force India,Indian,Sergio,Pérez,Mexican,+1 Lap,Sochi Autodrom,Sochi,Russia,43.4057,39.9578,-3,1,Sergio Pérez,4,0,0,1
22992,951,18,1,12,10,1.0,52,11,2016,4,71,Russian Grand Prix,2016-05-01,McLaren,British,Jenson,Button,British,+1 Lap,Sochi Autodrom,Sochi,Russia,43.4057,39.9578,2,1,Jenson Button,4,0,0,1
22993,951,817,9,5,11,0.0,52,11,2016,4,71,Russian Grand Prix,2016-05-01,Red Bull,Austrian,Daniel,Ricciardo,Australian,+1 Lap,Sochi Autodrom,Sochi,Russia,43.4057,39.9578,-6,1,Daniel Ricciardo,4,0,0,0
22994,951,832,5,11,12,0.0,52,11,2016,4,71,Russian Grand Prix,2016-05-01,Toro Rosso,Italian,Carlos,Sainz,Spanish,+1 Lap,Sochi Autodrom,Sochi,Russia,43.4057,39.9578,-1,1,Carlos Sainz,4,0,0,0
22995,951,835,4,18,13,0.0,52,11,2016,4,71,Russian Grand Prix,2016-05-01,Renault,French,Jolyon,Palmer,British,+1 Lap,Sochi Autodrom,Sochi,Russia,43.4057,39.9578,5,1,Jolyon Palmer,4,0,0,0
22996,951,828,15,22,14,0.0,52,11,2016,4,71,Russian Grand Prix,2016-05-01,Sauber,Swiss,Marcus,Ericsson,Swedish,+1 Lap,Sochi Autodrom,Sochi,Russia,43.4057,39.9578,8,1,Marcus Ericsson,4,0,0,0
22997,951,826,9,8,15,0.0,52,11,2016,4,71,Russian Grand Prix,2016-05-01,Red Bull,Austrian,Daniil,Kvyat,Russian,+1 Lap,Sochi Autodrom,Sochi,Russia,43.4057,39.9578,-7,1,Daniil Kvyat,4,0,0,0
22998,951,831,15,19,16,0.0,52,11,2016,4,71,Russian Grand Prix,2016-05-01,Sauber,Swiss,Felipe,Nasr,Brazilian,+1 Lap,Sochi Autodrom,Sochi,Russia,43.4057,39.9578,3,1,Felipe Nasr,4,0,0,0
22999,951,821,210,16,17,0.0,52,11,2016,4,71,Russian Grand Prix,2016-05-01,Haas F1 Team,American,Esteban,Gutiérrez,Mexican,+1 Lap,Sochi Autodrom,Sochi,Russia,43.4057,39.9578,-1,1,Esteban Gutiérrez,4,0,0,0
23000,951,836,209,20,18,0.0,51,12,2016,4,71,Russian Grand Prix,2016-05-01,Manor Marussia,British,Pascal,Wehrlein,German,+2 Laps,Sochi Autodrom,Sochi,Russia,43.4057,39.9578,2,1,Pascal Wehrlein,4,0,0,0
23001,951,830,5,9,19,0.0,33,131,2016,4,71,Russian Grand Prix,2016-05-01,Toro Rosso,Italian,Max,Verstappen,Dutch,Power Unit,Sochi Autodrom,Sochi,Russia,43.4057,39.9578,-10,0,Max Verstappen,4,0,0,0
23002,951,20,6,7,20,0.0,0,4,2016,4,71,Russian Grand Prix,2016-05-01,Ferrari,Italian,Sebastian,Vettel,German,Collision,Sochi Autodrom,Sochi,Russia,43.4057,39.9578,-13,0,Sebastian Vettel,4,0,0,0
23003,951,807,10,13,21,0.0,0,4,2016,4,71,Russian Grand Prix,2016-05-01,Force India,Indian,Nico,Hülkenberg,German,Collision,Sochi Autodrom,Sochi,Russia,43.4057,39.9578,-8,0,Nico Hülkenberg,4,0,0,0
23004,951,837,209,21,22,0.0,0,4,2016,4,71,Russian Grand Prix,2016-05-01,Manor Marussia,British,Rio,Haryanto,Indonesian,Collision,Sochi Autodrom,Sochi,Russia,43.4057,39.9578,-1,0,Rio Haryanto,4,0,0,0
23005,952,830,9,4,1,25.0,66,1,2016,5,4,Spanish Grand Prix,2016-05-15,Red Bull,Austrian,Max,Verstappen,Dutch,Finished,Circuit de Barcelona-Catalunya,Montmeló,Spain,41.57,2.26111,3,1,Max Verstappen,5,1,1,1
23006,952,8,6,5,2,18.0,66,1,2016,5,4,Spanish Grand Prix,2016-05-15,Ferrari,Italian,Kimi,Räikkönen,Finnish,Finished,Circuit de Barcelona-Catalunya,Montmeló,Spain,41.57,2.26111,3,1,Kimi Räikkönen,5,1,0,1
23007,952,20,6,6,3,15.0,66,1,2016,5,4,Spanish Grand Prix,2016-05-15,Ferrari,Italian,Sebastian,Vettel,German,Finished,Circuit de Barcelona-Catalunya,Montmeló,Spain,41.57,2.26111,3,1,Sebastian Vettel,5,1,0,1
23008,952,817,9,3,4,12.0,66,1,2016,5,4,Spanish Grand Prix,2016-05-15,Red Bull,Austrian,Daniel,Ricciardo,Australian,Finished,Circuit de Barcelona-Catalunya,Montmeló,Spain,41.57,2.26111,-1,1,Daniel Ricciardo,5,0,0,1
23009,952,822,3,7,5,10.0,66,1,2016,5,4,Spanish Grand Prix,2016-05-15,Williams,British,Valtteri,Bottas,Finnish,Finished,Circuit de Barcelona-Catalunya,Montmeló,Spain,41.57,2.26111,2,1,Valtteri Bottas,5,0,0,1
23010,952,832,5,8,6,8.0,66,1,2016,5,4,Spanish Grand Prix,2016-05-15,Toro Rosso,Italian,Carlos,Sainz,Spanish,Finished,Circuit de Barcelona-Catalunya,Montmeló,Spain,41.57,2.26111,2,1,Carlos Sainz,5,0,0,1
23011,952,815,10,9,7,6.0,66,1,2016,5,4,Spanish Grand Prix,2016-05-15,Force India,Indian,Sergio,Pérez,Mexican,Finished,Circuit de Barcelona-Catalunya,Montmeló,Spain,41.57,2.26111,2,1,Sergio Pérez,5,0,0,1
23012,952,13,3,18,8,4.0,66,1,2016,5,4,Spanish Grand Prix,2016-05-15,Williams,British,Felipe,Massa,Brazilian,Finished,Circuit de Barcelona-Catalunya,Montmeló,Spain,41.57,2.26111,10,1,Felipe Massa,5,0,0,1
23013,952,18,1,12,9,2.0,65,11,2016,5,4,Spanish Grand Prix,2016-05-15,McLaren,British,Jenson,Button,British,+1 Lap,Circuit de Barcelona-Catalunya,Montmeló,Spain,41.57,2.26111,3,1,Jenson Button,5,0,0,1
23014,952,826,5,13,10,1.0,65,11,2016,5,4,Spanish Grand Prix,2016-05-15,Toro Rosso,Italian,Daniil,Kvyat,Russian,+1 Lap,Circuit de Barcelona-Catalunya,Montmeló,Spain,41.57,2.26111,3,1,Daniil Kvyat,5,0,0,1
23015,952,821,210,16,11,0.0,65,11,2016,5,4,Spanish Grand Prix,2016-05-15,Haas F1 Team,American,Esteban,Gutiérrez,Mexican,+1 Lap,Circuit de Barcelona-Catalunya,Montmeló,Spain,41.57,2.26111,5,1,Esteban Gutiérrez,5,0,0,0
23016,952,828,15,19,12,0.0,65,11,2016,5,4,Spanish Grand Prix,2016-05-15,Sauber,Swiss,Marcus,Ericsson,Swedish,+1 Lap,Circuit de Barcelona-Catalunya,Montmeló,Spain,41.57,2.26111,7,1,Marcus Ericsson,5,0,0,0
23017,952,835,4,17,13,0.0,65,11,2016,5,4,Spanish Grand Prix,2016-05-15,Renault,French,Jolyon,Palmer,British,+1 Lap,Circuit de Barcelona-Catalunya,Montmeló,Spain,41.57,2.26111,4,1,Jolyon Palmer,5,0,0,0
23018,952,825,4,15,14,0.0,65,11,2016,5,4,Spanish Grand Prix,2016-05-15,Renault,French,Kevin,Magnussen,Danish,+1 Lap,Circuit de Barcelona-Catalunya,Montmeló,Spain,41.57,2.26111,1,1,Kevin Magnussen,5,0,0,0
23019,952,831,15,20,15,0.0,65,11,2016,5,4,Spanish Grand Prix,2016-05-15,Sauber,Swiss,Felipe,Nasr,Brazilian,+1 Lap,Circuit de Barcelona-Catalunya,Montmeló,Spain,41.57,2.26111,5,1,Felipe Nasr,5,0,0,0
23020,952,836,209,21,16,0.0,65,11,2016,5,4,Spanish Grand Prix,2016-05-15,Manor Marussia,British,Pascal,Wehrlein,German,+1 Lap,Circuit de Barcelona-Catalunya,Montmeló,Spain,41.57,2.26111,5,1,Pascal Wehrlein,5,0,0,0
23021,952,837,209,22,17,0.0,65,11,2016,5,4,Spanish Grand Prix,2016-05-15,Manor Marussia,British,Rio,Haryanto,Indonesian,+1 Lap,Circuit de Barcelona-Catalunya,Montmeló,Spain,41.57,2.26111,5,1,Rio Haryanto,5,0,0,0
23022,952,154,210,14,18,0.0,56,5,2016,5,4,Spanish Grand Prix,2016-05-15,Haas F1 Team,American,Romain,Grosjean,French,Engine,Circuit de Barcelona-Catalunya,Montmeló,Spain,41.57,2.26111,-4,0,Romain Grosjean,5,0,0,0
23023,952,4,1,10,19,0.0,45,5,2016,5,4,Spanish Grand Prix,2016-05-15,McLaren,British,Fernando,Alonso,Spanish,Engine,Circuit de Barcelona-Catalunya,Montmeló,Spain,41.57,2.26111,-9,0,Fernando Alonso,5,0,0,0
23024,952,807,10,11,20,0.0,20,5,2016,5,4,Spanish Grand Prix,2016-05-15,Force India,Indian,Nico,Hülkenberg,German,Engine,Circuit de Barcelona-Catalunya,Montmeló,Spain,41.57,2.26111,-9,0,Nico Hülkenberg,5,0,0,0
23025,952,1,131,1,21,0.0,0,4,2016,5,4,Spanish Grand Prix,2016-05-15,Mercedes,German,Lewis,Hamilton,British,Collision,Circuit de Barcelona-Catalunya,Montmeló,Spain,41.57,2.26111,-20,0,Lewis Hamilton,5,0,0,0
23026,952,3,131,2,22,0.0,0,4,2016,5,4,Spanish Grand Prix,2016-05-15,Mercedes,German,Nico,Rosberg,German,Collision,Circuit de Barcelona-Catalunya,Montmeló,Spain,41.57,2.26111,-20,0,Nico Rosberg,5,0,0,0
23027,953,1,131,3,1,25.0,78,1,2016,6,6,Monaco Grand Prix,2016-05-29,Mercedes,German,Lewis,Hamilton,British,Finished,Circuit de Monaco,Monte-Carlo,Monaco,43.7347,7.42056,2,1,Lewis Hamilton,6,1,1,1
23028,953,817,9,1,2,18.0,78,1,2016,6,6,Monaco Grand Prix,2016-05-29,Red Bull,Austrian,Daniel,Ricciardo,Australian,Finished,Circuit de Monaco,Monte-Carlo,Monaco,43.7347,7.42056,-1,1,Daniel Ricciardo,6,1,0,1
23029,953,815,10,7,3,15.0,78,1,2016,6,6,Monaco Grand Prix,2016-05-29,Force India,Indian,Sergio,Pérez,Mexican,Finished,Circuit de Monaco,Monte-Carlo,Monaco,43.7347,7.42056,4,1,Sergio Pérez,6,1,0,1
23030,953,20,6,4,4,12.0,78,1,2016,6,6,Monaco Grand Prix,2016-05-29,Ferrari,Italian,Sebastian,Vettel,German,Finished,Circuit de Monaco,Monte-Carlo,Monaco,43.7347,7.42056,0,1,Sebastian Vettel,6,0,0,1
23031,953,4,1,9,5,10.0,78,1,2016,6,6,Monaco Grand Prix,2016-05-29,McLaren,British,Fernando,Alonso,Spanish,Finished,Circuit de Monaco,Monte-Carlo,Monaco,43.7347,7.42056,4,1,Fernando Alonso,6,0,0,1
23032,953,807,10,5,6,8.0,78,1,2016,6,6,Monaco Grand Prix,2016-05-29,Force India,Indian,Nico,Hülkenberg,German,Finished,Circuit de Monaco,Monte-Carlo,Monaco,43.7347,7.42056,-1,1,Nico Hülkenberg,6,0,0,1
23033,953,3,131,2,7,6.0,78,1,2016,6,6,Monaco Grand Prix,2016-05-29,Mercedes,German,Nico,Rosberg,German,Finished,Circuit de Monaco,Monte-Carlo,Monaco,43.7347,7.42056,-5,1,Nico Rosberg,6,0,0,1
23034,953,832,5,6,8,4.0,77,11,2016,6,6,Monaco Grand Prix,2016-05-29,Toro Rosso,Italian,Carlos,Sainz,Spanish,+1 Lap,Circuit de Monaco,Monte-Carlo,Monaco,43.7347,7.42056,-2,1,Carlos Sainz,6,0,0,1
23035,953,18,1,13,9,2.0,77,11,2016,6,6,Monaco Grand Prix,2016-05-29,McLaren,British,Jenson,Button,British,+1 Lap,Circuit de Monaco,Monte-Carlo,Monaco,43.7347,7.42056,4,1,Jenson Button,6,0,0,1
23036,953,13,3,14,10,1.0,77,11,2016,6,6,Monaco Grand Prix,2016-05-29,Williams,British,Felipe,Massa,Brazilian,+1 Lap,Circuit de Monaco,Monte-Carlo,Monaco,43.7347,7.42056,4,1,Felipe Massa,6,0,0,1
23037,953,821,210,12,11,0.0,77,11,2016,6,6,Monaco Grand Prix,2016-05-29,Haas F1 Team,American,Esteban,Gutiérrez,Mexican,+1 Lap,Circuit de Monaco,Monte-Carlo,Monaco,43.7347,7.42056,1,1,Esteban Gutiérrez,6,0,0,0
23038,953,822,3,10,12,0.0,77,11,2016,6,6,Monaco Grand Prix,2016-05-29,Williams,British,Valtteri,Bottas,Finnish,+1 Lap,Circuit de Monaco,Monte-Carlo,Monaco,43.7347,7.42056,-2,1,Valtteri Bottas,6,0,0,0
23039,953,154,210,15,13,0.0,76,12,2016,6,6,Monaco Grand Prix,2016-05-29,Haas F1 Team,American,Romain,Grosjean,French,+2 Laps,Circuit de Monaco,Monte-Carlo,Monaco,43.7347,7.42056,2,1,Romain Grosjean,6,0,0,0
23040,953,836,209,20,14,0.0,76,12,2016,6,6,Monaco Grand Prix,2016-05-29,Manor Marussia,British,Pascal,Wehrlein,German,+2 Laps,Circuit de Monaco,Monte-Carlo,Monaco,43.7347,7.42056,6,1,Pascal Wehrlein,6,0,0,0
23041,953,837,209,19,15,0.0,74,14,2016,6,6,Monaco Grand Prix,2016-05-29,Manor Marussia,British,Rio,Haryanto,Indonesian,+4 Laps,Circuit de Monaco,Monte-Carlo,Monaco,43.7347,7.42056,4,1,Rio Haryanto,6,0,0,0
23042,953,828,15,17,16,0.0,51,4,2016,6,6,Monaco Grand Prix,2016-05-29,Sauber,Swiss,Marcus,Ericsson,Swedish,Collision,Circuit de Monaco,Monte-Carlo,Monaco,43.7347,7.42056,1,0,Marcus Ericsson,6,0,0,0
23043,953,831,15,0,17,0.0,48,31,2016,6,6,Monaco Grand Prix,2016-05-29,Sauber,Swiss,Felipe,Nasr,Brazilian,Retired,Circuit de Monaco,Monte-Carlo,Monaco,43.7347,7.42056,-17,0,Felipe Nasr,6,0,0,0
23044,953,830,9,0,18,0.0,34,3,2016,6,6,Monaco Grand Prix,2016-05-29,Red Bull,Austrian,Max,Verstappen,Dutch,Accident,Circuit de Monaco,Monte-Carlo,Monaco,43.7347,7.42056,-18,0,Max Verstappen,6,0,0,0
23045,953,825,4,16,19,0.0,32,31,2016,6,6,Monaco Grand Prix,2016-05-29,Renault,French,Kevin,Magnussen,Danish,Retired,Circuit de Monaco,Monte-Carlo,Monaco,43.7347,7.42056,-3,0,Kevin Magnussen,6,0,0,0
23046,953,826,5,8,20,0.0,18,3,2016,6,6,Monaco Grand Prix,2016-05-29,Toro Rosso,Italian,Daniil,Kvyat,Russian,Accident,Circuit de Monaco,Monte-Carlo,Monaco,43.7347,7.42056,-12,0,Daniil Kvyat,6,0,0,0
23047,953,8,6,11,21,0.0,10,3,2016,6,6,Monaco Grand Prix,2016-05-29,Ferrari,Italian,Kimi,Räikkönen,Finnish,Accident,Circuit de Monaco,Monte-Carlo,Monaco,43.7347,7.42056,-10,0,Kimi Räikkönen,6,0,0,0
23048,953,835,4,18,22,0.0,7,3,2016,6,6,Monaco Grand Prix,2016-05-29,Renault,French,Jolyon,Palmer,British,Accident,Circuit de Monaco,Monte-Carlo,Monaco,43.7347,7.42056,-4,0,Jolyon Palmer,6,0,0,0
23049,954,1,131,1,1,25.0,70,1,2016,7,7,Canadian Grand Prix,2016-06-12,Mercedes,German,Lewis,Hamilton,British,Finished,Circuit Gilles Villeneuve,Montreal,Canada,45.5,-73.5228,0,1,Lewis Hamilton,7,1,1,1
23050,954,20,6,3,2,18.0,70,1,2016,7,7,Canadian Grand Prix,2016-06-12,Ferrari,Italian,Sebastian,Vettel,German,Finished,Circuit Gilles Villeneuve,Montreal,Canada,45.5,-73.5228,1,1,Sebastian Vettel,7,1,0,1
23051,954,822,3,7,3,15.0,70,1,2016,7,7,Canadian Grand Prix,2016-06-12,Williams,British,Valtteri,Bottas,Finnish,Finished,Circuit Gilles Villeneuve,Montreal,Canada,45.5,-73.5228,4,1,Valtteri Bottas,7,1,0,1
23052,954,830,9,5,4,12.0,70,1,2016,7,7,Canadian Grand Prix,2016-06-12,Red Bull,Austrian,Max,Verstappen,Dutch,Finished,Circuit Gilles Villeneuve,Montreal,Canada,45.5,-73.5228,1,1,Max Verstappen,7,0,0,1
23053,954,3,131,2,5,10.0,70,1,2016,7,7,Canadian Grand Prix,2016-06-12,Mercedes,German,Nico,Rosberg,German,Finished,Circuit Gilles Villeneuve,Montreal,Canada,45.5,-73.5228,-3,1,Nico Rosberg,7,0,0,1
23054,954,8,6,6,6,8.0,70,1,2016,7,7,Canadian Grand Prix,2016-06-12,Ferrari,Italian,Kimi,Räikkönen,Finnish,Finished,Circuit Gilles Villeneuve,Montreal,Canada,45.5,-73.5228,0,1,Kimi Räikkönen,7,0,0,1
23055,954,817,9,4,7,6.0,70,1,2016,7,7,Canadian Grand Prix,2016-06-12,Red Bull,Austrian,Daniel,Ricciardo,Australian,Finished,Circuit Gilles Villeneuve,Montreal,Canada,45.5,-73.5228,-3,1,Daniel Ricciardo,7,0,0,1
23056,954,807,10,9,8,4.0,69,11,2016,7,7,Canadian Grand Prix,2016-06-12,Force India,Indian,Nico,Hülkenberg,German,+1 Lap,Circuit Gilles Villeneuve,Montreal,Canada,45.5,-73.5228,1,1,Nico Hülkenberg,7,0,0,1
23057,954,832,5,20,9,2.0,69,11,2016,7,7,Canadian Grand Prix,2016-06-12,Toro Rosso,Italian,Carlos,Sainz,Spanish,+1 Lap,Circuit Gilles Villeneuve,Montreal,Canada,45.5,-73.5228,11,1,Carlos Sainz,7,0,0,1
23058,954,815,10,11,10,1.0,69,11,2016,7,7,Canadian Grand Prix,2016-06-12,Force India,Indian,Sergio,Pérez,Mexican,+1 Lap,Circuit Gilles Villeneuve,Montreal,Canada,45.5,-73.5228,1,1,Sergio Pérez,7,0,0,1
23059,954,4,1,10,11,0.0,69,11,2016,7,7,Canadian Grand Prix,2016-06-12,McLaren,British,Fernando,Alonso,Spanish,+1 Lap,Circuit Gilles Villeneuve,Montreal,Canada,45.5,-73.5228,-1,1,Fernando Alonso,7,0,0,0
23060,954,826,5,15,12,0.0,69,11,2016,7,7,Canadian Grand Prix,2016-06-12,Toro Rosso,Italian,Daniil,Kvyat,Russian,+1 Lap,Circuit Gilles Villeneuve,Montreal,Canada,45.5,-73.5228,3,1,Daniil Kvyat,7,0,0,0
23061,954,821,210,13,13,0.0,68,12,2016,7,7,Canadian Grand Prix,2016-06-12,Haas F1 Team,American,Esteban,Gutiérrez,Mexican,+2 Laps,Circuit Gilles Villeneuve,Montreal,Canada,45.5,-73.5228,0,1,Esteban Gutiérrez,7,0,0,0
23062,954,154,210,14,14,0.0,68,12,2016,7,7,Canadian Grand Prix,2016-06-12,Haas F1 Team,American,Romain,Grosjean,French,+2 Laps,Circuit Gilles Villeneuve,Montreal,Canada,45.5,-73.5228,0,1,Romain Grosjean,7,0,0,0
23063,954,828,15,21,15,0.0,68,12,2016,7,7,Canadian Grand Prix,2016-06-12,Sauber,Swiss,Marcus,Ericsson,Swedish,+2 Laps,Circuit Gilles Villeneuve,Montreal,Canada,45.5,-73.5228,6,1,Marcus Ericsson,7,0,0,0
23064,954,825,4,22,16,0.0,68,12,2016,7,7,Canadian Grand Prix,2016-06-12,Renault,French,Kevin,Magnussen,Danish,+2 Laps,Circuit Gilles Villeneuve,Montreal,Canada,45.5,-73.5228,6,1,Kevin Magnussen,7,0,0,0
23065,954,836,209,17,17,0.0,68,12,2016,7,7,Canadian Grand Prix,2016-06-12,Manor Marussia,British,Pascal,Wehrlein,German,+2 Laps,Circuit Gilles Villeneuve,Montreal,Canada,45.5,-73.5228,0,1,Pascal Wehrlein,7,0,0,0
23066,954,831,15,18,18,0.0,68,12,2016,7,7,Canadian Grand Prix,2016-06-12,Sauber,Swiss,Felipe,Nasr,Brazilian,+2 Laps,Circuit Gilles Villeneuve,Montreal,Canada,45.5,-73.5228,0,1,Felipe Nasr,7,0,0,0
23067,954,837,209,19,19,0.0,68,12,2016,7,7,Canadian Grand Prix,2016-06-12,Manor Marussia,British,Rio,Haryanto,Indonesian,+2 Laps,Circuit Gilles Villeneuve,Montreal,Canada,45.5,-73.5228,0,1,Rio Haryanto,7,0,0,0
23068,954,13,3,8,20,0.0,35,31,2016,7,7,Canadian Grand Prix,2016-06-12,Williams,British,Felipe,Massa,Brazilian,Retired,Circuit Gilles Villeneuve,Montreal,Canada,45.5,-73.5228,-12,0,Felipe Massa,7,0,0,0
23069,954,835,4,16,21,0.0,16,31,2016,7,7,Canadian Grand Prix,2016-06-12,Renault,French,Jolyon,Palmer,British,Retired,Circuit Gilles Villeneuve,Montreal,Canada,45.5,-73.5228,-5,0,Jolyon Palmer,7,0,0,0
23070,954,18,1,12,22,0.0,9,131,2016,7,7,Canadian Grand Prix,2016-06-12,McLaren,British,Jenson,Button,British,Power Unit,Circuit Gilles Villeneuve,Montreal,Canada,45.5,-73.5228,-10,0,Jenson Button,7,0,0,0
23071,955,3,131,1,1,25.0,51,1,2016,8,73,European Grand Prix,2016-06-19,Mercedes,German,Nico,Rosberg,German,Finished,Baku City Circuit,Baku,Azerbaijan,40.3725,49.8533,0,1,Nico Rosberg,8,1,1,1
23072,955,20,6,3,2,18.0,51,1,2016,8,73,European Grand Prix,2016-06-19,Ferrari,Italian,Sebastian,Vettel,German,Finished,Baku City Circuit,Baku,Azerbaijan,40.3725,49.8533,1,1,Sebastian Vettel,8,1,0,1
23073,955,815,10,7,3,15.0,51,1,2016,8,73,European Grand Prix,2016-06-19,Force India,Indian,Sergio,Pérez,Mexican,Finished,Baku City Circuit,Baku,Azerbaijan,40.3725,49.8533,4,1,Sergio Pérez,8,1,0,1
23074,955,8,6,4,4,12.0,51,1,2016,8,73,European Grand Prix,2016-06-19,Ferrari,Italian,Kimi,Räikkönen,Finnish,Finished,Baku City Circuit,Baku,Azerbaijan,40.3725,49.8533,0,1,Kimi Räikkönen,8,0,0,1
23075,955,1,131,10,5,10.0,51,1,2016,8,73,European Grand Prix,2016-06-19,Mercedes,German,Lewis,Hamilton,British,Finished,Baku City Circuit,Baku,Azerbaijan,40.3725,49.8533,5,1,Lewis Hamilton,8,0,0,1
23076,955,822,3,8,6,8.0,51,1,2016,8,73,European Grand Prix,2016-06-19,Williams,British,Valtteri,Bottas,Finnish,Finished,Baku City Circuit,Baku,Azerbaijan,40.3725,49.8533,2,1,Valtteri Bottas,8,0,0,1
23077,955,817,9,2,7,6.0,51,1,2016,8,73,European Grand Prix,2016-06-19,Red Bull,Austrian,Daniel,Ricciardo,Australian,Finished,Baku City Circuit,Baku,Azerbaijan,40.3725,49.8533,-5,1,Daniel Ricciardo,8,0,0,1
23078,955,830,9,9,8,4.0,51,1,2016,8,73,European Grand Prix,2016-06-19,Red Bull,Austrian,Max,Verstappen,Dutch,Finished,Baku City Circuit,Baku,Azerbaijan,40.3725,49.8533,1,1,Max Verstappen,8,0,0,1
23079,955,807,10,12,9,2.0,51,1,2016,8,73,European Grand Prix,2016-06-19,Force India,Indian,Nico,Hülkenberg,German,Finished,Baku City Circuit,Baku,Azerbaijan,40.3725,49.8533,3,1,Nico Hülkenberg,8,0,0,1
23080,955,13,3,5,10,1.0,51,1,2016,8,73,European Grand Prix,2016-06-19,Williams,British,Felipe,Massa,Brazilian,Finished,Baku City Circuit,Baku,Azerbaijan,40.3725,49.8533,-5,1,Felipe Massa,8,0,0,1
23081,955,18,1,19,11,0.0,51,1,2016,8,73,European Grand Prix,2016-06-19,McLaren,British,Jenson,Button,British,Finished,Baku City Circuit,Baku,Azerbaijan,40.3725,49.8533,8,1,Jenson Button,8,0,0,0
23082,955,831,15,15,12,0.0,50,11,2016,8,73,European Grand Prix,2016-06-19,Sauber,Swiss,Felipe,Nasr,Brazilian,+1 Lap,Baku City Circuit,Baku,Azerbaijan,40.3725,49.8533,3,1,Felipe Nasr,8,0,0,0
23083,955,154,210,11,13,0.0,50,11,2016,8,73,European Grand Prix,2016-06-19,Haas F1 Team,American,Romain,Grosjean,French,+1 Lap,Baku City Circuit,Baku,Azerbaijan,40.3725,49.8533,-2,1,Romain Grosjean,8,0,0,0
23084,955,825,4,22,14,0.0,50,11,2016,8,73,European Grand Prix,2016-06-19,Renault,French,Kevin,Magnussen,Danish,+1 Lap,Baku City Circuit,Baku,Azerbaijan,40.3725,49.8533,8,1,Kevin Magnussen,8,0,0,0
23085,955,835,4,21,15,0.0,50,11,2016,8,73,European Grand Prix,2016-06-19,Renault,French,Jolyon,Palmer,British,+1 Lap,Baku City Circuit,Baku,Azerbaijan,40.3725,49.8533,6,1,Jolyon Palmer,8,0,0,0
23086,955,821,210,14,16,0.0,50,11,2016,8,73,European Grand Prix,2016-06-19,Haas F1 Team,American,Esteban,Gutiérrez,Mexican,+1 Lap,Baku City Circuit,Baku,Azerbaijan,40.3725,49.8533,-2,1,Esteban Gutiérrez,8,0,0,0
23087,955,828,15,20,17,0.0,50,11,2016,8,73,European Grand Prix,2016-06-19,Sauber,Swiss,Marcus,Ericsson,Swedish,+1 Lap,Baku City Circuit,Baku,Azerbaijan,40.3725,49.8533,3,1,Marcus Ericsson,8,0,0,0
23088,955,837,209,16,18,0.0,49,12,2016,8,73,European Grand Prix,2016-06-19,Manor Marussia,British,Rio,Haryanto,Indonesian,+2 Laps,Baku City Circuit,Baku,Azerbaijan,40.3725,49.8533,-2,1,Rio Haryanto,8,0,0,0
23089,955,4,1,13,19,0.0,42,6,2016,8,73,European Grand Prix,2016-06-19,McLaren,British,Fernando,Alonso,Spanish,Gearbox,Baku City Circuit,Baku,Azerbaijan,40.3725,49.8533,-6,0,Fernando Alonso,8,0,0,0
23090,955,836,209,17,20,0.0,39,23,2016,8,73,European Grand Prix,2016-06-19,Manor Marussia,British,Pascal,Wehrlein,German,Brakes,Baku City Circuit,Baku,Azerbaijan,40.3725,49.8533,-3,0,Pascal Wehrlein,8,0,0,0
23091,955,832,5,18,21,0.0,31,22,2016,8,73,European Grand Prix,2016-06-19,Toro Rosso,Italian,Carlos,Sainz,Spanish,Suspension,Baku City Circuit,Baku,Azerbaijan,40.3725,49.8533,-3,0,Carlos Sainz,8,0,0,0
23092,955,826,5,6,22,0.0,6,22,2016,8,73,European Grand Prix,2016-06-19,Toro Rosso,Italian,Daniil,Kvyat,Russian,Suspension,Baku City Circuit,Baku,Azerbaijan,40.3725,49.8533,-16,0,Daniil Kvyat,8,0,0,0
23093,956,1,131,1,1,25.0,71,1,2016,9,70,Austrian Grand Prix,2016-07-03,Mercedes,German,Lewis,Hamilton,British,Finished,Red Bull Ring,Spielberg,Austria,47.2197,14.7647,0,1,Lewis Hamilton,9,1,1,1
23094,956,830,9,8,2,18.0,71,1,2016,9,70,Austrian Grand Prix,2016-07-03,Red Bull,Austrian,Max,Verstappen,Dutch,Finished,Red Bull Ring,Spielberg,Austria,47.2197,14.7647,6,1,Max Verstappen,9,1,0,1
23095,956,8,6,4,3,15.0,71,1,2016,9,70,Austrian Grand Prix,2016-07-03,Ferrari,Italian,Kimi,Räikkönen,Finnish,Finished,Red Bull Ring,Spielberg,Austria,47.2197,14.7647,1,1,Kimi Räikkönen,9,1,0,1
23096,956,3,131,6,4,12.0,71,1,2016,9,70,Austrian Grand Prix,2016-07-03,Mercedes,German,Nico,Rosberg,German,Finished,Red Bull Ring,Spielberg,Austria,47.2197,14.7647,2,1,Nico Rosberg,9,0,0,1
23097,956,817,9,5,5,10.0,71,1,2016,9,70,Austrian Grand Prix,2016-07-03,Red Bull,Austrian,Daniel,Ricciardo,Australian,Finished,Red Bull Ring,Spielberg,Austria,47.2197,14.7647,0,1,Daniel Ricciardo,9,0,0,1
23098,956,18,1,3,6,8.0,71,1,2016,9,70,Austrian Grand Prix,2016-07-03,McLaren,British,Jenson,Button,British,Finished,Red Bull Ring,Spielberg,Austria,47.2197,14.7647,-3,1,Jenson Button,9,0,0,1
23099,956,154,210,13,7,6.0,71,1,2016,9,70,Austrian Grand Prix,2016-07-03,Haas F1 Team,American,Romain,Grosjean,French,Finished,Red Bull Ring,Spielberg,Austria,47.2197,14.7647,6,1,Romain Grosjean,9,0,0,1
23100,956,832,5,15,8,4.0,71,1,2016,9,70,Austrian Grand Prix,2016-07-03,Toro Rosso,Italian,Carlos,Sainz,Spanish,Finished,Red Bull Ring,Spielberg,Austria,47.2197,14.7647,7,1,Carlos Sainz,9,0,0,1
23101,956,822,3,7,9,2.0,70,11,2016,9,70,Austrian Grand Prix,2016-07-03,Williams,British,Valtteri,Bottas,Finnish,+1 Lap,Red Bull Ring,Spielberg,Austria,47.2197,14.7647,-2,1,Valtteri Bottas,9,0,0,1
23102,956,836,209,12,10,1.0,70,11,2016,9,70,Austrian Grand Prix,2016-07-03,Manor Marussia,British,Pascal,Wehrlein,German,+1 Lap,Red Bull Ring,Spielberg,Austria,47.2197,14.7647,2,1,Pascal Wehrlein,9,0,0,1
23103,956,821,210,11,11,0.0,70,11,2016,9,70,Austrian Grand Prix,2016-07-03,Haas F1 Team,American,Esteban,Gutiérrez,Mexican,+1 Lap,Red Bull Ring,Spielberg,Austria,47.2197,14.7647,0,1,Esteban Gutiérrez,9,0,0,0
23104,956,835,4,19,12,0.0,70,11,2016,9,70,Austrian Grand Prix,2016-07-03,Renault,French,Jolyon,Palmer,British,+1 Lap,Red Bull Ring,Spielberg,Austria,47.2197,14.7647,7,1,Jolyon Palmer,9,0,0,0
23105,956,831,15,21,13,0.0,70,11,2016,9,70,Austrian Grand Prix,2016-07-03,Sauber,Swiss,Felipe,Nasr,Brazilian,+1 Lap,Red Bull Ring,Spielberg,Austria,47.2197,14.7647,8,1,Felipe Nasr,9,0,0,0
23106,956,825,4,17,14,0.0,70,11,2016,9,70,Austrian Grand Prix,2016-07-03,Renault,French,Kevin,Magnussen,Danish,+1 Lap,Red Bull Ring,Spielberg,Austria,47.2197,14.7647,3,1,Kevin Magnussen,9,0,0,0
23107,956,828,15,18,15,0.0,70,11,2016,9,70,Austrian Grand Prix,2016-07-03,Sauber,Swiss,Marcus,Ericsson,Swedish,+1 Lap,Red Bull Ring,Spielberg,Austria,47.2197,14.7647,3,1,Marcus Ericsson,9,0,0,0
23108,956,837,209,20,16,0.0,70,11,2016,9,70,Austrian Grand Prix,2016-07-03,Manor Marussia,British,Rio,Haryanto,Indonesian,+1 Lap,Red Bull Ring,Spielberg,Austria,47.2197,14.7647,4,1,Rio Haryanto,9,0,0,0
23109,956,815,10,16,17,0.0,69,23,2016,9,70,Austrian Grand Prix,2016-07-03,Force India,Indian,Sergio,Pérez,Mexican,Brakes,Red Bull Ring,Spielberg,Austria,47.2197,14.7647,-1,0,Sergio Pérez,9,0,0,0
23110,956,4,1,14,18,0.0,64,84,2016,9,70,Austrian Grand Prix,2016-07-03,McLaren,British,Fernando,Alonso,Spanish,Battery,Red Bull Ring,Spielberg,Austria,47.2197,14.7647,-4,0,Fernando Alonso,9,0,0,0
23111,956,807,10,2,19,0.0,64,23,2016,9,70,Austrian Grand Prix,2016-07-03,Force India,Indian,Nico,Hülkenberg,German,Brakes,Red Bull Ring,Spielberg,Austria,47.2197,14.7647,-17,0,Nico Hülkenberg,9,0,0,0
23112,956,13,3,0,20,0.0,63,23,2016,9,70,Austrian Grand Prix,2016-07-03,Williams,British,Felipe,Massa,Brazilian,Brakes,Red Bull Ring,Spielberg,Austria,47.2197,14.7647,-20,0,Felipe Massa,9,0,0,0
23113,956,20,6,9,21,0.0,26,27,2016,9,70,Austrian Grand Prix,2016-07-03,Ferrari,Italian,Sebastian,Vettel,German,Tyre,Red Bull Ring,Spielberg,Austria,47.2197,14.7647,-12,0,Sebastian Vettel,9,0,0,0
23114,956,826,5,0,22,0.0,2,31,2016,9,70,Austrian Grand Prix,2016-07-03,Toro Rosso,Italian,Daniil,Kvyat,Russian,Retired,Red Bull Ring,Spielberg,Austria,47.2197,14.7647,-22,0,Daniil Kvyat,9,0,0,0
23115,957,1,131,1,1,25.0,52,1,2016,10,9,British Grand Prix,2016-07-10,Mercedes,German,Lewis,Hamilton,British,Finished,Silverstone Circuit,Silverstone,UK,52.0786,-1.01694,0,1,Lewis Hamilton,10,1,1,1
23116,957,830,9,3,2,18.0,52,1,2016,10,9,British Grand Prix,2016-07-10,Red Bull,Austrian,Max,Verstappen,Dutch,Finished,Silverstone Circuit,Silverstone,UK,52.0786,-1.01694,1,1,Max Verstappen,10,1,0,1
23117,957,3,131,2,3,15.0,52,1,2016,10,9,British Grand Prix,2016-07-10,Mercedes,German,Nico,Rosberg,German,Finished,Silverstone Circuit,Silverstone,UK,52.0786,-1.01694,-1,1,Nico Rosberg,10,1,0,1
23118,957,817,9,4,4,12.0,52,1,2016,10,9,British Grand Prix,2016-07-10,Red Bull,Austrian,Daniel,Ricciardo,Australian,Finished,Silverstone Circuit,Silverstone,UK,52.0786,-1.01694,0,1,Daniel Ricciardo,10,0,0,1
23119,957,8,6,5,5,10.0,52,1,2016,10,9,British Grand Prix,2016-07-10,Ferrari,Italian,Kimi,Räikkönen,Finnish,Finished,Silverstone Circuit,Silverstone,UK,52.0786,-1.01694,0,1,Kimi Räikkönen,10,0,0,1
23120,957,815,10,10,6,8.0,52,1,2016,10,9,British Grand Prix,2016-07-10,Force India,Indian,Sergio,Pérez,Mexican,Finished,Silverstone Circuit,Silverstone,UK,52.0786,-1.01694,4,1,Sergio Pérez,10,0,0,1
23121,957,807,10,8,7,6.0,52,1,2016,10,9,British Grand Prix,2016-07-10,Force India,Indian,Nico,Hülkenberg,German,Finished,Silverstone Circuit,Silverstone,UK,52.0786,-1.01694,1,1,Nico Hülkenberg,10,0,0,1
23122,957,832,5,7,8,4.0,52,1,2016,10,9,British Grand Prix,2016-07-10,Toro Rosso,Italian,Carlos,Sainz,Spanish,Finished,Silverstone Circuit,Silverstone,UK,52.0786,-1.01694,-1,1,Carlos Sainz,10,0,0,1
23123,957,20,6,11,9,2.0,52,1,2016,10,9,British Grand Prix,2016-07-10,Ferrari,Italian,Sebastian,Vettel,German,Finished,Silverstone Circuit,Silverstone,UK,52.0786,-1.01694,2,1,Sebastian Vettel,10,0,0,1
23124,957,826,5,15,10,1.0,52,1,2016,10,9,British Grand Prix,2016-07-10,Toro Rosso,Italian,Daniil,Kvyat,Russian,Finished,Silverstone Circuit,Silverstone,UK,52.0786,-1.01694,5,1,Daniil Kvyat,10,0,0,1
23125,957,13,3,12,11,0.0,51,11,2016,10,9,British Grand Prix,2016-07-10,Williams,British,Felipe,Massa,Brazilian,+1 Lap,Silverstone Circuit,Silverstone,UK,52.0786,-1.01694,1,1,Felipe Massa,10,0,0,0
23126,957,18,1,17,12,0.0,51,11,2016,10,9,British Grand Prix,2016-07-10,McLaren,British,Jenson,Button,British,+1 Lap,Silverstone Circuit,Silverstone,UK,52.0786,-1.01694,5,1,Jenson Button,10,0,0,0
23127,957,4,1,9,13,0.0,51,11,2016,10,9,British Grand Prix,2016-07-10,McLaren,British,Fernando,Alonso,Spanish,+1 Lap,Silverstone Circuit,Silverstone,UK,52.0786,-1.01694,-4,1,Fernando Alonso,10,0,0,0
23128,957,822,3,6,14,0.0,51,11,2016,10,9,British Grand Prix,2016-07-10,Williams,British,Valtteri,Bottas,Finnish,+1 Lap,Silverstone Circuit,Silverstone,UK,52.0786,-1.01694,-8,1,Valtteri Bottas,10,0,0,0
23129,957,831,15,21,15,0.0,51,11,2016,10,9,British Grand Prix,2016-07-10,Sauber,Swiss,Felipe,Nasr,Brazilian,+1 Lap,Silverstone Circuit,Silverstone,UK,52.0786,-1.01694,6,1,Felipe Nasr,10,0,0,0
23130,957,821,210,14,16,0.0,51,11,2016,10,9,British Grand Prix,2016-07-10,Haas F1 Team,American,Esteban,Gutiérrez,Mexican,+1 Lap,Silverstone Circuit,Silverstone,UK,52.0786,-1.01694,-2,1,Esteban Gutiérrez,10,0,0,0
23131,957,825,4,16,17,0.0,49,6,2016,10,9,British Grand Prix,2016-07-10,Renault,French,Kevin,Magnussen,Danish,Gearbox,Silverstone Circuit,Silverstone,UK,52.0786,-1.01694,-1,0,Kevin Magnussen,10,0,0,0
23132,957,835,4,18,18,0.0,37,6,2016,10,9,British Grand Prix,2016-07-10,Renault,French,Jolyon,Palmer,British,Gearbox,Silverstone Circuit,Silverstone,UK,52.0786,-1.01694,0,0,Jolyon Palmer,10,0,0,0
23133,957,837,209,19,19,0.0,24,20,2016,10,9,British Grand Prix,2016-07-10,Manor Marussia,British,Rio,Haryanto,Indonesian,Spun off,Silverstone Circuit,Silverstone,UK,52.0786,-1.01694,0,0,Rio Haryanto,10,0,0,0
23134,957,154,210,13,20,0.0,17,31,2016,10,9,British Grand Prix,2016-07-10,Haas F1 Team,American,Romain,Grosjean,French,Retired,Silverstone Circuit,Silverstone,UK,52.0786,-1.01694,-7,0,Romain Grosjean,10,0,0,0
23135,957,828,15,22,21,0.0,11,131,2016,10,9,British Grand Prix,2016-07-10,Sauber,Swiss,Marcus,Ericsson,Swedish,Power Unit,Silverstone Circuit,Silverstone,UK,52.0786,-1.01694,1,0,Marcus Ericsson,10,0,0,0
23136,957,836,209,20,22,0.0,6,20,2016,10,9,British Grand Prix,2016-07-10,Manor Marussia,British,Pascal,Wehrlein,German,Spun off,Silverstone Circuit,Silverstone,UK,52.0786,-1.01694,-2,0,Pascal Wehrlein,10,0,0,0
23137,958,1,131,2,1,25.0,70,1,2016,11,11,Hungarian Grand Prix,2016-07-24,Mercedes,German,Lewis,Hamilton,British,Finished,Hungaroring,Budapest,Hungary,47.5789,19.2486,1,1,Lewis Hamilton,11,1,1,1
23138,958,3,131,1,2,18.0,70,1,2016,11,11,Hungarian Grand Prix,2016-07-24,Mercedes,German,Nico,Rosberg,German,Finished,Hungaroring,Budapest,Hungary,47.5789,19.2486,-1,1,Nico Rosberg,11,1,0,1
23139,958,817,9,3,3,15.0,70,1,2016,11,11,Hungarian Grand Prix,2016-07-24,Red Bull,Austrian,Daniel,Ricciardo,Australian,Finished,Hungaroring,Budapest,Hungary,47.5789,19.2486,0,1,Daniel Ricciardo,11,1,0,1
23140,958,20,6,5,4,12.0,70,1,2016,11,11,Hungarian Grand Prix,2016-07-24,Ferrari,Italian,Sebastian,Vettel,German,Finished,Hungaroring,Budapest,Hungary,47.5789,19.2486,1,1,Sebastian Vettel,11,0,0,1
23141,958,830,9,4,5,10.0,70,1,2016,11,11,Hungarian Grand Prix,2016-07-24,Red Bull,Austrian,Max,Verstappen,Dutch,Finished,Hungaroring,Budapest,Hungary,47.5789,19.2486,-1,1,Max Verstappen,11,0,0,1
23142,958,8,6,14,6,8.0,70,1,2016,11,11,Hungarian Grand Prix,2016-07-24,Ferrari,Italian,Kimi,Räikkönen,Finnish,Finished,Hungaroring,Budapest,Hungary,47.5789,19.2486,8,1,Kimi Räikkönen,11,0,0,1
23143,958,4,1,7,7,6.0,69,11,2016,11,11,Hungarian Grand Prix,2016-07-24,McLaren,British,Fernando,Alonso,Spanish,+1 Lap,Hungaroring,Budapest,Hungary,47.5789,19.2486,0,1,Fernando Alonso,11,0,0,1
23144,958,832,5,6,8,4.0,69,11,2016,11,11,Hungarian Grand Prix,2016-07-24,Toro Rosso,Italian,Carlos,Sainz,Spanish,+1 Lap,Hungaroring,Budapest,Hungary,47.5789,19.2486,-2,1,Carlos Sainz,11,0,0,1
23145,958,822,3,10,9,2.0,69,11,2016,11,11,Hungarian Grand Prix,2016-07-24,Williams,British,Valtteri,Bottas,Finnish,+1 Lap,Hungaroring,Budapest,Hungary,47.5789,19.2486,1,1,Valtteri Bottas,11,0,0,1
23146,958,807,10,9,10,1.0,69,11,2016,11,11,Hungarian Grand Prix,2016-07-24,Force India,Indian,Nico,Hülkenberg,German,+1 Lap,Hungaroring,Budapest,Hungary,47.5789,19.2486,-1,1,Nico Hülkenberg,11,0,0,1
23147,958,815,10,13,11,0.0,69,11,2016,11,11,Hungarian Grand Prix,2016-07-24,Force India,Indian,Sergio,Pérez,Mexican,+1 Lap,Hungaroring,Budapest,Hungary,47.5789,19.2486,2,1,Sergio Pérez,11,0,0,0
23148,958,835,4,17,12,0.0,69,11,2016,11,11,Hungarian Grand Prix,2016-07-24,Renault,French,Jolyon,Palmer,British,+1 Lap,Hungaroring,Budapest,Hungary,47.5789,19.2486,5,1,Jolyon Palmer,11,0,0,0
23149,958,821,210,15,13,0.0,69,11,2016,11,11,Hungarian Grand Prix,2016-07-24,Haas F1 Team,American,Esteban,Gutiérrez,Mexican,+1 Lap,Hungaroring,Budapest,Hungary,47.5789,19.2486,2,1,Esteban Gutiérrez,11,0,0,0
23150,958,154,210,11,14,0.0,69,11,2016,11,11,Hungarian Grand Prix,2016-07-24,Haas F1 Team,American,Romain,Grosjean,French,+1 Lap,Hungaroring,Budapest,Hungary,47.5789,19.2486,-3,1,Romain Grosjean,11,0,0,0
23151,958,825,4,19,15,0.0,69,11,2016,11,11,Hungarian Grand Prix,2016-07-24,Renault,French,Kevin,Magnussen,Danish,+1 Lap,Hungaroring,Budapest,Hungary,47.5789,19.2486,4,1,Kevin Magnussen,11,0,0,0
23152,958,826,5,12,16,0.0,69,11,2016,11,11,Hungarian Grand Prix,2016-07-24,Toro Rosso,Italian,Daniil,Kvyat,Russian,+1 Lap,Hungaroring,Budapest,Hungary,47.5789,19.2486,-4,1,Daniil Kvyat,11,0,0,0
23153,958,831,15,16,17,0.0,69,11,2016,11,11,Hungarian Grand Prix,2016-07-24,Sauber,Swiss,Felipe,Nasr,Brazilian,+1 Lap,Hungaroring,Budapest,Hungary,47.5789,19.2486,-1,1,Felipe Nasr,11,0,0,0
23154,958,13,3,18,18,0.0,68,12,2016,11,11,Hungarian Grand Prix,2016-07-24,Williams,British,Felipe,Massa,Brazilian,+2 Laps,Hungaroring,Budapest,Hungary,47.5789,19.2486,0,1,Felipe Massa,11,0,0,0
23155,958,836,209,20,19,0.0,68,12,2016,11,11,Hungarian Grand Prix,2016-07-24,Manor Marussia,British,Pascal,Wehrlein,German,+2 Laps,Hungaroring,Budapest,Hungary,47.5789,19.2486,1,1,Pascal Wehrlein,11,0,0,0
23156,958,828,15,22,20,0.0,68,12,2016,11,11,Hungarian Grand Prix,2016-07-24,Sauber,Swiss,Marcus,Ericsson,Swedish,+2 Laps,Hungaroring,Budapest,Hungary,47.5789,19.2486,2,1,Marcus Ericsson,11,0,0,0
23157,958,837,209,21,21,0.0,68,12,2016,11,11,Hungarian Grand Prix,2016-07-24,Manor Marussia,British,Rio,Haryanto,Indonesian,+2 Laps,Hungaroring,Budapest,Hungary,47.5789,19.2486,0,1,Rio Haryanto,11,0,0,0
23158,958,18,1,8,22,0.0,60,44,2016,11,11,Hungarian Grand Prix,2016-07-24,McLaren,British,Jenson,Button,British,Oil leak,Hungaroring,Budapest,Hungary,47.5789,19.2486,-14,0,Jenson Button,11,0,0,0
23159,959,1,131,2,1,25.0,67,1,2016,12,10,German Grand Prix,2016-07-31,Mercedes,German,Lewis,Hamilton,British,Finished,Hockenheimring,Hockenheim,Germany,49.3278,8.56583,1,1,Lewis Hamilton,12,1,1,1
23160,959,817,9,3,2,18.0,67,1,2016,12,10,German Grand Prix,2016-07-31,Red Bull,Austrian,Daniel,Ricciardo,Australian,Finished,Hockenheimring,Hockenheim,Germany,49.3278,8.56583,1,1,Daniel Ricciardo,12,1,0,1
23161,959,830,9,4,3,15.0,67,1,2016,12,10,German Grand Prix,2016-07-31,Red Bull,Austrian,Max,Verstappen,Dutch,Finished,Hockenheimring,Hockenheim,Germany,49.3278,8.56583,1,1,Max Verstappen,12,1,0,1
23162,959,3,131,1,4,12.0,67,1,2016,12,10,German Grand Prix,2016-07-31,Mercedes,German,Nico,Rosberg,German,Finished,Hockenheimring,Hockenheim,Germany,49.3278,8.56583,-3,1,Nico Rosberg,12,0,0,1
23163,959,20,6,6,5,10.0,67,1,2016,12,10,German Grand Prix,2016-07-31,Ferrari,Italian,Sebastian,Vettel,German,Finished,Hockenheimring,Hockenheim,Germany,49.3278,8.56583,1,1,Sebastian Vettel,12,0,0,1
23164,959,8,6,5,6,8.0,67,1,2016,12,10,German Grand Prix,2016-07-31,Ferrari,Italian,Kimi,Räikkönen,Finnish,Finished,Hockenheimring,Hockenheim,Germany,49.3278,8.56583,-1,1,Kimi Räikkönen,12,0,0,1
23165,959,807,10,8,7,6.0,67,1,2016,12,10,German Grand Prix,2016-07-31,Force India,Indian,Nico,Hülkenberg,German,Finished,Hockenheimring,Hockenheim,Germany,49.3278,8.56583,1,1,Nico Hülkenberg,12,0,0,1
23166,959,18,1,12,8,4.0,66,11,2016,12,10,German Grand Prix,2016-07-31,McLaren,British,Jenson,Button,British,+1 Lap,Hockenheimring,Hockenheim,Germany,49.3278,8.56583,4,1,Jenson Button,12,0,0,1
23167,959,822,3,7,9,2.0,66,11,2016,12,10,German Grand Prix,2016-07-31,Williams,British,Valtteri,Bottas,Finnish,+1 Lap,Hockenheimring,Hockenheim,Germany,49.3278,8.56583,-2,1,Valtteri Bottas,12,0,0,1
23168,959,815,10,9,10,1.0,66,11,2016,12,10,German Grand Prix,2016-07-31,Force India,Indian,Sergio,Pérez,Mexican,+1 Lap,Hockenheimring,Hockenheim,Germany,49.3278,8.56583,-1,1,Sergio Pérez,12,0,0,1
23169,959,821,210,11,11,0.0,66,11,2016,12,10,German Grand Prix,2016-07-31,Haas F1 Team,American,Esteban,Gutiérrez,Mexican,+1 Lap,Hockenheimring,Hockenheim,Germany,49.3278,8.56583,0,1,Esteban Gutiérrez,12,0,0,0
23170,959,4,1,13,12,0.0,66,11,2016,12,10,German Grand Prix,2016-07-31,McLaren,British,Fernando,Alonso,Spanish,+1 Lap,Hockenheimring,Hockenheim,Germany,49.3278,8.56583,1,1,Fernando Alonso,12,0,0,0
23171,959,154,210,20,13,0.0,66,11,2016,12,10,German Grand Prix,2016-07-31,Haas F1 Team,American,Romain,Grosjean,French,+1 Lap,Hockenheimring,Hockenheim,Germany,49.3278,8.56583,7,1,Romain Grosjean,12,0,0,0
23172,959,832,5,15,14,0.0,66,11,2016,12,10,German Grand Prix,2016-07-31,Toro Rosso,Italian,Carlos,Sainz,Spanish,+1 Lap,Hockenheimring,Hockenheim,Germany,49.3278,8.56583,1,1,Carlos Sainz,12,0,0,0
23173,959,826,5,18,15,0.0,66,11,2016,12,10,German Grand Prix,2016-07-31,Toro Rosso,Italian,Daniil,Kvyat,Russian,+1 Lap,Hockenheimring,Hockenheim,Germany,49.3278,8.56583,3,1,Daniil Kvyat,12,0,0,0
23174,959,825,4,16,16,0.0,66,11,2016,12,10,German Grand Prix,2016-07-31,Renault,French,Kevin,Magnussen,Danish,+1 Lap,Hockenheimring,Hockenheim,Germany,49.3278,8.56583,0,1,Kevin Magnussen,12,0,0,0
23175,959,836,209,17,17,0.0,65,12,2016,12,10,German Grand Prix,2016-07-31,Manor Marussia,British,Pascal,Wehrlein,German,+2 Laps,Hockenheimring,Hockenheim,Germany,49.3278,8.56583,0,1,Pascal Wehrlein,12,0,0,0
23176,959,828,15,22,18,0.0,65,12,2016,12,10,German Grand Prix,2016-07-31,Sauber,Swiss,Marcus,Ericsson,Swedish,+2 Laps,Hockenheimring,Hockenheim,Germany,49.3278,8.56583,4,1,Marcus Ericsson,12,0,0,0
23177,959,835,4,14,19,0.0,65,12,2016,12,10,German Grand Prix,2016-07-31,Renault,French,Jolyon,Palmer,British,+2 Laps,Hockenheimring,Hockenheim,Germany,49.3278,8.56583,-5,1,Jolyon Palmer,12,0,0,0
23178,959,837,209,19,20,0.0,65,12,2016,12,10,German Grand Prix,2016-07-31,Manor Marussia,British,Rio,Haryanto,Indonesian,+2 Laps,Hockenheimring,Hockenheim,Germany,49.3278,8.56583,-1,1,Rio Haryanto,12,0,0,0
23179,959,831,15,21,21,0.0,57,131,2016,12,10,German Grand Prix,2016-07-31,Sauber,Swiss,Felipe,Nasr,Brazilian,Power Unit,Hockenheimring,Hockenheim,Germany,49.3278,8.56583,0,0,Felipe Nasr,12,0,0,0
23180,959,13,3,10,22,0.0,36,22,2016,12,10,German Grand Prix,2016-07-31,Williams,British,Felipe,Massa,Brazilian,Suspension,Hockenheimring,Hockenheim,Germany,49.3278,8.56583,-12,0,Felipe Massa,12,0,0,0
23181,960,3,131,1,1,25.0,44,1,2016,13,13,Belgian Grand Prix,2016-08-28,Mercedes,German,Nico,Rosberg,German,Finished,Circuit de Spa-Francorchamps,Spa,Belgium,50.4372,5.97139,0,1,Nico Rosberg,13,1,1,1
23182,960,817,9,5,2,18.0,44,1,2016,13,13,Belgian Grand Prix,2016-08-28,Red Bull,Austrian,Daniel,Ricciardo,Australian,Finished,Circuit de Spa-Francorchamps,Spa,Belgium,50.4372,5.97139,3,1,Daniel Ricciardo,13,1,0,1
23183,960,1,131,21,3,15.0,44,1,2016,13,13,Belgian Grand Prix,2016-08-28,Mercedes,German,Lewis,Hamilton,British,Finished,Circuit de Spa-Francorchamps,Spa,Belgium,50.4372,5.97139,18,1,Lewis Hamilton,13,1,0,1
23184,960,807,10,7,4,12.0,44,1,2016,13,13,Belgian Grand Prix,2016-08-28,Force India,Indian,Nico,Hülkenberg,German,Finished,Circuit de Spa-Francorchamps,Spa,Belgium,50.4372,5.97139,3,1,Nico Hülkenberg,13,0,0,1
23185,960,815,10,6,5,10.0,44,1,2016,13,13,Belgian Grand Prix,2016-08-28,Force India,Indian,Sergio,Pérez,Mexican,Finished,Circuit de Spa-Francorchamps,Spa,Belgium,50.4372,5.97139,1,1,Sergio Pérez,13,0,0,1
23186,960,20,6,4,6,8.0,44,1,2016,13,13,Belgian Grand Prix,2016-08-28,Ferrari,Italian,Sebastian,Vettel,German,Finished,Circuit de Spa-Francorchamps,Spa,Belgium,50.4372,5.97139,-2,1,Sebastian Vettel,13,0,0,1
23187,960,4,1,22,7,6.0,44,1,2016,13,13,Belgian Grand Prix,2016-08-28,McLaren,British,Fernando,Alonso,Spanish,Finished,Circuit de Spa-Francorchamps,Spa,Belgium,50.4372,5.97139,15,1,Fernando Alonso,13,0,0,1
23188,960,822,3,8,8,4.0,44,1,2016,13,13,Belgian Grand Prix,2016-08-28,Williams,British,Valtteri,Bottas,Finnish,Finished,Circuit de Spa-Francorchamps,Spa,Belgium,50.4372,5.97139,0,1,Valtteri Bottas,13,0,0,1
23189,960,8,6,3,9,2.0,44,1,2016,13,13,Belgian Grand Prix,2016-08-28,Ferrari,Italian,Kimi,Räikkönen,Finnish,Finished,Circuit de Spa-Francorchamps,Spa,Belgium,50.4372,5.97139,-6,1,Kimi Räikkönen,13,0,0,1
23190,960,13,3,10,10,1.0,44,1,2016,13,13,Belgian Grand Prix,2016-08-28,Williams,British,Felipe,Massa,Brazilian,Finished,Circuit de Spa-Francorchamps,Spa,Belgium,50.4372,5.97139,0,1,Felipe Massa,13,0,0,1
23191,960,830,9,2,11,0.0,44,1,2016,13,13,Belgian Grand Prix,2016-08-28,Red Bull,Austrian,Max,Verstappen,Dutch,Finished,Circuit de Spa-Francorchamps,Spa,Belgium,50.4372,5.97139,-9,1,Max Verstappen,13,0,0,0
23192,960,821,210,18,12,0.0,44,1,2016,13,13,Belgian Grand Prix,2016-08-28,Haas F1 Team,American,Esteban,Gutiérrez,Mexican,Finished,Circuit de Spa-Francorchamps,Spa,Belgium,50.4372,5.97139,6,1,Esteban Gutiérrez,13,0,0,0
23193,960,154,210,11,13,0.0,44,1,2016,13,13,Belgian Grand Prix,2016-08-28,Haas F1 Team,American,Romain,Grosjean,French,Finished,Circuit de Spa-Francorchamps,Spa,Belgium,50.4372,5.97139,-2,1,Romain Grosjean,13,0,0,0
23194,960,826,5,19,14,0.0,44,1,2016,13,13,Belgian Grand Prix,2016-08-28,Toro Rosso,Italian,Daniil,Kvyat,Russian,Finished,Circuit de Spa-Francorchamps,Spa,Belgium,50.4372,5.97139,5,1,Daniil Kvyat,13,0,0,0
23195,960,835,4,13,15,0.0,44,1,2016,13,13,Belgian Grand Prix,2016-08-28,Renault,French,Jolyon,Palmer,British,Finished,Circuit de Spa-Francorchamps,Spa,Belgium,50.4372,5.97139,-2,1,Jolyon Palmer,13,0,0,0
23196,960,839,209,17,16,0.0,43,11,2016,13,13,Belgian Grand Prix,2016-08-28,Manor Marussia,British,Esteban,Ocon,French,+1 Lap,Circuit de Spa-Francorchamps,Spa,Belgium,50.4372,5.97139,1,1,Esteban Ocon,13,0,0,0
23197,960,831,15,16,17,0.0,43,11,2016,13,13,Belgian Grand Prix,2016-08-28,Sauber,Swiss,Felipe,Nasr,Brazilian,+1 Lap,Circuit de Spa-Francorchamps,Spa,Belgium,50.4372,5.97139,-1,1,Felipe Nasr,13,0,0,0
23198,960,825,4,12,18,0.0,5,3,2016,13,13,Belgian Grand Prix,2016-08-28,Renault,French,Kevin,Magnussen,Danish,Accident,Circuit de Spa-Francorchamps,Spa,Belgium,50.4372,5.97139,-6,0,Kevin Magnussen,13,0,0,0
23199,960,828,15,20,19,0.0,3,6,2016,13,13,Belgian Grand Prix,2016-08-28,Sauber,Swiss,Marcus,Ericsson,Swedish,Gearbox,Circuit de Spa-Francorchamps,Spa,Belgium,50.4372,5.97139,1,0,Marcus Ericsson,13,0,0,0
23200,960,832,5,14,20,0.0,1,29,2016,13,13,Belgian Grand Prix,2016-08-28,Toro Rosso,Italian,Carlos,Sainz,Spanish,Puncture,Circuit de Spa-Francorchamps,Spa,Belgium,50.4372,5.97139,-6,0,Carlos Sainz,13,0,0,0
23201,960,18,1,9,21,0.0,1,130,2016,13,13,Belgian Grand Prix,2016-08-28,McLaren,British,Jenson,Button,British,Collision damage,Circuit de Spa-Francorchamps,Spa,Belgium,50.4372,5.97139,-12,0,Jenson Button,13,0,0,0
23202,960,836,209,15,22,0.0,0,130,2016,13,13,Belgian Grand Prix,2016-08-28,Manor Marussia,British,Pascal,Wehrlein,German,Collision damage,Circuit de Spa-Francorchamps,Spa,Belgium,50.4372,5.97139,-7,0,Pascal Wehrlein,13,0,0,0
23203,961,3,131,2,1,25.0,53,1,2016,14,14,Italian Grand Prix,2016-09-04,Mercedes,German,Nico,Rosberg,German,Finished,Autodromo Nazionale di Monza,Monza,Italy,45.6156,9.28111,1,1,Nico Rosberg,14,1,1,1
23204,961,1,131,1,2,18.0,53,1,2016,14,14,Italian Grand Prix,2016-09-04,Mercedes,German,Lewis,Hamilton,British,Finished,Autodromo Nazionale di Monza,Monza,Italy,45.6156,9.28111,-1,1,Lewis Hamilton,14,1,0,1
23205,961,20,6,3,3,15.0,53,1,2016,14,14,Italian Grand Prix,2016-09-04,Ferrari,Italian,Sebastian,Vettel,German,Finished,Autodromo Nazionale di Monza,Monza,Italy,45.6156,9.28111,0,1,Sebastian Vettel,14,1,0,1
23206,961,8,6,4,4,12.0,53,1,2016,14,14,Italian Grand Prix,2016-09-04,Ferrari,Italian,Kimi,Räikkönen,Finnish,Finished,Autodromo Nazionale di Monza,Monza,Italy,45.6156,9.28111,0,1,Kimi Räikkönen,14,0,0,1
23207,961,817,9,6,5,10.0,53,1,2016,14,14,Italian Grand Prix,2016-09-04,Red Bull,Austrian,Daniel,Ricciardo,Australian,Finished,Autodromo Nazionale di Monza,Monza,Italy,45.6156,9.28111,1,1,Daniel Ricciardo,14,0,0,1
23208,961,822,3,5,6,8.0,53,1,2016,14,14,Italian Grand Prix,2016-09-04,Williams,British,Valtteri,Bottas,Finnish,Finished,Autodromo Nazionale di Monza,Monza,Italy,45.6156,9.28111,-1,1,Valtteri Bottas,14,0,0,1
23209,961,830,9,7,7,6.0,53,1,2016,14,14,Italian Grand Prix,2016-09-04,Red Bull,Austrian,Max,Verstappen,Dutch,Finished,Autodromo Nazionale di Monza,Monza,Italy,45.6156,9.28111,0,1,Max Verstappen,14,0,0,1
23210,961,815,10,8,8,4.0,53,1,2016,14,14,Italian Grand Prix,2016-09-04,Force India,Indian,Sergio,Pérez,Mexican,Finished,Autodromo Nazionale di Monza,Monza,Italy,45.6156,9.28111,0,1,Sergio Pérez,14,0,0,1
23211,961,13,3,11,9,2.0,53,1,2016,14,14,Italian Grand Prix,2016-09-04,Williams,British,Felipe,Massa,Brazilian,Finished,Autodromo Nazionale di Monza,Monza,Italy,45.6156,9.28111,2,1,Felipe Massa,14,0,0,1
23212,961,807,10,9,10,1.0,53,1,2016,14,14,Italian Grand Prix,2016-09-04,Force India,Indian,Nico,Hülkenberg,German,Finished,Autodromo Nazionale di Monza,Monza,Italy,45.6156,9.28111,-1,1,Nico Hülkenberg,14,0,0,1
23213,961,154,210,17,11,0.0,52,11,2016,14,14,Italian Grand Prix,2016-09-04,Haas F1 Team,American,Romain,Grosjean,French,+1 Lap,Autodromo Nazionale di Monza,Monza,Italy,45.6156,9.28111,6,1,Romain Grosjean,14,0,0,0
23214,961,18,1,14,12,0.0,52,11,2016,14,14,Italian Grand Prix,2016-09-04,McLaren,British,Jenson,Button,British,+1 Lap,Autodromo Nazionale di Monza,Monza,Italy,45.6156,9.28111,2,1,Jenson Button,14,0,0,0
23215,961,821,210,10,13,0.0,52,11,2016,14,14,Italian Grand Prix,2016-09-04,Haas F1 Team,American,Esteban,Gutiérrez,Mexican,+1 Lap,Autodromo Nazionale di Monza,Monza,Italy,45.6156,9.28111,-3,1,Esteban Gutiérrez,14,0,0,0
23216,961,4,1,12,14,0.0,52,11,2016,14,14,Italian Grand Prix,2016-09-04,McLaren,British,Fernando,Alonso,Spanish,+1 Lap,Autodromo Nazionale di Monza,Monza,Italy,45.6156,9.28111,-2,1,Fernando Alonso,14,0,0,0
23217,961,832,5,15,15,0.0,52,11,2016,14,14,Italian Grand Prix,2016-09-04,Toro Rosso,Italian,Carlos,Sainz,Spanish,+1 Lap,Autodromo Nazionale di Monza,Monza,Italy,45.6156,9.28111,0,1,Carlos Sainz,14,0,0,0
23218,961,828,15,19,16,0.0,52,11,2016,14,14,Italian Grand Prix,2016-09-04,Sauber,Swiss,Marcus,Ericsson,Swedish,+1 Lap,Autodromo Nazionale di Monza,Monza,Italy,45.6156,9.28111,3,1,Marcus Ericsson,14,0,0,0
23219,961,825,4,21,17,0.0,52,11,2016,14,14,Italian Grand Prix,2016-09-04,Renault,French,Kevin,Magnussen,Danish,+1 Lap,Autodromo Nazionale di Monza,Monza,Italy,45.6156,9.28111,4,1,Kevin Magnussen,14,0,0,0
23220,961,839,209,22,18,0.0,51,12,2016,14,14,Italian Grand Prix,2016-09-04,Manor Marussia,British,Esteban,Ocon,French,+2 Laps,Autodromo Nazionale di Monza,Monza,Italy,45.6156,9.28111,4,1,Esteban Ocon,14,0,0,0
23221,961,826,5,16,19,0.0,36,84,2016,14,14,Italian Grand Prix,2016-09-04,Toro Rosso,Italian,Daniil,Kvyat,Russian,Battery,Autodromo Nazionale di Monza,Monza,Italy,45.6156,9.28111,-3,0,Daniil Kvyat,14,0,0,0
23222,961,836,209,13,20,0.0,26,44,2016,14,14,Italian Grand Prix,2016-09-04,Manor Marussia,British,Pascal,Wehrlein,German,Oil leak,Autodromo Nazionale di Monza,Monza,Italy,45.6156,9.28111,-7,0,Pascal Wehrlein,14,0,0,0
23223,961,835,4,20,21,0.0,7,130,2016,14,14,Italian Grand Prix,2016-09-04,Renault,French,Jolyon,Palmer,British,Collision damage,Autodromo Nazionale di Monza,Monza,Italy,45.6156,9.28111,-1,0,Jolyon Palmer,14,0,0,0
23224,961,831,15,18,22,0.0,6,130,2016,14,14,Italian Grand Prix,2016-09-04,Sauber,Swiss,Felipe,Nasr,Brazilian,Collision damage,Autodromo Nazionale di Monza,Monza,Italy,45.6156,9.28111,-4,0,Felipe Nasr,14,0,0,0
23225,962,3,131,1,1,25.0,61,1,2016,15,15,Singapore Grand Prix,2016-09-18,Mercedes,German,Nico,Rosberg,German,Finished,Marina Bay Street Circuit,Marina Bay,Singapore,1.2914,103.864,0,1,Nico Rosberg,15,1,1,1
23226,962,817,9,2,2,18.0,61,1,2016,15,15,Singapore Grand Prix,2016-09-18,Red Bull,Austrian,Daniel,Ricciardo,Australian,Finished,Marina Bay Street Circuit,Marina Bay,Singapore,1.2914,103.864,0,1,Daniel Ricciardo,15,1,0,1
23227,962,1,131,3,3,15.0,61,1,2016,15,15,Singapore Grand Prix,2016-09-18,Mercedes,German,Lewis,Hamilton,British,Finished,Marina Bay Street Circuit,Marina Bay,Singapore,1.2914,103.864,0,1,Lewis Hamilton,15,1,0,1
23228,962,8,6,5,4,12.0,61,1,2016,15,15,Singapore Grand Prix,2016-09-18,Ferrari,Italian,Kimi,Räikkönen,Finnish,Finished,Marina Bay Street Circuit,Marina Bay,Singapore,1.2914,103.864,1,1,Kimi Räikkönen,15,0,0,1
23229,962,20,6,22,5,10.0,61,1,2016,15,15,Singapore Grand Prix,2016-09-18,Ferrari,Italian,Sebastian,Vettel,German,Finished,Marina Bay Street Circuit,Marina Bay,Singapore,1.2914,103.864,17,1,Sebastian Vettel,15,0,0,1
23230,962,830,9,4,6,8.0,61,1,2016,15,15,Singapore Grand Prix,2016-09-18,Red Bull,Austrian,Max,Verstappen,Dutch,Finished,Marina Bay Street Circuit,Marina Bay,Singapore,1.2914,103.864,-2,1,Max Verstappen,15,0,0,1
23231,962,4,1,9,7,6.0,61,1,2016,15,15,Singapore Grand Prix,2016-09-18,McLaren,British,Fernando,Alonso,Spanish,Finished,Marina Bay Street Circuit,Marina Bay,Singapore,1.2914,103.864,2,1,Fernando Alonso,15,0,0,1
23232,962,815,10,17,8,4.0,61,1,2016,15,15,Singapore Grand Prix,2016-09-18,Force India,Indian,Sergio,Pérez,Mexican,Finished,Marina Bay Street Circuit,Marina Bay,Singapore,1.2914,103.864,9,1,Sergio Pérez,15,0,0,1
23233,962,826,5,7,9,2.0,61,1,2016,15,15,Singapore Grand Prix,2016-09-18,Toro Rosso,Italian,Daniil,Kvyat,Russian,Finished,Marina Bay Street Circuit,Marina Bay,Singapore,1.2914,103.864,-2,1,Daniil Kvyat,15,0,0,1
23234,962,825,4,15,10,1.0,61,1,2016,15,15,Singapore Grand Prix,2016-09-18,Renault,French,Kevin,Magnussen,Danish,Finished,Marina Bay Street Circuit,Marina Bay,Singapore,1.2914,103.864,5,1,Kevin Magnussen,15,0,0,1
23235,962,821,210,13,11,0.0,60,11,2016,15,15,Singapore Grand Prix,2016-09-18,Haas F1 Team,American,Esteban,Gutiérrez,Mexican,+1 Lap,Marina Bay Street Circuit,Marina Bay,Singapore,1.2914,103.864,2,1,Esteban Gutiérrez,15,0,0,0
23236,962,13,3,11,12,0.0,60,11,2016,15,15,Singapore Grand Prix,2016-09-18,Williams,British,Felipe,Massa,Brazilian,+1 Lap,Marina Bay Street Circuit,Marina Bay,Singapore,1.2914,103.864,-1,1,Felipe Massa,15,0,0,0
23237,962,831,15,16,13,0.0,60,11,2016,15,15,Singapore Grand Prix,2016-09-18,Sauber,Swiss,Felipe,Nasr,Brazilian,+1 Lap,Marina Bay Street Circuit,Marina Bay,Singapore,1.2914,103.864,3,1,Felipe Nasr,15,0,0,0
23238,962,832,5,6,14,0.0,60,11,2016,15,15,Singapore Grand Prix,2016-09-18,Toro Rosso,Italian,Carlos,Sainz,Spanish,+1 Lap,Marina Bay Street Circuit,Marina Bay,Singapore,1.2914,103.864,-8,1,Carlos Sainz,15,0,0,0
23239,962,835,4,18,15,0.0,60,11,2016,15,15,Singapore Grand Prix,2016-09-18,Renault,French,Jolyon,Palmer,British,+1 Lap,Marina Bay Street Circuit,Marina Bay,Singapore,1.2914,103.864,3,1,Jolyon Palmer,15,0,0,0
23240,962,836,209,19,16,0.0,60,11,2016,15,15,Singapore Grand Prix,2016-09-18,Manor Marussia,British,Pascal,Wehrlein,German,+1 Lap,Marina Bay Street Circuit,Marina Bay,Singapore,1.2914,103.864,3,1,Pascal Wehrlein,15,0,0,0
23241,962,828,15,14,17,0.0,60,11,2016,15,15,Singapore Grand Prix,2016-09-18,Sauber,Swiss,Marcus,Ericsson,Swedish,+1 Lap,Marina Bay Street Circuit,Marina Bay,Singapore,1.2914,103.864,-3,1,Marcus Ericsson,15,0,0,0
23242,962,839,209,21,18,0.0,59,12,2016,15,15,Singapore Grand Prix,2016-09-18,Manor Marussia,British,Esteban,Ocon,French,+2 Laps,Marina Bay Street Circuit,Marina Bay,Singapore,1.2914,103.864,3,1,Esteban Ocon,15,0,0,0
23243,962,18,1,12,19,0.0,43,23,2016,15,15,Singapore Grand Prix,2016-09-18,McLaren,British,Jenson,Button,British,Brakes,Marina Bay Street Circuit,Marina Bay,Singapore,1.2914,103.864,-7,0,Jenson Button,15,0,0,0
23244,962,822,3,10,20,0.0,35,25,2016,15,15,Singapore Grand Prix,2016-09-18,Williams,British,Valtteri,Bottas,Finnish,Overheating,Marina Bay Street Circuit,Marina Bay,Singapore,1.2914,103.864,-10,0,Valtteri Bottas,15,0,0,0
23245,962,807,10,8,21,0.0,0,4,2016,15,15,Singapore Grand Prix,2016-09-18,Force India,Indian,Nico,Hülkenberg,German,Collision,Marina Bay Street Circuit,Marina Bay,Singapore,1.2914,103.864,-13,0,Nico Hülkenberg,15,0,0,0
23246,962,154,210,20,22,0.0,0,54,2016,15,15,Singapore Grand Prix,2016-09-18,Haas F1 Team,American,Romain,Grosjean,French,Withdrew,Marina Bay Street Circuit,Marina Bay,Singapore,1.2914,103.864,-2,0,Romain Grosjean,15,0,0,0
23247,963,817,9,4,1,25.0,56,1,2016,16,2,Malaysian Grand Prix,2016-10-02,Red Bull,Austrian,Daniel,Ricciardo,Australian,Finished,Sepang International Circuit,Kuala Lumpur,Malaysia,2.76083,101.738,3,1,Daniel Ricciardo,16,1,1,1
23248,963,830,9,3,2,18.0,56,1,2016,16,2,Malaysian Grand Prix,2016-10-02,Red Bull,Austrian,Max,Verstappen,Dutch,Finished,Sepang International Circuit,Kuala Lumpur,Malaysia,2.76083,101.738,1,1,Max Verstappen,16,1,0,1
23249,963,3,131,2,3,15.0,56,1,2016,16,2,Malaysian Grand Prix,2016-10-02,Mercedes,German,Nico,Rosberg,German,Finished,Sepang International Circuit,Kuala Lumpur,Malaysia,2.76083,101.738,-1,1,Nico Rosberg,16,1,0,1
23250,963,8,6,6,4,12.0,56,1,2016,16,2,Malaysian Grand Prix,2016-10-02,Ferrari,Italian,Kimi,Räikkönen,Finnish,Finished,Sepang International Circuit,Kuala Lumpur,Malaysia,2.76083,101.738,2,1,Kimi Räikkönen,16,0,0,1
23251,963,822,3,11,5,10.0,56,1,2016,16,2,Malaysian Grand Prix,2016-10-02,Williams,British,Valtteri,Bottas,Finnish,Finished,Sepang International Circuit,Kuala Lumpur,Malaysia,2.76083,101.738,6,1,Valtteri Bottas,16,0,0,1
23252,963,815,10,7,6,8.0,56,1,2016,16,2,Malaysian Grand Prix,2016-10-02,Force India,Indian,Sergio,Pérez,Mexican,Finished,Sepang International Circuit,Kuala Lumpur,Malaysia,2.76083,101.738,1,1,Sergio Pérez,16,0,0,1
23253,963,4,1,22,7,6.0,56,1,2016,16,2,Malaysian Grand Prix,2016-10-02,McLaren,British,Fernando,Alonso,Spanish,Finished,Sepang International Circuit,Kuala Lumpur,Malaysia,2.76083,101.738,15,1,Fernando Alonso,16,0,0,1
23254,963,807,10,8,8,4.0,56,1,2016,16,2,Malaysian Grand Prix,2016-10-02,Force India,Indian,Nico,Hülkenberg,German,Finished,Sepang International Circuit,Kuala Lumpur,Malaysia,2.76083,101.738,0,1,Nico Hülkenberg,16,0,0,1
23255,963,18,1,9,9,2.0,56,1,2016,16,2,Malaysian Grand Prix,2016-10-02,McLaren,British,Jenson,Button,British,Finished,Sepang International Circuit,Kuala Lumpur,Malaysia,2.76083,101.738,0,1,Jenson Button,16,0,0,1
23256,963,835,4,19,10,1.0,56,1,2016,16,2,Malaysian Grand Prix,2016-10-02,Renault,French,Jolyon,Palmer,British,Finished,Sepang International Circuit,Kuala Lumpur,Malaysia,2.76083,101.738,9,1,Jolyon Palmer,16,0,0,1
23257,963,832,5,16,11,0.0,56,1,2016,16,2,Malaysian Grand Prix,2016-10-02,Toro Rosso,Italian,Carlos,Sainz,Spanish,Finished,Sepang International Circuit,Kuala Lumpur,Malaysia,2.76083,101.738,5,1,Carlos Sainz,16,0,0,0
23258,963,828,15,17,12,0.0,55,11,2016,16,2,Malaysian Grand Prix,2016-10-02,Sauber,Swiss,Marcus,Ericsson,Swedish,+1 Lap,Sepang International Circuit,Kuala Lumpur,Malaysia,2.76083,101.738,5,1,Marcus Ericsson,16,0,0,0
23259,963,13,3,10,13,0.0,55,11,2016,16,2,Malaysian Grand Prix,2016-10-02,Williams,British,Felipe,Massa,Brazilian,+1 Lap,Sepang International Circuit,Kuala Lumpur,Malaysia,2.76083,101.738,-3,1,Felipe Massa,16,0,0,0
23260,963,826,5,15,14,0.0,55,11,2016,16,2,Malaysian Grand Prix,2016-10-02,Toro Rosso,Italian,Daniil,Kvyat,Russian,+1 Lap,Sepang International Circuit,Kuala Lumpur,Malaysia,2.76083,101.738,1,1,Daniil Kvyat,16,0,0,0
23261,963,836,209,21,15,0.0,55,11,2016,16,2,Malaysian Grand Prix,2016-10-02,Manor Marussia,British,Pascal,Wehrlein,German,+1 Lap,Sepang International Circuit,Kuala Lumpur,Malaysia,2.76083,101.738,6,1,Pascal Wehrlein,16,0,0,0
23262,963,839,209,20,16,0.0,55,11,2016,16,2,Malaysian Grand Prix,2016-10-02,Manor Marussia,British,Esteban,Ocon,French,+1 Lap,Sepang International Circuit,Kuala Lumpur,Malaysia,2.76083,101.738,4,1,Esteban Ocon,16,0,0,0
23263,963,831,15,18,17,0.0,46,23,2016,16,2,Malaysian Grand Prix,2016-10-02,Sauber,Swiss,Felipe,Nasr,Brazilian,Brakes,Sepang International Circuit,Kuala Lumpur,Malaysia,2.76083,101.738,1,0,Felipe Nasr,16,0,0,0
23264,963,1,131,1,18,0.0,40,5,2016,16,2,Malaysian Grand Prix,2016-10-02,Mercedes,German,Lewis,Hamilton,British,Engine,Sepang International Circuit,Kuala Lumpur,Malaysia,2.76083,101.738,-17,0,Lewis Hamilton,16,0,0,0
23265,963,821,210,13,19,0.0,39,61,2016,16,2,Malaysian Grand Prix,2016-10-02,Haas F1 Team,American,Esteban,Gutiérrez,Mexican,Wheel nut,Sepang International Circuit,Kuala Lumpur,Malaysia,2.76083,101.738,-6,0,Esteban Gutiérrez,16,0,0,0
23266,963,825,4,14,20,0.0,17,75,2016,16,2,Malaysian Grand Prix,2016-10-02,Renault,French,Kevin,Magnussen,Danish,Power loss,Sepang International Circuit,Kuala Lumpur,Malaysia,2.76083,101.738,-6,0,Kevin Magnussen,16,0,0,0
23267,963,154,210,12,21,0.0,7,23,2016,16,2,Malaysian Grand Prix,2016-10-02,Haas F1 Team,American,Romain,Grosjean,French,Brakes,Sepang International Circuit,Kuala Lumpur,Malaysia,2.76083,101.738,-9,0,Romain Grosjean,16,0,0,0
23268,963,20,6,5,22,0.0,0,4,2016,16,2,Malaysian Grand Prix,2016-10-02,Ferrari,Italian,Sebastian,Vettel,German,Collision,Sepang International Circuit,Kuala Lumpur,Malaysia,2.76083,101.738,-17,0,Sebastian Vettel,16,0,0,0
23269,964,3,131,1,1,25.0,53,1,2016,17,22,Japanese Grand Prix,2016-10-09,Mercedes,German,Nico,Rosberg,German,Finished,Suzuka Circuit,Suzuka,Japan,34.8431,136.541,0,1,Nico Rosberg,17,1,1,1
23270,964,830,9,3,2,18.0,53,1,2016,17,22,Japanese Grand Prix,2016-10-09,Red Bull,Austrian,Max,Verstappen,Dutch,Finished,Suzuka Circuit,Suzuka,Japan,34.8431,136.541,1,1,Max Verstappen,17,1,0,1
23271,964,1,131,2,3,15.0,53,1,2016,17,22,Japanese Grand Prix,2016-10-09,Mercedes,German,Lewis,Hamilton,British,Finished,Suzuka Circuit,Suzuka,Japan,34.8431,136.541,-1,1,Lewis Hamilton,17,1,0,1
23272,964,20,6,6,4,12.0,53,1,2016,17,22,Japanese Grand Prix,2016-10-09,Ferrari,Italian,Sebastian,Vettel,German,Finished,Suzuka Circuit,Suzuka,Japan,34.8431,136.541,2,1,Sebastian Vettel,17,0,0,1
23273,964,8,6,8,5,10.0,53,1,2016,17,22,Japanese Grand Prix,2016-10-09,Ferrari,Italian,Kimi,Räikkönen,Finnish,Finished,Suzuka Circuit,Suzuka,Japan,34.8431,136.541,3,1,Kimi Räikkönen,17,0,0,1
23274,964,817,9,4,6,8.0,53,1,2016,17,22,Japanese Grand Prix,2016-10-09,Red Bull,Austrian,Daniel,Ricciardo,Australian,Finished,Suzuka Circuit,Suzuka,Japan,34.8431,136.541,-2,1,Daniel Ricciardo,17,0,0,1
23275,964,815,10,5,7,6.0,53,1,2016,17,22,Japanese Grand Prix,2016-10-09,Force India,Indian,Sergio,Pérez,Mexican,Finished,Suzuka Circuit,Suzuka,Japan,34.8431,136.541,-2,1,Sergio Pérez,17,0,0,1
23276,964,807,10,9,8,4.0,53,1,2016,17,22,Japanese Grand Prix,2016-10-09,Force India,Indian,Nico,Hülkenberg,German,Finished,Suzuka Circuit,Suzuka,Japan,34.8431,136.541,1,1,Nico Hülkenberg,17,0,0,1
23277,964,13,3,12,9,2.0,53,1,2016,17,22,Japanese Grand Prix,2016-10-09,Williams,British,Felipe,Massa,Brazilian,Finished,Suzuka Circuit,Suzuka,Japan,34.8431,136.541,3,1,Felipe Massa,17,0,0,1
23278,964,822,3,11,10,1.0,53,1,2016,17,22,Japanese Grand Prix,2016-10-09,Williams,British,Valtteri,Bottas,Finnish,Finished,Suzuka Circuit,Suzuka,Japan,34.8431,136.541,1,1,Valtteri Bottas,17,0,0,1
23279,964,154,210,7,11,0.0,53,1,2016,17,22,Japanese Grand Prix,2016-10-09,Haas F1 Team,American,Romain,Grosjean,French,Finished,Suzuka Circuit,Suzuka,Japan,34.8431,136.541,-4,1,Romain Grosjean,17,0,0,0
23280,964,835,4,16,12,0.0,52,11,2016,17,22,Japanese Grand Prix,2016-10-09,Renault,French,Jolyon,Palmer,British,+1 Lap,Suzuka Circuit,Suzuka,Japan,34.8431,136.541,4,1,Jolyon Palmer,17,0,0,0
23281,964,826,5,13,13,0.0,52,11,2016,17,22,Japanese Grand Prix,2016-10-09,Toro Rosso,Italian,Daniil,Kvyat,Russian,+1 Lap,Suzuka Circuit,Suzuka,Japan,34.8431,136.541,0,1,Daniil Kvyat,17,0,0,0
23282,964,825,4,17,14,0.0,52,11,2016,17,22,Japanese Grand Prix,2016-10-09,Renault,French,Kevin,Magnussen,Danish,+1 Lap,Suzuka Circuit,Suzuka,Japan,34.8431,136.541,3,1,Kevin Magnussen,17,0,0,0
23283,964,828,15,18,15,0.0,52,11,2016,17,22,Japanese Grand Prix,2016-10-09,Sauber,Swiss,Marcus,Ericsson,Swedish,+1 Lap,Suzuka Circuit,Suzuka,Japan,34.8431,136.541,3,1,Marcus Ericsson,17,0,0,0
23284,964,4,1,15,16,0.0,52,11,2016,17,22,Japanese Grand Prix,2016-10-09,McLaren,British,Fernando,Alonso,Spanish,+1 Lap,Suzuka Circuit,Suzuka,Japan,34.8431,136.541,-1,1,Fernando Alonso,17,0,0,0
23285,964,832,5,14,17,0.0,52,11,2016,17,22,Japanese Grand Prix,2016-10-09,Toro Rosso,Italian,Carlos,Sainz,Spanish,+1 Lap,Suzuka Circuit,Suzuka,Japan,34.8431,136.541,-3,1,Carlos Sainz,17,0,0,0
23286,964,18,1,22,18,0.0,52,11,2016,17,22,Japanese Grand Prix,2016-10-09,McLaren,British,Jenson,Button,British,+1 Lap,Suzuka Circuit,Suzuka,Japan,34.8431,136.541,4,1,Jenson Button,17,0,0,0
23287,964,831,15,19,19,0.0,52,11,2016,17,22,Japanese Grand Prix,2016-10-09,Sauber,Swiss,Felipe,Nasr,Brazilian,+1 Lap,Suzuka Circuit,Suzuka,Japan,34.8431,136.541,0,1,Felipe Nasr,17,0,0,0
23288,964,821,210,10,20,0.0,52,11,2016,17,22,Japanese Grand Prix,2016-10-09,Haas F1 Team,American,Esteban,Gutiérrez,Mexican,+1 Lap,Suzuka Circuit,Suzuka,Japan,34.8431,136.541,-10,1,Esteban Gutiérrez,17,0,0,0
23289,964,839,209,20,21,0.0,52,11,2016,17,22,Japanese Grand Prix,2016-10-09,Manor Marussia,British,Esteban,Ocon,French,+1 Lap,Suzuka Circuit,Suzuka,Japan,34.8431,136.541,-1,1,Esteban Ocon,17,0,0,0
23290,964,836,209,21,22,0.0,52,11,2016,17,22,Japanese Grand Prix,2016-10-09,Manor Marussia,British,Pascal,Wehrlein,German,+1 Lap,Suzuka Circuit,Suzuka,Japan,34.8431,136.541,-1,1,Pascal Wehrlein,17,0,0,0
23291,965,1,131,1,1,25.0,56,1,2016,18,69,United States Grand Prix,2016-10-23,Mercedes,German,Lewis,Hamilton,British,Finished,Circuit of the Americas,Austin,USA,30.1328,-97.6411,0,1,Lewis Hamilton,18,1,1,1
23292,965,3,131,2,2,18.0,56,1,2016,18,69,United States Grand Prix,2016-10-23,Mercedes,German,Nico,Rosberg,German,Finished,Circuit of the Americas,Austin,USA,30.1328,-97.6411,0,1,Nico Rosberg,18,1,0,1
23293,965,817,9,3,3,15.0,56,1,2016,18,69,United States Grand Prix,2016-10-23,Red Bull,Austrian,Daniel,Ricciardo,Australian,Finished,Circuit of the Americas,Austin,USA,30.1328,-97.6411,0,1,Daniel Ricciardo,18,1,0,1
23294,965,20,6,6,4,12.0,56,1,2016,18,69,United States Grand Prix,2016-10-23,Ferrari,Italian,Sebastian,Vettel,German,Finished,Circuit of the Americas,Austin,USA,30.1328,-97.6411,2,1,Sebastian Vettel,18,0,0,1
23295,965,4,1,12,5,10.0,56,1,2016,18,69,United States Grand Prix,2016-10-23,McLaren,British,Fernando,Alonso,Spanish,Finished,Circuit of the Americas,Austin,USA,30.1328,-97.6411,7,1,Fernando Alonso,18,0,0,1
23296,965,832,5,10,6,8.0,56,1,2016,18,69,United States Grand Prix,2016-10-23,Toro Rosso,Italian,Carlos,Sainz,Spanish,Finished,Circuit of the Americas,Austin,USA,30.1328,-97.6411,4,1,Carlos Sainz,18,0,0,1
23297,965,13,3,9,7,6.0,55,11,2016,18,69,United States Grand Prix,2016-10-23,Williams,British,Felipe,Massa,Brazilian,+1 Lap,Circuit of the Americas,Austin,USA,30.1328,-97.6411,2,1,Felipe Massa,18,0,0,1
23298,965,815,10,11,8,4.0,55,11,2016,18,69,United States Grand Prix,2016-10-23,Force India,Indian,Sergio,Pérez,Mexican,+1 Lap,Circuit of the Americas,Austin,USA,30.1328,-97.6411,3,1,Sergio Pérez,18,0,0,1
23299,965,18,1,19,9,2.0,55,11,2016,18,69,United States Grand Prix,2016-10-23,McLaren,British,Jenson,Button,British,+1 Lap,Circuit of the Americas,Austin,USA,30.1328,-97.6411,10,1,Jenson Button,18,0,0,1
23300,965,154,210,17,10,1.0,55,11,2016,18,69,United States Grand Prix,2016-10-23,Haas F1 Team,American,Romain,Grosjean,French,+1 Lap,Circuit of the Americas,Austin,USA,30.1328,-97.6411,7,1,Romain Grosjean,18,0,0,1
23301,965,826,5,13,11,0.0,55,11,2016,18,69,United States Grand Prix,2016-10-23,Toro Rosso,Italian,Daniil,Kvyat,Russian,+1 Lap,Circuit of the Americas,Austin,USA,30.1328,-97.6411,2,1,Daniil Kvyat,18,0,0,0
23302,965,825,4,18,12,0.0,55,11,2016,18,69,United States Grand Prix,2016-10-23,Renault,French,Kevin,Magnussen,Danish,+1 Lap,Circuit of the Americas,Austin,USA,30.1328,-97.6411,6,1,Kevin Magnussen,18,0,0,0
23303,965,835,4,15,13,0.0,55,11,2016,18,69,United States Grand Prix,2016-10-23,Renault,French,Jolyon,Palmer,British,+1 Lap,Circuit of the Americas,Austin,USA,30.1328,-97.6411,2,1,Jolyon Palmer,18,0,0,0
23304,965,828,15,16,14,0.0,55,11,2016,18,69,United States Grand Prix,2016-10-23,Sauber,Swiss,Marcus,Ericsson,Swedish,+1 Lap,Circuit of the Americas,Austin,USA,30.1328,-97.6411,2,1,Marcus Ericsson,18,0,0,0
23305,965,831,15,21,15,0.0,55,11,2016,18,69,United States Grand Prix,2016-10-23,Sauber,Swiss,Felipe,Nasr,Brazilian,+1 Lap,Circuit of the Americas,Austin,USA,30.1328,-97.6411,6,1,Felipe Nasr,18,0,0,0
23306,965,822,3,8,16,0.0,55,11,2016,18,69,United States Grand Prix,2016-10-23,Williams,British,Valtteri,Bottas,Finnish,+1 Lap,Circuit of the Americas,Austin,USA,30.1328,-97.6411,-8,1,Valtteri Bottas,18,0,0,0
23307,965,836,209,20,17,0.0,55,11,2016,18,69,United States Grand Prix,2016-10-23,Manor Marussia,British,Pascal,Wehrlein,German,+1 Lap,Circuit of the Americas,Austin,USA,30.1328,-97.6411,3,1,Pascal Wehrlein,18,0,0,0
23308,965,839,209,22,18,0.0,54,12,2016,18,69,United States Grand Prix,2016-10-23,Manor Marussia,British,Esteban,Ocon,French,+2 Laps,Circuit of the Americas,Austin,USA,30.1328,-97.6411,4,1,Esteban Ocon,18,0,0,0
23309,965,8,6,5,19,0.0,38,36,2016,18,69,United States Grand Prix,2016-10-23,Ferrari,Italian,Kimi,Räikkönen,Finnish,Wheel,Circuit of the Americas,Austin,USA,30.1328,-97.6411,-14,0,Kimi Räikkönen,18,0,0,0
23310,965,830,9,4,20,0.0,28,6,2016,18,69,United States Grand Prix,2016-10-23,Red Bull,Austrian,Max,Verstappen,Dutch,Gearbox,Circuit of the Americas,Austin,USA,30.1328,-97.6411,-16,0,Max Verstappen,18,0,0,0
23311,965,821,210,14,21,0.0,16,23,2016,18,69,United States Grand Prix,2016-10-23,Haas F1 Team,American,Esteban,Gutiérrez,Mexican,Brakes,Circuit of the Americas,Austin,USA,30.1328,-97.6411,-7,0,Esteban Gutiérrez,18,0,0,0
23312,965,807,10,7,22,0.0,1,4,2016,18,69,United States Grand Prix,2016-10-23,Force India,Indian,Nico,Hülkenberg,German,Collision,Circuit of the Americas,Austin,USA,30.1328,-97.6411,-15,0,Nico Hülkenberg,18,0,0,0
23313,966,1,131,1,1,25.0,71,1,2016,19,32,Mexican Grand Prix,2016-10-30,Mercedes,German,Lewis,Hamilton,British,Finished,Autódromo Hermanos Rodríguez,Mexico City,Mexico,19.4042,-99.0907,0,1,Lewis Hamilton,19,1,1,1
23314,966,3,131,2,2,18.0,71,1,2016,19,32,Mexican Grand Prix,2016-10-30,Mercedes,German,Nico,Rosberg,German,Finished,Autódromo Hermanos Rodríguez,Mexico City,Mexico,19.4042,-99.0907,0,1,Nico Rosberg,19,1,0,1
23315,966,817,9,4,3,15.0,71,1,2016,19,32,Mexican Grand Prix,2016-10-30,Red Bull,Austrian,Daniel,Ricciardo,Australian,Finished,Autódromo Hermanos Rodríguez,Mexico City,Mexico,19.4042,-99.0907,1,1,Daniel Ricciardo,19,1,0,1
23316,966,830,9,3,4,12.0,71,1,2016,19,32,Mexican Grand Prix,2016-10-30,Red Bull,Austrian,Max,Verstappen,Dutch,Finished,Autódromo Hermanos Rodríguez,Mexico City,Mexico,19.4042,-99.0907,-1,1,Max Verstappen,19,0,0,1
23317,966,20,6,7,5,10.0,71,1,2016,19,32,Mexican Grand Prix,2016-10-30,Ferrari,Italian,Sebastian,Vettel,German,Finished,Autódromo Hermanos Rodríguez,Mexico City,Mexico,19.4042,-99.0907,2,1,Sebastian Vettel,19,0,0,1
23318,966,8,6,6,6,8.0,71,1,2016,19,32,Mexican Grand Prix,2016-10-30,Ferrari,Italian,Kimi,Räikkönen,Finnish,Finished,Autódromo Hermanos Rodríguez,Mexico City,Mexico,19.4042,-99.0907,0,1,Kimi Räikkönen,19,0,0,1
23319,966,807,10,5,7,6.0,71,1,2016,19,32,Mexican Grand Prix,2016-10-30,Force India,Indian,Nico,Hülkenberg,German,Finished,Autódromo Hermanos Rodríguez,Mexico City,Mexico,19.4042,-99.0907,-2,1,Nico Hülkenberg,19,0,0,1
23320,966,822,3,8,8,4.0,71,1,2016,19,32,Mexican Grand Prix,2016-10-30,Williams,British,Valtteri,Bottas,Finnish,Finished,Autódromo Hermanos Rodríguez,Mexico City,Mexico,19.4042,-99.0907,0,1,Valtteri Bottas,19,0,0,1
23321,966,13,3,9,9,2.0,71,1,2016,19,32,Mexican Grand Prix,2016-10-30,Williams,British,Felipe,Massa,Brazilian,Finished,Autódromo Hermanos Rodríguez,Mexico City,Mexico,19.4042,-99.0907,0,1,Felipe Massa,19,0,0,1
23322,966,815,10,12,10,1.0,71,1,2016,19,32,Mexican Grand Prix,2016-10-30,Force India,Indian,Sergio,Pérez,Mexican,Finished,Autódromo Hermanos Rodríguez,Mexico City,Mexico,19.4042,-99.0907,2,1,Sergio Pérez,19,0,0,1
23323,966,828,15,15,11,0.0,70,11,2016,19,32,Mexican Grand Prix,2016-10-30,Sauber,Swiss,Marcus,Ericsson,Swedish,+1 Lap,Autódromo Hermanos Rodríguez,Mexico City,Mexico,19.4042,-99.0907,4,1,Marcus Ericsson,19,0,0,0
23324,966,18,1,13,12,0.0,70,11,2016,19,32,Mexican Grand Prix,2016-10-30,McLaren,British,Jenson,Button,British,+1 Lap,Autódromo Hermanos Rodríguez,Mexico City,Mexico,19.4042,-99.0907,1,1,Jenson Button,19,0,0,0
23325,966,4,1,11,13,0.0,70,11,2016,19,32,Mexican Grand Prix,2016-10-30,McLaren,British,Fernando,Alonso,Spanish,+1 Lap,Autódromo Hermanos Rodríguez,Mexico City,Mexico,19.4042,-99.0907,-2,1,Fernando Alonso,19,0,0,0
23326,966,835,4,21,14,0.0,70,11,2016,19,32,Mexican Grand Prix,2016-10-30,Renault,French,Jolyon,Palmer,British,+1 Lap,Autódromo Hermanos Rodríguez,Mexico City,Mexico,19.4042,-99.0907,7,1,Jolyon Palmer,19,0,0,0
23327,966,831,15,19,15,0.0,70,11,2016,19,32,Mexican Grand Prix,2016-10-30,Sauber,Swiss,Felipe,Nasr,Brazilian,+1 Lap,Autódromo Hermanos Rodríguez,Mexico City,Mexico,19.4042,-99.0907,4,1,Felipe Nasr,19,0,0,0
23328,966,832,5,10,16,0.0,70,11,2016,19,32,Mexican Grand Prix,2016-10-30,Toro Rosso,Italian,Carlos,Sainz,Spanish,+1 Lap,Autódromo Hermanos Rodríguez,Mexico City,Mexico,19.4042,-99.0907,-6,1,Carlos Sainz,19,0,0,0
23329,966,825,4,14,17,0.0,70,11,2016,19,32,Mexican Grand Prix,2016-10-30,Renault,French,Kevin,Magnussen,Danish,+1 Lap,Autódromo Hermanos Rodríguez,Mexico City,Mexico,19.4042,-99.0907,-3,1,Kevin Magnussen,19,0,0,0
23330,966,826,5,18,18,0.0,70,11,2016,19,32,Mexican Grand Prix,2016-10-30,Toro Rosso,Italian,Daniil,Kvyat,Russian,+1 Lap,Autódromo Hermanos Rodríguez,Mexico City,Mexico,19.4042,-99.0907,0,1,Daniil Kvyat,19,0,0,0
23331,966,821,210,17,19,0.0,70,11,2016,19,32,Mexican Grand Prix,2016-10-30,Haas F1 Team,American,Esteban,Gutiérrez,Mexican,+1 Lap,Autódromo Hermanos Rodríguez,Mexico City,Mexico,19.4042,-99.0907,-2,1,Esteban Gutiérrez,19,0,0,0
23332,966,154,210,22,20,0.0,70,11,2016,19,32,Mexican Grand Prix,2016-10-30,Haas F1 Team,American,Romain,Grosjean,French,+1 Lap,Autódromo Hermanos Rodríguez,Mexico City,Mexico,19.4042,-99.0907,2,1,Romain Grosjean,19,0,0,0
23333,966,839,209,20,21,0.0,69,12,2016,19,32,Mexican Grand Prix,2016-10-30,Manor Marussia,British,Esteban,Ocon,French,+2 Laps,Autódromo Hermanos Rodríguez,Mexico City,Mexico,19.4042,-99.0907,-1,1,Esteban Ocon,19,0,0,0
23334,966,836,209,16,22,0.0,0,4,2016,19,32,Mexican Grand Prix,2016-10-30,Manor Marussia,British,Pascal,Wehrlein,German,Collision,Autódromo Hermanos Rodríguez,Mexico City,Mexico,19.4042,-99.0907,-6,0,Pascal Wehrlein,19,0,0,0
23335,967,1,131,1,1,25.0,71,1,2016,20,18,Brazilian Grand Prix,2016-11-13,Mercedes,German,Lewis,Hamilton,British,Finished,Autódromo José Carlos Pace,São Paulo,Brazil,-23.7036,-46.6997,0,1,Lewis Hamilton,20,1,1,1
23336,967,3,131,2,2,18.0,71,1,2016,20,18,Brazilian Grand Prix,2016-11-13,Mercedes,German,Nico,Rosberg,German,Finished,Autódromo José Carlos Pace,São Paulo,Brazil,-23.7036,-46.6997,0,1,Nico Rosberg,20,1,0,1
23337,967,830,9,4,3,15.0,71,1,2016,20,18,Brazilian Grand Prix,2016-11-13,Red Bull,Austrian,Max,Verstappen,Dutch,Finished,Autódromo José Carlos Pace,São Paulo,Brazil,-23.7036,-46.6997,1,1,Max Verstappen,20,1,0,1
23338,967,815,10,9,4,12.0,71,1,2016,20,18,Brazilian Grand Prix,2016-11-13,Force India,Indian,Sergio,Pérez,Mexican,Finished,Autódromo José Carlos Pace,São Paulo,Brazil,-23.7036,-46.6997,5,1,Sergio Pérez,20,0,0,1
23339,967,20,6,5,5,10.0,71,1,2016,20,18,Brazilian Grand Prix,2016-11-13,Ferrari,Italian,Sebastian,Vettel,German,Finished,Autódromo José Carlos Pace,São Paulo,Brazil,-23.7036,-46.6997,0,1,Sebastian Vettel,20,0,0,1
23340,967,832,5,15,6,8.0,71,1,2016,20,18,Brazilian Grand Prix,2016-11-13,Toro Rosso,Italian,Carlos,Sainz,Spanish,Finished,Autódromo José Carlos Pace,São Paulo,Brazil,-23.7036,-46.6997,9,1,Carlos Sainz,20,0,0,1
23341,967,807,10,8,7,6.0,71,1,2016,20,18,Brazilian Grand Prix,2016-11-13,Force India,Indian,Nico,Hülkenberg,German,Finished,Autódromo José Carlos Pace,São Paulo,Brazil,-23.7036,-46.6997,1,1,Nico Hülkenberg,20,0,0,1
23342,967,817,9,6,8,4.0,71,1,2016,20,18,Brazilian Grand Prix,2016-11-13,Red Bull,Austrian,Daniel,Ricciardo,Australian,Finished,Autódromo José Carlos Pace,São Paulo,Brazil,-23.7036,-46.6997,-2,1,Daniel Ricciardo,20,0,0,1
23343,967,831,15,21,9,2.0,71,1,2016,20,18,Brazilian Grand Prix,2016-11-13,Sauber,Swiss,Felipe,Nasr,Brazilian,Finished,Autódromo José Carlos Pace,São Paulo,Brazil,-23.7036,-46.6997,12,1,Felipe Nasr,20,0,0,1
23344,967,4,1,10,10,1.0,71,1,2016,20,18,Brazilian Grand Prix,2016-11-13,McLaren,British,Fernando,Alonso,Spanish,Finished,Autódromo José Carlos Pace,São Paulo,Brazil,-23.7036,-46.6997,0,1,Fernando Alonso,20,0,0,1
23345,967,822,3,11,11,0.0,71,1,2016,20,18,Brazilian Grand Prix,2016-11-13,Williams,British,Valtteri,Bottas,Finnish,Finished,Autódromo José Carlos Pace,São Paulo,Brazil,-23.7036,-46.6997,0,1,Valtteri Bottas,20,0,0,0
23346,967,839,209,22,12,0.0,71,1,2016,20,18,Brazilian Grand Prix,2016-11-13,Manor Marussia,British,Esteban,Ocon,French,Finished,Autódromo José Carlos Pace,São Paulo,Brazil,-23.7036,-46.6997,10,1,Esteban Ocon,20,0,0,0
23347,967,826,5,14,13,0.0,71,1,2016,20,18,Brazilian Grand Prix,2016-11-13,Toro Rosso,Italian,Daniil,Kvyat,Russian,Finished,Autódromo José Carlos Pace,São Paulo,Brazil,-23.7036,-46.6997,1,1,Daniil Kvyat,20,0,0,0
23348,967,825,4,18,14,0.0,71,1,2016,20,18,Brazilian Grand Prix,2016-11-13,Renault,French,Kevin,Magnussen,Danish,Finished,Autódromo José Carlos Pace,São Paulo,Brazil,-23.7036,-46.6997,4,1,Kevin Magnussen,20,0,0,0
23349,967,836,209,19,15,0.0,71,1,2016,20,18,Brazilian Grand Prix,2016-11-13,Manor Marussia,British,Pascal,Wehrlein,German,Finished,Autódromo José Carlos Pace,São Paulo,Brazil,-23.7036,-46.6997,4,1,Pascal Wehrlein,20,0,0,0
23350,967,18,1,17,16,0.0,71,1,2016,20,18,Brazilian Grand Prix,2016-11-13,McLaren,British,Jenson,Button,British,Finished,Autódromo José Carlos Pace,São Paulo,Brazil,-23.7036,-46.6997,1,1,Jenson Button,20,0,0,0
23351,967,821,210,12,17,0.0,60,31,2016,20,18,Brazilian Grand Prix,2016-11-13,Haas F1 Team,American,Esteban,Gutiérrez,Mexican,Retired,Autódromo José Carlos Pace,São Paulo,Brazil,-23.7036,-46.6997,-5,0,Esteban Gutiérrez,20,0,0,0
23352,967,13,3,13,18,0.0,46,4,2016,20,18,Brazilian Grand Prix,2016-11-13,Williams,British,Felipe,Massa,Brazilian,Collision,Autódromo José Carlos Pace,São Paulo,Brazil,-23.7036,-46.6997,-5,0,Felipe Massa,20,0,0,0
23353,967,835,4,16,19,0.0,20,130,2016,20,18,Brazilian Grand Prix,2016-11-13,Renault,French,Jolyon,Palmer,British,Collision damage,Autódromo José Carlos Pace,São Paulo,Brazil,-23.7036,-46.6997,-3,0,Jolyon Palmer,20,0,0,0
23354,967,8,6,3,20,0.0,19,4,2016,20,18,Brazilian Grand Prix,2016-11-13,Ferrari,Italian,Kimi,Räikkönen,Finnish,Collision,Autódromo José Carlos Pace,São Paulo,Brazil,-23.7036,-46.6997,-17,0,Kimi Räikkönen,20,0,0,0
23355,967,828,15,20,21,0.0,11,4,2016,20,18,Brazilian Grand Prix,2016-11-13,Sauber,Swiss,Marcus,Ericsson,Swedish,Collision,Autódromo José Carlos Pace,São Paulo,Brazil,-23.7036,-46.6997,-1,0,Marcus Ericsson,20,0,0,0
23356,967,154,210,7,22,0.0,0,54,2016,20,18,Brazilian Grand Prix,2016-11-13,Haas F1 Team,American,Romain,Grosjean,French,Withdrew,Autódromo José Carlos Pace,São Paulo,Brazil,-23.7036,-46.6997,-15,0,Romain Grosjean,20,0,0,0
23357,968,1,131,1,1,25.0,55,1,2016,21,24,Abu Dhabi Grand Prix,2016-11-27,Mercedes,German,Lewis,Hamilton,British,Finished,Yas Marina Circuit,Abu Dhabi,UAE,24.4672,54.6031,0,1,Lewis Hamilton,21,1,1,1
23358,968,3,131,2,2,18.0,55,1,2016,21,24,Abu Dhabi Grand Prix,2016-11-27,Mercedes,German,Nico,Rosberg,German,Finished,Yas Marina Circuit,Abu Dhabi,UAE,24.4672,54.6031,0,1,Nico Rosberg,21,1,0,1
23359,968,20,6,5,3,15.0,55,1,2016,21,24,Abu Dhabi Grand Prix,2016-11-27,Ferrari,Italian,Sebastian,Vettel,German,Finished,Yas Marina Circuit,Abu Dhabi,UAE,24.4672,54.6031,2,1,Sebastian Vettel,21,1,0,1
23360,968,830,9,6,4,12.0,55,1,2016,21,24,Abu Dhabi Grand Prix,2016-11-27,Red Bull,Austrian,Max,Verstappen,Dutch,Finished,Yas Marina Circuit,Abu Dhabi,UAE,24.4672,54.6031,2,1,Max Verstappen,21,0,0,1
23361,968,817,9,3,5,10.0,55,1,2016,21,24,Abu Dhabi Grand Prix,2016-11-27,Red Bull,Austrian,Daniel,Ricciardo,Australian,Finished,Yas Marina Circuit,Abu Dhabi,UAE,24.4672,54.6031,-2,1,Daniel Ricciardo,21,0,0,1
23362,968,8,6,4,6,8.0,55,1,2016,21,24,Abu Dhabi Grand Prix,2016-11-27,Ferrari,Italian,Kimi,Räikkönen,Finnish,Finished,Yas Marina Circuit,Abu Dhabi,UAE,24.4672,54.6031,-2,1,Kimi Räikkönen,21,0,0,1
23363,968,807,10,7,7,6.0,55,1,2016,21,24,Abu Dhabi Grand Prix,2016-11-27,Force India,Indian,Nico,Hülkenberg,German,Finished,Yas Marina Circuit,Abu Dhabi,UAE,24.4672,54.6031,0,1,Nico Hülkenberg,21,0,0,1
23364,968,815,10,8,8,4.0,55,1,2016,21,24,Abu Dhabi Grand Prix,2016-11-27,Force India,Indian,Sergio,Pérez,Mexican,Finished,Yas Marina Circuit,Abu Dhabi,UAE,24.4672,54.6031,0,1,Sergio Pérez,21,0,0,1
23365,968,13,3,10,9,2.0,55,1,2016,21,24,Abu Dhabi Grand Prix,2016-11-27,Williams,British,Felipe,Massa,Brazilian,Finished,Yas Marina Circuit,Abu Dhabi,UAE,24.4672,54.6031,1,1,Felipe Massa,21,0,0,1
23366,968,4,1,9,10,1.0,55,1,2016,21,24,Abu Dhabi Grand Prix,2016-11-27,McLaren,British,Fernando,Alonso,Spanish,Finished,Yas Marina Circuit,Abu Dhabi,UAE,24.4672,54.6031,-1,1,Fernando Alonso,21,0,0,1
23367,968,154,210,14,11,0.0,55,1,2016,21,24,Abu Dhabi Grand Prix,2016-11-27,Haas F1 Team,American,Romain,Grosjean,French,Finished,Yas Marina Circuit,Abu Dhabi,UAE,24.4672,54.6031,3,1,Romain Grosjean,21,0,0,0
23368,968,821,210,13,12,0.0,55,1,2016,21,24,Abu Dhabi Grand Prix,2016-11-27,Haas F1 Team,American,Esteban,Gutiérrez,Mexican,Finished,Yas Marina Circuit,Abu Dhabi,UAE,24.4672,54.6031,1,1,Esteban Gutiérrez,21,0,0,0
23369,968,839,209,20,13,0.0,54,11,2016,21,24,Abu Dhabi Grand Prix,2016-11-27,Manor Marussia,British,Esteban,Ocon,French,+1 Lap,Yas Marina Circuit,Abu Dhabi,UAE,24.4672,54.6031,7,1,Esteban Ocon,21,0,0,0
23370,968,836,209,16,14,0.0,54,11,2016,21,24,Abu Dhabi Grand Prix,2016-11-27,Manor Marussia,British,Pascal,Wehrlein,German,+1 Lap,Yas Marina Circuit,Abu Dhabi,UAE,24.4672,54.6031,2,1,Pascal Wehrlein,21,0,0,0
23371,968,828,15,22,15,0.0,54,11,2016,21,24,Abu Dhabi Grand Prix,2016-11-27,Sauber,Swiss,Marcus,Ericsson,Swedish,+1 Lap,Yas Marina Circuit,Abu Dhabi,UAE,24.4672,54.6031,7,1,Marcus Ericsson,21,0,0,0
23372,968,831,15,19,16,0.0,54,11,2016,21,24,Abu Dhabi Grand Prix,2016-11-27,Sauber,Swiss,Felipe,Nasr,Brazilian,+1 Lap,Yas Marina Circuit,Abu Dhabi,UAE,24.4672,54.6031,3,1,Felipe Nasr,21,0,0,0
23373,968,835,4,15,17,0.0,54,11,2016,21,24,Abu Dhabi Grand Prix,2016-11-27,Renault,French,Jolyon,Palmer,British,+1 Lap,Yas Marina Circuit,Abu Dhabi,UAE,24.4672,54.6031,-2,1,Jolyon Palmer,21,0,0,0
23374,968,832,5,21,18,0.0,41,130,2016,21,24,Abu Dhabi Grand Prix,2016-11-27,Toro Rosso,Italian,Carlos,Sainz,Spanish,Collision damage,Yas Marina Circuit,Abu Dhabi,UAE,24.4672,54.6031,3,0,Carlos Sainz,21,0,0,0
23375,968,826,5,17,19,0.0,14,6,2016,21,24,Abu Dhabi Grand Prix,2016-11-27,Toro Rosso,Italian,Daniil,Kvyat,Russian,Gearbox,Yas Marina Circuit,Abu Dhabi,UAE,24.4672,54.6031,-2,0,Daniil Kvyat,21,0,0,0
23376,968,18,1,12,20,0.0,12,22,2016,21,24,Abu Dhabi Grand Prix,2016-11-27,McLaren,British,Jenson,Button,British,Suspension,Yas Marina Circuit,Abu Dhabi,UAE,24.4672,54.6031,-8,0,Jenson Button,21,0,0,0
23377,968,822,3,11,21,0.0,6,22,2016,21,24,Abu Dhabi Grand Prix,2016-11-27,Williams,British,Valtteri,Bottas,Finnish,Suspension,Yas Marina Circuit,Abu Dhabi,UAE,24.4672,54.6031,-10,0,Valtteri Bottas,21,0,0,0
23378,968,825,4,18,22,0.0,5,22,2016,21,24,Abu Dhabi Grand Prix,2016-11-27,Renault,French,Kevin,Magnussen,Danish,Suspension,Yas Marina Circuit,Abu Dhabi,UAE,24.4672,54.6031,-4,0,Kevin Magnussen,21,0,0,0
23379,969,20,6,2,1,25.0,57,1,2017,1,1,Australian Grand Prix,2017-03-26,Ferrari,Italian,Sebastian,Vettel,German,Finished,Albert Park Grand Prix Circuit,Melbourne,Australia,-37.8497,144.968,1,1,Sebastian Vettel,1,1,1,1
23380,969,1,131,1,2,18.0,57,1,2017,1,1,Australian Grand Prix,2017-03-26,Mercedes,German,Lewis,Hamilton,British,Finished,Albert Park Grand Prix Circuit,Melbourne,Australia,-37.8497,144.968,-1,1,Lewis Hamilton,1,1,0,1
23381,969,822,131,3,3,15.0,57,1,2017,1,1,Australian Grand Prix,2017-03-26,Mercedes,German,Valtteri,Bottas,Finnish,Finished,Albert Park Grand Prix Circuit,Melbourne,Australia,-37.8497,144.968,0,1,Valtteri Bottas,1,1,0,1
23382,969,8,6,4,4,12.0,57,1,2017,1,1,Australian Grand Prix,2017-03-26,Ferrari,Italian,Kimi,Räikkönen,Finnish,Finished,Albert Park Grand Prix Circuit,Melbourne,Australia,-37.8497,144.968,0,1,Kimi Räikkönen,1,0,0,1
23383,969,830,9,5,5,10.0,57,1,2017,1,1,Australian Grand Prix,2017-03-26,Red Bull,Austrian,Max,Verstappen,Dutch,Finished,Albert Park Grand Prix Circuit,Melbourne,Australia,-37.8497,144.968,0,1,Max Verstappen,1,0,0,1
23384,969,13,3,7,6,8.0,57,1,2017,1,1,Australian Grand Prix,2017-03-26,Williams,British,Felipe,Massa,Brazilian,Finished,Albert Park Grand Prix Circuit,Melbourne,Australia,-37.8497,144.968,1,1,Felipe Massa,1,0,0,1
23385,969,815,10,10,7,6.0,56,11,2017,1,1,Australian Grand Prix,2017-03-26,Force India,Indian,Sergio,Pérez,Mexican,+1 Lap,Albert Park Grand Prix Circuit,Melbourne,Australia,-37.8497,144.968,3,1,Sergio Pérez,1,0,0,1
23386,969,832,5,8,8,4.0,56,11,2017,1,1,Australian Grand Prix,2017-03-26,Toro Rosso,Italian,Carlos,Sainz,Spanish,+1 Lap,Albert Park Grand Prix Circuit,Melbourne,Australia,-37.8497,144.968,0,1,Carlos Sainz,1,0,0,1
23387,969,826,5,9,9,2.0,56,11,2017,1,1,Australian Grand Prix,2017-03-26,Toro Rosso,Italian,Daniil,Kvyat,Russian,+1 Lap,Albert Park Grand Prix Circuit,Melbourne,Australia,-37.8497,144.968,0,1,Daniil Kvyat,1,0,0,1
23388,969,839,10,13,10,1.0,56,11,2017,1,1,Australian Grand Prix,2017-03-26,Force India,Indian,Esteban,Ocon,French,+1 Lap,Albert Park Grand Prix Circuit,Melbourne,Australia,-37.8497,144.968,3,1,Esteban Ocon,1,0,0,1
23389,969,807,4,11,11,0.0,56,11,2017,1,1,Australian Grand Prix,2017-03-26,Renault,French,Nico,Hülkenberg,German,+1 Lap,Albert Park Grand Prix Circuit,Melbourne,Australia,-37.8497,144.968,0,1,Nico Hülkenberg,1,0,0,0
23390,969,841,15,16,12,0.0,55,12,2017,1,1,Australian Grand Prix,2017-03-26,Sauber,Swiss,Antonio,Giovinazzi,Italian,+2 Laps,Albert Park Grand Prix Circuit,Melbourne,Australia,-37.8497,144.968,4,1,Antonio Giovinazzi,1,0,0,0
23391,969,838,1,18,13,0.0,55,12,2017,1,1,Australian Grand Prix,2017-03-26,McLaren,British,Stoffel,Vandoorne,Belgian,+2 Laps,Albert Park Grand Prix Circuit,Melbourne,Australia,-37.8497,144.968,5,1,Stoffel Vandoorne,1,0,0,0
23392,969,4,1,12,14,0.0,50,76,2017,1,1,Australian Grand Prix,2017-03-26,McLaren,British,Fernando,Alonso,Spanish,Vibrations,Albert Park Grand Prix Circuit,Melbourne,Australia,-37.8497,144.968,-2,0,Fernando Alonso,1,0,0,0
23393,969,825,210,17,15,0.0,46,22,2017,1,1,Australian Grand Prix,2017-03-26,Haas F1 Team,American,Kevin,Magnussen,Danish,Suspension,Albert Park Grand Prix Circuit,Melbourne,Australia,-37.8497,144.968,2,0,Kevin Magnussen,1,0,0,0
23394,969,840,3,20,16,0.0,40,23,2017,1,1,Australian Grand Prix,2017-03-26,Williams,British,Lance,Stroll,Canadian,Brakes,Albert Park Grand Prix Circuit,Melbourne,Australia,-37.8497,144.968,4,0,Lance Stroll,1,0,0,0
23395,969,817,9,0,17,0.0,25,131,2017,1,1,Australian Grand Prix,2017-03-26,Red Bull,Austrian,Daniel,Ricciardo,Australian,Power Unit,Albert Park Grand Prix Circuit,Melbourne,Australia,-37.8497,144.968,-17,0,Daniel Ricciardo,1,0,0,0
23396,969,828,15,14,18,0.0,21,9,2017,1,1,Australian Grand Prix,2017-03-26,Sauber,Swiss,Marcus,Ericsson,Swedish,Hydraulics,Albert Park Grand Prix Circuit,Melbourne,Australia,-37.8497,144.968,-4,0,Marcus Ericsson,1,0,0,0
23397,969,835,4,19,19,0.0,15,23,2017,1,1,Australian Grand Prix,2017-03-26,Renault,French,Jolyon,Palmer,British,Brakes,Albert Park Grand Prix Circuit,Melbourne,Australia,-37.8497,144.968,0,0,Jolyon Palmer,1,0,0,0
23398,969,154,210,6,20,0.0,13,47,2017,1,1,Australian Grand Prix,2017-03-26,Haas F1 Team,American,Romain,Grosjean,French,Water leak,Albert Park Grand Prix Circuit,Melbourne,Australia,-37.8497,144.968,-14,0,Romain Grosjean,1,0,0,0
23399,970,1,131,1,1,25.0,56,1,2017,2,17,Chinese Grand Prix,2017-04-09,Mercedes,German,Lewis,Hamilton,British,Finished,Shanghai International Circuit,Shanghai,China,31.3389,121.22,0,1,Lewis Hamilton,2,1,1,1
23400,970,20,6,2,2,18.0,56,1,2017,2,17,Chinese Grand Prix,2017-04-09,Ferrari,Italian,Sebastian,Vettel,German,Finished,Shanghai International Circuit,Shanghai,China,31.3389,121.22,0,1,Sebastian Vettel,2,1,0,1
23401,970,830,9,16,3,15.0,56,1,2017,2,17,Chinese Grand Prix,2017-04-09,Red Bull,Austrian,Max,Verstappen,Dutch,Finished,Shanghai International Circuit,Shanghai,China,31.3389,121.22,13,1,Max Verstappen,2,1,0,1
23402,970,817,9,5,4,12.0,56,1,2017,2,17,Chinese Grand Prix,2017-04-09,Red Bull,Austrian,Daniel,Ricciardo,Australian,Finished,Shanghai International Circuit,Shanghai,China,31.3389,121.22,1,1,Daniel Ricciardo,2,0,0,1
23403,970,8,6,4,5,10.0,56,1,2017,2,17,Chinese Grand Prix,2017-04-09,Ferrari,Italian,Kimi,Räikkönen,Finnish,Finished,Shanghai International Circuit,Shanghai,China,31.3389,121.22,-1,1,Kimi Räikkönen,2,0,0,1
23404,970,822,131,3,6,8.0,56,1,2017,2,17,Chinese Grand Prix,2017-04-09,Mercedes,German,Valtteri,Bottas,Finnish,Finished,Shanghai International Circuit,Shanghai,China,31.3389,121.22,-3,1,Valtteri Bottas,2,0,0,1
23405,970,832,5,11,7,6.0,56,1,2017,2,17,Chinese Grand Prix,2017-04-09,Toro Rosso,Italian,Carlos,Sainz,Spanish,Finished,Shanghai International Circuit,Shanghai,China,31.3389,121.22,4,1,Carlos Sainz,2,0,0,1
23406,970,825,210,12,8,4.0,55,11,2017,2,17,Chinese Grand Prix,2017-04-09,Haas F1 Team,American,Kevin,Magnussen,Danish,+1 Lap,Shanghai International Circuit,Shanghai,China,31.3389,121.22,4,1,Kevin Magnussen,2,0,0,1
23407,970,815,10,8,9,2.0,55,11,2017,2,17,Chinese Grand Prix,2017-04-09,Force India,Indian,Sergio,Pérez,Mexican,+1 Lap,Shanghai International Circuit,Shanghai,China,31.3389,121.22,-1,1,Sergio Pérez,2,0,0,1
23408,970,839,10,17,10,1.0,55,11,2017,2,17,Chinese Grand Prix,2017-04-09,Force India,Indian,Esteban,Ocon,French,+1 Lap,Shanghai International Circuit,Shanghai,China,31.3389,121.22,7,1,Esteban Ocon,2,0,0,1
23409,970,154,210,19,11,0.0,55,11,2017,2,17,Chinese Grand Prix,2017-04-09,Haas F1 Team,American,Romain,Grosjean,French,+1 Lap,Shanghai International Circuit,Shanghai,China,31.3389,121.22,8,1,Romain Grosjean,2,0,0,0
23410,970,807,4,7,12,0.0,55,11,2017,2,17,Chinese Grand Prix,2017-04-09,Renault,French,Nico,Hülkenberg,German,+1 Lap,Shanghai International Circuit,Shanghai,China,31.3389,121.22,-5,1,Nico Hülkenberg,2,0,0,0
23411,970,835,4,20,13,0.0,55,11,2017,2,17,Chinese Grand Prix,2017-04-09,Renault,French,Jolyon,Palmer,British,+1 Lap,Shanghai International Circuit,Shanghai,China,31.3389,121.22,7,1,Jolyon Palmer,2,0,0,0
23412,970,13,3,6,14,0.0,55,11,2017,2,17,Chinese Grand Prix,2017-04-09,Williams,British,Felipe,Massa,Brazilian,+1 Lap,Shanghai International Circuit,Shanghai,China,31.3389,121.22,-8,1,Felipe Massa,2,0,0,0
23413,970,828,15,14,15,0.0,55,11,2017,2,17,Chinese Grand Prix,2017-04-09,Sauber,Swiss,Marcus,Ericsson,Swedish,+1 Lap,Shanghai International Circuit,Shanghai,China,31.3389,121.22,-1,1,Marcus Ericsson,2,0,0,0
23414,970,4,1,13,16,0.0,33,30,2017,2,17,Chinese Grand Prix,2017-04-09,McLaren,British,Fernando,Alonso,Spanish,Driveshaft,Shanghai International Circuit,Shanghai,China,31.3389,121.22,-3,0,Fernando Alonso,2,0,0,0
23415,970,826,5,9,17,0.0,18,9,2017,2,17,Chinese Grand Prix,2017-04-09,Toro Rosso,Italian,Daniil,Kvyat,Russian,Hydraulics,Shanghai International Circuit,Shanghai,China,31.3389,121.22,-8,0,Daniil Kvyat,2,0,0,0
23416,970,838,1,15,18,0.0,17,32,2017,2,17,Chinese Grand Prix,2017-04-09,McLaren,British,Stoffel,Vandoorne,Belgian,Fuel pressure,Shanghai International Circuit,Shanghai,China,31.3389,121.22,-3,0,Stoffel Vandoorne,2,0,0,0
23417,970,841,15,18,19,0.0,3,3,2017,2,17,Chinese Grand Prix,2017-04-09,Sauber,Swiss,Antonio,Giovinazzi,Italian,Accident,Shanghai International Circuit,Shanghai,China,31.3389,121.22,-1,0,Antonio Giovinazzi,2,0,0,0
23418,970,840,3,10,20,0.0,0,4,2017,2,17,Chinese Grand Prix,2017-04-09,Williams,British,Lance,Stroll,Canadian,Collision,Shanghai International Circuit,Shanghai,China,31.3389,121.22,-10,0,Lance Stroll,2,0,0,0
23419,971,20,6,3,1,25.0,57,1,2017,3,3,Bahrain Grand Prix,2017-04-16,Ferrari,Italian,Sebastian,Vettel,German,Finished,Bahrain International Circuit,Sakhir,Bahrain,26.0325,50.5106,2,1,Sebastian Vettel,3,1,1,1
23420,971,1,131,2,2,18.0,57,1,2017,3,3,Bahrain Grand Prix,2017-04-16,Mercedes,German,Lewis,Hamilton,British,Finished,Bahrain International Circuit,Sakhir,Bahrain,26.0325,50.5106,0,1,Lewis Hamilton,3,1,0,1
23421,971,822,131,1,3,15.0,57,1,2017,3,3,Bahrain Grand Prix,2017-04-16,Mercedes,German,Valtteri,Bottas,Finnish,Finished,Bahrain International Circuit,Sakhir,Bahrain,26.0325,50.5106,-2,1,Valtteri Bottas,3,1,0,1
23422,971,8,6,5,4,12.0,57,1,2017,3,3,Bahrain Grand Prix,2017-04-16,Ferrari,Italian,Kimi,Räikkönen,Finnish,Finished,Bahrain International Circuit,Sakhir,Bahrain,26.0325,50.5106,1,1,Kimi Räikkönen,3,0,0,1
23423,971,817,9,4,5,10.0,57,1,2017,3,3,Bahrain Grand Prix,2017-04-16,Red Bull,Austrian,Daniel,Ricciardo,Australian,Finished,Bahrain International Circuit,Sakhir,Bahrain,26.0325,50.5106,-1,1,Daniel Ricciardo,3,0,0,1
23424,971,13,3,8,6,8.0,57,1,2017,3,3,Bahrain Grand Prix,2017-04-16,Williams,British,Felipe,Massa,Brazilian,Finished,Bahrain International Circuit,Sakhir,Bahrain,26.0325,50.5106,2,1,Felipe Massa,3,0,0,1
23425,971,815,10,18,7,6.0,57,1,2017,3,3,Bahrain Grand Prix,2017-04-16,Force India,Indian,Sergio,Pérez,Mexican,Finished,Bahrain International Circuit,Sakhir,Bahrain,26.0325,50.5106,11,1,Sergio Pérez,3,0,0,1
23426,971,154,210,9,8,4.0,57,1,2017,3,3,Bahrain Grand Prix,2017-04-16,Haas F1 Team,American,Romain,Grosjean,French,Finished,Bahrain International Circuit,Sakhir,Bahrain,26.0325,50.5106,1,1,Romain Grosjean,3,0,0,1
23427,971,807,4,7,9,2.0,57,1,2017,3,3,Bahrain Grand Prix,2017-04-16,Renault,French,Nico,Hülkenberg,German,Finished,Bahrain International Circuit,Sakhir,Bahrain,26.0325,50.5106,-2,1,Nico Hülkenberg,3,0,0,1
23428,971,839,10,14,10,1.0,57,1,2017,3,3,Bahrain Grand Prix,2017-04-16,Force India,Indian,Esteban,Ocon,French,Finished,Bahrain International Circuit,Sakhir,Bahrain,26.0325,50.5106,4,1,Esteban Ocon,3,0,0,1
23429,971,836,15,13,11,0.0,56,11,2017,3,3,Bahrain Grand Prix,2017-04-16,Sauber,Swiss,Pascal,Wehrlein,German,+1 Lap,Bahrain International Circuit,Sakhir,Bahrain,26.0325,50.5106,2,1,Pascal Wehrlein,3,0,0,0
23430,971,826,5,11,12,0.0,56,11,2017,3,3,Bahrain Grand Prix,2017-04-16,Toro Rosso,Italian,Daniil,Kvyat,Russian,+1 Lap,Bahrain International Circuit,Sakhir,Bahrain,26.0325,50.5106,-1,1,Daniil Kvyat,3,0,0,0
23431,971,835,4,10,13,0.0,56,11,2017,3,3,Bahrain Grand Prix,2017-04-16,Renault,French,Jolyon,Palmer,British,+1 Lap,Bahrain International Circuit,Sakhir,Bahrain,26.0325,50.5106,-3,1,Jolyon Palmer,3,0,0,0
23432,971,4,1,15,14,0.0,54,131,2017,3,3,Bahrain Grand Prix,2017-04-16,McLaren,British,Fernando,Alonso,Spanish,Power Unit,Bahrain International Circuit,Sakhir,Bahrain,26.0325,50.5106,1,0,Fernando Alonso,3,0,0,0
23433,971,828,15,19,15,0.0,50,6,2017,3,3,Bahrain Grand Prix,2017-04-16,Sauber,Swiss,Marcus,Ericsson,Swedish,Gearbox,Bahrain International Circuit,Sakhir,Bahrain,26.0325,50.5106,4,0,Marcus Ericsson,3,0,0,0
23434,971,832,5,16,16,0.0,12,4,2017,3,3,Bahrain Grand Prix,2017-04-16,Toro Rosso,Italian,Carlos,Sainz,Spanish,Collision,Bahrain International Circuit,Sakhir,Bahrain,26.0325,50.5106,0,0,Carlos Sainz,3,0,0,0
23435,971,840,3,12,17,0.0,12,4,2017,3,3,Bahrain Grand Prix,2017-04-16,Williams,British,Lance,Stroll,Canadian,Collision,Bahrain International Circuit,Sakhir,Bahrain,26.0325,50.5106,-5,0,Lance Stroll,3,0,0,0
23436,971,830,9,6,18,0.0,11,23,2017,3,3,Bahrain Grand Prix,2017-04-16,Red Bull,Austrian,Max,Verstappen,Dutch,Brakes,Bahrain International Circuit,Sakhir,Bahrain,26.0325,50.5106,-12,0,Max Verstappen,3,0,0,0
23437,971,825,210,20,19,0.0,8,10,2017,3,3,Bahrain Grand Prix,2017-04-16,Haas F1 Team,American,Kevin,Magnussen,Danish,Electrical,Bahrain International Circuit,Sakhir,Bahrain,26.0325,50.5106,1,0,Kevin Magnussen,3,0,0,0
23438,971,838,1,17,20,0.0,0,131,2017,3,3,Bahrain Grand Prix,2017-04-16,McLaren,British,Stoffel,Vandoorne,Belgian,Power Unit,Bahrain International Circuit,Sakhir,Bahrain,26.0325,50.5106,-3,0,Stoffel Vandoorne,3,0,0,0
23439,972,822,131,3,1,25.0,52,1,2017,4,71,Russian Grand Prix,2017-04-30,Mercedes,German,Valtteri,Bottas,Finnish,Finished,Sochi Autodrom,Sochi,Russia,43.4057,39.9578,2,1,Valtteri Bottas,4,1,1,1
23440,972,20,6,1,2,18.0,52,1,2017,4,71,Russian Grand Prix,2017-04-30,Ferrari,Italian,Sebastian,Vettel,German,Finished,Sochi Autodrom,Sochi,Russia,43.4057,39.9578,-1,1,Sebastian Vettel,4,1,0,1
23441,972,8,6,2,3,15.0,52,1,2017,4,71,Russian Grand Prix,2017-04-30,Ferrari,Italian,Kimi,Räikkönen,Finnish,Finished,Sochi Autodrom,Sochi,Russia,43.4057,39.9578,-1,1,Kimi Räikkönen,4,1,0,1
23442,972,1,131,4,4,12.0,52,1,2017,4,71,Russian Grand Prix,2017-04-30,Mercedes,German,Lewis,Hamilton,British,Finished,Sochi Autodrom,Sochi,Russia,43.4057,39.9578,0,1,Lewis Hamilton,4,0,0,1
23443,972,830,9,7,5,10.0,52,1,2017,4,71,Russian Grand Prix,2017-04-30,Red Bull,Austrian,Max,Verstappen,Dutch,Finished,Sochi Autodrom,Sochi,Russia,43.4057,39.9578,2,1,Max Verstappen,4,0,0,1
23444,972,815,10,9,6,8.0,52,1,2017,4,71,Russian Grand Prix,2017-04-30,Force India,Indian,Sergio,Pérez,Mexican,Finished,Sochi Autodrom,Sochi,Russia,43.4057,39.9578,3,1,Sergio Pérez,4,0,0,1
23445,972,839,10,10,7,6.0,52,1,2017,4,71,Russian Grand Prix,2017-04-30,Force India,Indian,Esteban,Ocon,French,Finished,Sochi Autodrom,Sochi,Russia,43.4057,39.9578,3,1,Esteban Ocon,4,0,0,1
23446,972,807,4,8,8,4.0,52,1,2017,4,71,Russian Grand Prix,2017-04-30,Renault,French,Nico,Hülkenberg,German,Finished,Sochi Autodrom,Sochi,Russia,43.4057,39.9578,0,1,Nico Hülkenberg,4,0,0,1
23447,972,13,3,6,9,2.0,51,11,2017,4,71,Russian Grand Prix,2017-04-30,Williams,British,Felipe,Massa,Brazilian,+1 Lap,Sochi Autodrom,Sochi,Russia,43.4057,39.9578,-3,1,Felipe Massa,4,0,0,1
23448,972,832,5,14,10,1.0,51,11,2017,4,71,Russian Grand Prix,2017-04-30,Toro Rosso,Italian,Carlos,Sainz,Spanish,+1 Lap,Sochi Autodrom,Sochi,Russia,43.4057,39.9578,4,1,Carlos Sainz,4,0,0,1
23449,972,840,3,11,11,0.0,51,11,2017,4,71,Russian Grand Prix,2017-04-30,Williams,British,Lance,Stroll,Canadian,+1 Lap,Sochi Autodrom,Sochi,Russia,43.4057,39.9578,0,1,Lance Stroll,4,0,0,0
23450,972,826,5,12,12,0.0,51,11,2017,4,71,Russian Grand Prix,2017-04-30,Toro Rosso,Italian,Daniil,Kvyat,Russian,+1 Lap,Sochi Autodrom,Sochi,Russia,43.4057,39.9578,0,1,Daniil Kvyat,4,0,0,0
23451,972,825,210,13,13,0.0,51,11,2017,4,71,Russian Grand Prix,2017-04-30,Haas F1 Team,American,Kevin,Magnussen,Danish,+1 Lap,Sochi Autodrom,Sochi,Russia,43.4057,39.9578,0,1,Kevin Magnussen,4,0,0,0
23452,972,838,1,20,14,0.0,51,11,2017,4,71,Russian Grand Prix,2017-04-30,McLaren,British,Stoffel,Vandoorne,Belgian,+1 Lap,Sochi Autodrom,Sochi,Russia,43.4057,39.9578,6,1,Stoffel Vandoorne,4,0,0,0
23453,972,828,15,18,15,0.0,51,11,2017,4,71,Russian Grand Prix,2017-04-30,Sauber,Swiss,Marcus,Ericsson,Swedish,+1 Lap,Sochi Autodrom,Sochi,Russia,43.4057,39.9578,3,1,Marcus Ericsson,4,0,0,0
23454,972,836,15,17,16,0.0,50,12,2017,4,71,Russian Grand Prix,2017-04-30,Sauber,Swiss,Pascal,Wehrlein,German,+2 Laps,Sochi Autodrom,Sochi,Russia,43.4057,39.9578,1,1,Pascal Wehrlein,4,0,0,0
23455,972,817,9,5,17,0.0,5,23,2017,4,71,Russian Grand Prix,2017-04-30,Red Bull,Austrian,Daniel,Ricciardo,Australian,Brakes,Sochi Autodrom,Sochi,Russia,43.4057,39.9578,-12,0,Daniel Ricciardo,4,0,0,0
23456,972,835,4,16,18,0.0,0,4,2017,4,71,Russian Grand Prix,2017-04-30,Renault,French,Jolyon,Palmer,British,Collision,Sochi Autodrom,Sochi,Russia,43.4057,39.9578,-2,0,Jolyon Palmer,4,0,0,0
23457,972,154,210,19,19,0.0,0,4,2017,4,71,Russian Grand Prix,2017-04-30,Haas F1 Team,American,Romain,Grosjean,French,Collision,Sochi Autodrom,Sochi,Russia,43.4057,39.9578,0,0,Romain Grosjean,4,0,0,0
23458,972,4,1,15,20,0.0,0,131,2017,4,71,Russian Grand Prix,2017-04-30,McLaren,British,Fernando,Alonso,Spanish,Power Unit,Sochi Autodrom,Sochi,Russia,43.4057,39.9578,-5,0,Fernando Alonso,4,0,0,0
23459,973,1,131,1,1,25.0,66,1,2017,5,4,Spanish Grand Prix,2017-05-14,Mercedes,German,Lewis,Hamilton,British,Finished,Circuit de Barcelona-Catalunya,Montmeló,Spain,41.57,2.26111,0,1,Lewis Hamilton,5,1,1,1
23460,973,20,6,2,2,18.0,66,1,2017,5,4,Spanish Grand Prix,2017-05-14,Ferrari,Italian,Sebastian,Vettel,German,Finished,Circuit de Barcelona-Catalunya,Montmeló,Spain,41.57,2.26111,0,1,Sebastian Vettel,5,1,0,1
23461,973,817,9,6,3,15.0,66,1,2017,5,4,Spanish Grand Prix,2017-05-14,Red Bull,Austrian,Daniel,Ricciardo,Australian,Finished,Circuit de Barcelona-Catalunya,Montmeló,Spain,41.57,2.26111,3,1,Daniel Ricciardo,5,1,0,1
23462,973,815,10,8,4,12.0,65,11,2017,5,4,Spanish Grand Prix,2017-05-14,Force India,Indian,Sergio,Pérez,Mexican,+1 Lap,Circuit de Barcelona-Catalunya,Montmeló,Spain,41.57,2.26111,4,1,Sergio Pérez,5,0,0,1
23463,973,839,10,10,5,10.0,65,11,2017,5,4,Spanish Grand Prix,2017-05-14,Force India,Indian,Esteban,Ocon,French,+1 Lap,Circuit de Barcelona-Catalunya,Montmeló,Spain,41.57,2.26111,5,1,Esteban Ocon,5,0,0,1
23464,973,807,4,13,6,8.0,65,11,2017,5,4,Spanish Grand Prix,2017-05-14,Renault,French,Nico,Hülkenberg,German,+1 Lap,Circuit de Barcelona-Catalunya,Montmeló,Spain,41.57,2.26111,7,1,Nico Hülkenberg,5,0,0,1
23465,973,832,5,12,7,6.0,65,11,2017,5,4,Spanish Grand Prix,2017-05-14,Toro Rosso,Italian,Carlos,Sainz,Spanish,+1 Lap,Circuit de Barcelona-Catalunya,Montmeló,Spain,41.57,2.26111,5,1,Carlos Sainz,5,0,0,1
23466,973,836,15,15,8,4.0,65,11,2017,5,4,Spanish Grand Prix,2017-05-14,Sauber,Swiss,Pascal,Wehrlein,German,+1 Lap,Circuit de Barcelona-Catalunya,Montmeló,Spain,41.57,2.26111,7,1,Pascal Wehrlein,5,0,0,1
23467,973,826,5,19,9,2.0,65,11,2017,5,4,Spanish Grand Prix,2017-05-14,Toro Rosso,Italian,Daniil,Kvyat,Russian,+1 Lap,Circuit de Barcelona-Catalunya,Montmeló,Spain,41.57,2.26111,10,1,Daniil Kvyat,5,0,0,1
23468,973,154,210,14,10,1.0,65,11,2017,5,4,Spanish Grand Prix,2017-05-14,Haas F1 Team,American,Romain,Grosjean,French,+1 Lap,Circuit de Barcelona-Catalunya,Montmeló,Spain,41.57,2.26111,4,1,Romain Grosjean,5,0,0,1
23469,973,828,15,16,11,0.0,64,12,2017,5,4,Spanish Grand Prix,2017-05-14,Sauber,Swiss,Marcus,Ericsson,Swedish,+2 Laps,Circuit de Barcelona-Catalunya,Montmeló,Spain,41.57,2.26111,5,1,Marcus Ericsson,5,0,0,0
23470,973,4,1,7,12,0.0,64,12,2017,5,4,Spanish Grand Prix,2017-05-14,McLaren,British,Fernando,Alonso,Spanish,+2 Laps,Circuit de Barcelona-Catalunya,Montmeló,Spain,41.57,2.26111,-5,1,Fernando Alonso,5,0,0,0
23471,973,13,3,9,13,0.0,64,12,2017,5,4,Spanish Grand Prix,2017-05-14,Williams,British,Felipe,Massa,Brazilian,+2 Laps,Circuit de Barcelona-Catalunya,Montmeló,Spain,41.57,2.26111,-4,1,Felipe Massa,5,0,0,0
23472,973,825,210,11,14,0.0,64,12,2017,5,4,Spanish Grand Prix,2017-05-14,Haas F1 Team,American,Kevin,Magnussen,Danish,+2 Laps,Circuit de Barcelona-Catalunya,Montmeló,Spain,41.57,2.26111,-3,1,Kevin Magnussen,5,0,0,0
23473,973,835,4,17,15,0.0,64,12,2017,5,4,Spanish Grand Prix,2017-05-14,Renault,French,Jolyon,Palmer,British,+2 Laps,Circuit de Barcelona-Catalunya,Montmeló,Spain,41.57,2.26111,2,1,Jolyon Palmer,5,0,0,0
23474,973,840,3,18,16,0.0,64,12,2017,5,4,Spanish Grand Prix,2017-05-14,Williams,British,Lance,Stroll,Canadian,+2 Laps,Circuit de Barcelona-Catalunya,Montmeló,Spain,41.57,2.26111,2,1,Lance Stroll,5,0,0,0
23475,973,822,131,3,17,0.0,38,131,2017,5,4,Spanish Grand Prix,2017-05-14,Mercedes,German,Valtteri,Bottas,Finnish,Power Unit,Circuit de Barcelona-Catalunya,Montmeló,Spain,41.57,2.26111,-14,0,Valtteri Bottas,5,0,0,0
23476,973,838,1,20,18,0.0,32,4,2017,5,4,Spanish Grand Prix,2017-05-14,McLaren,British,Stoffel,Vandoorne,Belgian,Collision,Circuit de Barcelona-Catalunya,Montmeló,Spain,41.57,2.26111,2,0,Stoffel Vandoorne,5,0,0,0
23477,973,830,9,5,19,0.0,1,130,2017,5,4,Spanish Grand Prix,2017-05-14,Red Bull,Austrian,Max,Verstappen,Dutch,Collision damage,Circuit de Barcelona-Catalunya,Montmeló,Spain,41.57,2.26111,-14,0,Max Verstappen,5,0,0,0
23478,973,8,6,4,20,0.0,0,130,2017,5,4,Spanish Grand Prix,2017-05-14,Ferrari,Italian,Kimi,Räikkönen,Finnish,Collision damage,Circuit de Barcelona-Catalunya,Montmeló,Spain,41.57,2.26111,-16,0,Kimi Räikkönen,5,0,0,0
23479,974,20,6,2,1,25.0,78,1,2017,6,6,Monaco Grand Prix,2017-05-28,Ferrari,Italian,Sebastian,Vettel,German,Finished,Circuit de Monaco,Monte-Carlo,Monaco,43.7347,7.42056,1,1,Sebastian Vettel,6,1,1,1
23480,974,8,6,1,2,18.0,78,1,2017,6,6,Monaco Grand Prix,2017-05-28,Ferrari,Italian,Kimi,Räikkönen,Finnish,Finished,Circuit de Monaco,Monte-Carlo,Monaco,43.7347,7.42056,-1,1,Kimi Räikkönen,6,1,0,1
23481,974,817,9,5,3,15.0,78,1,2017,6,6,Monaco Grand Prix,2017-05-28,Red Bull,Austrian,Daniel,Ricciardo,Australian,Finished,Circuit de Monaco,Monte-Carlo,Monaco,43.7347,7.42056,2,1,Daniel Ricciardo,6,1,0,1
23482,974,822,131,3,4,12.0,78,1,2017,6,6,Monaco Grand Prix,2017-05-28,Mercedes,German,Valtteri,Bottas,Finnish,Finished,Circuit de Monaco,Monte-Carlo,Monaco,43.7347,7.42056,-1,1,Valtteri Bottas,6,0,0,1
23483,974,830,9,4,5,10.0,78,1,2017,6,6,Monaco Grand Prix,2017-05-28,Red Bull,Austrian,Max,Verstappen,Dutch,Finished,Circuit de Monaco,Monte-Carlo,Monaco,43.7347,7.42056,-1,1,Max Verstappen,6,0,0,1
23484,974,832,5,6,6,8.0,78,1,2017,6,6,Monaco Grand Prix,2017-05-28,Toro Rosso,Italian,Carlos,Sainz,Spanish,Finished,Circuit de Monaco,Monte-Carlo,Monaco,43.7347,7.42056,0,1,Carlos Sainz,6,0,0,1
23485,974,1,131,13,7,6.0,78,1,2017,6,6,Monaco Grand Prix,2017-05-28,Mercedes,German,Lewis,Hamilton,British,Finished,Circuit de Monaco,Monte-Carlo,Monaco,43.7347,7.42056,6,1,Lewis Hamilton,6,0,0,1
23486,974,154,210,8,8,4.0,78,1,2017,6,6,Monaco Grand Prix,2017-05-28,Haas F1 Team,American,Romain,Grosjean,French,Finished,Circuit de Monaco,Monte-Carlo,Monaco,43.7347,7.42056,0,1,Romain Grosjean,6,0,0,1
23487,974,13,3,14,9,2.0,78,1,2017,6,6,Monaco Grand Prix,2017-05-28,Williams,British,Felipe,Massa,Brazilian,Finished,Circuit de Monaco,Monte-Carlo,Monaco,43.7347,7.42056,5,1,Felipe Massa,6,0,0,1
23488,974,825,210,11,10,1.0,78,1,2017,6,6,Monaco Grand Prix,2017-05-28,Haas F1 Team,American,Kevin,Magnussen,Danish,Finished,Circuit de Monaco,Monte-Carlo,Monaco,43.7347,7.42056,1,1,Kevin Magnussen,6,0,0,1
23489,974,835,4,16,11,0.0,78,1,2017,6,6,Monaco Grand Prix,2017-05-28,Renault,French,Jolyon,Palmer,British,Finished,Circuit de Monaco,Monte-Carlo,Monaco,43.7347,7.42056,5,1,Jolyon Palmer,6,0,0,0
23490,974,839,10,15,12,0.0,78,1,2017,6,6,Monaco Grand Prix,2017-05-28,Force India,Indian,Esteban,Ocon,French,Finished,Circuit de Monaco,Monte-Carlo,Monaco,43.7347,7.42056,3,1,Esteban Ocon,6,0,0,0
23491,974,815,10,7,13,0.0,78,1,2017,6,6,Monaco Grand Prix,2017-05-28,Force India,Indian,Sergio,Pérez,Mexican,Finished,Circuit de Monaco,Monte-Carlo,Monaco,43.7347,7.42056,-6,1,Sergio Pérez,6,0,0,0
23492,974,826,5,9,14,0.0,71,130,2017,6,6,Monaco Grand Prix,2017-05-28,Toro Rosso,Italian,Daniil,Kvyat,Russian,Collision damage,Circuit de Monaco,Monte-Carlo,Monaco,43.7347,7.42056,-5,0,Daniil Kvyat,6,0,0,0
23493,974,840,3,17,15,0.0,71,23,2017,6,6,Monaco Grand Prix,2017-05-28,Williams,British,Lance,Stroll,Canadian,Brakes,Circuit de Monaco,Monte-Carlo,Monaco,43.7347,7.42056,2,0,Lance Stroll,6,0,0,0
23494,974,838,1,12,16,0.0,66,3,2017,6,6,Monaco Grand Prix,2017-05-28,McLaren,British,Stoffel,Vandoorne,Belgian,Accident,Circuit de Monaco,Monte-Carlo,Monaco,43.7347,7.42056,-4,0,Stoffel Vandoorne,6,0,0,0
23495,974,828,15,19,17,0.0,63,3,2017,6,6,Monaco Grand Prix,2017-05-28,Sauber,Swiss,Marcus,Ericsson,Swedish,Accident,Circuit de Monaco,Monte-Carlo,Monaco,43.7347,7.42056,2,0,Marcus Ericsson,6,0,0,0
23496,974,18,1,20,18,0.0,57,130,2017,6,6,Monaco Grand Prix,2017-05-28,McLaren,British,Jenson,Button,British,Collision damage,Circuit de Monaco,Monte-Carlo,Monaco,43.7347,7.42056,2,0,Jenson Button,6,0,0,0
23497,974,836,15,18,19,0.0,57,4,2017,6,6,Monaco Grand Prix,2017-05-28,Sauber,Swiss,Pascal,Wehrlein,German,Collision,Circuit de Monaco,Monte-Carlo,Monaco,43.7347,7.42056,-1,0,Pascal Wehrlein,6,0,0,0
23498,974,807,4,10,20,0.0,15,6,2017,6,6,Monaco Grand Prix,2017-05-28,Renault,French,Nico,Hülkenberg,German,Gearbox,Circuit de Monaco,Monte-Carlo,Monaco,43.7347,7.42056,-10,0,Nico Hülkenberg,6,0,0,0
23499,975,1,131,1,1,25.0,70,1,2017,7,7,Canadian Grand Prix,2017-06-11,Mercedes,German,Lewis,Hamilton,British,Finished,Circuit Gilles Villeneuve,Montreal,Canada,45.5,-73.5228,0,1,Lewis Hamilton,7,1,1,1
23500,975,822,131,3,2,18.0,70,1,2017,7,7,Canadian Grand Prix,2017-06-11,Mercedes,German,Valtteri,Bottas,Finnish,Finished,Circuit Gilles Villeneuve,Montreal,Canada,45.5,-73.5228,1,1,Valtteri Bottas,7,1,0,1
23501,975,817,9,6,3,15.0,70,1,2017,7,7,Canadian Grand Prix,2017-06-11,Red Bull,Austrian,Daniel,Ricciardo,Australian,Finished,Circuit Gilles Villeneuve,Montreal,Canada,45.5,-73.5228,3,1,Daniel Ricciardo,7,1,0,1
23502,975,20,6,2,4,12.0,70,1,2017,7,7,Canadian Grand Prix,2017-06-11,Ferrari,Italian,Sebastian,Vettel,German,Finished,Circuit Gilles Villeneuve,Montreal,Canada,45.5,-73.5228,-2,1,Sebastian Vettel,7,0,0,1
23503,975,815,10,8,5,10.0,70,1,2017,7,7,Canadian Grand Prix,2017-06-11,Force India,Indian,Sergio,Pérez,Mexican,Finished,Circuit Gilles Villeneuve,Montreal,Canada,45.5,-73.5228,3,1,Sergio Pérez,7,0,0,1
23504,975,839,10,9,6,8.0,70,1,2017,7,7,Canadian Grand Prix,2017-06-11,Force India,Indian,Esteban,Ocon,French,Finished,Circuit Gilles Villeneuve,Montreal,Canada,45.5,-73.5228,3,1,Esteban Ocon,7,0,0,1
23505,975,8,6,4,7,6.0,70,1,2017,7,7,Canadian Grand Prix,2017-06-11,Ferrari,Italian,Kimi,Räikkönen,Finnish,Finished,Circuit Gilles Villeneuve,Montreal,Canada,45.5,-73.5228,-3,1,Kimi Räikkönen,7,0,0,1
23506,975,807,4,10,8,4.0,70,1,2017,7,7,Canadian Grand Prix,2017-06-11,Renault,French,Nico,Hülkenberg,German,Finished,Circuit Gilles Villeneuve,Montreal,Canada,45.5,-73.5228,2,1,Nico Hülkenberg,7,0,0,1
23507,975,840,3,17,9,2.0,69,11,2017,7,7,Canadian Grand Prix,2017-06-11,Williams,British,Lance,Stroll,Canadian,+1 Lap,Circuit Gilles Villeneuve,Montreal,Canada,45.5,-73.5228,8,1,Lance Stroll,7,0,0,1
23508,975,154,210,14,10,1.0,69,11,2017,7,7,Canadian Grand Prix,2017-06-11,Haas F1 Team,American,Romain,Grosjean,French,+1 Lap,Circuit Gilles Villeneuve,Montreal,Canada,45.5,-73.5228,4,1,Romain Grosjean,7,0,0,1
23509,975,835,4,15,11,0.0,69,11,2017,7,7,Canadian Grand Prix,2017-06-11,Renault,French,Jolyon,Palmer,British,+1 Lap,Circuit Gilles Villeneuve,Montreal,Canada,45.5,-73.5228,4,1,Jolyon Palmer,7,0,0,0
23510,975,825,210,18,12,0.0,69,11,2017,7,7,Canadian Grand Prix,2017-06-11,Haas F1 Team,American,Kevin,Magnussen,Danish,+1 Lap,Circuit Gilles Villeneuve,Montreal,Canada,45.5,-73.5228,6,1,Kevin Magnussen,7,0,0,0
23511,975,828,15,19,13,0.0,69,11,2017,7,7,Canadian Grand Prix,2017-06-11,Sauber,Swiss,Marcus,Ericsson,Swedish,+1 Lap,Circuit Gilles Villeneuve,Montreal,Canada,45.5,-73.5228,6,1,Marcus Ericsson,7,0,0,0
23512,975,838,1,16,14,0.0,69,11,2017,7,7,Canadian Grand Prix,2017-06-11,McLaren,British,Stoffel,Vandoorne,Belgian,+1 Lap,Circuit Gilles Villeneuve,Montreal,Canada,45.5,-73.5228,2,1,Stoffel Vandoorne,7,0,0,0
23513,975,836,15,20,15,0.0,68,12,2017,7,7,Canadian Grand Prix,2017-06-11,Sauber,Swiss,Pascal,Wehrlein,German,+2 Laps,Circuit Gilles Villeneuve,Montreal,Canada,45.5,-73.5228,5,1,Pascal Wehrlein,7,0,0,0
23514,975,4,1,12,16,0.0,66,131,2017,7,7,Canadian Grand Prix,2017-06-11,McLaren,British,Fernando,Alonso,Spanish,Power Unit,Circuit Gilles Villeneuve,Montreal,Canada,45.5,-73.5228,-4,0,Fernando Alonso,7,0,0,0
23515,975,826,5,11,17,0.0,54,131,2017,7,7,Canadian Grand Prix,2017-06-11,Toro Rosso,Italian,Daniil,Kvyat,Russian,Power Unit,Circuit Gilles Villeneuve,Montreal,Canada,45.5,-73.5228,-6,0,Daniil Kvyat,7,0,0,0
23516,975,830,9,5,18,0.0,10,10,2017,7,7,Canadian Grand Prix,2017-06-11,Red Bull,Austrian,Max,Verstappen,Dutch,Electrical,Circuit Gilles Villeneuve,Montreal,Canada,45.5,-73.5228,-13,0,Max Verstappen,7,0,0,0
23517,975,13,3,7,19,0.0,0,4,2017,7,7,Canadian Grand Prix,2017-06-11,Williams,British,Felipe,Massa,Brazilian,Collision,Circuit Gilles Villeneuve,Montreal,Canada,45.5,-73.5228,-12,0,Felipe Massa,7,0,0,0
23518,975,832,5,13,20,0.0,0,4,2017,7,7,Canadian Grand Prix,2017-06-11,Toro Rosso,Italian,Carlos,Sainz,Spanish,Collision,Circuit Gilles Villeneuve,Montreal,Canada,45.5,-73.5228,-7,0,Carlos Sainz,7,0,0,0
23519,976,817,9,10,1,25.0,51,1,2017,8,73,Azerbaijan Grand Prix,2017-06-25,Red Bull,Austrian,Daniel,Ricciardo,Australian,Finished,Baku City Circuit,Baku,Azerbaijan,40.3725,49.8533,9,1,Daniel Ricciardo,8,1,1,1
23520,976,822,131,2,2,18.0,51,1,2017,8,73,Azerbaijan Grand Prix,2017-06-25,Mercedes,German,Valtteri,Bottas,Finnish,Finished,Baku City Circuit,Baku,Azerbaijan,40.3725,49.8533,0,1,Valtteri Bottas,8,1,0,1
23521,976,840,3,8,3,15.0,51,1,2017,8,73,Azerbaijan Grand Prix,2017-06-25,Williams,British,Lance,Stroll,Canadian,Finished,Baku City Circuit,Baku,Azerbaijan,40.3725,49.8533,5,1,Lance Stroll,8,1,0,1
23522,976,20,6,4,4,12.0,51,1,2017,8,73,Azerbaijan Grand Prix,2017-06-25,Ferrari,Italian,Sebastian,Vettel,German,Finished,Baku City Circuit,Baku,Azerbaijan,40.3725,49.8533,0,1,Sebastian Vettel,8,0,0,1
23523,976,1,131,1,5,10.0,51,1,2017,8,73,Azerbaijan Grand Prix,2017-06-25,Mercedes,German,Lewis,Hamilton,British,Finished,Baku City Circuit,Baku,Azerbaijan,40.3725,49.8533,-4,1,Lewis Hamilton,8,0,0,1
23524,976,839,10,7,6,8.0,51,1,2017,8,73,Azerbaijan Grand Prix,2017-06-25,Force India,Indian,Esteban,Ocon,French,Finished,Baku City Circuit,Baku,Azerbaijan,40.3725,49.8533,1,1,Esteban Ocon,8,0,0,1
23525,976,825,210,12,7,6.0,51,1,2017,8,73,Azerbaijan Grand Prix,2017-06-25,Haas F1 Team,American,Kevin,Magnussen,Danish,Finished,Baku City Circuit,Baku,Azerbaijan,40.3725,49.8533,5,1,Kevin Magnussen,8,0,0,1
23526,976,832,5,15,8,4.0,51,1,2017,8,73,Azerbaijan Grand Prix,2017-06-25,Toro Rosso,Italian,Carlos,Sainz,Spanish,Finished,Baku City Circuit,Baku,Azerbaijan,40.3725,49.8533,7,1,Carlos Sainz,8,0,0,1
23527,976,4,1,19,9,2.0,51,1,2017,8,73,Azerbaijan Grand Prix,2017-06-25,McLaren,British,Fernando,Alonso,Spanish,Finished,Baku City Circuit,Baku,Azerbaijan,40.3725,49.8533,10,1,Fernando Alonso,8,0,0,1
23528,976,836,15,14,10,1.0,51,1,2017,8,73,Azerbaijan Grand Prix,2017-06-25,Sauber,Swiss,Pascal,Wehrlein,German,Finished,Baku City Circuit,Baku,Azerbaijan,40.3725,49.8533,4,1,Pascal Wehrlein,8,0,0,1
23529,976,828,15,17,11,0.0,51,1,2017,8,73,Azerbaijan Grand Prix,2017-06-25,Sauber,Swiss,Marcus,Ericsson,Swedish,Finished,Baku City Circuit,Baku,Azerbaijan,40.3725,49.8533,6,1,Marcus Ericsson,8,0,0,0
23530,976,838,1,18,12,0.0,51,1,2017,8,73,Azerbaijan Grand Prix,2017-06-25,McLaren,British,Stoffel,Vandoorne,Belgian,Finished,Baku City Circuit,Baku,Azerbaijan,40.3725,49.8533,6,1,Stoffel Vandoorne,8,0,0,0
23531,976,154,210,16,13,0.0,50,11,2017,8,73,Azerbaijan Grand Prix,2017-06-25,Haas F1 Team,American,Romain,Grosjean,French,+1 Lap,Baku City Circuit,Baku,Azerbaijan,40.3725,49.8533,3,1,Romain Grosjean,8,0,0,0
23532,976,8,6,3,14,0.0,46,34,2017,8,73,Azerbaijan Grand Prix,2017-06-25,Ferrari,Italian,Kimi,Räikkönen,Finnish,Water pressure,Baku City Circuit,Baku,Azerbaijan,40.3725,49.8533,-11,0,Kimi Räikkönen,8,0,0,0
23533,976,815,10,6,15,0.0,39,136,2017,8,73,Azerbaijan Grand Prix,2017-06-25,Force India,Indian,Sergio,Pérez,Mexican,Seat,Baku City Circuit,Baku,Azerbaijan,40.3725,49.8533,-9,0,Sergio Pérez,8,0,0,0
23534,976,13,3,9,16,0.0,25,22,2017,8,73,Azerbaijan Grand Prix,2017-06-25,Williams,British,Felipe,Massa,Brazilian,Suspension,Baku City Circuit,Baku,Azerbaijan,40.3725,49.8533,-7,0,Felipe Massa,8,0,0,0
23535,976,807,4,13,17,0.0,24,3,2017,8,73,Azerbaijan Grand Prix,2017-06-25,Renault,French,Nico,Hülkenberg,German,Accident,Baku City Circuit,Baku,Azerbaijan,40.3725,49.8533,-4,0,Nico Hülkenberg,8,0,0,0
23536,976,830,9,5,18,0.0,12,51,2017,8,73,Azerbaijan Grand Prix,2017-06-25,Red Bull,Austrian,Max,Verstappen,Dutch,Oil pressure,Baku City Circuit,Baku,Azerbaijan,40.3725,49.8533,-13,0,Max Verstappen,8,0,0,0
23537,976,826,5,11,19,0.0,9,84,2017,8,73,Azerbaijan Grand Prix,2017-06-25,Toro Rosso,Italian,Daniil,Kvyat,Russian,Battery,Baku City Circuit,Baku,Azerbaijan,40.3725,49.8533,-8,0,Daniil Kvyat,8,0,0,0
23538,976,835,4,20,20,0.0,7,131,2017,8,73,Azerbaijan Grand Prix,2017-06-25,Renault,French,Jolyon,Palmer,British,Power Unit,Baku City Circuit,Baku,Azerbaijan,40.3725,49.8533,0,0,Jolyon Palmer,8,0,0,0
23542,977,822,131,1,1,25.0,71,1,2017,9,70,Austrian Grand Prix,2017-07-09,Mercedes,German,Valtteri,Bottas,Finnish,Finished,Red Bull Ring,Spielberg,Austria,47.2197,14.7647,0,1,Valtteri Bottas,9,1,1,1
23543,977,20,6,2,2,18.0,71,1,2017,9,70,Austrian Grand Prix,2017-07-09,Ferrari,Italian,Sebastian,Vettel,German,Finished,Red Bull Ring,Spielberg,Austria,47.2197,14.7647,0,1,Sebastian Vettel,9,1,0,1
23544,977,817,9,4,3,15.0,71,1,2017,9,70,Austrian Grand Prix,2017-07-09,Red Bull,Austrian,Daniel,Ricciardo,Australian,Finished,Red Bull Ring,Spielberg,Austria,47.2197,14.7647,1,1,Daniel Ricciardo,9,1,0,1
23545,977,1,131,8,4,12.0,71,1,2017,9,70,Austrian Grand Prix,2017-07-09,Mercedes,German,Lewis,Hamilton,British,Finished,Red Bull Ring,Spielberg,Austria,47.2197,14.7647,4,1,Lewis Hamilton,9,0,0,1
23546,977,8,6,3,5,10.0,71,1,2017,9,70,Austrian Grand Prix,2017-07-09,Ferrari,Italian,Kimi,Räikkönen,Finnish,Finished,Red Bull Ring,Spielberg,Austria,47.2197,14.7647,-2,1,Kimi Räikkönen,9,0,0,1
23547,977,154,210,6,6,8.0,71,1,2017,9,70,Austrian Grand Prix,2017-07-09,Haas F1 Team,American,Romain,Grosjean,French,Finished,Red Bull Ring,Spielberg,Austria,47.2197,14.7647,0,1,Romain Grosjean,9,0,0,1
23548,977,815,10,7,7,6.0,70,11,2017,9,70,Austrian Grand Prix,2017-07-09,Force India,Indian,Sergio,Pérez,Mexican,+1 Lap,Red Bull Ring,Spielberg,Austria,47.2197,14.7647,0,1,Sergio Pérez,9,0,0,1
23549,977,839,10,9,8,4.0,70,11,2017,9,70,Austrian Grand Prix,2017-07-09,Force India,Indian,Esteban,Ocon,French,+1 Lap,Red Bull Ring,Spielberg,Austria,47.2197,14.7647,1,1,Esteban Ocon,9,0,0,1
23550,977,13,3,17,9,2.0,70,11,2017,9,70,Austrian Grand Prix,2017-07-09,Williams,British,Felipe,Massa,Brazilian,+1 Lap,Red Bull Ring,Spielberg,Austria,47.2197,14.7647,8,1,Felipe Massa,9,0,0,1
23551,977,840,3,18,10,1.0,70,11,2017,9,70,Austrian Grand Prix,2017-07-09,Williams,British,Lance,Stroll,Canadian,+1 Lap,Red Bull Ring,Spielberg,Austria,47.2197,14.7647,8,1,Lance Stroll,9,0,0,1
23552,977,835,4,16,11,0.0,70,11,2017,9,70,Austrian Grand Prix,2017-07-09,Renault,French,Jolyon,Palmer,British,+1 Lap,Red Bull Ring,Spielberg,Austria,47.2197,14.7647,5,1,Jolyon Palmer,9,0,0,0
23553,977,838,1,13,12,0.0,70,11,2017,9,70,Austrian Grand Prix,2017-07-09,McLaren,British,Stoffel,Vandoorne,Belgian,+1 Lap,Red Bull Ring,Spielberg,Austria,47.2197,14.7647,1,1,Stoffel Vandoorne,9,0,0,0
23554,977,807,4,11,13,0.0,70,11,2017,9,70,Austrian Grand Prix,2017-07-09,Renault,French,Nico,Hülkenberg,German,+1 Lap,Red Bull Ring,Spielberg,Austria,47.2197,14.7647,-2,1,Nico Hülkenberg,9,0,0,0
23555,977,836,15,20,14,0.0,70,11,2017,9,70,Austrian Grand Prix,2017-07-09,Sauber,Swiss,Pascal,Wehrlein,German,+1 Lap,Red Bull Ring,Spielberg,Austria,47.2197,14.7647,6,1,Pascal Wehrlein,9,0,0,0
23556,977,828,15,19,15,0.0,69,12,2017,9,70,Austrian Grand Prix,2017-07-09,Sauber,Swiss,Marcus,Ericsson,Swedish,+2 Laps,Red Bull Ring,Spielberg,Austria,47.2197,14.7647,4,1,Marcus Ericsson,9,0,0,0
23557,977,826,5,14,16,0.0,68,13,2017,9,70,Austrian Grand Prix,2017-07-09,Toro Rosso,Italian,Daniil,Kvyat,Russian,+3 Laps,Red Bull Ring,Spielberg,Austria,47.2197,14.7647,-2,1,Daniil Kvyat,9,0,0,0
23558,977,832,5,10,17,0.0,44,5,2017,9,70,Austrian Grand Prix,2017-07-09,Toro Rosso,Italian,Carlos,Sainz,Spanish,Engine,Red Bull Ring,Spielberg,Austria,47.2197,14.7647,-7,0,Carlos Sainz,9,0,0,0
23559,977,825,210,15,18,0.0,29,9,2017,9,70,Austrian Grand Prix,2017-07-09,Haas F1 Team,American,Kevin,Magnussen,Danish,Hydraulics,Red Bull Ring,Spielberg,Austria,47.2197,14.7647,-3,0,Kevin Magnussen,9,0,0,0
23560,977,4,1,12,19,0.0,1,130,2017,9,70,Austrian Grand Prix,2017-07-09,McLaren,British,Fernando,Alonso,Spanish,Collision damage,Red Bull Ring,Spielberg,Austria,47.2197,14.7647,-7,0,Fernando Alonso,9,0,0,0
23561,977,830,9,5,20,0.0,0,130,2017,9,70,Austrian Grand Prix,2017-07-09,Red Bull,Austrian,Max,Verstappen,Dutch,Collision damage,Red Bull Ring,Spielberg,Austria,47.2197,14.7647,-15,0,Max Verstappen,9,0,0,0
23562,978,1,131,1,1,25.0,51,1,2017,10,9,British Grand Prix,2017-07-16,Mercedes,German,Lewis,Hamilton,British,Finished,Silverstone Circuit,Silverstone,UK,52.0786,-1.01694,0,1,Lewis Hamilton,10,1,1,1
23563,978,822,131,9,2,18.0,51,1,2017,10,9,British Grand Prix,2017-07-16,Mercedes,German,Valtteri,Bottas,Finnish,Finished,Silverstone Circuit,Silverstone,UK,52.0786,-1.01694,7,1,Valtteri Bottas,10,1,0,1
23564,978,8,6,2,3,15.0,51,1,2017,10,9,British Grand Prix,2017-07-16,Ferrari,Italian,Kimi,Räikkönen,Finnish,Finished,Silverstone Circuit,Silverstone,UK,52.0786,-1.01694,-1,1,Kimi Räikkönen,10,1,0,1
23565,978,830,9,4,4,12.0,51,1,2017,10,9,British Grand Prix,2017-07-16,Red Bull,Austrian,Max,Verstappen,Dutch,Finished,Silverstone Circuit,Silverstone,UK,52.0786,-1.01694,0,1,Max Verstappen,10,0,0,1
23566,978,817,9,19,5,10.0,51,1,2017,10,9,British Grand Prix,2017-07-16,Red Bull,Austrian,Daniel,Ricciardo,Australian,Finished,Silverstone Circuit,Silverstone,UK,52.0786,-1.01694,14,1,Daniel Ricciardo,10,0,0,1
23567,978,807,4,5,6,8.0,51,1,2017,10,9,British Grand Prix,2017-07-16,Renault,French,Nico,Hülkenberg,German,Finished,Silverstone Circuit,Silverstone,UK,52.0786,-1.01694,-1,1,Nico Hülkenberg,10,0,0,1
23568,978,20,6,3,7,6.0,51,1,2017,10,9,British Grand Prix,2017-07-16,Ferrari,Italian,Sebastian,Vettel,German,Finished,Silverstone Circuit,Silverstone,UK,52.0786,-1.01694,-4,1,Sebastian Vettel,10,0,0,1
23569,978,839,10,7,8,4.0,50,11,2017,10,9,British Grand Prix,2017-07-16,Force India,Indian,Esteban,Ocon,French,+1 Lap,Silverstone Circuit,Silverstone,UK,52.0786,-1.01694,-1,1,Esteban Ocon,10,0,0,1
23570,978,815,10,6,9,2.0,50,11,2017,10,9,British Grand Prix,2017-07-16,Force India,Indian,Sergio,Pérez,Mexican,+1 Lap,Silverstone Circuit,Silverstone,UK,52.0786,-1.01694,-3,1,Sergio Pérez,10,0,0,1
23571,978,13,3,14,10,1.0,50,11,2017,10,9,British Grand Prix,2017-07-16,Williams,British,Felipe,Massa,Brazilian,+1 Lap,Silverstone Circuit,Silverstone,UK,52.0786,-1.01694,4,1,Felipe Massa,10,0,0,1
23572,978,838,1,8,11,0.0,50,11,2017,10,9,British Grand Prix,2017-07-16,McLaren,British,Stoffel,Vandoorne,Belgian,+1 Lap,Silverstone Circuit,Silverstone,UK,52.0786,-1.01694,-3,1,Stoffel Vandoorne,10,0,0,0
23573,978,825,210,16,12,0.0,50,11,2017,10,9,British Grand Prix,2017-07-16,Haas F1 Team,American,Kevin,Magnussen,Danish,+1 Lap,Silverstone Circuit,Silverstone,UK,52.0786,-1.01694,4,1,Kevin Magnussen,10,0,0,0
23574,978,154,210,10,13,0.0,50,11,2017,10,9,British Grand Prix,2017-07-16,Haas F1 Team,American,Romain,Grosjean,French,+1 Lap,Silverstone Circuit,Silverstone,UK,52.0786,-1.01694,-3,1,Romain Grosjean,10,0,0,0
23575,978,828,15,18,14,0.0,50,11,2017,10,9,British Grand Prix,2017-07-16,Sauber,Swiss,Marcus,Ericsson,Swedish,+1 Lap,Silverstone Circuit,Silverstone,UK,52.0786,-1.01694,4,1,Marcus Ericsson,10,0,0,0
23576,978,826,5,12,15,0.0,50,11,2017,10,9,British Grand Prix,2017-07-16,Toro Rosso,Italian,Daniil,Kvyat,Russian,+1 Lap,Silverstone Circuit,Silverstone,UK,52.0786,-1.01694,-3,1,Daniil Kvyat,10,0,0,0
23577,978,840,3,15,16,0.0,50,11,2017,10,9,British Grand Prix,2017-07-16,Williams,British,Lance,Stroll,Canadian,+1 Lap,Silverstone Circuit,Silverstone,UK,52.0786,-1.01694,-1,1,Lance Stroll,10,0,0,0
23578,978,836,15,17,17,0.0,50,11,2017,10,9,British Grand Prix,2017-07-16,Sauber,Swiss,Pascal,Wehrlein,German,+1 Lap,Silverstone Circuit,Silverstone,UK,52.0786,-1.01694,0,1,Pascal Wehrlein,10,0,0,0
23579,978,4,1,20,18,0.0,32,131,2017,10,9,British Grand Prix,2017-07-16,McLaren,British,Fernando,Alonso,Spanish,Power Unit,Silverstone Circuit,Silverstone,UK,52.0786,-1.01694,2,0,Fernando Alonso,10,0,0,0
23580,978,832,5,13,19,0.0,0,130,2017,10,9,British Grand Prix,2017-07-16,Toro Rosso,Italian,Carlos,Sainz,Spanish,Collision damage,Silverstone Circuit,Silverstone,UK,52.0786,-1.01694,-6,0,Carlos Sainz,10,0,0,0
23581,978,835,4,11,20,0.0,0,9,2017,10,9,British Grand Prix,2017-07-16,Renault,French,Jolyon,Palmer,British,Hydraulics,Silverstone Circuit,Silverstone,UK,52.0786,-1.01694,-9,0,Jolyon Palmer,10,0,0,0
23582,979,20,6,1,1,25.0,70,1,2017,11,11,Hungarian Grand Prix,2017-07-30,Ferrari,Italian,Sebastian,Vettel,German,Finished,Hungaroring,Budapest,Hungary,47.5789,19.2486,0,1,Sebastian Vettel,11,1,1,1
23583,979,8,6,2,2,18.0,70,1,2017,11,11,Hungarian Grand Prix,2017-07-30,Ferrari,Italian,Kimi,Räikkönen,Finnish,Finished,Hungaroring,Budapest,Hungary,47.5789,19.2486,0,1,Kimi Räikkönen,11,1,0,1
23584,979,822,131,3,3,15.0,70,1,2017,11,11,Hungarian Grand Prix,2017-07-30,Mercedes,German,Valtteri,Bottas,Finnish,Finished,Hungaroring,Budapest,Hungary,47.5789,19.2486,0,1,Valtteri Bottas,11,1,0,1
23585,979,1,131,4,4,12.0,70,1,2017,11,11,Hungarian Grand Prix,2017-07-30,Mercedes,German,Lewis,Hamilton,British,Finished,Hungaroring,Budapest,Hungary,47.5789,19.2486,0,1,Lewis Hamilton,11,0,0,1
23586,979,830,9,5,5,10.0,70,1,2017,11,11,Hungarian Grand Prix,2017-07-30,Red Bull,Austrian,Max,Verstappen,Dutch,Finished,Hungaroring,Budapest,Hungary,47.5789,19.2486,0,1,Max Verstappen,11,0,0,1
23587,979,4,1,7,6,8.0,70,1,2017,11,11,Hungarian Grand Prix,2017-07-30,McLaren,British,Fernando,Alonso,Spanish,Finished,Hungaroring,Budapest,Hungary,47.5789,19.2486,1,1,Fernando Alonso,11,0,0,1
23588,979,832,5,9,7,6.0,69,11,2017,11,11,Hungarian Grand Prix,2017-07-30,Toro Rosso,Italian,Carlos,Sainz,Spanish,+1 Lap,Hungaroring,Budapest,Hungary,47.5789,19.2486,2,1,Carlos Sainz,11,0,0,1
23589,979,815,10,13,8,4.0,69,11,2017,11,11,Hungarian Grand Prix,2017-07-30,Force India,Indian,Sergio,Pérez,Mexican,+1 Lap,Hungaroring,Budapest,Hungary,47.5789,19.2486,5,1,Sergio Pérez,11,0,0,1
23590,979,839,10,11,9,2.0,69,11,2017,11,11,Hungarian Grand Prix,2017-07-30,Force India,Indian,Esteban,Ocon,French,+1 Lap,Hungaroring,Budapest,Hungary,47.5789,19.2486,2,1,Esteban Ocon,11,0,0,1
23591,979,838,1,8,10,1.0,69,11,2017,11,11,Hungarian Grand Prix,2017-07-30,McLaren,British,Stoffel,Vandoorne,Belgian,+1 Lap,Hungaroring,Budapest,Hungary,47.5789,19.2486,-2,1,Stoffel Vandoorne,11,0,0,1
23592,979,826,5,16,11,0.0,69,11,2017,11,11,Hungarian Grand Prix,2017-07-30,Toro Rosso,Italian,Daniil,Kvyat,Russian,+1 Lap,Hungaroring,Budapest,Hungary,47.5789,19.2486,5,1,Daniil Kvyat,11,0,0,0
23593,979,835,4,10,12,0.0,69,11,2017,11,11,Hungarian Grand Prix,2017-07-30,Renault,French,Jolyon,Palmer,British,+1 Lap,Hungaroring,Budapest,Hungary,47.5789,19.2486,-2,1,Jolyon Palmer,11,0,0,0
23594,979,825,210,15,13,0.0,69,11,2017,11,11,Hungarian Grand Prix,2017-07-30,Haas F1 Team,American,Kevin,Magnussen,Danish,+1 Lap,Hungaroring,Budapest,Hungary,47.5789,19.2486,2,1,Kevin Magnussen,11,0,0,0
23595,979,840,3,17,14,0.0,69,11,2017,11,11,Hungarian Grand Prix,2017-07-30,Williams,British,Lance,Stroll,Canadian,+1 Lap,Hungaroring,Budapest,Hungary,47.5789,19.2486,3,1,Lance Stroll,11,0,0,0
23596,979,836,15,18,15,0.0,68,12,2017,11,11,Hungarian Grand Prix,2017-07-30,Sauber,Swiss,Pascal,Wehrlein,German,+2 Laps,Hungaroring,Budapest,Hungary,47.5789,19.2486,3,1,Pascal Wehrlein,11,0,0,0
23597,979,828,15,20,16,0.0,68,12,2017,11,11,Hungarian Grand Prix,2017-07-30,Sauber,Swiss,Marcus,Ericsson,Swedish,+2 Laps,Hungaroring,Budapest,Hungary,47.5789,19.2486,4,1,Marcus Ericsson,11,0,0,0
23598,979,807,4,12,17,0.0,67,23,2017,11,11,Hungarian Grand Prix,2017-07-30,Renault,French,Nico,Hülkenberg,German,Brakes,Hungaroring,Budapest,Hungary,47.5789,19.2486,-5,0,Nico Hülkenberg,11,0,0,0
23599,979,814,3,19,18,0.0,60,44,2017,11,11,Hungarian Grand Prix,2017-07-30,Williams,British,Paul,di Resta,British,Oil leak,Hungaroring,Budapest,Hungary,47.5789,19.2486,1,0,Paul di Resta,11,0,0,0
23600,979,154,210,14,19,0.0,20,61,2017,11,11,Hungarian Grand Prix,2017-07-30,Haas F1 Team,American,Romain,Grosjean,French,Wheel nut,Hungaroring,Budapest,Hungary,47.5789,19.2486,-5,0,Romain Grosjean,11,0,0,0
23601,979,817,9,6,20,0.0,0,4,2017,11,11,Hungarian Grand Prix,2017-07-30,Red Bull,Austrian,Daniel,Ricciardo,Australian,Collision,Hungaroring,Budapest,Hungary,47.5789,19.2486,-14,0,Daniel Ricciardo,11,0,0,0
23602,980,1,131,1,1,25.0,44,1,2017,12,13,Belgian Grand Prix,2017-08-27,Mercedes,German,Lewis,Hamilton,British,Finished,Circuit de Spa-Francorchamps,Spa,Belgium,50.4372,5.97139,0,1,Lewis Hamilton,12,1,1,1
23603,980,20,6,2,2,18.0,44,1,2017,12,13,Belgian Grand Prix,2017-08-27,Ferrari,Italian,Sebastian,Vettel,German,Finished,Circuit de Spa-Francorchamps,Spa,Belgium,50.4372,5.97139,0,1,Sebastian Vettel,12,1,0,1
23604,980,817,9,6,3,15.0,44,1,2017,12,13,Belgian Grand Prix,2017-08-27,Red Bull,Austrian,Daniel,Ricciardo,Australian,Finished,Circuit de Spa-Francorchamps,Spa,Belgium,50.4372,5.97139,3,1,Daniel Ricciardo,12,1,0,1
23605,980,8,6,4,4,12.0,44,1,2017,12,13,Belgian Grand Prix,2017-08-27,Ferrari,Italian,Kimi,Räikkönen,Finnish,Finished,Circuit de Spa-Francorchamps,Spa,Belgium,50.4372,5.97139,0,1,Kimi Räikkönen,12,0,0,1
23606,980,822,131,3,5,10.0,44,1,2017,12,13,Belgian Grand Prix,2017-08-27,Mercedes,German,Valtteri,Bottas,Finnish,Finished,Circuit de Spa-Francorchamps,Spa,Belgium,50.4372,5.97139,-2,1,Valtteri Bottas,12,0,0,1
23607,980,807,4,7,6,8.0,44,1,2017,12,13,Belgian Grand Prix,2017-08-27,Renault,French,Nico,Hülkenberg,German,Finished,Circuit de Spa-Francorchamps,Spa,Belgium,50.4372,5.97139,1,1,Nico Hülkenberg,12,0,0,1
23608,980,154,210,11,7,6.0,44,1,2017,12,13,Belgian Grand Prix,2017-08-27,Haas F1 Team,American,Romain,Grosjean,French,Finished,Circuit de Spa-Francorchamps,Spa,Belgium,50.4372,5.97139,4,1,Romain Grosjean,12,0,0,1
23609,980,13,3,16,8,4.0,44,1,2017,12,13,Belgian Grand Prix,2017-08-27,Williams,British,Felipe,Massa,Brazilian,Finished,Circuit de Spa-Francorchamps,Spa,Belgium,50.4372,5.97139,8,1,Felipe Massa,12,0,0,1
23610,980,839,10,9,9,2.0,44,1,2017,12,13,Belgian Grand Prix,2017-08-27,Force India,Indian,Esteban,Ocon,French,Finished,Circuit de Spa-Francorchamps,Spa,Belgium,50.4372,5.97139,0,1,Esteban Ocon,12,0,0,1
23611,980,832,5,13,10,1.0,44,1,2017,12,13,Belgian Grand Prix,2017-08-27,Toro Rosso,Italian,Carlos,Sainz,Spanish,Finished,Circuit de Spa-Francorchamps,Spa,Belgium,50.4372,5.97139,3,1,Carlos Sainz,12,0,0,1
23612,980,840,3,15,11,0.0,44,1,2017,12,13,Belgian Grand Prix,2017-08-27,Williams,British,Lance,Stroll,Canadian,Finished,Circuit de Spa-Francorchamps,Spa,Belgium,50.4372,5.97139,4,1,Lance Stroll,12,0,0,0
23613,980,826,5,19,12,0.0,44,1,2017,12,13,Belgian Grand Prix,2017-08-27,Toro Rosso,Italian,Daniil,Kvyat,Russian,Finished,Circuit de Spa-Francorchamps,Spa,Belgium,50.4372,5.97139,7,1,Daniil Kvyat,12,0,0,0
23614,980,835,4,14,13,0.0,44,1,2017,12,13,Belgian Grand Prix,2017-08-27,Renault,French,Jolyon,Palmer,British,Finished,Circuit de Spa-Francorchamps,Spa,Belgium,50.4372,5.97139,1,1,Jolyon Palmer,12,0,0,0
23615,980,838,1,20,14,0.0,44,1,2017,12,13,Belgian Grand Prix,2017-08-27,McLaren,British,Stoffel,Vandoorne,Belgian,Finished,Circuit de Spa-Francorchamps,Spa,Belgium,50.4372,5.97139,6,1,Stoffel Vandoorne,12,0,0,0
23616,980,825,210,12,15,0.0,44,1,2017,12,13,Belgian Grand Prix,2017-08-27,Haas F1 Team,American,Kevin,Magnussen,Danish,Finished,Circuit de Spa-Francorchamps,Spa,Belgium,50.4372,5.97139,-3,1,Kevin Magnussen,12,0,0,0
23617,980,828,15,17,16,0.0,44,1,2017,12,13,Belgian Grand Prix,2017-08-27,Sauber,Swiss,Marcus,Ericsson,Swedish,Finished,Circuit de Spa-Francorchamps,Spa,Belgium,50.4372,5.97139,1,1,Marcus Ericsson,12,0,0,0
23618,980,815,10,8,17,0.0,42,6,2017,12,13,Belgian Grand Prix,2017-08-27,Force India,Indian,Sergio,Pérez,Mexican,Gearbox,Circuit de Spa-Francorchamps,Spa,Belgium,50.4372,5.97139,-9,0,Sergio Pérez,12,0,0,0
23619,980,4,1,10,18,0.0,25,5,2017,12,13,Belgian Grand Prix,2017-08-27,McLaren,British,Fernando,Alonso,Spanish,Engine,Circuit de Spa-Francorchamps,Spa,Belgium,50.4372,5.97139,-8,0,Fernando Alonso,12,0,0,0
23620,980,830,9,5,19,0.0,7,5,2017,12,13,Belgian Grand Prix,2017-08-27,Red Bull,Austrian,Max,Verstappen,Dutch,Engine,Circuit de Spa-Francorchamps,Spa,Belgium,50.4372,5.97139,-14,0,Max Verstappen,12,0,0,0
23621,980,836,15,18,20,0.0,2,4,2017,12,13,Belgian Grand Prix,2017-08-27,Sauber,Swiss,Pascal,Wehrlein,German,Collision,Circuit de Spa-Francorchamps,Spa,Belgium,50.4372,5.97139,-2,0,Pascal Wehrlein,12,0,0,0
23622,981,1,131,1,1,25.0,53,1,2017,13,14,Italian Grand Prix,2017-09-03,Mercedes,German,Lewis,Hamilton,British,Finished,Autodromo Nazionale di Monza,Monza,Italy,45.6156,9.28111,0,1,Lewis Hamilton,13,1,1,1
23623,981,822,131,4,2,18.0,53,1,2017,13,14,Italian Grand Prix,2017-09-03,Mercedes,German,Valtteri,Bottas,Finnish,Finished,Autodromo Nazionale di Monza,Monza,Italy,45.6156,9.28111,2,1,Valtteri Bottas,13,1,0,1
23624,981,20,6,6,3,15.0,53,1,2017,13,14,Italian Grand Prix,2017-09-03,Ferrari,Italian,Sebastian,Vettel,German,Finished,Autodromo Nazionale di Monza,Monza,Italy,45.6156,9.28111,3,1,Sebastian Vettel,13,1,0,1
23625,981,817,9,16,4,12.0,53,1,2017,13,14,Italian Grand Prix,2017-09-03,Red Bull,Austrian,Daniel,Ricciardo,Australian,Finished,Autodromo Nazionale di Monza,Monza,Italy,45.6156,9.28111,12,1,Daniel Ricciardo,13,0,0,1
23626,981,8,6,5,5,10.0,53,1,2017,13,14,Italian Grand Prix,2017-09-03,Ferrari,Italian,Kimi,Räikkönen,Finnish,Finished,Autodromo Nazionale di Monza,Monza,Italy,45.6156,9.28111,0,1,Kimi Räikkönen,13,0,0,1
23627,981,839,10,3,6,8.0,53,1,2017,13,14,Italian Grand Prix,2017-09-03,Force India,Indian,Esteban,Ocon,French,Finished,Autodromo Nazionale di Monza,Monza,Italy,45.6156,9.28111,-3,1,Esteban Ocon,13,0,0,1
23628,981,840,3,2,7,6.0,53,1,2017,13,14,Italian Grand Prix,2017-09-03,Williams,British,Lance,Stroll,Canadian,Finished,Autodromo Nazionale di Monza,Monza,Italy,45.6156,9.28111,-5,1,Lance Stroll,13,0,0,1
23629,981,13,3,7,8,4.0,53,1,2017,13,14,Italian Grand Prix,2017-09-03,Williams,British,Felipe,Massa,Brazilian,Finished,Autodromo Nazionale di Monza,Monza,Italy,45.6156,9.28111,-1,1,Felipe Massa,13,0,0,1
23630,981,815,10,10,9,2.0,53,1,2017,13,14,Italian Grand Prix,2017-09-03,Force India,Indian,Sergio,Pérez,Mexican,Finished,Autodromo Nazionale di Monza,Monza,Italy,45.6156,9.28111,1,1,Sergio Pérez,13,0,0,1
23631,981,830,9,13,10,1.0,52,11,2017,13,14,Italian Grand Prix,2017-09-03,Red Bull,Austrian,Max,Verstappen,Dutch,+1 Lap,Autodromo Nazionale di Monza,Monza,Italy,45.6156,9.28111,3,1,Max Verstappen,13,0,0,1
23632,981,825,210,9,11,0.0,52,11,2017,13,14,Italian Grand Prix,2017-09-03,Haas F1 Team,American,Kevin,Magnussen,Danish,+1 Lap,Autodromo Nazionale di Monza,Monza,Italy,45.6156,9.28111,-2,1,Kevin Magnussen,13,0,0,0
23633,981,826,5,8,12,0.0,52,11,2017,13,14,Italian Grand Prix,2017-09-03,Toro Rosso,Italian,Daniil,Kvyat,Russian,+1 Lap,Autodromo Nazionale di Monza,Monza,Italy,45.6156,9.28111,-4,1,Daniil Kvyat,13,0,0,0
23634,981,807,4,14,13,0.0,52,11,2017,13,14,Italian Grand Prix,2017-09-03,Renault,French,Nico,Hülkenberg,German,+1 Lap,Autodromo Nazionale di Monza,Monza,Italy,45.6156,9.28111,1,1,Nico Hülkenberg,13,0,0,0
23635,981,832,5,15,14,0.0,52,11,2017,13,14,Italian Grand Prix,2017-09-03,Toro Rosso,Italian,Carlos,Sainz,Spanish,+1 Lap,Autodromo Nazionale di Monza,Monza,Italy,45.6156,9.28111,1,1,Carlos Sainz,13,0,0,0
23636,981,154,210,20,15,0.0,52,11,2017,13,14,Italian Grand Prix,2017-09-03,Haas F1 Team,American,Romain,Grosjean,French,+1 Lap,Autodromo Nazionale di Monza,Monza,Italy,45.6156,9.28111,5,1,Romain Grosjean,13,0,0,0
23637,981,836,15,12,16,0.0,51,12,2017,13,14,Italian Grand Prix,2017-09-03,Sauber,Swiss,Pascal,Wehrlein,German,+2 Laps,Autodromo Nazionale di Monza,Monza,Italy,45.6156,9.28111,-4,1,Pascal Wehrlein,13,0,0,0
23638,981,4,1,19,17,0.0,50,6,2017,13,14,Italian Grand Prix,2017-09-03,McLaren,British,Fernando,Alonso,Spanish,Gearbox,Autodromo Nazionale di Monza,Monza,Italy,45.6156,9.28111,2,0,Fernando Alonso,13,0,0,0
23639,981,828,15,11,18,0.0,49,6,2017,13,14,Italian Grand Prix,2017-09-03,Sauber,Swiss,Marcus,Ericsson,Swedish,Gearbox,Autodromo Nazionale di Monza,Monza,Italy,45.6156,9.28111,-7,0,Marcus Ericsson,13,0,0,0
23640,981,838,1,18,19,0.0,33,5,2017,13,14,Italian Grand Prix,2017-09-03,McLaren,British,Stoffel,Vandoorne,Belgian,Engine,Autodromo Nazionale di Monza,Monza,Italy,45.6156,9.28111,-1,0,Stoffel Vandoorne,13,0,0,0
23641,981,835,4,17,20,0.0,29,5,2017,13,14,Italian Grand Prix,2017-09-03,Renault,French,Jolyon,Palmer,British,Engine,Autodromo Nazionale di Monza,Monza,Italy,45.6156,9.28111,-3,0,Jolyon Palmer,13,0,0,0
23642,982,1,131,5,1,25.0,58,1,2017,14,15,Singapore Grand Prix,2017-09-17,Mercedes,German,Lewis,Hamilton,British,Finished,Marina Bay Street Circuit,Marina Bay,Singapore,1.2914,103.864,4,1,Lewis Hamilton,14,1,1,1
23643,982,817,9,3,2,18.0,58,1,2017,14,15,Singapore Grand Prix,2017-09-17,Red Bull,Austrian,Daniel,Ricciardo,Australian,Finished,Marina Bay Street Circuit,Marina Bay,Singapore,1.2914,103.864,1,1,Daniel Ricciardo,14,1,0,1
23644,982,822,131,6,3,15.0,58,1,2017,14,15,Singapore Grand Prix,2017-09-17,Mercedes,German,Valtteri,Bottas,Finnish,Finished,Marina Bay Street Circuit,Marina Bay,Singapore,1.2914,103.864,3,1,Valtteri Bottas,14,1,0,1
23645,982,832,5,10,4,12.0,58,1,2017,14,15,Singapore Grand Prix,2017-09-17,Toro Rosso,Italian,Carlos,Sainz,Spanish,Finished,Marina Bay Street Circuit,Marina Bay,Singapore,1.2914,103.864,6,1,Carlos Sainz,14,0,0,1
23646,982,815,10,12,5,10.0,58,1,2017,14,15,Singapore Grand Prix,2017-09-17,Force India,Indian,Sergio,Pérez,Mexican,Finished,Marina Bay Street Circuit,Marina Bay,Singapore,1.2914,103.864,7,1,Sergio Pérez,14,0,0,1
23647,982,835,4,11,6,8.0,58,1,2017,14,15,Singapore Grand Prix,2017-09-17,Renault,French,Jolyon,Palmer,British,Finished,Marina Bay Street Circuit,Marina Bay,Singapore,1.2914,103.864,5,1,Jolyon Palmer,14,0,0,1
23648,982,838,1,9,7,6.0,58,1,2017,14,15,Singapore Grand Prix,2017-09-17,McLaren,British,Stoffel,Vandoorne,Belgian,Finished,Marina Bay Street Circuit,Marina Bay,Singapore,1.2914,103.864,2,1,Stoffel Vandoorne,14,0,0,1
23649,982,840,3,18,8,4.0,58,1,2017,14,15,Singapore Grand Prix,2017-09-17,Williams,British,Lance,Stroll,Canadian,Finished,Marina Bay Street Circuit,Marina Bay,Singapore,1.2914,103.864,10,1,Lance Stroll,14,0,0,1
23650,982,154,210,15,9,2.0,58,1,2017,14,15,Singapore Grand Prix,2017-09-17,Haas F1 Team,American,Romain,Grosjean,French,Finished,Marina Bay Street Circuit,Marina Bay,Singapore,1.2914,103.864,6,1,Romain Grosjean,14,0,0,1
23651,982,839,10,14,10,1.0,58,1,2017,14,15,Singapore Grand Prix,2017-09-17,Force India,Indian,Esteban,Ocon,French,Finished,Marina Bay Street Circuit,Marina Bay,Singapore,1.2914,103.864,4,1,Esteban Ocon,14,0,0,1
23652,982,13,3,17,11,0.0,58,1,2017,14,15,Singapore Grand Prix,2017-09-17,Williams,British,Felipe,Massa,Brazilian,Finished,Marina Bay Street Circuit,Marina Bay,Singapore,1.2914,103.864,6,1,Felipe Massa,14,0,0,0
23653,982,836,15,19,12,0.0,56,12,2017,14,15,Singapore Grand Prix,2017-09-17,Sauber,Swiss,Pascal,Wehrlein,German,+2 Laps,Marina Bay Street Circuit,Marina Bay,Singapore,1.2914,103.864,7,1,Pascal Wehrlein,14,0,0,0
23654,982,825,210,16,13,0.0,50,5,2017,14,15,Singapore Grand Prix,2017-09-17,Haas F1 Team,American,Kevin,Magnussen,Danish,Engine,Marina Bay Street Circuit,Marina Bay,Singapore,1.2914,103.864,3,0,Kevin Magnussen,14,0,0,0
23655,982,807,4,7,14,0.0,48,5,2017,14,15,Singapore Grand Prix,2017-09-17,Renault,French,Nico,Hülkenberg,German,Engine,Marina Bay Street Circuit,Marina Bay,Singapore,1.2914,103.864,-7,0,Nico Hülkenberg,14,0,0,0
23656,982,828,15,20,15,0.0,35,3,2017,14,15,Singapore Grand Prix,2017-09-17,Sauber,Swiss,Marcus,Ericsson,Swedish,Accident,Marina Bay Street Circuit,Marina Bay,Singapore,1.2914,103.864,5,0,Marcus Ericsson,14,0,0,0
23657,982,826,5,13,16,0.0,10,3,2017,14,15,Singapore Grand Prix,2017-09-17,Toro Rosso,Italian,Daniil,Kvyat,Russian,Accident,Marina Bay Street Circuit,Marina Bay,Singapore,1.2914,103.864,-3,0,Daniil Kvyat,14,0,0,0
23658,982,4,1,8,17,0.0,8,130,2017,14,15,Singapore Grand Prix,2017-09-17,McLaren,British,Fernando,Alonso,Spanish,Collision damage,Marina Bay Street Circuit,Marina Bay,Singapore,1.2914,103.864,-9,0,Fernando Alonso,14,0,0,0
23659,982,20,6,1,18,0.0,0,3,2017,14,15,Singapore Grand Prix,2017-09-17,Ferrari,Italian,Sebastian,Vettel,German,Accident,Marina Bay Street Circuit,Marina Bay,Singapore,1.2914,103.864,-17,0,Sebastian Vettel,14,0,0,0
23660,982,830,9,2,19,0.0,0,3,2017,14,15,Singapore Grand Prix,2017-09-17,Red Bull,Austrian,Max,Verstappen,Dutch,Accident,Marina Bay Street Circuit,Marina Bay,Singapore,1.2914,103.864,-17,0,Max Verstappen,14,0,0,0
23661,982,8,6,4,20,0.0,0,3,2017,14,15,Singapore Grand Prix,2017-09-17,Ferrari,Italian,Kimi,Räikkönen,Finnish,Accident,Marina Bay Street Circuit,Marina Bay,Singapore,1.2914,103.864,-16,0,Kimi Räikkönen,14,0,0,0
23662,983,830,9,3,1,25.0,56,1,2017,15,2,Malaysian Grand Prix,2017-10-01,Red Bull,Austrian,Max,Verstappen,Dutch,Finished,Sepang International Circuit,Kuala Lumpur,Malaysia,2.76083,101.738,2,1,Max Verstappen,15,1,1,1
23663,983,1,131,1,2,18.0,56,1,2017,15,2,Malaysian Grand Prix,2017-10-01,Mercedes,German,Lewis,Hamilton,British,Finished,Sepang International Circuit,Kuala Lumpur,Malaysia,2.76083,101.738,-1,1,Lewis Hamilton,15,1,0,1
23664,983,817,9,4,3,15.0,56,1,2017,15,2,Malaysian Grand Prix,2017-10-01,Red Bull,Austrian,Daniel,Ricciardo,Australian,Finished,Sepang International Circuit,Kuala Lumpur,Malaysia,2.76083,101.738,1,1,Daniel Ricciardo,15,1,0,1
23665,983,20,6,20,4,12.0,56,1,2017,15,2,Malaysian Grand Prix,2017-10-01,Ferrari,Italian,Sebastian,Vettel,German,Finished,Sepang International Circuit,Kuala Lumpur,Malaysia,2.76083,101.738,16,1,Sebastian Vettel,15,0,0,1
23666,983,822,131,5,5,10.0,56,1,2017,15,2,Malaysian Grand Prix,2017-10-01,Mercedes,German,Valtteri,Bottas,Finnish,Finished,Sepang International Circuit,Kuala Lumpur,Malaysia,2.76083,101.738,0,1,Valtteri Bottas,15,0,0,1
23667,983,815,10,9,6,8.0,56,1,2017,15,2,Malaysian Grand Prix,2017-10-01,Force India,Indian,Sergio,Pérez,Mexican,Finished,Sepang International Circuit,Kuala Lumpur,Malaysia,2.76083,101.738,3,1,Sergio Pérez,15,0,0,1
23668,983,838,1,7,7,6.0,55,11,2017,15,2,Malaysian Grand Prix,2017-10-01,McLaren,British,Stoffel,Vandoorne,Belgian,+1 Lap,Sepang International Circuit,Kuala Lumpur,Malaysia,2.76083,101.738,0,1,Stoffel Vandoorne,15,0,0,1
23669,983,840,3,13,8,4.0,55,11,2017,15,2,Malaysian Grand Prix,2017-10-01,Williams,British,Lance,Stroll,Canadian,+1 Lap,Sepang International Circuit,Kuala Lumpur,Malaysia,2.76083,101.738,5,1,Lance Stroll,15,0,0,1
23670,983,13,3,11,9,2.0,55,11,2017,15,2,Malaysian Grand Prix,2017-10-01,Williams,British,Felipe,Massa,Brazilian,+1 Lap,Sepang International Circuit,Kuala Lumpur,Malaysia,2.76083,101.738,2,1,Felipe Massa,15,0,0,1
23671,983,839,10,6,10,1.0,55,11,2017,15,2,Malaysian Grand Prix,2017-10-01,Force India,Indian,Esteban,Ocon,French,+1 Lap,Sepang International Circuit,Kuala Lumpur,Malaysia,2.76083,101.738,-4,1,Esteban Ocon,15,0,0,1
23672,983,4,1,10,11,0.0,55,11,2017,15,2,Malaysian Grand Prix,2017-10-01,McLaren,British,Fernando,Alonso,Spanish,+1 Lap,Sepang International Circuit,Kuala Lumpur,Malaysia,2.76083,101.738,-1,1,Fernando Alonso,15,0,0,0
23673,983,825,210,17,12,0.0,55,11,2017,15,2,Malaysian Grand Prix,2017-10-01,Haas F1 Team,American,Kevin,Magnussen,Danish,+1 Lap,Sepang International Circuit,Kuala Lumpur,Malaysia,2.76083,101.738,5,1,Kevin Magnussen,15,0,0,0
23674,983,154,210,16,13,0.0,55,11,2017,15,2,Malaysian Grand Prix,2017-10-01,Haas F1 Team,American,Romain,Grosjean,French,+1 Lap,Sepang International Circuit,Kuala Lumpur,Malaysia,2.76083,101.738,3,1,Romain Grosjean,15,0,0,0
23675,983,842,5,15,14,0.0,55,11,2017,15,2,Malaysian Grand Prix,2017-10-01,Toro Rosso,Italian,Pierre,Gasly,French,+1 Lap,Sepang International Circuit,Kuala Lumpur,Malaysia,2.76083,101.738,1,1,Pierre Gasly,15,0,0,0
23676,983,835,4,12,15,0.0,55,11,2017,15,2,Malaysian Grand Prix,2017-10-01,Renault,French,Jolyon,Palmer,British,+1 Lap,Sepang International Circuit,Kuala Lumpur,Malaysia,2.76083,101.738,-3,1,Jolyon Palmer,15,0,0,0
23677,983,807,4,8,16,0.0,55,11,2017,15,2,Malaysian Grand Prix,2017-10-01,Renault,French,Nico,Hülkenberg,German,+1 Lap,Sepang International Circuit,Kuala Lumpur,Malaysia,2.76083,101.738,-8,1,Nico Hülkenberg,15,0,0,0
23678,983,836,15,18,17,0.0,55,11,2017,15,2,Malaysian Grand Prix,2017-10-01,Sauber,Swiss,Pascal,Wehrlein,German,+1 Lap,Sepang International Circuit,Kuala Lumpur,Malaysia,2.76083,101.738,1,1,Pascal Wehrlein,15,0,0,0
23679,983,828,15,19,18,0.0,54,12,2017,15,2,Malaysian Grand Prix,2017-10-01,Sauber,Swiss,Marcus,Ericsson,Swedish,+2 Laps,Sepang International Circuit,Kuala Lumpur,Malaysia,2.76083,101.738,1,1,Marcus Ericsson,15,0,0,0
23680,983,832,5,14,19,0.0,29,5,2017,15,2,Malaysian Grand Prix,2017-10-01,Toro Rosso,Italian,Carlos,Sainz,Spanish,Engine,Sepang International Circuit,Kuala Lumpur,Malaysia,2.76083,101.738,-5,0,Carlos Sainz,15,0,0,0
23681,983,8,6,0,20,0.0,0,84,2017,15,2,Malaysian Grand Prix,2017-10-01,Ferrari,Italian,Kimi,Räikkönen,Finnish,Battery,Sepang International Circuit,Kuala Lumpur,Malaysia,2.76083,101.738,-20,0,Kimi Räikkönen,15,0,0,0
23682,984,1,131,1,1,25.0,53,1,2017,16,22,Japanese Grand Prix,2017-10-08,Mercedes,German,Lewis,Hamilton,British,Finished,Suzuka Circuit,Suzuka,Japan,34.8431,136.541,0,1,Lewis Hamilton,16,1,1,1
23683,984,830,9,4,2,18.0,53,1,2017,16,22,Japanese Grand Prix,2017-10-08,Red Bull,Austrian,Max,Verstappen,Dutch,Finished,Suzuka Circuit,Suzuka,Japan,34.8431,136.541,2,1,Max Verstappen,16,1,0,1
23684,984,817,9,3,3,15.0,53,1,2017,16,22,Japanese Grand Prix,2017-10-08,Red Bull,Austrian,Daniel,Ricciardo,Australian,Finished,Suzuka Circuit,Suzuka,Japan,34.8431,136.541,0,1,Daniel Ricciardo,16,1,0,1
23685,984,822,131,6,4,12.0,53,1,2017,16,22,Japanese Grand Prix,2017-10-08,Mercedes,German,Valtteri,Bottas,Finnish,Finished,Suzuka Circuit,Suzuka,Japan,34.8431,136.541,2,1,Valtteri Bottas,16,0,0,1
23686,984,8,6,10,5,10.0,53,1,2017,16,22,Japanese Grand Prix,2017-10-08,Ferrari,Italian,Kimi,Räikkönen,Finnish,Finished,Suzuka Circuit,Suzuka,Japan,34.8431,136.541,5,1,Kimi Räikkönen,16,0,0,1
23687,984,839,10,5,6,8.0,53,1,2017,16,22,Japanese Grand Prix,2017-10-08,Force India,Indian,Esteban,Ocon,French,Finished,Suzuka Circuit,Suzuka,Japan,34.8431,136.541,-1,1,Esteban Ocon,16,0,0,1
23688,984,815,10,7,7,6.0,53,1,2017,16,22,Japanese Grand Prix,2017-10-08,Force India,Indian,Sergio,Pérez,Mexican,Finished,Suzuka Circuit,Suzuka,Japan,34.8431,136.541,0,1,Sergio Pérez,16,0,0,1
23689,984,825,210,12,8,4.0,53,1,2017,16,22,Japanese Grand Prix,2017-10-08,Haas F1 Team,American,Kevin,Magnussen,Danish,Finished,Suzuka Circuit,Suzuka,Japan,34.8431,136.541,4,1,Kevin Magnussen,16,0,0,1
23690,984,154,210,13,9,2.0,53,1,2017,16,22,Japanese Grand Prix,2017-10-08,Haas F1 Team,American,Romain,Grosjean,French,Finished,Suzuka Circuit,Suzuka,Japan,34.8431,136.541,4,1,Romain Grosjean,16,0,0,1
23691,984,13,3,8,10,1.0,52,11,2017,16,22,Japanese Grand Prix,2017-10-08,Williams,British,Felipe,Massa,Brazilian,+1 Lap,Suzuka Circuit,Suzuka,Japan,34.8431,136.541,-2,1,Felipe Massa,16,0,0,1
23692,984,4,1,20,11,0.0,52,11,2017,16,22,Japanese Grand Prix,2017-10-08,McLaren,British,Fernando,Alonso,Spanish,+1 Lap,Suzuka Circuit,Suzuka,Japan,34.8431,136.541,9,1,Fernando Alonso,16,0,0,0
23693,984,835,4,18,12,0.0,52,11,2017,16,22,Japanese Grand Prix,2017-10-08,Renault,French,Jolyon,Palmer,British,+1 Lap,Suzuka Circuit,Suzuka,Japan,34.8431,136.541,6,1,Jolyon Palmer,16,0,0,0
23694,984,842,5,14,13,0.0,52,11,2017,16,22,Japanese Grand Prix,2017-10-08,Toro Rosso,Italian,Pierre,Gasly,French,+1 Lap,Suzuka Circuit,Suzuka,Japan,34.8431,136.541,1,1,Pierre Gasly,16,0,0,0
23695,984,838,1,9,14,0.0,52,11,2017,16,22,Japanese Grand Prix,2017-10-08,McLaren,British,Stoffel,Vandoorne,Belgian,+1 Lap,Suzuka Circuit,Suzuka,Japan,34.8431,136.541,-5,1,Stoffel Vandoorne,16,0,0,0
23696,984,836,15,17,15,0.0,51,12,2017,16,22,Japanese Grand Prix,2017-10-08,Sauber,Swiss,Pascal,Wehrlein,German,+2 Laps,Suzuka Circuit,Suzuka,Japan,34.8431,136.541,2,1,Pascal Wehrlein,16,0,0,0
23697,984,840,3,15,16,0.0,45,36,2017,16,22,Japanese Grand Prix,2017-10-08,Williams,British,Lance,Stroll,Canadian,Wheel,Suzuka Circuit,Suzuka,Japan,34.8431,136.541,-1,0,Lance Stroll,16,0,0,0
23698,984,807,4,11,17,0.0,40,33,2017,16,22,Japanese Grand Prix,2017-10-08,Renault,French,Nico,Hülkenberg,German,Front wing,Suzuka Circuit,Suzuka,Japan,34.8431,136.541,-6,0,Nico Hülkenberg,16,0,0,0
23699,984,828,15,16,18,0.0,7,3,2017,16,22,Japanese Grand Prix,2017-10-08,Sauber,Swiss,Marcus,Ericsson,Swedish,Accident,Suzuka Circuit,Suzuka,Japan,34.8431,136.541,-2,0,Marcus Ericsson,16,0,0,0
23700,984,20,6,2,19,0.0,4,105,2017,16,22,Japanese Grand Prix,2017-10-08,Ferrari,Italian,Sebastian,Vettel,German,Spark plugs,Suzuka Circuit,Suzuka,Japan,34.8431,136.541,-17,0,Sebastian Vettel,16,0,0,0
23701,984,832,5,19,20,0.0,0,3,2017,16,22,Japanese Grand Prix,2017-10-08,Toro Rosso,Italian,Carlos,Sainz,Spanish,Accident,Suzuka Circuit,Suzuka,Japan,34.8431,136.541,-1,0,Carlos Sainz,16,0,0,0
23702,985,1,131,1,1,25.0,56,1,2017,17,69,United States Grand Prix,2017-10-22,Mercedes,German,Lewis,Hamilton,British,Finished,Circuit of the Americas,Austin,USA,30.1328,-97.6411,0,1,Lewis Hamilton,17,1,1,1
23703,985,20,6,2,2,18.0,56,1,2017,17,69,United States Grand Prix,2017-10-22,Ferrari,Italian,Sebastian,Vettel,German,Finished,Circuit of the Americas,Austin,USA,30.1328,-97.6411,0,1,Sebastian Vettel,17,1,0,1
23704,985,8,6,5,3,15.0,56,1,2017,17,69,United States Grand Prix,2017-10-22,Ferrari,Italian,Kimi,Räikkönen,Finnish,Finished,Circuit of the Americas,Austin,USA,30.1328,-97.6411,2,1,Kimi Räikkönen,17,1,0,1
23705,985,830,9,16,4,12.0,56,1,2017,17,69,United States Grand Prix,2017-10-22,Red Bull,Austrian,Max,Verstappen,Dutch,Finished,Circuit of the Americas,Austin,USA,30.1328,-97.6411,12,1,Max Verstappen,17,0,0,1
23706,985,822,131,3,5,10.0,56,1,2017,17,69,United States Grand Prix,2017-10-22,Mercedes,German,Valtteri,Bottas,Finnish,Finished,Circuit of the Americas,Austin,USA,30.1328,-97.6411,-2,1,Valtteri Bottas,17,0,0,1
23707,985,839,10,6,6,8.0,56,1,2017,17,69,United States Grand Prix,2017-10-22,Force India,Indian,Esteban,Ocon,French,Finished,Circuit of the Americas,Austin,USA,30.1328,-97.6411,0,1,Esteban Ocon,17,0,0,1
23708,985,832,4,7,7,6.0,56,1,2017,17,69,United States Grand Prix,2017-10-22,Renault,French,Carlos,Sainz,Spanish,Finished,Circuit of the Americas,Austin,USA,30.1328,-97.6411,0,1,Carlos Sainz,17,0,0,1
23709,985,815,10,9,8,4.0,55,11,2017,17,69,United States Grand Prix,2017-10-22,Force India,Indian,Sergio,Pérez,Mexican,+1 Lap,Circuit of the Americas,Austin,USA,30.1328,-97.6411,1,1,Sergio Pérez,17,0,0,1
23710,985,13,3,10,9,2.0,55,11,2017,17,69,United States Grand Prix,2017-10-22,Williams,British,Felipe,Massa,Brazilian,+1 Lap,Circuit of the Americas,Austin,USA,30.1328,-97.6411,1,1,Felipe Massa,17,0,0,1
23711,985,826,5,11,10,1.0,55,11,2017,17,69,United States Grand Prix,2017-10-22,Toro Rosso,Italian,Daniil,Kvyat,Russian,+1 Lap,Circuit of the Americas,Austin,USA,30.1328,-97.6411,1,1,Daniil Kvyat,17,0,0,1
23712,985,840,3,15,11,0.0,55,11,2017,17,69,United States Grand Prix,2017-10-22,Williams,British,Lance,Stroll,Canadian,+1 Lap,Circuit of the Americas,Austin,USA,30.1328,-97.6411,4,1,Lance Stroll,17,0,0,0
23713,985,838,1,20,12,0.0,55,11,2017,17,69,United States Grand Prix,2017-10-22,McLaren,British,Stoffel,Vandoorne,Belgian,+1 Lap,Circuit of the Americas,Austin,USA,30.1328,-97.6411,8,1,Stoffel Vandoorne,17,0,0,0
23714,985,843,5,19,13,0.0,55,11,2017,17,69,United States Grand Prix,2017-10-22,Toro Rosso,Italian,Brendon,Hartley,New Zealander,+1 Lap,Circuit of the Americas,Austin,USA,30.1328,-97.6411,6,1,Brendon Hartley,17,0,0,0
23715,985,154,210,12,14,0.0,55,11,2017,17,69,United States Grand Prix,2017-10-22,Haas F1 Team,American,Romain,Grosjean,French,+1 Lap,Circuit of the Americas,Austin,USA,30.1328,-97.6411,-2,1,Romain Grosjean,17,0,0,0
23716,985,828,15,13,15,0.0,55,11,2017,17,69,United States Grand Prix,2017-10-22,Sauber,Swiss,Marcus,Ericsson,Swedish,+1 Lap,Circuit of the Americas,Austin,USA,30.1328,-97.6411,-2,1,Marcus Ericsson,17,0,0,0
23717,985,825,210,17,16,0.0,55,11,2017,17,69,United States Grand Prix,2017-10-22,Haas F1 Team,American,Kevin,Magnussen,Danish,+1 Lap,Circuit of the Americas,Austin,USA,30.1328,-97.6411,1,1,Kevin Magnussen,17,0,0,0
23718,985,4,1,8,17,0.0,24,5,2017,17,69,United States Grand Prix,2017-10-22,McLaren,British,Fernando,Alonso,Spanish,Engine,Circuit of the Americas,Austin,USA,30.1328,-97.6411,-9,0,Fernando Alonso,17,0,0,0
23719,985,817,9,4,18,0.0,14,5,2017,17,69,United States Grand Prix,2017-10-22,Red Bull,Austrian,Daniel,Ricciardo,Australian,Engine,Circuit of the Americas,Austin,USA,30.1328,-97.6411,-14,0,Daniel Ricciardo,17,0,0,0
23720,985,836,15,14,19,0.0,5,4,2017,17,69,United States Grand Prix,2017-10-22,Sauber,Swiss,Pascal,Wehrlein,German,Collision,Circuit of the Americas,Austin,USA,30.1328,-97.6411,-5,0,Pascal Wehrlein,17,0,0,0
23721,985,807,4,18,20,0.0,3,5,2017,17,69,United States Grand Prix,2017-10-22,Renault,French,Nico,Hülkenberg,German,Engine,Circuit of the Americas,Austin,USA,30.1328,-97.6411,-2,0,Nico Hülkenberg,17,0,0,0
23722,986,830,9,2,1,25.0,71,1,2017,18,32,Mexican Grand Prix,2017-10-29,Red Bull,Austrian,Max,Verstappen,Dutch,Finished,Autódromo Hermanos Rodríguez,Mexico City,Mexico,19.4042,-99.0907,1,1,Max Verstappen,18,1,1,1
23723,986,822,131,4,2,18.0,71,1,2017,18,32,Mexican Grand Prix,2017-10-29,Mercedes,German,Valtteri,Bottas,Finnish,Finished,Autódromo Hermanos Rodríguez,Mexico City,Mexico,19.4042,-99.0907,2,1,Valtteri Bottas,18,1,0,1
23724,986,8,6,5,3,15.0,71,1,2017,18,32,Mexican Grand Prix,2017-10-29,Ferrari,Italian,Kimi,Räikkönen,Finnish,Finished,Autódromo Hermanos Rodríguez,Mexico City,Mexico,19.4042,-99.0907,2,1,Kimi Räikkönen,18,1,0,1
23725,986,20,6,1,4,12.0,71,1,2017,18,32,Mexican Grand Prix,2017-10-29,Ferrari,Italian,Sebastian,Vettel,German,Finished,Autódromo Hermanos Rodríguez,Mexico City,Mexico,19.4042,-99.0907,-3,1,Sebastian Vettel,18,0,0,1
23726,986,839,10,6,5,10.0,70,11,2017,18,32,Mexican Grand Prix,2017-10-29,Force India,Indian,Esteban,Ocon,French,+1 Lap,Autódromo Hermanos Rodríguez,Mexico City,Mexico,19.4042,-99.0907,1,1,Esteban Ocon,18,0,0,1
23727,986,840,3,11,6,8.0,70,11,2017,18,32,Mexican Grand Prix,2017-10-29,Williams,British,Lance,Stroll,Canadian,+1 Lap,Autódromo Hermanos Rodríguez,Mexico City,Mexico,19.4042,-99.0907,5,1,Lance Stroll,18,0,0,1
23728,986,815,10,9,7,6.0,70,11,2017,18,32,Mexican Grand Prix,2017-10-29,Force India,Indian,Sergio,Pérez,Mexican,+1 Lap,Autódromo Hermanos Rodríguez,Mexico City,Mexico,19.4042,-99.0907,2,1,Sergio Pérez,18,0,0,1
23729,986,825,210,14,8,4.0,70,11,2017,18,32,Mexican Grand Prix,2017-10-29,Haas F1 Team,American,Kevin,Magnussen,Danish,+1 Lap,Autódromo Hermanos Rodríguez,Mexico City,Mexico,19.4042,-99.0907,6,1,Kevin Magnussen,18,0,0,1
23730,986,1,131,3,9,2.0,70,11,2017,18,32,Mexican Grand Prix,2017-10-29,Mercedes,German,Lewis,Hamilton,British,+1 Lap,Autódromo Hermanos Rodríguez,Mexico City,Mexico,19.4042,-99.0907,-6,1,Lewis Hamilton,18,0,0,1
23731,986,4,1,18,10,1.0,70,11,2017,18,32,Mexican Grand Prix,2017-10-29,McLaren,British,Fernando,Alonso,Spanish,+1 Lap,Autódromo Hermanos Rodríguez,Mexico City,Mexico,19.4042,-99.0907,8,1,Fernando Alonso,18,0,0,1
23732,986,13,3,10,11,0.0,70,11,2017,18,32,Mexican Grand Prix,2017-10-29,Williams,British,Felipe,Massa,Brazilian,+1 Lap,Autódromo Hermanos Rodríguez,Mexico City,Mexico,19.4042,-99.0907,-1,1,Felipe Massa,18,0,0,0
23733,986,838,1,19,12,0.0,70,11,2017,18,32,Mexican Grand Prix,2017-10-29,McLaren,British,Stoffel,Vandoorne,Belgian,+1 Lap,Autódromo Hermanos Rodríguez,Mexico City,Mexico,19.4042,-99.0907,7,1,Stoffel Vandoorne,18,0,0,0
23734,986,842,5,20,13,0.0,70,11,2017,18,32,Mexican Grand Prix,2017-10-29,Toro Rosso,Italian,Pierre,Gasly,French,+1 Lap,Autódromo Hermanos Rodríguez,Mexico City,Mexico,19.4042,-99.0907,7,1,Pierre Gasly,18,0,0,0
23735,986,836,15,13,14,0.0,69,12,2017,18,32,Mexican Grand Prix,2017-10-29,Sauber,Swiss,Pascal,Wehrlein,German,+2 Laps,Autódromo Hermanos Rodríguez,Mexico City,Mexico,19.4042,-99.0907,-1,1,Pascal Wehrlein,18,0,0,0
23736,986,154,210,15,15,0.0,69,12,2017,18,32,Mexican Grand Prix,2017-10-29,Haas F1 Team,American,Romain,Grosjean,French,+2 Laps,Autódromo Hermanos Rodríguez,Mexico City,Mexico,19.4042,-99.0907,0,1,Romain Grosjean,18,0,0,0
23737,986,832,4,8,16,0.0,59,5,2017,18,32,Mexican Grand Prix,2017-10-29,Renault,French,Carlos,Sainz,Spanish,Engine,Autódromo Hermanos Rodríguez,Mexico City,Mexico,19.4042,-99.0907,-8,0,Carlos Sainz,18,0,0,0
23738,986,828,15,12,17,0.0,55,5,2017,18,32,Mexican Grand Prix,2017-10-29,Sauber,Swiss,Marcus,Ericsson,Swedish,Engine,Autódromo Hermanos Rodríguez,Mexico City,Mexico,19.4042,-99.0907,-5,0,Marcus Ericsson,18,0,0,0
23739,986,843,5,17,18,0.0,30,5,2017,18,32,Mexican Grand Prix,2017-10-29,Toro Rosso,Italian,Brendon,Hartley,New Zealander,Engine,Autódromo Hermanos Rodríguez,Mexico City,Mexico,19.4042,-99.0907,-1,0,Brendon Hartley,18,0,0,0
23740,986,807,4,7,19,0.0,24,10,2017,18,32,Mexican Grand Prix,2017-10-29,Renault,French,Nico,Hülkenberg,German,Electrical,Autódromo Hermanos Rodríguez,Mexico City,Mexico,19.4042,-99.0907,-12,0,Nico Hülkenberg,18,0,0,0
23741,986,817,9,16,20,0.0,5,5,2017,18,32,Mexican Grand Prix,2017-10-29,Red Bull,Austrian,Daniel,Ricciardo,Australian,Engine,Autódromo Hermanos Rodríguez,Mexico City,Mexico,19.4042,-99.0907,-4,0,Daniel Ricciardo,18,0,0,0
23742,987,20,6,2,1,25.0,71,1,2017,19,18,Brazilian Grand Prix,2017-11-12,Ferrari,Italian,Sebastian,Vettel,German,Finished,Autódromo José Carlos Pace,São Paulo,Brazil,-23.7036,-46.6997,1,1,Sebastian Vettel,19,1,1,1
23743,987,822,131,1,2,18.0,71,1,2017,19,18,Brazilian Grand Prix,2017-11-12,Mercedes,German,Valtteri,Bottas,Finnish,Finished,Autódromo José Carlos Pace,São Paulo,Brazil,-23.7036,-46.6997,-1,1,Valtteri Bottas,19,1,0,1
23744,987,8,6,3,3,15.0,71,1,2017,19,18,Brazilian Grand Prix,2017-11-12,Ferrari,Italian,Kimi,Räikkönen,Finnish,Finished,Autódromo José Carlos Pace,São Paulo,Brazil,-23.7036,-46.6997,0,1,Kimi Räikkönen,19,1,0,1
23745,987,1,131,20,4,12.0,71,1,2017,19,18,Brazilian Grand Prix,2017-11-12,Mercedes,German,Lewis,Hamilton,British,Finished,Autódromo José Carlos Pace,São Paulo,Brazil,-23.7036,-46.6997,16,1,Lewis Hamilton,19,0,0,1
23746,987,830,9,4,5,10.0,71,1,2017,19,18,Brazilian Grand Prix,2017-11-12,Red Bull,Austrian,Max,Verstappen,Dutch,Finished,Autódromo José Carlos Pace,São Paulo,Brazil,-23.7036,-46.6997,-1,1,Max Verstappen,19,0,0,1
23747,987,817,9,14,6,8.0,71,1,2017,19,18,Brazilian Grand Prix,2017-11-12,Red Bull,Austrian,Daniel,Ricciardo,Australian,Finished,Autódromo José Carlos Pace,São Paulo,Brazil,-23.7036,-46.6997,8,1,Daniel Ricciardo,19,0,0,1
23748,987,13,3,9,7,6.0,71,1,2017,19,18,Brazilian Grand Prix,2017-11-12,Williams,British,Felipe,Massa,Brazilian,Finished,Autódromo José Carlos Pace,São Paulo,Brazil,-23.7036,-46.6997,2,1,Felipe Massa,19,0,0,1
23749,987,4,1,6,8,4.0,71,1,2017,19,18,Brazilian Grand Prix,2017-11-12,McLaren,British,Fernando,Alonso,Spanish,Finished,Autódromo José Carlos Pace,São Paulo,Brazil,-23.7036,-46.6997,-2,1,Fernando Alonso,19,0,0,1
23750,987,815,10,5,9,2.0,71,1,2017,19,18,Brazilian Grand Prix,2017-11-12,Force India,Indian,Sergio,Pérez,Mexican,Finished,Autódromo José Carlos Pace,São Paulo,Brazil,-23.7036,-46.6997,-4,1,Sergio Pérez,19,0,0,1
23751,987,807,4,7,10,1.0,70,11,2017,19,18,Brazilian Grand Prix,2017-11-12,Renault,French,Nico,Hülkenberg,German,+1 Lap,Autódromo José Carlos Pace,São Paulo,Brazil,-23.7036,-46.6997,-3,1,Nico Hülkenberg,19,0,0,1
23752,987,832,4,8,11,0.0,70,11,2017,19,18,Brazilian Grand Prix,2017-11-12,Renault,French,Carlos,Sainz,Spanish,+1 Lap,Autódromo José Carlos Pace,São Paulo,Brazil,-23.7036,-46.6997,-3,1,Carlos Sainz,19,0,0,0
23753,987,842,5,19,12,0.0,70,11,2017,19,18,Brazilian Grand Prix,2017-11-12,Toro Rosso,Italian,Pierre,Gasly,French,+1 Lap,Autódromo José Carlos Pace,São Paulo,Brazil,-23.7036,-46.6997,7,1,Pierre Gasly,19,0,0,0
23754,987,828,15,17,13,0.0,70,11,2017,19,18,Brazilian Grand Prix,2017-11-12,Sauber,Swiss,Marcus,Ericsson,Swedish,+1 Lap,Autódromo José Carlos Pace,São Paulo,Brazil,-23.7036,-46.6997,4,1,Marcus Ericsson,19,0,0,0
23755,987,836,15,15,14,0.0,70,11,2017,19,18,Brazilian Grand Prix,2017-11-12,Sauber,Swiss,Pascal,Wehrlein,German,+1 Lap,Autódromo José Carlos Pace,São Paulo,Brazil,-23.7036,-46.6997,1,1,Pascal Wehrlein,19,0,0,0
23756,987,154,210,11,15,0.0,69,12,2017,19,18,Brazilian Grand Prix,2017-11-12,Haas F1 Team,American,Romain,Grosjean,French,+2 Laps,Autódromo José Carlos Pace,São Paulo,Brazil,-23.7036,-46.6997,-4,1,Romain Grosjean,19,0,0,0
23757,987,840,3,16,16,0.0,69,12,2017,19,18,Brazilian Grand Prix,2017-11-12,Williams,British,Lance,Stroll,Canadian,+2 Laps,Autódromo José Carlos Pace,São Paulo,Brazil,-23.7036,-46.6997,0,1,Lance Stroll,19,0,0,0
23758,987,843,5,18,17,0.0,40,5,2017,19,18,Brazilian Grand Prix,2017-11-12,Toro Rosso,Italian,Brendon,Hartley,New Zealander,Engine,Autódromo José Carlos Pace,São Paulo,Brazil,-23.7036,-46.6997,1,0,Brendon Hartley,19,0,0,0
23759,987,839,10,10,18,0.0,0,3,2017,19,18,Brazilian Grand Prix,2017-11-12,Force India,Indian,Esteban,Ocon,French,Accident,Autódromo José Carlos Pace,São Paulo,Brazil,-23.7036,-46.6997,-8,0,Esteban Ocon,19,0,0,0
23760,987,838,1,12,19,0.0,0,3,2017,19,18,Brazilian Grand Prix,2017-11-12,McLaren,British,Stoffel,Vandoorne,Belgian,Accident,Autódromo José Carlos Pace,São Paulo,Brazil,-23.7036,-46.6997,-7,0,Stoffel Vandoorne,19,0,0,0
23761,987,825,210,13,20,0.0,0,3,2017,19,18,Brazilian Grand Prix,2017-11-12,Haas F1 Team,American,Kevin,Magnussen,Danish,Accident,Autódromo José Carlos Pace,São Paulo,Brazil,-23.7036,-46.6997,-7,0,Kevin Magnussen,19,0,0,0
23762,988,822,131,1,1,25.0,55,1,2017,20,24,Abu Dhabi Grand Prix,2017-11-26,Mercedes,German,Valtteri,Bottas,Finnish,Finished,Yas Marina Circuit,Abu Dhabi,UAE,24.4672,54.6031,0,1,Valtteri Bottas,20,1,1,1
23763,988,1,131,2,2,18.0,55,1,2017,20,24,Abu Dhabi Grand Prix,2017-11-26,Mercedes,German,Lewis,Hamilton,British,Finished,Yas Marina Circuit,Abu Dhabi,UAE,24.4672,54.6031,0,1,Lewis Hamilton,20,1,0,1
23764,988,20,6,3,3,15.0,55,1,2017,20,24,Abu Dhabi Grand Prix,2017-11-26,Ferrari,Italian,Sebastian,Vettel,German,Finished,Yas Marina Circuit,Abu Dhabi,UAE,24.4672,54.6031,0,1,Sebastian Vettel,20,1,0,1
23765,988,8,6,5,4,12.0,55,1,2017,20,24,Abu Dhabi Grand Prix,2017-11-26,Ferrari,Italian,Kimi,Räikkönen,Finnish,Finished,Yas Marina Circuit,Abu Dhabi,UAE,24.4672,54.6031,1,1,Kimi Räikkönen,20,0,0,1
23766,988,830,9,6,5,10.0,55,1,2017,20,24,Abu Dhabi Grand Prix,2017-11-26,Red Bull,Austrian,Max,Verstappen,Dutch,Finished,Yas Marina Circuit,Abu Dhabi,UAE,24.4672,54.6031,1,1,Max Verstappen,20,0,0,1
23767,988,807,4,7,6,8.0,55,1,2017,20,24,Abu Dhabi Grand Prix,2017-11-26,Renault,French,Nico,Hülkenberg,German,Finished,Yas Marina Circuit,Abu Dhabi,UAE,24.4672,54.6031,1,1,Nico Hülkenberg,20,0,0,1
23768,988,815,10,8,7,6.0,55,1,2017,20,24,Abu Dhabi Grand Prix,2017-11-26,Force India,Indian,Sergio,Pérez,Mexican,Finished,Yas Marina Circuit,Abu Dhabi,UAE,24.4672,54.6031,1,1,Sergio Pérez,20,0,0,1
23769,988,839,10,9,8,4.0,55,1,2017,20,24,Abu Dhabi Grand Prix,2017-11-26,Force India,Indian,Esteban,Ocon,French,Finished,Yas Marina Circuit,Abu Dhabi,UAE,24.4672,54.6031,1,1,Esteban Ocon,20,0,0,1
23770,988,4,1,11,9,2.0,54,11,2017,20,24,Abu Dhabi Grand Prix,2017-11-26,McLaren,British,Fernando,Alonso,Spanish,+1 Lap,Yas Marina Circuit,Abu Dhabi,UAE,24.4672,54.6031,2,1,Fernando Alonso,20,0,0,1
23771,988,13,3,10,10,1.0,54,11,2017,20,24,Abu Dhabi Grand Prix,2017-11-26,Williams,British,Felipe,Massa,Brazilian,+1 Lap,Yas Marina Circuit,Abu Dhabi,UAE,24.4672,54.6031,0,1,Felipe Massa,20,0,0,1
23772,988,154,210,16,11,0.0,54,11,2017,20,24,Abu Dhabi Grand Prix,2017-11-26,Haas F1 Team,American,Romain,Grosjean,French,+1 Lap,Yas Marina Circuit,Abu Dhabi,UAE,24.4672,54.6031,5,1,Romain Grosjean,20,0,0,0
23773,988,838,1,13,12,0.0,54,11,2017,20,24,Abu Dhabi Grand Prix,2017-11-26,McLaren,British,Stoffel,Vandoorne,Belgian,+1 Lap,Yas Marina Circuit,Abu Dhabi,UAE,24.4672,54.6031,1,1,Stoffel Vandoorne,20,0,0,0
23774,988,825,210,14,13,0.0,54,11,2017,20,24,Abu Dhabi Grand Prix,2017-11-26,Haas F1 Team,American,Kevin,Magnussen,Danish,+1 Lap,Yas Marina Circuit,Abu Dhabi,UAE,24.4672,54.6031,1,1,Kevin Magnussen,20,0,0,0
23775,988,836,15,18,14,0.0,54,11,2017,20,24,Abu Dhabi Grand Prix,2017-11-26,Sauber,Swiss,Pascal,Wehrlein,German,+1 Lap,Yas Marina Circuit,Abu Dhabi,UAE,24.4672,54.6031,4,1,Pascal Wehrlein,20,0,0,0
23776,988,843,5,20,15,0.0,54,11,2017,20,24,Abu Dhabi Grand Prix,2017-11-26,Toro Rosso,Italian,Brendon,Hartley,New Zealander,+1 Lap,Yas Marina Circuit,Abu Dhabi,UAE,24.4672,54.6031,5,1,Brendon Hartley,20,0,0,0
23777,988,842,5,17,16,0.0,54,11,2017,20,24,Abu Dhabi Grand Prix,2017-11-26,Toro Rosso,Italian,Pierre,Gasly,French,+1 Lap,Yas Marina Circuit,Abu Dhabi,UAE,24.4672,54.6031,1,1,Pierre Gasly,20,0,0,0
23778,988,828,15,19,17,0.0,54,11,2017,20,24,Abu Dhabi Grand Prix,2017-11-26,Sauber,Swiss,Marcus,Ericsson,Swedish,+1 Lap,Yas Marina Circuit,Abu Dhabi,UAE,24.4672,54.6031,2,1,Marcus Ericsson,20,0,0,0
23779,988,840,3,15,18,0.0,54,11,2017,20,24,Abu Dhabi Grand Prix,2017-11-26,Williams,British,Lance,Stroll,Canadian,+1 Lap,Yas Marina Circuit,Abu Dhabi,UAE,24.4672,54.6031,-3,1,Lance Stroll,20,0,0,0
23780,988,832,4,12,19,0.0,31,36,2017,20,24,Abu Dhabi Grand Prix,2017-11-26,Renault,French,Carlos,Sainz,Spanish,Wheel,Yas Marina Circuit,Abu Dhabi,UAE,24.4672,54.6031,-7,0,Carlos Sainz,20,0,0,0
23781,988,817,9,4,20,0.0,20,9,2017,20,24,Abu Dhabi Grand Prix,2017-11-26,Red Bull,Austrian,Daniel,Ricciardo,Australian,Hydraulics,Yas Marina Circuit,Abu Dhabi,UAE,24.4672,54.6031,-16,0,Daniel Ricciardo,20,0,0,0
23782,989,20,6,3,1,25.0,58,1,2018,1,1,Australian Grand Prix,2018-03-25,Ferrari,Italian,Sebastian,Vettel,German,Finished,Albert Park Grand Prix Circuit,Melbourne,Australia,-37.8497,144.968,2,1,Sebastian Vettel,1,1,1,1
23783,989,1,131,1,2,18.0,58,1,2018,1,1,Australian Grand Prix,2018-03-25,Mercedes,German,Lewis,Hamilton,British,Finished,Albert Park Grand Prix Circuit,Melbourne,Australia,-37.8497,144.968,-1,1,Lewis Hamilton,1,1,0,1
23784,989,8,6,2,3,15.0,58,1,2018,1,1,Australian Grand Prix,2018-03-25,Ferrari,Italian,Kimi,Räikkönen,Finnish,Finished,Albert Park Grand Prix Circuit,Melbourne,Australia,-37.8497,144.968,-1,1,Kimi Räikkönen,1,1,0,1
23785,989,817,9,8,4,12.0,58,1,2018,1,1,Australian Grand Prix,2018-03-25,Red Bull,Austrian,Daniel,Ricciardo,Australian,Finished,Albert Park Grand Prix Circuit,Melbourne,Australia,-37.8497,144.968,4,1,Daniel Ricciardo,1,0,0,1
23786,989,4,1,10,5,10.0,58,1,2018,1,1,Australian Grand Prix,2018-03-25,McLaren,British,Fernando,Alonso,Spanish,Finished,Albert Park Grand Prix Circuit,Melbourne,Australia,-37.8497,144.968,5,1,Fernando Alonso,1,0,0,1
23787,989,830,9,4,6,8.0,58,1,2018,1,1,Australian Grand Prix,2018-03-25,Red Bull,Austrian,Max,Verstappen,Dutch,Finished,Albert Park Grand Prix Circuit,Melbourne,Australia,-37.8497,144.968,-2,1,Max Verstappen,1,0,0,1
23788,989,807,4,7,7,6.0,58,1,2018,1,1,Australian Grand Prix,2018-03-25,Renault,French,Nico,Hülkenberg,German,Finished,Albert Park Grand Prix Circuit,Melbourne,Australia,-37.8497,144.968,0,1,Nico Hülkenberg,1,0,0,1
23789,989,822,131,15,8,4.0,58,1,2018,1,1,Australian Grand Prix,2018-03-25,Mercedes,German,Valtteri,Bottas,Finnish,Finished,Albert Park Grand Prix Circuit,Melbourne,Australia,-37.8497,144.968,7,1,Valtteri Bottas,1,0,0,1
23790,989,838,1,11,9,2.0,58,1,2018,1,1,Australian Grand Prix,2018-03-25,McLaren,British,Stoffel,Vandoorne,Belgian,Finished,Albert Park Grand Prix Circuit,Melbourne,Australia,-37.8497,144.968,2,1,Stoffel Vandoorne,1,0,0,1
23791,989,832,4,9,10,1.0,58,1,2018,1,1,Australian Grand Prix,2018-03-25,Renault,French,Carlos,Sainz,Spanish,Finished,Albert Park Grand Prix Circuit,Melbourne,Australia,-37.8497,144.968,-1,1,Carlos Sainz,1,0,0,1
23792,989,815,10,12,11,0.0,58,1,2018,1,1,Australian Grand Prix,2018-03-25,Force India,Indian,Sergio,Pérez,Mexican,Finished,Albert Park Grand Prix Circuit,Melbourne,Australia,-37.8497,144.968,1,1,Sergio Pérez,1,0,0,0
23793,989,839,10,14,12,0.0,58,1,2018,1,1,Australian Grand Prix,2018-03-25,Force India,Indian,Esteban,Ocon,French,Finished,Albert Park Grand Prix Circuit,Melbourne,Australia,-37.8497,144.968,2,1,Esteban Ocon,1,0,0,0
23794,989,844,15,18,13,0.0,58,1,2018,1,1,Australian Grand Prix,2018-03-25,Sauber,Swiss,Charles,Leclerc,Monegasque,Finished,Albert Park Grand Prix Circuit,Melbourne,Australia,-37.8497,144.968,5,1,Charles Leclerc,1,0,0,0
23795,989,840,3,13,14,0.0,58,1,2018,1,1,Australian Grand Prix,2018-03-25,Williams,British,Lance,Stroll,Canadian,Finished,Albert Park Grand Prix Circuit,Melbourne,Australia,-37.8497,144.968,-1,1,Lance Stroll,1,0,0,0
23796,989,843,5,16,15,0.0,57,11,2018,1,1,Australian Grand Prix,2018-03-25,Toro Rosso,Italian,Brendon,Hartley,New Zealander,+1 Lap,Albert Park Grand Prix Circuit,Melbourne,Australia,-37.8497,144.968,1,1,Brendon Hartley,1,0,0,0
23797,989,154,210,6,16,0.0,24,36,2018,1,1,Australian Grand Prix,2018-03-25,Haas F1 Team,American,Romain,Grosjean,French,Wheel,Albert Park Grand Prix Circuit,Melbourne,Australia,-37.8497,144.968,-10,0,Romain Grosjean,1,0,0,0
23798,989,825,210,5,17,0.0,22,36,2018,1,1,Australian Grand Prix,2018-03-25,Haas F1 Team,American,Kevin,Magnussen,Danish,Wheel,Albert Park Grand Prix Circuit,Melbourne,Australia,-37.8497,144.968,-12,0,Kevin Magnussen,1,0,0,0
23799,989,842,5,20,18,0.0,13,5,2018,1,1,Australian Grand Prix,2018-03-25,Toro Rosso,Italian,Pierre,Gasly,French,Engine,Albert Park Grand Prix Circuit,Melbourne,Australia,-37.8497,144.968,2,0,Pierre Gasly,1,0,0,0
23800,989,828,15,17,19,0.0,5,38,2018,1,1,Australian Grand Prix,2018-03-25,Sauber,Swiss,Marcus,Ericsson,Swedish,Steering,Albert Park Grand Prix Circuit,Melbourne,Australia,-37.8497,144.968,-2,0,Marcus Ericsson,1,0,0,0
23801,989,845,3,19,20,0.0,4,23,2018,1,1,Australian Grand Prix,2018-03-25,Williams,British,Sergey,Sirotkin,Russian,Brakes,Albert Park Grand Prix Circuit,Melbourne,Australia,-37.8497,144.968,-1,0,Sergey Sirotkin,1,0,0,0
23802,990,20,6,1,1,25.0,57,1,2018,2,3,Bahrain Grand Prix,2018-04-08,Ferrari,Italian,Sebastian,Vettel,German,Finished,Bahrain International Circuit,Sakhir,Bahrain,26.0325,50.5106,0,1,Sebastian Vettel,2,1,1,1
23803,990,822,131,3,2,18.0,57,1,2018,2,3,Bahrain Grand Prix,2018-04-08,Mercedes,German,Valtteri,Bottas,Finnish,Finished,Bahrain International Circuit,Sakhir,Bahrain,26.0325,50.5106,1,1,Valtteri Bottas,2,1,0,1
23804,990,1,131,9,3,15.0,57,1,2018,2,3,Bahrain Grand Prix,2018-04-08,Mercedes,German,Lewis,Hamilton,British,Finished,Bahrain International Circuit,Sakhir,Bahrain,26.0325,50.5106,6,1,Lewis Hamilton,2,1,0,1
23805,990,842,5,5,4,12.0,57,1,2018,2,3,Bahrain Grand Prix,2018-04-08,Toro Rosso,Italian,Pierre,Gasly,French,Finished,Bahrain International Circuit,Sakhir,Bahrain,26.0325,50.5106,1,1,Pierre Gasly,2,0,0,1
23806,990,825,210,6,5,10.0,57,1,2018,2,3,Bahrain Grand Prix,2018-04-08,Haas F1 Team,American,Kevin,Magnussen,Danish,Finished,Bahrain International Circuit,Sakhir,Bahrain,26.0325,50.5106,1,1,Kevin Magnussen,2,0,0,1
23807,990,807,4,7,6,8.0,57,1,2018,2,3,Bahrain Grand Prix,2018-04-08,Renault,French,Nico,Hülkenberg,German,Finished,Bahrain International Circuit,Sakhir,Bahrain,26.0325,50.5106,1,1,Nico Hülkenberg,2,0,0,1
23808,990,4,1,13,7,6.0,56,11,2018,2,3,Bahrain Grand Prix,2018-04-08,McLaren,British,Fernando,Alonso,Spanish,+1 Lap,Bahrain International Circuit,Sakhir,Bahrain,26.0325,50.5106,6,1,Fernando Alonso,2,0,0,1
23809,990,838,1,14,8,4.0,56,11,2018,2,3,Bahrain Grand Prix,2018-04-08,McLaren,British,Stoffel,Vandoorne,Belgian,+1 Lap,Bahrain International Circuit,Sakhir,Bahrain,26.0325,50.5106,6,1,Stoffel Vandoorne,2,0,0,1
23810,990,828,15,17,9,2.0,56,11,2018,2,3,Bahrain Grand Prix,2018-04-08,Sauber,Swiss,Marcus,Ericsson,Swedish,+1 Lap,Bahrain International Circuit,Sakhir,Bahrain,26.0325,50.5106,8,1,Marcus Ericsson,2,0,0,1
23811,990,839,10,8,10,1.0,56,11,2018,2,3,Bahrain Grand Prix,2018-04-08,Force India,Indian,Esteban,Ocon,French,+1 Lap,Bahrain International Circuit,Sakhir,Bahrain,26.0325,50.5106,-2,1,Esteban Ocon,2,0,0,1
23812,990,832,4,10,11,0.0,56,11,2018,2,3,Bahrain Grand Prix,2018-04-08,Renault,French,Carlos,Sainz,Spanish,+1 Lap,Bahrain International Circuit,Sakhir,Bahrain,26.0325,50.5106,-1,1,Carlos Sainz,2,0,0,0
23813,990,844,15,19,12,0.0,56,11,2018,2,3,Bahrain Grand Prix,2018-04-08,Sauber,Swiss,Charles,Leclerc,Monegasque,+1 Lap,Bahrain International Circuit,Sakhir,Bahrain,26.0325,50.5106,7,1,Charles Leclerc,2,0,0,0
23814,990,154,210,16,13,0.0,56,11,2018,2,3,Bahrain Grand Prix,2018-04-08,Haas F1 Team,American,Romain,Grosjean,French,+1 Lap,Bahrain International Circuit,Sakhir,Bahrain,26.0325,50.5106,3,1,Romain Grosjean,2,0,0,0
23815,990,840,3,20,14,0.0,56,11,2018,2,3,Bahrain Grand Prix,2018-04-08,Williams,British,Lance,Stroll,Canadian,+1 Lap,Bahrain International Circuit,Sakhir,Bahrain,26.0325,50.5106,6,1,Lance Stroll,2,0,0,0
23816,990,845,3,18,15,0.0,56,11,2018,2,3,Bahrain Grand Prix,2018-04-08,Williams,British,Sergey,Sirotkin,Russian,+1 Lap,Bahrain International Circuit,Sakhir,Bahrain,26.0325,50.5106,3,1,Sergey Sirotkin,2,0,0,0
23817,990,815,10,12,16,0.0,56,11,2018,2,3,Bahrain Grand Prix,2018-04-08,Force India,Indian,Sergio,Pérez,Mexican,+1 Lap,Bahrain International Circuit,Sakhir,Bahrain,26.0325,50.5106,-4,1,Sergio Pérez,2,0,0,0
23818,990,843,5,11,17,0.0,56,11,2018,2,3,Bahrain Grand Prix,2018-04-08,Toro Rosso,Italian,Brendon,Hartley,New Zealander,+1 Lap,Bahrain International Circuit,Sakhir,Bahrain,26.0325,50.5106,-6,1,Brendon Hartley,2,0,0,0
23819,990,8,6,2,18,0.0,35,36,2018,2,3,Bahrain Grand Prix,2018-04-08,Ferrari,Italian,Kimi,Räikkönen,Finnish,Wheel,Bahrain International Circuit,Sakhir,Bahrain,26.0325,50.5106,-16,0,Kimi Räikkönen,2,0,0,0
23820,990,830,9,15,19,0.0,3,29,2018,2,3,Bahrain Grand Prix,2018-04-08,Red Bull,Austrian,Max,Verstappen,Dutch,Puncture,Bahrain International Circuit,Sakhir,Bahrain,26.0325,50.5106,-4,0,Max Verstappen,2,0,0,0
23821,990,817,9,4,20,0.0,1,10,2018,2,3,Bahrain Grand Prix,2018-04-08,Red Bull,Austrian,Daniel,Ricciardo,Australian,Electrical,Bahrain International Circuit,Sakhir,Bahrain,26.0325,50.5106,-16,0,Daniel Ricciardo,2,0,0,0
23822,991,817,9,6,1,25.0,56,1,2018,3,17,Chinese Grand Prix,2018-04-15,Red Bull,Austrian,Daniel,Ricciardo,Australian,Finished,Shanghai International Circuit,Shanghai,China,31.3389,121.22,5,1,Daniel Ricciardo,3,1,1,1
23823,991,822,131,3,2,18.0,56,1,2018,3,17,Chinese Grand Prix,2018-04-15,Mercedes,German,Valtteri,Bottas,Finnish,Finished,Shanghai International Circuit,Shanghai,China,31.3389,121.22,1,1,Valtteri Bottas,3,1,0,1
23824,991,8,6,2,3,15.0,56,1,2018,3,17,Chinese Grand Prix,2018-04-15,Ferrari,Italian,Kimi,Räikkönen,Finnish,Finished,Shanghai International Circuit,Shanghai,China,31.3389,121.22,-1,1,Kimi Räikkönen,3,1,0,1
23825,991,1,131,4,4,12.0,56,1,2018,3,17,Chinese Grand Prix,2018-04-15,Mercedes,German,Lewis,Hamilton,British,Finished,Shanghai International Circuit,Shanghai,China,31.3389,121.22,0,1,Lewis Hamilton,3,0,0,1
23826,991,830,9,5,5,10.0,56,1,2018,3,17,Chinese Grand Prix,2018-04-15,Red Bull,Austrian,Max,Verstappen,Dutch,Finished,Shanghai International Circuit,Shanghai,China,31.3389,121.22,0,1,Max Verstappen,3,0,0,1
23827,991,807,4,7,6,8.0,56,1,2018,3,17,Chinese Grand Prix,2018-04-15,Renault,French,Nico,Hülkenberg,German,Finished,Shanghai International Circuit,Shanghai,China,31.3389,121.22,1,1,Nico Hülkenberg,3,0,0,1
23828,991,4,1,13,7,6.0,56,1,2018,3,17,Chinese Grand Prix,2018-04-15,McLaren,British,Fernando,Alonso,Spanish,Finished,Shanghai International Circuit,Shanghai,China,31.3389,121.22,6,1,Fernando Alonso,3,0,0,1
23829,991,20,6,1,8,4.0,56,1,2018,3,17,Chinese Grand Prix,2018-04-15,Ferrari,Italian,Sebastian,Vettel,German,Finished,Shanghai International Circuit,Shanghai,China,31.3389,121.22,-7,1,Sebastian Vettel,3,0,0,1
23830,991,832,4,9,9,2.0,56,1,2018,3,17,Chinese Grand Prix,2018-04-15,Renault,French,Carlos,Sainz,Spanish,Finished,Shanghai International Circuit,Shanghai,China,31.3389,121.22,0,1,Carlos Sainz,3,0,0,1
23831,991,825,210,11,10,1.0,56,1,2018,3,17,Chinese Grand Prix,2018-04-15,Haas F1 Team,American,Kevin,Magnussen,Danish,Finished,Shanghai International Circuit,Shanghai,China,31.3389,121.22,1,1,Kevin Magnussen,3,0,0,1
23832,991,839,10,12,11,0.0,56,1,2018,3,17,Chinese Grand Prix,2018-04-15,Force India,Indian,Esteban,Ocon,French,Finished,Shanghai International Circuit,Shanghai,China,31.3389,121.22,1,1,Esteban Ocon,3,0,0,0
23833,991,815,10,8,12,0.0,56,1,2018,3,17,Chinese Grand Prix,2018-04-15,Force India,Indian,Sergio,Pérez,Mexican,Finished,Shanghai International Circuit,Shanghai,China,31.3389,121.22,-4,1,Sergio Pérez,3,0,0,0
23834,991,838,1,14,13,0.0,56,1,2018,3,17,Chinese Grand Prix,2018-04-15,McLaren,British,Stoffel,Vandoorne,Belgian,Finished,Shanghai International Circuit,Shanghai,China,31.3389,121.22,1,1,Stoffel Vandoorne,3,0,0,0
23835,991,840,3,18,14,0.0,56,1,2018,3,17,Chinese Grand Prix,2018-04-15,Williams,British,Lance,Stroll,Canadian,Finished,Shanghai International Circuit,Shanghai,China,31.3389,121.22,4,1,Lance Stroll,3,0,0,0
23836,991,845,3,16,15,0.0,56,1,2018,3,17,Chinese Grand Prix,2018-04-15,Williams,British,Sergey,Sirotkin,Russian,Finished,Shanghai International Circuit,Shanghai,China,31.3389,121.22,1,1,Sergey Sirotkin,3,0,0,0
23837,991,828,15,20,16,0.0,56,1,2018,3,17,Chinese Grand Prix,2018-04-15,Sauber,Swiss,Marcus,Ericsson,Swedish,Finished,Shanghai International Circuit,Shanghai,China,31.3389,121.22,4,1,Marcus Ericsson,3,0,0,0
23838,991,154,210,10,17,0.0,56,1,2018,3,17,Chinese Grand Prix,2018-04-15,Haas F1 Team,American,Romain,Grosjean,French,Finished,Shanghai International Circuit,Shanghai,China,31.3389,121.22,-7,1,Romain Grosjean,3,0,0,0
23839,991,842,5,17,18,0.0,56,1,2018,3,17,Chinese Grand Prix,2018-04-15,Toro Rosso,Italian,Pierre,Gasly,French,Finished,Shanghai International Circuit,Shanghai,China,31.3389,121.22,-1,1,Pierre Gasly,3,0,0,0
23840,991,844,15,19,19,0.0,56,1,2018,3,17,Chinese Grand Prix,2018-04-15,Sauber,Swiss,Charles,Leclerc,Monegasque,Finished,Shanghai International Circuit,Shanghai,China,31.3389,121.22,0,1,Charles Leclerc,3,0,0,0
23841,991,843,5,15,20,0.0,51,130,2018,3,17,Chinese Grand Prix,2018-04-15,Toro Rosso,Italian,Brendon,Hartley,New Zealander,Collision damage,Shanghai International Circuit,Shanghai,China,31.3389,121.22,-5,0,Brendon Hartley,3,0,0,0
23842,992,1,131,2,1,25.0,51,1,2018,4,73,Azerbaijan Grand Prix,2018-04-29,Mercedes,German,Lewis,Hamilton,British,Finished,Baku City Circuit,Baku,Azerbaijan,40.3725,49.8533,1,1,Lewis Hamilton,4,1,1,1
23843,992,8,6,6,2,18.0,51,1,2018,4,73,Azerbaijan Grand Prix,2018-04-29,Ferrari,Italian,Kimi,Räikkönen,Finnish,Finished,Baku City Circuit,Baku,Azerbaijan,40.3725,49.8533,4,1,Kimi Räikkönen,4,1,0,1
23844,992,815,10,8,3,15.0,51,1,2018,4,73,Azerbaijan Grand Prix,2018-04-29,Force India,Indian,Sergio,Pérez,Mexican,Finished,Baku City Circuit,Baku,Azerbaijan,40.3725,49.8533,5,1,Sergio Pérez,4,1,0,1
23845,992,20,6,1,4,12.0,51,1,2018,4,73,Azerbaijan Grand Prix,2018-04-29,Ferrari,Italian,Sebastian,Vettel,German,Finished,Baku City Circuit,Baku,Azerbaijan,40.3725,49.8533,-3,1,Sebastian Vettel,4,0,0,1
23846,992,832,4,9,5,10.0,51,1,2018,4,73,Azerbaijan Grand Prix,2018-04-29,Renault,French,Carlos,Sainz,Spanish,Finished,Baku City Circuit,Baku,Azerbaijan,40.3725,49.8533,4,1,Carlos Sainz,4,0,0,1
23847,992,844,15,13,6,8.0,51,1,2018,4,73,Azerbaijan Grand Prix,2018-04-29,Sauber,Swiss,Charles,Leclerc,Monegasque,Finished,Baku City Circuit,Baku,Azerbaijan,40.3725,49.8533,7,1,Charles Leclerc,4,0,0,1
23848,992,4,1,12,7,6.0,51,1,2018,4,73,Azerbaijan Grand Prix,2018-04-29,McLaren,British,Fernando,Alonso,Spanish,Finished,Baku City Circuit,Baku,Azerbaijan,40.3725,49.8533,5,1,Fernando Alonso,4,0,0,1
23849,992,840,3,10,8,4.0,51,1,2018,4,73,Azerbaijan Grand Prix,2018-04-29,Williams,British,Lance,Stroll,Canadian,Finished,Baku City Circuit,Baku,Azerbaijan,40.3725,49.8533,2,1,Lance Stroll,4,0,0,1
23850,992,838,1,16,9,2.0,51,1,2018,4,73,Azerbaijan Grand Prix,2018-04-29,McLaren,British,Stoffel,Vandoorne,Belgian,Finished,Baku City Circuit,Baku,Azerbaijan,40.3725,49.8533,7,1,Stoffel Vandoorne,4,0,0,1
23851,992,843,5,19,10,1.0,51,1,2018,4,73,Azerbaijan Grand Prix,2018-04-29,Toro Rosso,Italian,Brendon,Hartley,New Zealander,Finished,Baku City Circuit,Baku,Azerbaijan,40.3725,49.8533,9,1,Brendon Hartley,4,0,0,1
23852,992,828,15,18,11,0.0,51,1,2018,4,73,Azerbaijan Grand Prix,2018-04-29,Sauber,Swiss,Marcus,Ericsson,Swedish,Finished,Baku City Circuit,Baku,Azerbaijan,40.3725,49.8533,7,1,Marcus Ericsson,4,0,0,0
23853,992,842,5,17,12,0.0,51,1,2018,4,73,Azerbaijan Grand Prix,2018-04-29,Toro Rosso,Italian,Pierre,Gasly,French,Finished,Baku City Circuit,Baku,Azerbaijan,40.3725,49.8533,5,1,Pierre Gasly,4,0,0,0
23854,992,825,210,15,13,0.0,51,1,2018,4,73,Azerbaijan Grand Prix,2018-04-29,Haas F1 Team,American,Kevin,Magnussen,Danish,Finished,Baku City Circuit,Baku,Azerbaijan,40.3725,49.8533,2,1,Kevin Magnussen,4,0,0,0
23855,992,822,131,3,14,0.0,48,29,2018,4,73,Azerbaijan Grand Prix,2018-04-29,Mercedes,German,Valtteri,Bottas,Finnish,Puncture,Baku City Circuit,Baku,Azerbaijan,40.3725,49.8533,-11,0,Valtteri Bottas,4,0,0,0
23856,992,154,210,20,15,0.0,42,3,2018,4,73,Azerbaijan Grand Prix,2018-04-29,Haas F1 Team,American,Romain,Grosjean,French,Accident,Baku City Circuit,Baku,Azerbaijan,40.3725,49.8533,5,0,Romain Grosjean,4,0,0,0
23857,992,830,9,5,16,0.0,39,4,2018,4,73,Azerbaijan Grand Prix,2018-04-29,Red Bull,Austrian,Max,Verstappen,Dutch,Collision,Baku City Circuit,Baku,Azerbaijan,40.3725,49.8533,-11,0,Max Verstappen,4,0,0,0
23858,992,817,9,4,17,0.0,39,4,2018,4,73,Azerbaijan Grand Prix,2018-04-29,Red Bull,Austrian,Daniel,Ricciardo,Australian,Collision,Baku City Circuit,Baku,Azerbaijan,40.3725,49.8533,-13,0,Daniel Ricciardo,4,0,0,0
23859,992,807,4,14,18,0.0,10,3,2018,4,73,Azerbaijan Grand Prix,2018-04-29,Renault,French,Nico,Hülkenberg,German,Accident,Baku City Circuit,Baku,Azerbaijan,40.3725,49.8533,-4,0,Nico Hülkenberg,4,0,0,0
23860,992,839,10,7,19,0.0,0,4,2018,4,73,Azerbaijan Grand Prix,2018-04-29,Force India,Indian,Esteban,Ocon,French,Collision,Baku City Circuit,Baku,Azerbaijan,40.3725,49.8533,-12,0,Esteban Ocon,4,0,0,0
23861,992,845,3,11,20,0.0,0,4,2018,4,73,Azerbaijan Grand Prix,2018-04-29,Williams,British,Sergey,Sirotkin,Russian,Collision,Baku City Circuit,Baku,Azerbaijan,40.3725,49.8533,-9,0,Sergey Sirotkin,4,0,0,0
23862,993,1,131,1,1,25.0,66,1,2018,5,4,Spanish Grand Prix,2018-05-13,Mercedes,German,Lewis,Hamilton,British,Finished,Circuit de Barcelona-Catalunya,Montmeló,Spain,41.57,2.26111,0,1,Lewis Hamilton,5,1,1,1
23863,993,822,131,2,2,18.0,66,1,2018,5,4,Spanish Grand Prix,2018-05-13,Mercedes,German,Valtteri,Bottas,Finnish,Finished,Circuit de Barcelona-Catalunya,Montmeló,Spain,41.57,2.26111,0,1,Valtteri Bottas,5,1,0,1
23864,993,830,9,5,3,15.0,66,1,2018,5,4,Spanish Grand Prix,2018-05-13,Red Bull,Austrian,Max,Verstappen,Dutch,Finished,Circuit de Barcelona-Catalunya,Montmeló,Spain,41.57,2.26111,2,1,Max Verstappen,5,1,0,1
23865,993,20,6,3,4,12.0,66,1,2018,5,4,Spanish Grand Prix,2018-05-13,Ferrari,Italian,Sebastian,Vettel,German,Finished,Circuit de Barcelona-Catalunya,Montmeló,Spain,41.57,2.26111,-1,1,Sebastian Vettel,5,0,0,1
23866,993,817,9,6,5,10.0,66,1,2018,5,4,Spanish Grand Prix,2018-05-13,Red Bull,Austrian,Daniel,Ricciardo,Australian,Finished,Circuit de Barcelona-Catalunya,Montmeló,Spain,41.57,2.26111,1,1,Daniel Ricciardo,5,0,0,1
23867,993,825,210,7,6,8.0,65,11,2018,5,4,Spanish Grand Prix,2018-05-13,Haas F1 Team,American,Kevin,Magnussen,Danish,+1 Lap,Circuit de Barcelona-Catalunya,Montmeló,Spain,41.57,2.26111,1,1,Kevin Magnussen,5,0,0,1
23868,993,832,4,9,7,6.0,65,11,2018,5,4,Spanish Grand Prix,2018-05-13,Renault,French,Carlos,Sainz,Spanish,+1 Lap,Circuit de Barcelona-Catalunya,Montmeló,Spain,41.57,2.26111,2,1,Carlos Sainz,5,0,0,1
23869,993,4,1,8,8,4.0,65,11,2018,5,4,Spanish Grand Prix,2018-05-13,McLaren,British,Fernando,Alonso,Spanish,+1 Lap,Circuit de Barcelona-Catalunya,Montmeló,Spain,41.57,2.26111,0,1,Fernando Alonso,5,0,0,1
23870,993,815,10,15,9,2.0,64,12,2018,5,4,Spanish Grand Prix,2018-05-13,Force India,Indian,Sergio,Pérez,Mexican,+2 Laps,Circuit de Barcelona-Catalunya,Montmeló,Spain,41.57,2.26111,6,1,Sergio Pérez,5,0,0,1
23871,993,844,15,14,10,1.0,64,12,2018,5,4,Spanish Grand Prix,2018-05-13,Sauber,Swiss,Charles,Leclerc,Monegasque,+2 Laps,Circuit de Barcelona-Catalunya,Montmeló,Spain,41.57,2.26111,4,1,Charles Leclerc,5,0,0,1
23872,993,840,3,18,11,0.0,64,12,2018,5,4,Spanish Grand Prix,2018-05-13,Williams,British,Lance,Stroll,Canadian,+2 Laps,Circuit de Barcelona-Catalunya,Montmeló,Spain,41.57,2.26111,7,1,Lance Stroll,5,0,0,0
23873,993,843,5,20,12,0.0,64,12,2018,5,4,Spanish Grand Prix,2018-05-13,Toro Rosso,Italian,Brendon,Hartley,New Zealander,+2 Laps,Circuit de Barcelona-Catalunya,Montmeló,Spain,41.57,2.26111,8,1,Brendon Hartley,5,0,0,0
23874,993,828,15,17,13,0.0,64,12,2018,5,4,Spanish Grand Prix,2018-05-13,Sauber,Swiss,Marcus,Ericsson,Swedish,+2 Laps,Circuit de Barcelona-Catalunya,Montmeló,Spain,41.57,2.26111,4,1,Marcus Ericsson,5,0,0,0
23875,993,845,3,19,14,0.0,63,13,2018,5,4,Spanish Grand Prix,2018-05-13,Williams,British,Sergey,Sirotkin,Russian,+3 Laps,Circuit de Barcelona-Catalunya,Montmeló,Spain,41.57,2.26111,5,1,Sergey Sirotkin,5,0,0,0
23876,993,838,1,11,15,0.0,45,6,2018,5,4,Spanish Grand Prix,2018-05-13,McLaren,British,Stoffel,Vandoorne,Belgian,Gearbox,Circuit de Barcelona-Catalunya,Montmeló,Spain,41.57,2.26111,-4,0,Stoffel Vandoorne,5,0,0,0
23877,993,839,10,13,16,0.0,38,44,2018,5,4,Spanish Grand Prix,2018-05-13,Force India,Indian,Esteban,Ocon,French,Oil leak,Circuit de Barcelona-Catalunya,Montmeló,Spain,41.57,2.26111,-3,0,Esteban Ocon,5,0,0,0
23878,993,8,6,4,17,0.0,25,101,2018,5,4,Spanish Grand Prix,2018-05-13,Ferrari,Italian,Kimi,Räikkönen,Finnish,Turbo,Circuit de Barcelona-Catalunya,Montmeló,Spain,41.57,2.26111,-13,0,Kimi Räikkönen,5,0,0,0
23879,993,154,210,10,18,0.0,0,4,2018,5,4,Spanish Grand Prix,2018-05-13,Haas F1 Team,American,Romain,Grosjean,French,Collision,Circuit de Barcelona-Catalunya,Montmeló,Spain,41.57,2.26111,-8,0,Romain Grosjean,5,0,0,0
23880,993,842,5,12,19,0.0,0,4,2018,5,4,Spanish Grand Prix,2018-05-13,Toro Rosso,Italian,Pierre,Gasly,French,Collision,Circuit de Barcelona-Catalunya,Montmeló,Spain,41.57,2.26111,-7,0,Pierre Gasly,5,0,0,0
23881,993,807,4,16,20,0.0,0,4,2018,5,4,Spanish Grand Prix,2018-05-13,Renault,French,Nico,Hülkenberg,German,Collision,Circuit de Barcelona-Catalunya,Montmeló,Spain,41.57,2.26111,-4,0,Nico Hülkenberg,5,0,0,0
23882,994,817,9,1,1,25.0,78,1,2018,6,6,Monaco Grand Prix,2018-05-27,Red Bull,Austrian,Daniel,Ricciardo,Australian,Finished,Circuit de Monaco,Monte-Carlo,Monaco,43.7347,7.42056,0,1,Daniel Ricciardo,6,1,1,1
23883,994,20,6,2,2,18.0,78,1,2018,6,6,Monaco Grand Prix,2018-05-27,Ferrari,Italian,Sebastian,Vettel,German,Finished,Circuit de Monaco,Monte-Carlo,Monaco,43.7347,7.42056,0,1,Sebastian Vettel,6,1,0,1
23884,994,1,131,3,3,15.0,78,1,2018,6,6,Monaco Grand Prix,2018-05-27,Mercedes,German,Lewis,Hamilton,British,Finished,Circuit de Monaco,Monte-Carlo,Monaco,43.7347,7.42056,0,1,Lewis Hamilton,6,1,0,1
23885,994,8,6,4,4,12.0,78,1,2018,6,6,Monaco Grand Prix,2018-05-27,Ferrari,Italian,Kimi,Räikkönen,Finnish,Finished,Circuit de Monaco,Monte-Carlo,Monaco,43.7347,7.42056,0,1,Kimi Räikkönen,6,0,0,1
23886,994,822,131,5,5,10.0,78,1,2018,6,6,Monaco Grand Prix,2018-05-27,Mercedes,German,Valtteri,Bottas,Finnish,Finished,Circuit de Monaco,Monte-Carlo,Monaco,43.7347,7.42056,0,1,Valtteri Bottas,6,0,0,1
23887,994,839,10,6,6,8.0,78,1,2018,6,6,Monaco Grand Prix,2018-05-27,Force India,Indian,Esteban,Ocon,French,Finished,Circuit de Monaco,Monte-Carlo,Monaco,43.7347,7.42056,0,1,Esteban Ocon,6,0,0,1
23888,994,842,5,10,7,6.0,78,1,2018,6,6,Monaco Grand Prix,2018-05-27,Toro Rosso,Italian,Pierre,Gasly,French,Finished,Circuit de Monaco,Monte-Carlo,Monaco,43.7347,7.42056,3,1,Pierre Gasly,6,0,0,1
23889,994,807,4,11,8,4.0,78,1,2018,6,6,Monaco Grand Prix,2018-05-27,Renault,French,Nico,Hülkenberg,German,Finished,Circuit de Monaco,Monte-Carlo,Monaco,43.7347,7.42056,3,1,Nico Hülkenberg,6,0,0,1
23890,994,830,9,20,9,2.0,78,1,2018,6,6,Monaco Grand Prix,2018-05-27,Red Bull,Austrian,Max,Verstappen,Dutch,Finished,Circuit de Monaco,Monte-Carlo,Monaco,43.7347,7.42056,11,1,Max Verstappen,6,0,0,1
23891,994,832,4,8,10,1.0,78,1,2018,6,6,Monaco Grand Prix,2018-05-27,Renault,French,Carlos,Sainz,Spanish,Finished,Circuit de Monaco,Monte-Carlo,Monaco,43.7347,7.42056,-2,1,Carlos Sainz,6,0,0,1
23892,994,828,15,16,11,0.0,78,1,2018,6,6,Monaco Grand Prix,2018-05-27,Sauber,Swiss,Marcus,Ericsson,Swedish,Finished,Circuit de Monaco,Monte-Carlo,Monaco,43.7347,7.42056,5,1,Marcus Ericsson,6,0,0,0
23893,994,815,10,9,12,0.0,78,1,2018,6,6,Monaco Grand Prix,2018-05-27,Force India,Indian,Sergio,Pérez,Mexican,Finished,Circuit de Monaco,Monte-Carlo,Monaco,43.7347,7.42056,-3,1,Sergio Pérez,6,0,0,0
23894,994,825,210,19,13,0.0,78,1,2018,6,6,Monaco Grand Prix,2018-05-27,Haas F1 Team,American,Kevin,Magnussen,Danish,Finished,Circuit de Monaco,Monte-Carlo,Monaco,43.7347,7.42056,6,1,Kevin Magnussen,6,0,0,0
23895,994,838,1,12,14,0.0,77,11,2018,6,6,Monaco Grand Prix,2018-05-27,McLaren,British,Stoffel,Vandoorne,Belgian,+1 Lap,Circuit de Monaco,Monte-Carlo,Monaco,43.7347,7.42056,-2,1,Stoffel Vandoorne,6,0,0,0
23896,994,154,210,18,15,0.0,77,11,2018,6,6,Monaco Grand Prix,2018-05-27,Haas F1 Team,American,Romain,Grosjean,French,+1 Lap,Circuit de Monaco,Monte-Carlo,Monaco,43.7347,7.42056,3,1,Romain Grosjean,6,0,0,0
23897,994,845,3,13,16,0.0,77,11,2018,6,6,Monaco Grand Prix,2018-05-27,Williams,British,Sergey,Sirotkin,Russian,+1 Lap,Circuit de Monaco,Monte-Carlo,Monaco,43.7347,7.42056,-3,1,Sergey Sirotkin,6,0,0,0
23898,994,840,3,17,17,0.0,76,12,2018,6,6,Monaco Grand Prix,2018-05-27,Williams,British,Lance,Stroll,Canadian,+2 Laps,Circuit de Monaco,Monte-Carlo,Monaco,43.7347,7.42056,0,1,Lance Stroll,6,0,0,0
23899,994,844,15,14,18,0.0,70,4,2018,6,6,Monaco Grand Prix,2018-05-27,Sauber,Swiss,Charles,Leclerc,Monegasque,Collision,Circuit de Monaco,Monte-Carlo,Monaco,43.7347,7.42056,-4,0,Charles Leclerc,6,0,0,0
23900,994,843,5,15,19,0.0,70,4,2018,6,6,Monaco Grand Prix,2018-05-27,Toro Rosso,Italian,Brendon,Hartley,New Zealander,Collision,Circuit de Monaco,Monte-Carlo,Monaco,43.7347,7.42056,-4,0,Brendon Hartley,6,0,0,0
23901,994,4,1,7,20,0.0,52,6,2018,6,6,Monaco Grand Prix,2018-05-27,McLaren,British,Fernando,Alonso,Spanish,Gearbox,Circuit de Monaco,Monte-Carlo,Monaco,43.7347,7.42056,-13,0,Fernando Alonso,6,0,0,0
23902,995,20,6,1,1,25.0,68,1,2018,7,7,Canadian Grand Prix,2018-06-10,Ferrari,Italian,Sebastian,Vettel,German,Finished,Circuit Gilles Villeneuve,Montreal,Canada,45.5,-73.5228,0,1,Sebastian Vettel,7,1,1,1
23903,995,822,131,2,2,18.0,68,1,2018,7,7,Canadian Grand Prix,2018-06-10,Mercedes,German,Valtteri,Bottas,Finnish,Finished,Circuit Gilles Villeneuve,Montreal,Canada,45.5,-73.5228,0,1,Valtteri Bottas,7,1,0,1
23904,995,830,9,3,3,15.0,68,1,2018,7,7,Canadian Grand Prix,2018-06-10,Red Bull,Austrian,Max,Verstappen,Dutch,Finished,Circuit Gilles Villeneuve,Montreal,Canada,45.5,-73.5228,0,1,Max Verstappen,7,1,0,1
23905,995,817,9,6,4,12.0,68,1,2018,7,7,Canadian Grand Prix,2018-06-10,Red Bull,Austrian,Daniel,Ricciardo,Australian,Finished,Circuit Gilles Villeneuve,Montreal,Canada,45.5,-73.5228,2,1,Daniel Ricciardo,7,0,0,1
23906,995,1,131,4,5,10.0,68,1,2018,7,7,Canadian Grand Prix,2018-06-10,Mercedes,German,Lewis,Hamilton,British,Finished,Circuit Gilles Villeneuve,Montreal,Canada,45.5,-73.5228,-1,1,Lewis Hamilton,7,0,0,1
23907,995,8,6,5,6,8.0,68,1,2018,7,7,Canadian Grand Prix,2018-06-10,Ferrari,Italian,Kimi,Räikkönen,Finnish,Finished,Circuit Gilles Villeneuve,Montreal,Canada,45.5,-73.5228,-1,1,Kimi Räikkönen,7,0,0,1
23908,995,807,4,7,7,6.0,67,11,2018,7,7,Canadian Grand Prix,2018-06-10,Renault,French,Nico,Hülkenberg,German,+1 Lap,Circuit Gilles Villeneuve,Montreal,Canada,45.5,-73.5228,0,1,Nico Hülkenberg,7,0,0,1
23909,995,832,4,9,8,4.0,67,11,2018,7,7,Canadian Grand Prix,2018-06-10,Renault,French,Carlos,Sainz,Spanish,+1 Lap,Circuit Gilles Villeneuve,Montreal,Canada,45.5,-73.5228,1,1,Carlos Sainz,7,0,0,1
23910,995,839,10,8,9,2.0,67,11,2018,7,7,Canadian Grand Prix,2018-06-10,Force India,Indian,Esteban,Ocon,French,+1 Lap,Circuit Gilles Villeneuve,Montreal,Canada,45.5,-73.5228,-1,1,Esteban Ocon,7,0,0,1
23911,995,844,15,13,10,1.0,67,11,2018,7,7,Canadian Grand Prix,2018-06-10,Sauber,Swiss,Charles,Leclerc,Monegasque,+1 Lap,Circuit Gilles Villeneuve,Montreal,Canada,45.5,-73.5228,3,1,Charles Leclerc,7,0,0,1
23912,995,842,5,16,11,0.0,67,11,2018,7,7,Canadian Grand Prix,2018-06-10,Toro Rosso,Italian,Pierre,Gasly,French,+1 Lap,Circuit Gilles Villeneuve,Montreal,Canada,45.5,-73.5228,5,1,Pierre Gasly,7,0,0,0
23913,995,154,210,20,12,0.0,67,11,2018,7,7,Canadian Grand Prix,2018-06-10,Haas F1 Team,American,Romain,Grosjean,French,+1 Lap,Circuit Gilles Villeneuve,Montreal,Canada,45.5,-73.5228,8,1,Romain Grosjean,7,0,0,0
23914,995,825,210,11,13,0.0,67,11,2018,7,7,Canadian Grand Prix,2018-06-10,Haas F1 Team,American,Kevin,Magnussen,Danish,+1 Lap,Circuit Gilles Villeneuve,Montreal,Canada,45.5,-73.5228,-2,1,Kevin Magnussen,7,0,0,0
23915,995,815,10,10,14,0.0,67,11,2018,7,7,Canadian Grand Prix,2018-06-10,Force India,Indian,Sergio,Pérez,Mexican,+1 Lap,Circuit Gilles Villeneuve,Montreal,Canada,45.5,-73.5228,-4,1,Sergio Pérez,7,0,0,0
23916,995,828,15,19,15,0.0,66,12,2018,7,7,Canadian Grand Prix,2018-06-10,Sauber,Swiss,Marcus,Ericsson,Swedish,+2 Laps,Circuit Gilles Villeneuve,Montreal,Canada,45.5,-73.5228,4,1,Marcus Ericsson,7,0,0,0
23917,995,838,1,15,16,0.0,66,12,2018,7,7,Canadian Grand Prix,2018-06-10,McLaren,British,Stoffel,Vandoorne,Belgian,+2 Laps,Circuit Gilles Villeneuve,Montreal,Canada,45.5,-73.5228,-1,1,Stoffel Vandoorne,7,0,0,0
23918,995,845,3,18,17,0.0,66,12,2018,7,7,Canadian Grand Prix,2018-06-10,Williams,British,Sergey,Sirotkin,Russian,+2 Laps,Circuit Gilles Villeneuve,Montreal,Canada,45.5,-73.5228,1,1,Sergey Sirotkin,7,0,0,0
23919,995,4,1,14,18,0.0,40,43,2018,7,7,Canadian Grand Prix,2018-06-10,McLaren,British,Fernando,Alonso,Spanish,Exhaust,Circuit Gilles Villeneuve,Montreal,Canada,45.5,-73.5228,-4,0,Fernando Alonso,7,0,0,0
23920,995,843,5,12,19,0.0,0,4,2018,7,7,Canadian Grand Prix,2018-06-10,Toro Rosso,Italian,Brendon,Hartley,New Zealander,Collision,Circuit Gilles Villeneuve,Montreal,Canada,45.5,-73.5228,-7,0,Brendon Hartley,7,0,0,0
23921,995,840,3,17,20,0.0,0,4,2018,7,7,Canadian Grand Prix,2018-06-10,Williams,British,Lance,Stroll,Canadian,Collision,Circuit Gilles Villeneuve,Montreal,Canada,45.5,-73.5228,-3,0,Lance Stroll,7,0,0,0
23922,996,1,131,1,1,25.0,53,1,2018,8,34,French Grand Prix,2018-06-24,Mercedes,German,Lewis,Hamilton,British,Finished,Circuit Paul Ricard,Le Castellet,France,43.2506,5.79167,0,1,Lewis Hamilton,8,1,1,1
23923,996,830,9,4,2,18.0,53,1,2018,8,34,French Grand Prix,2018-06-24,Red Bull,Austrian,Max,Verstappen,Dutch,Finished,Circuit Paul Ricard,Le Castellet,France,43.2506,5.79167,2,1,Max Verstappen,8,1,0,1
23924,996,8,6,6,3,15.0,53,1,2018,8,34,French Grand Prix,2018-06-24,Ferrari,Italian,Kimi,Räikkönen,Finnish,Finished,Circuit Paul Ricard,Le Castellet,France,43.2506,5.79167,3,1,Kimi Räikkönen,8,1,0,1
23925,996,817,9,5,4,12.0,53,1,2018,8,34,French Grand Prix,2018-06-24,Red Bull,Austrian,Daniel,Ricciardo,Australian,Finished,Circuit Paul Ricard,Le Castellet,France,43.2506,5.79167,1,1,Daniel Ricciardo,8,0,0,1
23926,996,20,6,3,5,10.0,53,1,2018,8,34,French Grand Prix,2018-06-24,Ferrari,Italian,Sebastian,Vettel,German,Finished,Circuit Paul Ricard,Le Castellet,France,43.2506,5.79167,-2,1,Sebastian Vettel,8,0,0,1
23927,996,825,210,9,6,8.0,53,1,2018,8,34,French Grand Prix,2018-06-24,Haas F1 Team,American,Kevin,Magnussen,Danish,Finished,Circuit Paul Ricard,Le Castellet,France,43.2506,5.79167,3,1,Kevin Magnussen,8,0,0,1
23928,996,822,131,2,7,6.0,53,1,2018,8,34,French Grand Prix,2018-06-24,Mercedes,German,Valtteri,Bottas,Finnish,Finished,Circuit Paul Ricard,Le Castellet,France,43.2506,5.79167,-5,1,Valtteri Bottas,8,0,0,1
23929,996,832,4,7,8,4.0,53,1,2018,8,34,French Grand Prix,2018-06-24,Renault,French,Carlos,Sainz,Spanish,Finished,Circuit Paul Ricard,Le Castellet,France,43.2506,5.79167,-1,1,Carlos Sainz,8,0,0,1
23930,996,807,4,12,9,2.0,53,1,2018,8,34,French Grand Prix,2018-06-24,Renault,French,Nico,Hülkenberg,German,Finished,Circuit Paul Ricard,Le Castellet,France,43.2506,5.79167,3,1,Nico Hülkenberg,8,0,0,1
23931,996,844,15,8,10,1.0,53,1,2018,8,34,French Grand Prix,2018-06-24,Sauber,Swiss,Charles,Leclerc,Monegasque,Finished,Circuit Paul Ricard,Le Castellet,France,43.2506,5.79167,-2,1,Charles Leclerc,8,0,0,1
23932,996,154,210,10,11,0.0,52,11,2018,8,34,French Grand Prix,2018-06-24,Haas F1 Team,American,Romain,Grosjean,French,+1 Lap,Circuit Paul Ricard,Le Castellet,France,43.2506,5.79167,-1,1,Romain Grosjean,8,0,0,0
23933,996,838,1,17,12,0.0,52,11,2018,8,34,French Grand Prix,2018-06-24,McLaren,British,Stoffel,Vandoorne,Belgian,+1 Lap,Circuit Paul Ricard,Le Castellet,France,43.2506,5.79167,5,1,Stoffel Vandoorne,8,0,0,0
23934,996,828,15,15,13,0.0,52,11,2018,8,34,French Grand Prix,2018-06-24,Sauber,Swiss,Marcus,Ericsson,Swedish,+1 Lap,Circuit Paul Ricard,Le Castellet,France,43.2506,5.79167,2,1,Marcus Ericsson,8,0,0,0
23935,996,843,5,20,14,0.0,52,11,2018,8,34,French Grand Prix,2018-06-24,Toro Rosso,Italian,Brendon,Hartley,New Zealander,+1 Lap,Circuit Paul Ricard,Le Castellet,France,43.2506,5.79167,6,1,Brendon Hartley,8,0,0,0
23936,996,845,3,18,15,0.0,52,11,2018,8,34,French Grand Prix,2018-06-24,Williams,British,Sergey,Sirotkin,Russian,+1 Lap,Circuit Paul Ricard,Le Castellet,France,43.2506,5.79167,3,1,Sergey Sirotkin,8,0,0,0
23937,996,4,1,16,16,0.0,50,36,2018,8,34,French Grand Prix,2018-06-24,McLaren,British,Fernando,Alonso,Spanish,Wheel,Circuit Paul Ricard,Le Castellet,France,43.2506,5.79167,0,0,Fernando Alonso,8,0,0,0
23938,996,840,3,19,17,0.0,48,29,2018,8,34,French Grand Prix,2018-06-24,Williams,British,Lance,Stroll,Canadian,Puncture,Circuit Paul Ricard,Le Castellet,France,43.2506,5.79167,2,0,Lance Stroll,8,0,0,0
23939,996,815,10,13,18,0.0,27,5,2018,8,34,French Grand Prix,2018-06-24,Force India,Indian,Sergio,Pérez,Mexican,Engine,Circuit Paul Ricard,Le Castellet,France,43.2506,5.79167,-5,0,Sergio Pérez,8,0,0,0
23940,996,839,10,11,19,0.0,0,4,2018,8,34,French Grand Prix,2018-06-24,Force India,Indian,Esteban,Ocon,French,Collision,Circuit Paul Ricard,Le Castellet,France,43.2506,5.79167,-8,0,Esteban Ocon,8,0,0,0
23941,996,842,5,14,20,0.0,0,4,2018,8,34,French Grand Prix,2018-06-24,Toro Rosso,Italian,Pierre,Gasly,French,Collision,Circuit Paul Ricard,Le Castellet,France,43.2506,5.79167,-6,0,Pierre Gasly,8,0,0,0
23942,997,830,9,4,1,25.0,71,1,2018,9,70,Austrian Grand Prix,2018-07-01,Red Bull,Austrian,Max,Verstappen,Dutch,Finished,Red Bull Ring,Spielberg,Austria,47.2197,14.7647,3,1,Max Verstappen,9,1,1,1
23943,997,8,6,3,2,18.0,71,1,2018,9,70,Austrian Grand Prix,2018-07-01,Ferrari,Italian,Kimi,Räikkönen,Finnish,Finished,Red Bull Ring,Spielberg,Austria,47.2197,14.7647,1,1,Kimi Räikkönen,9,1,0,1
23944,997,20,6,6,3,15.0,71,1,2018,9,70,Austrian Grand Prix,2018-07-01,Ferrari,Italian,Sebastian,Vettel,German,Finished,Red Bull Ring,Spielberg,Austria,47.2197,14.7647,3,1,Sebastian Vettel,9,1,0,1
23945,997,154,210,5,4,12.0,70,11,2018,9,70,Austrian Grand Prix,2018-07-01,Haas F1 Team,American,Romain,Grosjean,French,+1 Lap,Red Bull Ring,Spielberg,Austria,47.2197,14.7647,1,1,Romain Grosjean,9,0,0,1
23946,997,825,210,8,5,10.0,70,11,2018,9,70,Austrian Grand Prix,2018-07-01,Haas F1 Team,American,Kevin,Magnussen,Danish,+1 Lap,Red Bull Ring,Spielberg,Austria,47.2197,14.7647,3,1,Kevin Magnussen,9,0,0,1
23947,997,839,10,11,6,8.0,70,11,2018,9,70,Austrian Grand Prix,2018-07-01,Force India,Indian,Esteban,Ocon,French,+1 Lap,Red Bull Ring,Spielberg,Austria,47.2197,14.7647,5,1,Esteban Ocon,9,0,0,1
23948,997,815,10,16,7,6.0,70,11,2018,9,70,Austrian Grand Prix,2018-07-01,Force India,Indian,Sergio,Pérez,Mexican,+1 Lap,Red Bull Ring,Spielberg,Austria,47.2197,14.7647,9,1,Sergio Pérez,9,0,0,1
23949,997,4,1,13,8,4.0,70,11,2018,9,70,Austrian Grand Prix,2018-07-01,McLaren,British,Fernando,Alonso,Spanish,+1 Lap,Red Bull Ring,Spielberg,Austria,47.2197,14.7647,5,1,Fernando Alonso,9,0,0,1
23950,997,844,15,18,9,2.0,70,11,2018,9,70,Austrian Grand Prix,2018-07-01,Sauber,Swiss,Charles,Leclerc,Monegasque,+1 Lap,Red Bull Ring,Spielberg,Austria,47.2197,14.7647,9,1,Charles Leclerc,9,0,0,1
23951,997,828,15,20,10,1.0,70,11,2018,9,70,Austrian Grand Prix,2018-07-01,Sauber,Swiss,Marcus,Ericsson,Swedish,+1 Lap,Red Bull Ring,Spielberg,Austria,47.2197,14.7647,10,1,Marcus Ericsson,9,0,0,1
23952,997,842,5,12,11,0.0,70,11,2018,9,70,Austrian Grand Prix,2018-07-01,Toro Rosso,Italian,Pierre,Gasly,French,+1 Lap,Red Bull Ring,Spielberg,Austria,47.2197,14.7647,1,1,Pierre Gasly,9,0,0,0
23953,997,832,4,9,12,0.0,70,11,2018,9,70,Austrian Grand Prix,2018-07-01,Renault,French,Carlos,Sainz,Spanish,+1 Lap,Red Bull Ring,Spielberg,Austria,47.2197,14.7647,-3,1,Carlos Sainz,9,0,0,0
23954,997,845,3,17,13,0.0,69,12,2018,9,70,Austrian Grand Prix,2018-07-01,Williams,British,Sergey,Sirotkin,Russian,+2 Laps,Red Bull Ring,Spielberg,Austria,47.2197,14.7647,4,1,Sergey Sirotkin,9,0,0,0
23955,997,840,3,14,14,0.0,69,12,2018,9,70,Austrian Grand Prix,2018-07-01,Williams,British,Lance,Stroll,Canadian,+2 Laps,Red Bull Ring,Spielberg,Austria,47.2197,14.7647,0,1,Lance Stroll,9,0,0,0
23956,997,838,1,15,15,0.0,65,130,2018,9,70,Austrian Grand Prix,2018-07-01,McLaren,British,Stoffel,Vandoorne,Belgian,Collision damage,Red Bull Ring,Spielberg,Austria,47.2197,14.7647,0,0,Stoffel Vandoorne,9,0,0,0
23957,997,1,131,2,16,0.0,62,32,2018,9,70,Austrian Grand Prix,2018-07-01,Mercedes,German,Lewis,Hamilton,British,Fuel pressure,Red Bull Ring,Spielberg,Austria,47.2197,14.7647,-14,0,Lewis Hamilton,9,0,0,0
23958,997,843,5,19,17,0.0,54,9,2018,9,70,Austrian Grand Prix,2018-07-01,Toro Rosso,Italian,Brendon,Hartley,New Zealander,Hydraulics,Red Bull Ring,Spielberg,Austria,47.2197,14.7647,2,0,Brendon Hartley,9,0,0,0
23959,997,817,9,7,18,0.0,53,43,2018,9,70,Austrian Grand Prix,2018-07-01,Red Bull,Austrian,Daniel,Ricciardo,Australian,Exhaust,Red Bull Ring,Spielberg,Austria,47.2197,14.7647,-11,0,Daniel Ricciardo,9,0,0,0
23960,997,822,131,1,19,0.0,13,9,2018,9,70,Austrian Grand Prix,2018-07-01,Mercedes,German,Valtteri,Bottas,Finnish,Hydraulics,Red Bull Ring,Spielberg,Austria,47.2197,14.7647,-18,0,Valtteri Bottas,9,0,0,0
23961,997,807,4,10,20,0.0,11,5,2018,9,70,Austrian Grand Prix,2018-07-01,Renault,French,Nico,Hülkenberg,German,Engine,Red Bull Ring,Spielberg,Austria,47.2197,14.7647,-10,0,Nico Hülkenberg,9,0,0,0
23962,998,20,6,2,1,25.0,52,1,2018,10,9,British Grand Prix,2018-07-08,Ferrari,Italian,Sebastian,Vettel,German,Finished,Silverstone Circuit,Silverstone,UK,52.0786,-1.01694,1,1,Sebastian Vettel,10,1,1,1
23963,998,1,131,1,2,18.0,52,1,2018,10,9,British Grand Prix,2018-07-08,Mercedes,German,Lewis,Hamilton,British,Finished,Silverstone Circuit,Silverstone,UK,52.0786,-1.01694,-1,1,Lewis Hamilton,10,1,0,1
23964,998,8,6,3,3,15.0,52,1,2018,10,9,British Grand Prix,2018-07-08,Ferrari,Italian,Kimi,Räikkönen,Finnish,Finished,Silverstone Circuit,Silverstone,UK,52.0786,-1.01694,0,1,Kimi Räikkönen,10,1,0,1
23965,998,822,131,4,4,12.0,52,1,2018,10,9,British Grand Prix,2018-07-08,Mercedes,German,Valtteri,Bottas,Finnish,Finished,Silverstone Circuit,Silverstone,UK,52.0786,-1.01694,0,1,Valtteri Bottas,10,0,0,1
23966,998,817,9,6,5,10.0,52,1,2018,10,9,British Grand Prix,2018-07-08,Red Bull,Austrian,Daniel,Ricciardo,Australian,Finished,Silverstone Circuit,Silverstone,UK,52.0786,-1.01694,1,1,Daniel Ricciardo,10,0,0,1
23967,998,807,4,11,6,8.0,52,1,2018,10,9,British Grand Prix,2018-07-08,Renault,French,Nico,Hülkenberg,German,Finished,Silverstone Circuit,Silverstone,UK,52.0786,-1.01694,5,1,Nico Hülkenberg,10,0,0,1
23968,998,839,10,10,7,6.0,52,1,2018,10,9,British Grand Prix,2018-07-08,Force India,Indian,Esteban,Ocon,French,Finished,Silverstone Circuit,Silverstone,UK,52.0786,-1.01694,3,1,Esteban Ocon,10,0,0,1
23969,998,4,1,13,8,4.0,52,1,2018,10,9,British Grand Prix,2018-07-08,McLaren,British,Fernando,Alonso,Spanish,Finished,Silverstone Circuit,Silverstone,UK,52.0786,-1.01694,5,1,Fernando Alonso,10,0,0,1
23970,998,825,210,7,9,2.0,52,1,2018,10,9,British Grand Prix,2018-07-08,Haas F1 Team,American,Kevin,Magnussen,Danish,Finished,Silverstone Circuit,Silverstone,UK,52.0786,-1.01694,-2,1,Kevin Magnussen,10,0,0,1
23971,998,815,10,12,10,1.0,52,1,2018,10,9,British Grand Prix,2018-07-08,Force India,Indian,Sergio,Pérez,Mexican,Finished,Silverstone Circuit,Silverstone,UK,52.0786,-1.01694,2,1,Sergio Pérez,10,0,0,1
23972,998,838,1,17,11,0.0,52,1,2018,10,9,British Grand Prix,2018-07-08,McLaren,British,Stoffel,Vandoorne,Belgian,Finished,Silverstone Circuit,Silverstone,UK,52.0786,-1.01694,6,1,Stoffel Vandoorne,10,0,0,0
23973,998,840,3,19,12,0.0,52,1,2018,10,9,British Grand Prix,2018-07-08,Williams,British,Lance,Stroll,Canadian,Finished,Silverstone Circuit,Silverstone,UK,52.0786,-1.01694,7,1,Lance Stroll,10,0,0,0
23974,998,842,5,14,13,0.0,52,1,2018,10,9,British Grand Prix,2018-07-08,Toro Rosso,Italian,Pierre,Gasly,French,Finished,Silverstone Circuit,Silverstone,UK,52.0786,-1.01694,1,1,Pierre Gasly,10,0,0,0
23975,998,845,3,18,14,0.0,52,1,2018,10,9,British Grand Prix,2018-07-08,Williams,British,Sergey,Sirotkin,Russian,Finished,Silverstone Circuit,Silverstone,UK,52.0786,-1.01694,4,1,Sergey Sirotkin,10,0,0,0
23982,998,843,5,0,20,0.0,1,131,2018,10,9,British Grand Prix,2018-07-08,Toro Rosso,Italian,Brendon,Hartley,New Zealander,Power Unit,Silverstone Circuit,Silverstone,UK,52.0786,-1.01694,-20,0,Brendon Hartley,10,0,0,0
23977,998,830,9,5,15,0.0,46,23,2018,10,9,British Grand Prix,2018-07-08,Red Bull,Austrian,Max,Verstappen,Dutch,Brakes,Silverstone Circuit,Silverstone,UK,52.0786,-1.01694,-10,0,Max Verstappen,10,0,0,0
23978,998,154,210,8,16,0.0,37,4,2018,10,9,British Grand Prix,2018-07-08,Haas F1 Team,American,Romain,Grosjean,French,Collision,Silverstone Circuit,Silverstone,UK,52.0786,-1.01694,-8,0,Romain Grosjean,10,0,0,0
23979,998,832,4,16,17,0.0,37,4,2018,10,9,British Grand Prix,2018-07-08,Renault,French,Carlos,Sainz,Spanish,Collision,Silverstone Circuit,Silverstone,UK,52.0786,-1.01694,-1,0,Carlos Sainz,10,0,0,0
23980,998,828,15,15,18,0.0,31,3,2018,10,9,British Grand Prix,2018-07-08,Sauber,Swiss,Marcus,Ericsson,Swedish,Accident,Silverstone Circuit,Silverstone,UK,52.0786,-1.01694,-3,0,Marcus Ericsson,10,0,0,0
23981,998,844,15,9,19,0.0,18,27,2018,10,9,British Grand Prix,2018-07-08,Sauber,Swiss,Charles,Leclerc,Monegasque,Tyre,Silverstone Circuit,Silverstone,UK,52.0786,-1.01694,-10,0,Charles Leclerc,10,0,0,0
23983,999,1,131,14,1,25.0,67,1,2018,11,10,German Grand Prix,2018-07-22,Mercedes,German,Lewis,Hamilton,British,Finished,Hockenheimring,Hockenheim,Germany,49.3278,8.56583,13,1,Lewis Hamilton,11,1,1,1
23984,999,822,131,2,2,18.0,67,1,2018,11,10,German Grand Prix,2018-07-22,Mercedes,German,Valtteri,Bottas,Finnish,Finished,Hockenheimring,Hockenheim,Germany,49.3278,8.56583,0,1,Valtteri Bottas,11,1,0,1
23985,999,8,6,3,3,15.0,67,1,2018,11,10,German Grand Prix,2018-07-22,Ferrari,Italian,Kimi,Räikkönen,Finnish,Finished,Hockenheimring,Hockenheim,Germany,49.3278,8.56583,0,1,Kimi Räikkönen,11,1,0,1
23986,999,830,9,4,4,12.0,67,1,2018,11,10,German Grand Prix,2018-07-22,Red Bull,Austrian,Max,Verstappen,Dutch,Finished,Hockenheimring,Hockenheim,Germany,49.3278,8.56583,0,1,Max Verstappen,11,0,0,1
23987,999,807,4,7,5,10.0,67,1,2018,11,10,German Grand Prix,2018-07-22,Renault,French,Nico,Hülkenberg,German,Finished,Hockenheimring,Hockenheim,Germany,49.3278,8.56583,2,1,Nico Hülkenberg,11,0,0,1
23988,999,154,210,6,6,8.0,67,1,2018,11,10,German Grand Prix,2018-07-22,Haas F1 Team,American,Romain,Grosjean,French,Finished,Hockenheimring,Hockenheim,Germany,49.3278,8.56583,0,1,Romain Grosjean,11,0,0,1
23989,999,815,10,10,7,6.0,67,1,2018,11,10,German Grand Prix,2018-07-22,Force India,Indian,Sergio,Pérez,Mexican,Finished,Hockenheimring,Hockenheim,Germany,49.3278,8.56583,3,1,Sergio Pérez,11,0,0,1
23990,999,839,10,15,8,4.0,67,1,2018,11,10,German Grand Prix,2018-07-22,Force India,Indian,Esteban,Ocon,French,Finished,Hockenheimring,Hockenheim,Germany,49.3278,8.56583,7,1,Esteban Ocon,11,0,0,1
23991,999,828,15,13,9,2.0,67,1,2018,11,10,German Grand Prix,2018-07-22,Sauber,Swiss,Marcus,Ericsson,Swedish,Finished,Hockenheimring,Hockenheim,Germany,49.3278,8.56583,4,1,Marcus Ericsson,11,0,0,1
23992,999,843,5,17,10,1.0,67,1,2018,11,10,German Grand Prix,2018-07-22,Toro Rosso,Italian,Brendon,Hartley,New Zealander,Finished,Hockenheimring,Hockenheim,Germany,49.3278,8.56583,7,1,Brendon Hartley,11,0,0,1
23993,999,825,210,5,11,0.0,67,1,2018,11,10,German Grand Prix,2018-07-22,Haas F1 Team,American,Kevin,Magnussen,Danish,Finished,Hockenheimring,Hockenheim,Germany,49.3278,8.56583,-6,1,Kevin Magnussen,11,0,0,0
23994,999,832,4,8,12,0.0,67,1,2018,11,10,German Grand Prix,2018-07-22,Renault,French,Carlos,Sainz,Spanish,Finished,Hockenheimring,Hockenheim,Germany,49.3278,8.56583,-4,1,Carlos Sainz,11,0,0,0
23995,999,838,1,19,13,0.0,67,1,2018,11,10,German Grand Prix,2018-07-22,McLaren,British,Stoffel,Vandoorne,Belgian,Finished,Hockenheimring,Hockenheim,Germany,49.3278,8.56583,6,1,Stoffel Vandoorne,11,0,0,0
23996,999,842,5,16,14,0.0,66,11,2018,11,10,German Grand Prix,2018-07-22,Toro Rosso,Italian,Pierre,Gasly,French,+1 Lap,Hockenheimring,Hockenheim,Germany,49.3278,8.56583,2,1,Pierre Gasly,11,0,0,0
23997,999,844,15,9,15,0.0,66,11,2018,11,10,German Grand Prix,2018-07-22,Sauber,Swiss,Charles,Leclerc,Monegasque,+1 Lap,Hockenheimring,Hockenheim,Germany,49.3278,8.56583,-6,1,Charles Leclerc,11,0,0,0
23998,999,4,1,11,16,0.0,65,31,2018,11,10,German Grand Prix,2018-07-22,McLaren,British,Fernando,Alonso,Spanish,Retired,Hockenheimring,Hockenheim,Germany,49.3278,8.56583,-5,0,Fernando Alonso,11,0,0,0
23999,999,840,3,18,17,0.0,53,5,2018,11,10,German Grand Prix,2018-07-22,Williams,British,Lance,Stroll,Canadian,Engine,Hockenheimring,Hockenheim,Germany,49.3278,8.56583,1,0,Lance Stroll,11,0,0,0
24000,999,20,6,1,18,0.0,51,3,2018,11,10,German Grand Prix,2018-07-22,Ferrari,Italian,Sebastian,Vettel,German,Accident,Hockenheimring,Hockenheim,Germany,49.3278,8.56583,-17,0,Sebastian Vettel,11,0,0,0
24001,999,845,3,12,19,0.0,51,5,2018,11,10,German Grand Prix,2018-07-22,Williams,British,Sergey,Sirotkin,Russian,Engine,Hockenheimring,Hockenheim,Germany,49.3278,8.56583,-7,0,Sergey Sirotkin,11,0,0,0
24002,999,817,9,20,20,0.0,27,5,2018,11,10,German Grand Prix,2018-07-22,Red Bull,Austrian,Daniel,Ricciardo,Australian,Engine,Hockenheimring,Hockenheim,Germany,49.3278,8.56583,0,0,Daniel Ricciardo,11,0,0,0
24003,1000,1,131,1,1,25.0,70,1,2018,12,11,Hungarian Grand Prix,2018-07-29,Mercedes,German,Lewis,Hamilton,British,Finished,Hungaroring,Budapest,Hungary,47.5789,19.2486,0,1,Lewis Hamilton,12,1,1,1
24004,1000,20,6,4,2,18.0,70,1,2018,12,11,Hungarian Grand Prix,2018-07-29,Ferrari,Italian,Sebastian,Vettel,German,Finished,Hungaroring,Budapest,Hungary,47.5789,19.2486,2,1,Sebastian Vettel,12,1,0,1
24005,1000,8,6,3,3,15.0,70,1,2018,12,11,Hungarian Grand Prix,2018-07-29,Ferrari,Italian,Kimi,Räikkönen,Finnish,Finished,Hungaroring,Budapest,Hungary,47.5789,19.2486,0,1,Kimi Räikkönen,12,1,0,1
24006,1000,817,9,12,4,12.0,70,1,2018,12,11,Hungarian Grand Prix,2018-07-29,Red Bull,Austrian,Daniel,Ricciardo,Australian,Finished,Hungaroring,Budapest,Hungary,47.5789,19.2486,8,1,Daniel Ricciardo,12,0,0,1
24007,1000,822,131,2,5,10.0,70,1,2018,12,11,Hungarian Grand Prix,2018-07-29,Mercedes,German,Valtteri,Bottas,Finnish,Finished,Hungaroring,Budapest,Hungary,47.5789,19.2486,-3,1,Valtteri Bottas,12,0,0,1
24008,1000,842,5,6,6,8.0,70,1,2018,12,11,Hungarian Grand Prix,2018-07-29,Toro Rosso,Italian,Pierre,Gasly,French,Finished,Hungaroring,Budapest,Hungary,47.5789,19.2486,0,1,Pierre Gasly,12,0,0,1
24009,1000,825,210,9,7,6.0,69,11,2018,12,11,Hungarian Grand Prix,2018-07-29,Haas F1 Team,American,Kevin,Magnussen,Danish,+1 Lap,Hungaroring,Budapest,Hungary,47.5789,19.2486,2,1,Kevin Magnussen,12,0,0,1
24010,1000,4,1,11,8,4.0,69,11,2018,12,11,Hungarian Grand Prix,2018-07-29,McLaren,British,Fernando,Alonso,Spanish,+1 Lap,Hungaroring,Budapest,Hungary,47.5789,19.2486,3,1,Fernando Alonso,12,0,0,1
24011,1000,832,4,5,9,2.0,69,11,2018,12,11,Hungarian Grand Prix,2018-07-29,Renault,French,Carlos,Sainz,Spanish,+1 Lap,Hungaroring,Budapest,Hungary,47.5789,19.2486,-4,1,Carlos Sainz,12,0,0,1
24012,1000,154,210,10,10,1.0,69,11,2018,12,11,Hungarian Grand Prix,2018-07-29,Haas F1 Team,American,Romain,Grosjean,French,+1 Lap,Hungaroring,Budapest,Hungary,47.5789,19.2486,0,1,Romain Grosjean,12,0,0,1
24013,1000,843,5,8,11,0.0,69,11,2018,12,11,Hungarian Grand Prix,2018-07-29,Toro Rosso,Italian,Brendon,Hartley,New Zealander,+1 Lap,Hungaroring,Budapest,Hungary,47.5789,19.2486,-3,1,Brendon Hartley,12,0,0,0
24014,1000,807,4,13,12,0.0,69,11,2018,12,11,Hungarian Grand Prix,2018-07-29,Renault,French,Nico,Hülkenberg,German,+1 Lap,Hungaroring,Budapest,Hungary,47.5789,19.2486,1,1,Nico Hülkenberg,12,0,0,0
24015,1000,839,10,18,13,0.0,69,11,2018,12,11,Hungarian Grand Prix,2018-07-29,Force India,Indian,Esteban,Ocon,French,+1 Lap,Hungaroring,Budapest,Hungary,47.5789,19.2486,5,1,Esteban Ocon,12,0,0,0
24016,1000,815,10,19,14,0.0,69,11,2018,12,11,Hungarian Grand Prix,2018-07-29,Force India,Indian,Sergio,Pérez,Mexican,+1 Lap,Hungaroring,Budapest,Hungary,47.5789,19.2486,5,1,Sergio Pérez,12,0,0,0
24017,1000,828,15,14,15,0.0,68,12,2018,12,11,Hungarian Grand Prix,2018-07-29,Sauber,Swiss,Marcus,Ericsson,Swedish,+2 Laps,Hungaroring,Budapest,Hungary,47.5789,19.2486,-1,1,Marcus Ericsson,12,0,0,0
24018,1000,845,3,20,16,0.0,68,12,2018,12,11,Hungarian Grand Prix,2018-07-29,Williams,British,Sergey,Sirotkin,Russian,+2 Laps,Hungaroring,Budapest,Hungary,47.5789,19.2486,4,1,Sergey Sirotkin,12,0,0,0
24019,1000,840,3,15,17,0.0,68,12,2018,12,11,Hungarian Grand Prix,2018-07-29,Williams,British,Lance,Stroll,Canadian,+2 Laps,Hungaroring,Budapest,Hungary,47.5789,19.2486,-2,1,Lance Stroll,12,0,0,0
24020,1000,838,1,16,18,0.0,49,6,2018,12,11,Hungarian Grand Prix,2018-07-29,McLaren,British,Stoffel,Vandoorne,Belgian,Gearbox,Hungaroring,Budapest,Hungary,47.5789,19.2486,-2,0,Stoffel Vandoorne,12,0,0,0
24021,1000,830,9,7,19,0.0,5,75,2018,12,11,Hungarian Grand Prix,2018-07-29,Red Bull,Austrian,Max,Verstappen,Dutch,Power loss,Hungaroring,Budapest,Hungary,47.5789,19.2486,-12,0,Max Verstappen,12,0,0,0
24022,1000,844,15,17,20,0.0,0,22,2018,12,11,Hungarian Grand Prix,2018-07-29,Sauber,Swiss,Charles,Leclerc,Monegasque,Suspension,Hungaroring,Budapest,Hungary,47.5789,19.2486,-3,0,Charles Leclerc,12,0,0,0
24023,1001,20,6,2,1,25.0,44,1,2018,13,13,Belgian Grand Prix,2018-08-26,Ferrari,Italian,Sebastian,Vettel,German,Finished,Circuit de Spa-Francorchamps,Spa,Belgium,50.4372,5.97139,1,1,Sebastian Vettel,13,1,1,1
24024,1001,1,131,1,2,18.0,44,1,2018,13,13,Belgian Grand Prix,2018-08-26,Mercedes,German,Lewis,Hamilton,British,Finished,Circuit de Spa-Francorchamps,Spa,Belgium,50.4372,5.97139,-1,1,Lewis Hamilton,13,1,0,1
24025,1001,830,9,7,3,15.0,44,1,2018,13,13,Belgian Grand Prix,2018-08-26,Red Bull,Austrian,Max,Verstappen,Dutch,Finished,Circuit de Spa-Francorchamps,Spa,Belgium,50.4372,5.97139,4,1,Max Verstappen,13,1,0,1
24026,1001,822,131,19,4,12.0,44,1,2018,13,13,Belgian Grand Prix,2018-08-26,Mercedes,German,Valtteri,Bottas,Finnish,Finished,Circuit de Spa-Francorchamps,Spa,Belgium,50.4372,5.97139,15,1,Valtteri Bottas,13,0,0,1
24027,1001,815,10,4,5,10.0,44,1,2018,13,13,Belgian Grand Prix,2018-08-26,Force India,Indian,Sergio,Pérez,Mexican,Finished,Circuit de Spa-Francorchamps,Spa,Belgium,50.4372,5.97139,-1,1,Sergio Pérez,13,0,0,1
24028,1001,839,10,3,6,8.0,44,1,2018,13,13,Belgian Grand Prix,2018-08-26,Force India,Indian,Esteban,Ocon,French,Finished,Circuit de Spa-Francorchamps,Spa,Belgium,50.4372,5.97139,-3,1,Esteban Ocon,13,0,0,1
24029,1001,154,210,5,7,6.0,44,1,2018,13,13,Belgian Grand Prix,2018-08-26,Haas F1 Team,American,Romain,Grosjean,French,Finished,Circuit de Spa-Francorchamps,Spa,Belgium,50.4372,5.97139,-2,1,Romain Grosjean,13,0,0,1
24030,1001,825,210,9,8,4.0,44,1,2018,13,13,Belgian Grand Prix,2018-08-26,Haas F1 Team,American,Kevin,Magnussen,Danish,Finished,Circuit de Spa-Francorchamps,Spa,Belgium,50.4372,5.97139,1,1,Kevin Magnussen,13,0,0,1
24031,1001,842,5,10,9,2.0,44,1,2018,13,13,Belgian Grand Prix,2018-08-26,Toro Rosso,Italian,Pierre,Gasly,French,Finished,Circuit de Spa-Francorchamps,Spa,Belgium,50.4372,5.97139,1,1,Pierre Gasly,13,0,0,1
24032,1001,828,15,13,10,1.0,43,11,2018,13,13,Belgian Grand Prix,2018-08-26,Sauber,Swiss,Marcus,Ericsson,Swedish,+1 Lap,Circuit de Spa-Francorchamps,Spa,Belgium,50.4372,5.97139,3,1,Marcus Ericsson,13,0,0,1
24033,1001,832,4,14,11,0.0,43,11,2018,13,13,Belgian Grand Prix,2018-08-26,Renault,French,Carlos,Sainz,Spanish,+1 Lap,Circuit de Spa-Francorchamps,Spa,Belgium,50.4372,5.97139,3,1,Carlos Sainz,13,0,0,0
24034,1001,845,3,16,12,0.0,43,11,2018,13,13,Belgian Grand Prix,2018-08-26,Williams,British,Sergey,Sirotkin,Russian,+1 Lap,Circuit de Spa-Francorchamps,Spa,Belgium,50.4372,5.97139,4,1,Sergey Sirotkin,13,0,0,0
24035,1001,840,3,17,13,0.0,43,11,2018,13,13,Belgian Grand Prix,2018-08-26,Williams,British,Lance,Stroll,Canadian,+1 Lap,Circuit de Spa-Francorchamps,Spa,Belgium,50.4372,5.97139,4,1,Lance Stroll,13,0,0,0
24036,1001,843,5,11,14,0.0,43,11,2018,13,13,Belgian Grand Prix,2018-08-26,Toro Rosso,Italian,Brendon,Hartley,New Zealander,+1 Lap,Circuit de Spa-Francorchamps,Spa,Belgium,50.4372,5.97139,-3,1,Brendon Hartley,13,0,0,0
24037,1001,838,1,18,15,0.0,43,11,2018,13,13,Belgian Grand Prix,2018-08-26,McLaren,British,Stoffel,Vandoorne,Belgian,+1 Lap,Circuit de Spa-Francorchamps,Spa,Belgium,50.4372,5.97139,3,1,Stoffel Vandoorne,13,0,0,0
24038,1001,817,9,8,16,0.0,28,31,2018,13,13,Belgian Grand Prix,2018-08-26,Red Bull,Austrian,Daniel,Ricciardo,Australian,Retired,Circuit de Spa-Francorchamps,Spa,Belgium,50.4372,5.97139,-8,0,Daniel Ricciardo,13,0,0,0
24039,1001,8,6,6,17,0.0,8,23,2018,13,13,Belgian Grand Prix,2018-08-26,Ferrari,Italian,Kimi,Räikkönen,Finnish,Brakes,Circuit de Spa-Francorchamps,Spa,Belgium,50.4372,5.97139,-11,0,Kimi Räikkönen,13,0,0,0
24040,1001,844,15,12,18,0.0,0,3,2018,13,13,Belgian Grand Prix,2018-08-26,Sauber,Swiss,Charles,Leclerc,Monegasque,Accident,Circuit de Spa-Francorchamps,Spa,Belgium,50.4372,5.97139,-6,0,Charles Leclerc,13,0,0,0
24041,1001,4,1,15,19,0.0,0,3,2018,13,13,Belgian Grand Prix,2018-08-26,McLaren,British,Fernando,Alonso,Spanish,Accident,Circuit de Spa-Francorchamps,Spa,Belgium,50.4372,5.97139,-4,0,Fernando Alonso,13,0,0,0
24042,1001,807,4,20,20,0.0,0,3,2018,13,13,Belgian Grand Prix,2018-08-26,Renault,French,Nico,Hülkenberg,German,Accident,Circuit de Spa-Francorchamps,Spa,Belgium,50.4372,5.97139,0,0,Nico Hülkenberg,13,0,0,0
24043,1002,1,131,3,1,25.0,53,1,2018,14,14,Italian Grand Prix,2018-09-02,Mercedes,German,Lewis,Hamilton,British,Finished,Autodromo Nazionale di Monza,Monza,Italy,45.6156,9.28111,2,1,Lewis Hamilton,14,1,1,1
24044,1002,8,6,1,2,18.0,53,1,2018,14,14,Italian Grand Prix,2018-09-02,Ferrari,Italian,Kimi,Räikkönen,Finnish,Finished,Autodromo Nazionale di Monza,Monza,Italy,45.6156,9.28111,-1,1,Kimi Räikkönen,14,1,0,1
24045,1002,822,131,4,3,15.0,53,1,2018,14,14,Italian Grand Prix,2018-09-02,Mercedes,German,Valtteri,Bottas,Finnish,Finished,Autodromo Nazionale di Monza,Monza,Italy,45.6156,9.28111,1,1,Valtteri Bottas,14,1,0,1
24046,1002,20,6,2,4,12.0,53,1,2018,14,14,Italian Grand Prix,2018-09-02,Ferrari,Italian,Sebastian,Vettel,German,Finished,Autodromo Nazionale di Monza,Monza,Italy,45.6156,9.28111,-2,1,Sebastian Vettel,14,0,0,1
24047,1002,830,9,5,5,10.0,53,1,2018,14,14,Italian Grand Prix,2018-09-02,Red Bull,Austrian,Max,Verstappen,Dutch,Finished,Autodromo Nazionale di Monza,Monza,Italy,45.6156,9.28111,0,1,Max Verstappen,14,0,0,1
24048,1002,839,10,8,6,8.0,53,1,2018,14,14,Italian Grand Prix,2018-09-02,Force India,Indian,Esteban,Ocon,French,Finished,Autodromo Nazionale di Monza,Monza,Italy,45.6156,9.28111,2,1,Esteban Ocon,14,0,0,1
24049,1002,815,10,14,7,6.0,53,1,2018,14,14,Italian Grand Prix,2018-09-02,Force India,Indian,Sergio,Pérez,Mexican,Finished,Autodromo Nazionale di Monza,Monza,Italy,45.6156,9.28111,7,1,Sergio Pérez,14,0,0,1
24050,1002,832,4,7,8,4.0,53,1,2018,14,14,Italian Grand Prix,2018-09-02,Renault,French,Carlos,Sainz,Spanish,Finished,Autodromo Nazionale di Monza,Monza,Italy,45.6156,9.28111,-1,1,Carlos Sainz,14,0,0,1
24051,1002,840,3,10,9,2.0,52,11,2018,14,14,Italian Grand Prix,2018-09-02,Williams,British,Lance,Stroll,Canadian,+1 Lap,Autodromo Nazionale di Monza,Monza,Italy,45.6156,9.28111,1,1,Lance Stroll,14,0,0,1
24052,1002,845,3,12,10,1.0,52,11,2018,14,14,Italian Grand Prix,2018-09-02,Williams,British,Sergey,Sirotkin,Russian,+1 Lap,Autodromo Nazionale di Monza,Monza,Italy,45.6156,9.28111,2,1,Sergey Sirotkin,14,0,0,1
24053,1002,844,15,15,11,0.0,52,11,2018,14,14,Italian Grand Prix,2018-09-02,Sauber,Swiss,Charles,Leclerc,Monegasque,+1 Lap,Autodromo Nazionale di Monza,Monza,Italy,45.6156,9.28111,4,1,Charles Leclerc,14,0,0,0
24054,1002,838,1,17,12,0.0,52,11,2018,14,14,Italian Grand Prix,2018-09-02,McLaren,British,Stoffel,Vandoorne,Belgian,+1 Lap,Autodromo Nazionale di Monza,Monza,Italy,45.6156,9.28111,5,1,Stoffel Vandoorne,14,0,0,0
24055,1002,807,4,20,13,0.0,52,11,2018,14,14,Italian Grand Prix,2018-09-02,Renault,French,Nico,Hülkenberg,German,+1 Lap,Autodromo Nazionale di Monza,Monza,Italy,45.6156,9.28111,7,1,Nico Hülkenberg,14,0,0,0
24056,1002,842,5,9,14,0.0,52,11,2018,14,14,Italian Grand Prix,2018-09-02,Toro Rosso,Italian,Pierre,Gasly,French,+1 Lap,Autodromo Nazionale di Monza,Monza,Italy,45.6156,9.28111,-5,1,Pierre Gasly,14,0,0,0
24057,1002,828,15,18,15,0.0,52,11,2018,14,14,Italian Grand Prix,2018-09-02,Sauber,Swiss,Marcus,Ericsson,Swedish,+1 Lap,Autodromo Nazionale di Monza,Monza,Italy,45.6156,9.28111,3,1,Marcus Ericsson,14,0,0,0
24058,1002,825,210,11,16,0.0,52,11,2018,14,14,Italian Grand Prix,2018-09-02,Haas F1 Team,American,Kevin,Magnussen,Danish,+1 Lap,Autodromo Nazionale di Monza,Monza,Italy,45.6156,9.28111,-5,1,Kevin Magnussen,14,0,0,0
24059,1002,817,9,19,17,0.0,23,5,2018,14,14,Italian Grand Prix,2018-09-02,Red Bull,Austrian,Daniel,Ricciardo,Australian,Engine,Autodromo Nazionale di Monza,Monza,Italy,45.6156,9.28111,2,0,Daniel Ricciardo,14,0,0,0
24060,1002,4,1,13,18,0.0,9,5,2018,14,14,Italian Grand Prix,2018-09-02,McLaren,British,Fernando,Alonso,Spanish,Engine,Autodromo Nazionale di Monza,Monza,Italy,45.6156,9.28111,-5,0,Fernando Alonso,14,0,0,0
24061,1002,843,5,16,19,0.0,0,23,2018,14,14,Italian Grand Prix,2018-09-02,Toro Rosso,Italian,Brendon,Hartley,New Zealander,Brakes,Autodromo Nazionale di Monza,Monza,Italy,45.6156,9.28111,-3,0,Brendon Hartley,14,0,0,0
24062,1002,154,210,6,20,0.0,53,2,2018,14,14,Italian Grand Prix,2018-09-02,Haas F1 Team,American,Romain,Grosjean,French,Disqualified,Autodromo Nazionale di Monza,Monza,Italy,45.6156,9.28111,-14,0,Romain Grosjean,14,0,0,0
24063,1003,1,131,1,1,25.0,61,1,2018,15,15,Singapore Grand Prix,2018-09-16,Mercedes,German,Lewis,Hamilton,British,Finished,Marina Bay Street Circuit,Marina Bay,Singapore,1.2914,103.864,0,1,Lewis Hamilton,15,1,1,1
24064,1003,830,9,2,2,18.0,61,1,2018,15,15,Singapore Grand Prix,2018-09-16,Red Bull,Austrian,Max,Verstappen,Dutch,Finished,Marina Bay Street Circuit,Marina Bay,Singapore,1.2914,103.864,0,1,Max Verstappen,15,1,0,1
24065,1003,20,6,3,3,15.0,61,1,2018,15,15,Singapore Grand Prix,2018-09-16,Ferrari,Italian,Sebastian,Vettel,German,Finished,Marina Bay Street Circuit,Marina Bay,Singapore,1.2914,103.864,0,1,Sebastian Vettel,15,1,0,1
24066,1003,822,131,4,4,12.0,61,1,2018,15,15,Singapore Grand Prix,2018-09-16,Mercedes,German,Valtteri,Bottas,Finnish,Finished,Marina Bay Street Circuit,Marina Bay,Singapore,1.2914,103.864,0,1,Valtteri Bottas,15,0,0,1
24067,1003,8,6,5,5,10.0,61,1,2018,15,15,Singapore Grand Prix,2018-09-16,Ferrari,Italian,Kimi,Räikkönen,Finnish,Finished,Marina Bay Street Circuit,Marina Bay,Singapore,1.2914,103.864,0,1,Kimi Räikkönen,15,0,0,1
24068,1003,817,9,6,6,8.0,61,1,2018,15,15,Singapore Grand Prix,2018-09-16,Red Bull,Austrian,Daniel,Ricciardo,Australian,Finished,Marina Bay Street Circuit,Marina Bay,Singapore,1.2914,103.864,0,1,Daniel Ricciardo,15,0,0,1
24069,1003,4,1,11,7,6.0,61,1,2018,15,15,Singapore Grand Prix,2018-09-16,McLaren,British,Fernando,Alonso,Spanish,Finished,Marina Bay Street Circuit,Marina Bay,Singapore,1.2914,103.864,4,1,Fernando Alonso,15,0,0,1
24070,1003,832,4,12,8,4.0,60,11,2018,15,15,Singapore Grand Prix,2018-09-16,Renault,French,Carlos,Sainz,Spanish,+1 Lap,Marina Bay Street Circuit,Marina Bay,Singapore,1.2914,103.864,4,1,Carlos Sainz,15,0,0,1
24071,1003,844,15,13,9,2.0,60,11,2018,15,15,Singapore Grand Prix,2018-09-16,Sauber,Swiss,Charles,Leclerc,Monegasque,+1 Lap,Marina Bay Street Circuit,Marina Bay,Singapore,1.2914,103.864,4,1,Charles Leclerc,15,0,0,1
24072,1003,807,4,10,10,1.0,60,11,2018,15,15,Singapore Grand Prix,2018-09-16,Renault,French,Nico,Hülkenberg,German,+1 Lap,Marina Bay Street Circuit,Marina Bay,Singapore,1.2914,103.864,0,1,Nico Hülkenberg,15,0,0,1
24073,1003,828,15,14,11,0.0,60,11,2018,15,15,Singapore Grand Prix,2018-09-16,Sauber,Swiss,Marcus,Ericsson,Swedish,+1 Lap,Marina Bay Street Circuit,Marina Bay,Singapore,1.2914,103.864,3,1,Marcus Ericsson,15,0,0,0
24074,1003,838,1,18,12,0.0,60,11,2018,15,15,Singapore Grand Prix,2018-09-16,McLaren,British,Stoffel,Vandoorne,Belgian,+1 Lap,Marina Bay Street Circuit,Marina Bay,Singapore,1.2914,103.864,6,1,Stoffel Vandoorne,15,0,0,0
24075,1003,842,5,15,13,0.0,60,11,2018,15,15,Singapore Grand Prix,2018-09-16,Toro Rosso,Italian,Pierre,Gasly,French,+1 Lap,Marina Bay Street Circuit,Marina Bay,Singapore,1.2914,103.864,2,1,Pierre Gasly,15,0,0,0
24076,1003,840,3,20,14,0.0,60,11,2018,15,15,Singapore Grand Prix,2018-09-16,Williams,British,Lance,Stroll,Canadian,+1 Lap,Marina Bay Street Circuit,Marina Bay,Singapore,1.2914,103.864,6,1,Lance Stroll,15,0,0,0
24077,1003,154,210,8,15,0.0,60,11,2018,15,15,Singapore Grand Prix,2018-09-16,Haas F1 Team,American,Romain,Grosjean,French,+1 Lap,Marina Bay Street Circuit,Marina Bay,Singapore,1.2914,103.864,-7,1,Romain Grosjean,15,0,0,0
24078,1003,815,10,7,16,0.0,60,11,2018,15,15,Singapore Grand Prix,2018-09-16,Force India,Indian,Sergio,Pérez,Mexican,+1 Lap,Marina Bay Street Circuit,Marina Bay,Singapore,1.2914,103.864,-9,1,Sergio Pérez,15,0,0,0
24079,1003,843,5,17,17,0.0,60,11,2018,15,15,Singapore Grand Prix,2018-09-16,Toro Rosso,Italian,Brendon,Hartley,New Zealander,+1 Lap,Marina Bay Street Circuit,Marina Bay,Singapore,1.2914,103.864,0,1,Brendon Hartley,15,0,0,0
24080,1003,825,210,16,18,0.0,59,12,2018,15,15,Singapore Grand Prix,2018-09-16,Haas F1 Team,American,Kevin,Magnussen,Danish,+2 Laps,Marina Bay Street Circuit,Marina Bay,Singapore,1.2914,103.864,-2,1,Kevin Magnussen,15,0,0,0
24081,1003,845,3,19,19,0.0,59,12,2018,15,15,Singapore Grand Prix,2018-09-16,Williams,British,Sergey,Sirotkin,Russian,+2 Laps,Marina Bay Street Circuit,Marina Bay,Singapore,1.2914,103.864,0,1,Sergey Sirotkin,15,0,0,0
24082,1003,839,10,9,20,0.0,0,4,2018,15,15,Singapore Grand Prix,2018-09-16,Force India,Indian,Esteban,Ocon,French,Collision,Marina Bay Street Circuit,Marina Bay,Singapore,1.2914,103.864,-11,0,Esteban Ocon,15,0,0,0
24083,1004,1,131,2,1,25.0,53,1,2018,16,71,Russian Grand Prix,2018-09-30,Mercedes,German,Lewis,Hamilton,British,Finished,Sochi Autodrom,Sochi,Russia,43.4057,39.9578,1,1,Lewis Hamilton,16,1,1,1
24084,1004,822,131,1,2,18.0,53,1,2018,16,71,Russian Grand Prix,2018-09-30,Mercedes,German,Valtteri,Bottas,Finnish,Finished,Sochi Autodrom,Sochi,Russia,43.4057,39.9578,-1,1,Valtteri Bottas,16,1,0,1
24085,1004,20,6,3,3,15.0,53,1,2018,16,71,Russian Grand Prix,2018-09-30,Ferrari,Italian,Sebastian,Vettel,German,Finished,Sochi Autodrom,Sochi,Russia,43.4057,39.9578,0,1,Sebastian Vettel,16,1,0,1
24086,1004,8,6,4,4,12.0,53,1,2018,16,71,Russian Grand Prix,2018-09-30,Ferrari,Italian,Kimi,Räikkönen,Finnish,Finished,Sochi Autodrom,Sochi,Russia,43.4057,39.9578,0,1,Kimi Räikkönen,16,0,0,1
24087,1004,830,9,19,5,10.0,53,1,2018,16,71,Russian Grand Prix,2018-09-30,Red Bull,Austrian,Max,Verstappen,Dutch,Finished,Sochi Autodrom,Sochi,Russia,43.4057,39.9578,14,1,Max Verstappen,16,0,0,1
24088,1004,817,9,18,6,8.0,53,1,2018,16,71,Russian Grand Prix,2018-09-30,Red Bull,Austrian,Daniel,Ricciardo,Australian,Finished,Sochi Autodrom,Sochi,Russia,43.4057,39.9578,12,1,Daniel Ricciardo,16,0,0,1
24089,1004,844,15,7,7,6.0,53,1,2018,16,71,Russian Grand Prix,2018-09-30,Sauber,Swiss,Charles,Leclerc,Monegasque,Finished,Sochi Autodrom,Sochi,Russia,43.4057,39.9578,0,1,Charles Leclerc,16,0,0,1
24090,1004,825,210,5,8,4.0,52,11,2018,16,71,Russian Grand Prix,2018-09-30,Haas F1 Team,American,Kevin,Magnussen,Danish,+1 Lap,Sochi Autodrom,Sochi,Russia,43.4057,39.9578,-3,1,Kevin Magnussen,16,0,0,1
24091,1004,839,10,6,9,2.0,52,11,2018,16,71,Russian Grand Prix,2018-09-30,Force India,Indian,Esteban,Ocon,French,+1 Lap,Sochi Autodrom,Sochi,Russia,43.4057,39.9578,-3,1,Esteban Ocon,16,0,0,1
24092,1004,815,10,8,10,1.0,52,11,2018,16,71,Russian Grand Prix,2018-09-30,Force India,Indian,Sergio,Pérez,Mexican,+1 Lap,Sochi Autodrom,Sochi,Russia,43.4057,39.9578,-2,1,Sergio Pérez,16,0,0,1
24093,1004,154,210,9,11,0.0,52,11,2018,16,71,Russian Grand Prix,2018-09-30,Haas F1 Team,American,Romain,Grosjean,French,+1 Lap,Sochi Autodrom,Sochi,Russia,43.4057,39.9578,-2,1,Romain Grosjean,16,0,0,0
24094,1004,807,4,12,12,0.0,52,11,2018,16,71,Russian Grand Prix,2018-09-30,Renault,French,Nico,Hülkenberg,German,+1 Lap,Sochi Autodrom,Sochi,Russia,43.4057,39.9578,0,1,Nico Hülkenberg,16,0,0,0
24095,1004,828,15,10,13,0.0,52,11,2018,16,71,Russian Grand Prix,2018-09-30,Sauber,Swiss,Marcus,Ericsson,Swedish,+1 Lap,Sochi Autodrom,Sochi,Russia,43.4057,39.9578,-3,1,Marcus Ericsson,16,0,0,0
24096,1004,4,1,16,14,0.0,52,11,2018,16,71,Russian Grand Prix,2018-09-30,McLaren,British,Fernando,Alonso,Spanish,+1 Lap,Sochi Autodrom,Sochi,Russia,43.4057,39.9578,2,1,Fernando Alonso,16,0,0,0
24097,1004,840,3,14,15,0.0,52,11,2018,16,71,Russian Grand Prix,2018-09-30,Williams,British,Lance,Stroll,Canadian,+1 Lap,Sochi Autodrom,Sochi,Russia,43.4057,39.9578,-1,1,Lance Stroll,16,0,0,0
24098,1004,838,1,15,16,0.0,51,12,2018,16,71,Russian Grand Prix,2018-09-30,McLaren,British,Stoffel,Vandoorne,Belgian,+2 Laps,Sochi Autodrom,Sochi,Russia,43.4057,39.9578,-1,1,Stoffel Vandoorne,16,0,0,0
24099,1004,832,4,11,17,0.0,51,12,2018,16,71,Russian Grand Prix,2018-09-30,Renault,French,Carlos,Sainz,Spanish,+2 Laps,Sochi Autodrom,Sochi,Russia,43.4057,39.9578,-6,1,Carlos Sainz,16,0,0,0
24100,1004,845,3,13,18,0.0,51,12,2018,16,71,Russian Grand Prix,2018-09-30,Williams,British,Sergey,Sirotkin,Russian,+2 Laps,Sochi Autodrom,Sochi,Russia,43.4057,39.9578,-5,1,Sergey Sirotkin,16,0,0,0
24101,1004,842,5,17,19,0.0,4,23,2018,16,71,Russian Grand Prix,2018-09-30,Toro Rosso,Italian,Pierre,Gasly,French,Brakes,Sochi Autodrom,Sochi,Russia,43.4057,39.9578,-2,0,Pierre Gasly,16,0,0,0
24102,1004,843,5,20,20,0.0,4,23,2018,16,71,Russian Grand Prix,2018-09-30,Toro Rosso,Italian,Brendon,Hartley,New Zealander,Brakes,Sochi Autodrom,Sochi,Russia,43.4057,39.9578,0,0,Brendon Hartley,16,0,0,0
24103,1005,1,131,1,1,25.0,53,1,2018,17,22,Japanese Grand Prix,2018-10-07,Mercedes,German,Lewis,Hamilton,British,Finished,Suzuka Circuit,Suzuka,Japan,34.8431,136.541,0,1,Lewis Hamilton,17,1,1,1
24104,1005,822,131,2,2,18.0,53,1,2018,17,22,Japanese Grand Prix,2018-10-07,Mercedes,German,Valtteri,Bottas,Finnish,Finished,Suzuka Circuit,Suzuka,Japan,34.8431,136.541,0,1,Valtteri Bottas,17,1,0,1
24105,1005,830,9,3,3,15.0,53,1,2018,17,22,Japanese Grand Prix,2018-10-07,Red Bull,Austrian,Max,Verstappen,Dutch,Finished,Suzuka Circuit,Suzuka,Japan,34.8431,136.541,0,1,Max Verstappen,17,1,0,1
24106,1005,817,9,15,4,12.0,53,1,2018,17,22,Japanese Grand Prix,2018-10-07,Red Bull,Austrian,Daniel,Ricciardo,Australian,Finished,Suzuka Circuit,Suzuka,Japan,34.8431,136.541,11,1,Daniel Ricciardo,17,0,0,1
24107,1005,8,6,4,5,10.0,53,1,2018,17,22,Japanese Grand Prix,2018-10-07,Ferrari,Italian,Kimi,Räikkönen,Finnish,Finished,Suzuka Circuit,Suzuka,Japan,34.8431,136.541,-1,1,Kimi Räikkönen,17,0,0,1
24108,1005,20,6,8,6,8.0,53,1,2018,17,22,Japanese Grand Prix,2018-10-07,Ferrari,Italian,Sebastian,Vettel,German,Finished,Suzuka Circuit,Suzuka,Japan,34.8431,136.541,2,1,Sebastian Vettel,17,0,0,1
24109,1005,815,10,9,7,6.0,53,1,2018,17,22,Japanese Grand Prix,2018-10-07,Force India,Indian,Sergio,Pérez,Mexican,Finished,Suzuka Circuit,Suzuka,Japan,34.8431,136.541,2,1,Sergio Pérez,17,0,0,1
24110,1005,154,210,5,8,4.0,53,1,2018,17,22,Japanese Grand Prix,2018-10-07,Haas F1 Team,American,Romain,Grosjean,French,Finished,Suzuka Circuit,Suzuka,Japan,34.8431,136.541,-3,1,Romain Grosjean,17,0,0,1
24111,1005,839,10,11,9,2.0,53,1,2018,17,22,Japanese Grand Prix,2018-10-07,Force India,Indian,Esteban,Ocon,French,Finished,Suzuka Circuit,Suzuka,Japan,34.8431,136.541,2,1,Esteban Ocon,17,0,0,1
24112,1005,832,4,13,10,1.0,52,11,2018,17,22,Japanese Grand Prix,2018-10-07,Renault,French,Carlos,Sainz,Spanish,+1 Lap,Suzuka Circuit,Suzuka,Japan,34.8431,136.541,3,1,Carlos Sainz,17,0,0,1
24113,1005,842,5,7,11,0.0,52,11,2018,17,22,Japanese Grand Prix,2018-10-07,Toro Rosso,Italian,Pierre,Gasly,French,+1 Lap,Suzuka Circuit,Suzuka,Japan,34.8431,136.541,-4,1,Pierre Gasly,17,0,0,0
24114,1005,828,15,20,12,0.0,52,11,2018,17,22,Japanese Grand Prix,2018-10-07,Sauber,Swiss,Marcus,Ericsson,Swedish,+1 Lap,Suzuka Circuit,Suzuka,Japan,34.8431,136.541,8,1,Marcus Ericsson,17,0,0,0
24115,1005,843,5,6,13,0.0,52,11,2018,17,22,Japanese Grand Prix,2018-10-07,Toro Rosso,Italian,Brendon,Hartley,New Zealander,+1 Lap,Suzuka Circuit,Suzuka,Japan,34.8431,136.541,-7,1,Brendon Hartley,17,0,0,0
24116,1005,4,1,18,14,0.0,52,11,2018,17,22,Japanese Grand Prix,2018-10-07,McLaren,British,Fernando,Alonso,Spanish,+1 Lap,Suzuka Circuit,Suzuka,Japan,34.8431,136.541,4,1,Fernando Alonso,17,0,0,0
24117,1005,838,1,19,15,0.0,52,11,2018,17,22,Japanese Grand Prix,2018-10-07,McLaren,British,Stoffel,Vandoorne,Belgian,+1 Lap,Suzuka Circuit,Suzuka,Japan,34.8431,136.541,4,1,Stoffel Vandoorne,17,0,0,0
24118,1005,845,3,17,16,0.0,52,11,2018,17,22,Japanese Grand Prix,2018-10-07,Williams,British,Sergey,Sirotkin,Russian,+1 Lap,Suzuka Circuit,Suzuka,Japan,34.8431,136.541,1,1,Sergey Sirotkin,17,0,0,0
24119,1005,840,3,14,17,0.0,52,11,2018,17,22,Japanese Grand Prix,2018-10-07,Williams,British,Lance,Stroll,Canadian,+1 Lap,Suzuka Circuit,Suzuka,Japan,34.8431,136.541,-3,1,Lance Stroll,17,0,0,0
24120,1005,844,15,10,18,0.0,38,26,2018,17,22,Japanese Grand Prix,2018-10-07,Sauber,Swiss,Charles,Leclerc,Monegasque,Mechanical,Suzuka Circuit,Suzuka,Japan,34.8431,136.541,-8,0,Charles Leclerc,17,0,0,0
24121,1005,807,4,16,19,0.0,37,5,2018,17,22,Japanese Grand Prix,2018-10-07,Renault,French,Nico,Hülkenberg,German,Engine,Suzuka Circuit,Suzuka,Japan,34.8431,136.541,-3,0,Nico Hülkenberg,17,0,0,0
24122,1005,825,210,12,20,0.0,8,130,2018,17,22,Japanese Grand Prix,2018-10-07,Haas F1 Team,American,Kevin,Magnussen,Danish,Collision damage,Suzuka Circuit,Suzuka,Japan,34.8431,136.541,-8,0,Kevin Magnussen,17,0,0,0
24123,1006,8,6,2,1,25.0,56,1,2018,18,69,United States Grand Prix,2018-10-21,Ferrari,Italian,Kimi,Räikkönen,Finnish,Finished,Circuit of the Americas,Austin,USA,30.1328,-97.6411,1,1,Kimi Räikkönen,18,1,1,1
24124,1006,830,9,18,2,18.0,56,1,2018,18,69,United States Grand Prix,2018-10-21,Red Bull,Austrian,Max,Verstappen,Dutch,Finished,Circuit of the Americas,Austin,USA,30.1328,-97.6411,16,1,Max Verstappen,18,1,0,1
24125,1006,1,131,1,3,15.0,56,1,2018,18,69,United States Grand Prix,2018-10-21,Mercedes,German,Lewis,Hamilton,British,Finished,Circuit of the Americas,Austin,USA,30.1328,-97.6411,-2,1,Lewis Hamilton,18,1,0,1
24126,1006,20,6,5,4,12.0,56,1,2018,18,69,United States Grand Prix,2018-10-21,Ferrari,Italian,Sebastian,Vettel,German,Finished,Circuit of the Americas,Austin,USA,30.1328,-97.6411,1,1,Sebastian Vettel,18,0,0,1
24127,1006,822,131,3,5,10.0,56,1,2018,18,69,United States Grand Prix,2018-10-21,Mercedes,German,Valtteri,Bottas,Finnish,Finished,Circuit of the Americas,Austin,USA,30.1328,-97.6411,-2,1,Valtteri Bottas,18,0,0,1
24128,1006,807,4,7,6,8.0,56,1,2018,18,69,United States Grand Prix,2018-10-21,Renault,French,Nico,Hülkenberg,German,Finished,Circuit of the Americas,Austin,USA,30.1328,-97.6411,1,1,Nico Hülkenberg,18,0,0,1
24129,1006,832,4,11,7,6.0,56,1,2018,18,69,United States Grand Prix,2018-10-21,Renault,French,Carlos,Sainz,Spanish,Finished,Circuit of the Americas,Austin,USA,30.1328,-97.6411,4,1,Carlos Sainz,18,0,0,1
24130,1006,815,10,10,8,4.0,56,1,2018,18,69,United States Grand Prix,2018-10-21,Force India,Indian,Sergio,Pérez,Mexican,Finished,Circuit of the Americas,Austin,USA,30.1328,-97.6411,2,1,Sergio Pérez,18,0,0,1
24131,1006,843,5,20,9,2.0,55,11,2018,18,69,United States Grand Prix,2018-10-21,Toro Rosso,Italian,Brendon,Hartley,New Zealander,+1 Lap,Circuit of the Americas,Austin,USA,30.1328,-97.6411,11,1,Brendon Hartley,18,0,0,1
24132,1006,828,15,16,10,1.0,55,11,2018,18,69,United States Grand Prix,2018-10-21,Sauber,Swiss,Marcus,Ericsson,Swedish,+1 Lap,Circuit of the Americas,Austin,USA,30.1328,-97.6411,6,1,Marcus Ericsson,18,0,0,1
24133,1006,838,1,17,11,0.0,55,11,2018,18,69,United States Grand Prix,2018-10-21,McLaren,British,Stoffel,Vandoorne,Belgian,+1 Lap,Circuit of the Americas,Austin,USA,30.1328,-97.6411,6,1,Stoffel Vandoorne,18,0,0,0
24134,1006,842,5,19,12,0.0,55,11,2018,18,69,United States Grand Prix,2018-10-21,Toro Rosso,Italian,Pierre,Gasly,French,+1 Lap,Circuit of the Americas,Austin,USA,30.1328,-97.6411,7,1,Pierre Gasly,18,0,0,0
24135,1006,845,3,14,13,0.0,55,11,2018,18,69,United States Grand Prix,2018-10-21,Williams,British,Sergey,Sirotkin,Russian,+1 Lap,Circuit of the Americas,Austin,USA,30.1328,-97.6411,1,1,Sergey Sirotkin,18,0,0,0
24136,1006,840,3,15,14,0.0,54,12,2018,18,69,United States Grand Prix,2018-10-21,Williams,British,Lance,Stroll,Canadian,+2 Laps,Circuit of the Americas,Austin,USA,30.1328,-97.6411,1,1,Lance Stroll,18,0,0,0
24137,1006,844,15,9,15,0.0,31,130,2018,18,69,United States Grand Prix,2018-10-21,Sauber,Swiss,Charles,Leclerc,Monegasque,Collision damage,Circuit of the Americas,Austin,USA,30.1328,-97.6411,-6,0,Charles Leclerc,18,0,0,0
24138,1006,817,9,4,16,0.0,8,84,2018,18,69,United States Grand Prix,2018-10-21,Red Bull,Austrian,Daniel,Ricciardo,Australian,Battery,Circuit of the Americas,Austin,USA,30.1328,-97.6411,-12,0,Daniel Ricciardo,18,0,0,0
24139,1006,154,210,8,17,0.0,2,130,2018,18,69,United States Grand Prix,2018-10-21,Haas F1 Team,American,Romain,Grosjean,French,Collision damage,Circuit of the Americas,Austin,USA,30.1328,-97.6411,-9,0,Romain Grosjean,18,0,0,0
24140,1006,4,1,13,18,0.0,1,4,2018,18,69,United States Grand Prix,2018-10-21,McLaren,British,Fernando,Alonso,Spanish,Collision,Circuit of the Americas,Austin,USA,30.1328,-97.6411,-5,0,Fernando Alonso,18,0,0,0
24141,1006,839,10,6,19,0.0,56,2,2018,18,69,United States Grand Prix,2018-10-21,Force India,Indian,Esteban,Ocon,French,Disqualified,Circuit of the Americas,Austin,USA,30.1328,-97.6411,-13,0,Esteban Ocon,18,0,0,0
24142,1006,825,210,12,20,0.0,56,2,2018,18,69,United States Grand Prix,2018-10-21,Haas F1 Team,American,Kevin,Magnussen,Danish,Disqualified,Circuit of the Americas,Austin,USA,30.1328,-97.6411,-8,0,Kevin Magnussen,18,0,0,0
24143,1007,830,9,2,1,25.0,71,1,2018,19,32,Mexican Grand Prix,2018-10-28,Red Bull,Austrian,Max,Verstappen,Dutch,Finished,Autódromo Hermanos Rodríguez,Mexico City,Mexico,19.4042,-99.0907,1,1,Max Verstappen,19,1,1,1
24144,1007,20,6,4,2,18.0,71,1,2018,19,32,Mexican Grand Prix,2018-10-28,Ferrari,Italian,Sebastian,Vettel,German,Finished,Autódromo Hermanos Rodríguez,Mexico City,Mexico,19.4042,-99.0907,2,1,Sebastian Vettel,19,1,0,1
24145,1007,8,6,6,3,15.0,71,1,2018,19,32,Mexican Grand Prix,2018-10-28,Ferrari,Italian,Kimi,Räikkönen,Finnish,Finished,Autódromo Hermanos Rodríguez,Mexico City,Mexico,19.4042,-99.0907,3,1,Kimi Räikkönen,19,1,0,1
24146,1007,1,131,3,4,12.0,71,1,2018,19,32,Mexican Grand Prix,2018-10-28,Mercedes,German,Lewis,Hamilton,British,Finished,Autódromo Hermanos Rodríguez,Mexico City,Mexico,19.4042,-99.0907,-1,1,Lewis Hamilton,19,0,0,1
24147,1007,822,131,5,5,10.0,70,11,2018,19,32,Mexican Grand Prix,2018-10-28,Mercedes,German,Valtteri,Bottas,Finnish,+1 Lap,Autódromo Hermanos Rodríguez,Mexico City,Mexico,19.4042,-99.0907,0,1,Valtteri Bottas,19,0,0,1
24148,1007,807,4,7,6,8.0,69,12,2018,19,32,Mexican Grand Prix,2018-10-28,Renault,French,Nico,Hülkenberg,German,+2 Laps,Autódromo Hermanos Rodríguez,Mexico City,Mexico,19.4042,-99.0907,1,1,Nico Hülkenberg,19,0,0,1
24149,1007,844,15,9,7,6.0,69,12,2018,19,32,Mexican Grand Prix,2018-10-28,Sauber,Swiss,Charles,Leclerc,Monegasque,+2 Laps,Autódromo Hermanos Rodríguez,Mexico City,Mexico,19.4042,-99.0907,2,1,Charles Leclerc,19,0,0,1
24150,1007,838,1,15,8,4.0,69,12,2018,19,32,Mexican Grand Prix,2018-10-28,McLaren,British,Stoffel,Vandoorne,Belgian,+2 Laps,Autódromo Hermanos Rodríguez,Mexico City,Mexico,19.4042,-99.0907,7,1,Stoffel Vandoorne,19,0,0,1
24151,1007,828,15,10,9,2.0,69,12,2018,19,32,Mexican Grand Prix,2018-10-28,Sauber,Swiss,Marcus,Ericsson,Swedish,+2 Laps,Autódromo Hermanos Rodríguez,Mexico City,Mexico,19.4042,-99.0907,1,1,Marcus Ericsson,19,0,0,1
24152,1007,842,5,20,10,1.0,69,12,2018,19,32,Mexican Grand Prix,2018-10-28,Toro Rosso,Italian,Pierre,Gasly,French,+2 Laps,Autódromo Hermanos Rodríguez,Mexico City,Mexico,19.4042,-99.0907,10,1,Pierre Gasly,19,0,0,1
24153,1007,839,10,11,11,0.0,69,12,2018,19,32,Mexican Grand Prix,2018-10-28,Force India,Indian,Esteban,Ocon,French,+2 Laps,Autódromo Hermanos Rodríguez,Mexico City,Mexico,19.4042,-99.0907,0,1,Esteban Ocon,19,0,0,0
24154,1007,840,3,17,12,0.0,69,12,2018,19,32,Mexican Grand Prix,2018-10-28,Williams,British,Lance,Stroll,Canadian,+2 Laps,Autódromo Hermanos Rodríguez,Mexico City,Mexico,19.4042,-99.0907,5,1,Lance Stroll,19,0,0,0
24155,1007,845,3,19,13,0.0,69,12,2018,19,32,Mexican Grand Prix,2018-10-28,Williams,British,Sergey,Sirotkin,Russian,+2 Laps,Autódromo Hermanos Rodríguez,Mexico City,Mexico,19.4042,-99.0907,6,1,Sergey Sirotkin,19,0,0,0
24156,1007,843,5,14,14,0.0,69,12,2018,19,32,Mexican Grand Prix,2018-10-28,Toro Rosso,Italian,Brendon,Hartley,New Zealander,+2 Laps,Autódromo Hermanos Rodríguez,Mexico City,Mexico,19.4042,-99.0907,0,1,Brendon Hartley,19,0,0,0
24157,1007,825,210,16,15,0.0,69,12,2018,19,32,Mexican Grand Prix,2018-10-28,Haas F1 Team,American,Kevin,Magnussen,Danish,+2 Laps,Autódromo Hermanos Rodríguez,Mexico City,Mexico,19.4042,-99.0907,1,1,Kevin Magnussen,19,0,0,0
24158,1007,154,210,18,16,0.0,68,13,2018,19,32,Mexican Grand Prix,2018-10-28,Haas F1 Team,American,Romain,Grosjean,French,+3 Laps,Autódromo Hermanos Rodríguez,Mexico City,Mexico,19.4042,-99.0907,2,1,Romain Grosjean,19,0,0,0
24159,1007,817,9,1,17,0.0,61,5,2018,19,32,Mexican Grand Prix,2018-10-28,Red Bull,Austrian,Daniel,Ricciardo,Australian,Engine,Autódromo Hermanos Rodríguez,Mexico City,Mexico,19.4042,-99.0907,-16,0,Daniel Ricciardo,19,0,0,0
24160,1007,815,10,13,18,0.0,38,23,2018,19,32,Mexican Grand Prix,2018-10-28,Force India,Indian,Sergio,Pérez,Mexican,Brakes,Autódromo Hermanos Rodríguez,Mexico City,Mexico,19.4042,-99.0907,-5,0,Sergio Pérez,19,0,0,0
24161,1007,832,4,8,19,0.0,28,22,2018,19,32,Mexican Grand Prix,2018-10-28,Renault,French,Carlos,Sainz,Spanish,Suspension,Autódromo Hermanos Rodríguez,Mexico City,Mexico,19.4042,-99.0907,-11,0,Carlos Sainz,19,0,0,0
24162,1007,4,1,12,20,0.0,3,5,2018,19,32,Mexican Grand Prix,2018-10-28,McLaren,British,Fernando,Alonso,Spanish,Engine,Autódromo Hermanos Rodríguez,Mexico City,Mexico,19.4042,-99.0907,-8,0,Fernando Alonso,19,0,0,0
24163,1008,1,131,1,1,25.0,71,1,2018,20,18,Brazilian Grand Prix,2018-11-11,Mercedes,German,Lewis,Hamilton,British,Finished,Autódromo José Carlos Pace,São Paulo,Brazil,-23.7036,-46.6997,0,1,Lewis Hamilton,20,1,1,1
24164,1008,830,9,5,2,18.0,71,1,2018,20,18,Brazilian Grand Prix,2018-11-11,Red Bull,Austrian,Max,Verstappen,Dutch,Finished,Autódromo José Carlos Pace,São Paulo,Brazil,-23.7036,-46.6997,3,1,Max Verstappen,20,1,0,1
24165,1008,8,6,4,3,15.0,71,1,2018,20,18,Brazilian Grand Prix,2018-11-11,Ferrari,Italian,Kimi,Räikkönen,Finnish,Finished,Autódromo José Carlos Pace,São Paulo,Brazil,-23.7036,-46.6997,1,1,Kimi Räikkönen,20,1,0,1
24166,1008,817,9,11,4,12.0,71,1,2018,20,18,Brazilian Grand Prix,2018-11-11,Red Bull,Austrian,Daniel,Ricciardo,Australian,Finished,Autódromo José Carlos Pace,São Paulo,Brazil,-23.7036,-46.6997,7,1,Daniel Ricciardo,20,0,0,1
24167,1008,822,131,3,5,10.0,71,1,2018,20,18,Brazilian Grand Prix,2018-11-11,Mercedes,German,Valtteri,Bottas,Finnish,Finished,Autódromo José Carlos Pace,São Paulo,Brazil,-23.7036,-46.6997,-2,1,Valtteri Bottas,20,0,0,1
24168,1008,20,6,2,6,8.0,71,1,2018,20,18,Brazilian Grand Prix,2018-11-11,Ferrari,Italian,Sebastian,Vettel,German,Finished,Autódromo José Carlos Pace,São Paulo,Brazil,-23.7036,-46.6997,-4,1,Sebastian Vettel,20,0,0,1
24169,1008,844,15,7,7,6.0,71,1,2018,20,18,Brazilian Grand Prix,2018-11-11,Sauber,Swiss,Charles,Leclerc,Monegasque,Finished,Autódromo José Carlos Pace,São Paulo,Brazil,-23.7036,-46.6997,0,1,Charles Leclerc,20,0,0,1
24170,1008,154,210,8,8,4.0,71,1,2018,20,18,Brazilian Grand Prix,2018-11-11,Haas F1 Team,American,Romain,Grosjean,French,Finished,Autódromo José Carlos Pace,São Paulo,Brazil,-23.7036,-46.6997,0,1,Romain Grosjean,20,0,0,1
24171,1008,825,210,10,9,2.0,71,1,2018,20,18,Brazilian Grand Prix,2018-11-11,Haas F1 Team,American,Kevin,Magnussen,Danish,Finished,Autódromo José Carlos Pace,São Paulo,Brazil,-23.7036,-46.6997,1,1,Kevin Magnussen,20,0,0,1
24172,1008,815,10,12,10,1.0,70,11,2018,20,18,Brazilian Grand Prix,2018-11-11,Force India,Indian,Sergio,Pérez,Mexican,+1 Lap,Autódromo José Carlos Pace,São Paulo,Brazil,-23.7036,-46.6997,2,1,Sergio Pérez,20,0,0,1
24173,1008,843,5,16,11,0.0,70,11,2018,20,18,Brazilian Grand Prix,2018-11-11,Toro Rosso,Italian,Brendon,Hartley,New Zealander,+1 Lap,Autódromo José Carlos Pace,São Paulo,Brazil,-23.7036,-46.6997,5,1,Brendon Hartley,20,0,0,0
24174,1008,832,4,15,12,0.0,70,11,2018,20,18,Brazilian Grand Prix,2018-11-11,Renault,French,Carlos,Sainz,Spanish,+1 Lap,Autódromo José Carlos Pace,São Paulo,Brazil,-23.7036,-46.6997,3,1,Carlos Sainz,20,0,0,0
24175,1008,842,5,9,13,0.0,70,11,2018,20,18,Brazilian Grand Prix,2018-11-11,Toro Rosso,Italian,Pierre,Gasly,French,+1 Lap,Autódromo José Carlos Pace,São Paulo,Brazil,-23.7036,-46.6997,-4,1,Pierre Gasly,20,0,0,0
24176,1008,838,1,20,14,0.0,70,11,2018,20,18,Brazilian Grand Prix,2018-11-11,McLaren,British,Stoffel,Vandoorne,Belgian,+1 Lap,Autódromo José Carlos Pace,São Paulo,Brazil,-23.7036,-46.6997,6,1,Stoffel Vandoorne,20,0,0,0
24177,1008,839,10,18,15,0.0,70,11,2018,20,18,Brazilian Grand Prix,2018-11-11,Force India,Indian,Esteban,Ocon,French,+1 Lap,Autódromo José Carlos Pace,São Paulo,Brazil,-23.7036,-46.6997,3,1,Esteban Ocon,20,0,0,0
24178,1008,845,3,14,16,0.0,69,12,2018,20,18,Brazilian Grand Prix,2018-11-11,Williams,British,Sergey,Sirotkin,Russian,+2 Laps,Autódromo José Carlos Pace,São Paulo,Brazil,-23.7036,-46.6997,-2,1,Sergey Sirotkin,20,0,0,0
24179,1008,4,1,17,17,0.0,69,12,2018,20,18,Brazilian Grand Prix,2018-11-11,McLaren,British,Fernando,Alonso,Spanish,+2 Laps,Autódromo José Carlos Pace,São Paulo,Brazil,-23.7036,-46.6997,0,1,Fernando Alonso,20,0,0,0
24180,1008,840,3,19,18,0.0,69,12,2018,20,18,Brazilian Grand Prix,2018-11-11,Williams,British,Lance,Stroll,Canadian,+2 Laps,Autódromo José Carlos Pace,São Paulo,Brazil,-23.7036,-46.6997,1,1,Lance Stroll,20,0,0,0
24181,1008,807,4,13,19,0.0,32,25,2018,20,18,Brazilian Grand Prix,2018-11-11,Renault,French,Nico,Hülkenberg,German,Overheating,Autódromo José Carlos Pace,São Paulo,Brazil,-23.7036,-46.6997,-6,0,Nico Hülkenberg,20,0,0,0
24182,1008,828,15,6,20,0.0,20,4,2018,20,18,Brazilian Grand Prix,2018-11-11,Sauber,Swiss,Marcus,Ericsson,Swedish,Collision,Autódromo José Carlos Pace,São Paulo,Brazil,-23.7036,-46.6997,-14,0,Marcus Ericsson,20,0,0,0
24183,1009,1,131,1,1,25.0,55,1,2018,21,24,Abu Dhabi Grand Prix,2018-11-25,Mercedes,German,Lewis,Hamilton,British,Finished,Yas Marina Circuit,Abu Dhabi,UAE,24.4672,54.6031,0,1,Lewis Hamilton,21,1,1,1
24184,1009,20,6,3,2,18.0,55,1,2018,21,24,Abu Dhabi Grand Prix,2018-11-25,Ferrari,Italian,Sebastian,Vettel,German,Finished,Yas Marina Circuit,Abu Dhabi,UAE,24.4672,54.6031,1,1,Sebastian Vettel,21,1,0,1
24185,1009,830,9,6,3,15.0,55,1,2018,21,24,Abu Dhabi Grand Prix,2018-11-25,Red Bull,Austrian,Max,Verstappen,Dutch,Finished,Yas Marina Circuit,Abu Dhabi,UAE,24.4672,54.6031,3,1,Max Verstappen,21,1,0,1
24186,1009,817,9,5,4,12.0,55,1,2018,21,24,Abu Dhabi Grand Prix,2018-11-25,Red Bull,Austrian,Daniel,Ricciardo,Australian,Finished,Yas Marina Circuit,Abu Dhabi,UAE,24.4672,54.6031,1,1,Daniel Ricciardo,21,0,0,1
24187,1009,822,131,2,5,10.0,55,1,2018,21,24,Abu Dhabi Grand Prix,2018-11-25,Mercedes,German,Valtteri,Bottas,Finnish,Finished,Yas Marina Circuit,Abu Dhabi,UAE,24.4672,54.6031,-3,1,Valtteri Bottas,21,0,0,1
24188,1009,832,4,11,6,8.0,55,1,2018,21,24,Abu Dhabi Grand Prix,2018-11-25,Renault,French,Carlos,Sainz,Spanish,Finished,Yas Marina Circuit,Abu Dhabi,UAE,24.4672,54.6031,5,1,Carlos Sainz,21,0,0,1
24189,1009,844,15,8,7,6.0,55,1,2018,21,24,Abu Dhabi Grand Prix,2018-11-25,Sauber,Swiss,Charles,Leclerc,Monegasque,Finished,Yas Marina Circuit,Abu Dhabi,UAE,24.4672,54.6031,1,1,Charles Leclerc,21,0,0,1
24190,1009,815,10,14,8,4.0,55,1,2018,21,24,Abu Dhabi Grand Prix,2018-11-25,Force India,Indian,Sergio,Pérez,Mexican,Finished,Yas Marina Circuit,Abu Dhabi,UAE,24.4672,54.6031,6,1,Sergio Pérez,21,0,0,1
24191,1009,154,210,7,9,2.0,54,11,2018,21,24,Abu Dhabi Grand Prix,2018-11-25,Haas F1 Team,American,Romain,Grosjean,French,+1 Lap,Yas Marina Circuit,Abu Dhabi,UAE,24.4672,54.6031,-2,1,Romain Grosjean,21,0,0,1
24192,1009,825,210,13,10,1.0,54,11,2018,21,24,Abu Dhabi Grand Prix,2018-11-25,Haas F1 Team,American,Kevin,Magnussen,Danish,+1 Lap,Yas Marina Circuit,Abu Dhabi,UAE,24.4672,54.6031,3,1,Kevin Magnussen,21,0,0,1
24193,1009,4,1,15,11,0.0,54,11,2018,21,24,Abu Dhabi Grand Prix,2018-11-25,McLaren,British,Fernando,Alonso,Spanish,+1 Lap,Yas Marina Circuit,Abu Dhabi,UAE,24.4672,54.6031,4,1,Fernando Alonso,21,0,0,0
24194,1009,843,5,16,12,0.0,54,11,2018,21,24,Abu Dhabi Grand Prix,2018-11-25,Toro Rosso,Italian,Brendon,Hartley,New Zealander,+1 Lap,Yas Marina Circuit,Abu Dhabi,UAE,24.4672,54.6031,4,1,Brendon Hartley,21,0,0,0
24195,1009,840,3,20,13,0.0,54,11,2018,21,24,Abu Dhabi Grand Prix,2018-11-25,Williams,British,Lance,Stroll,Canadian,+1 Lap,Yas Marina Circuit,Abu Dhabi,UAE,24.4672,54.6031,7,1,Lance Stroll,21,0,0,0
24196,1009,838,1,18,14,0.0,54,11,2018,21,24,Abu Dhabi Grand Prix,2018-11-25,McLaren,British,Stoffel,Vandoorne,Belgian,+1 Lap,Yas Marina Circuit,Abu Dhabi,UAE,24.4672,54.6031,4,1,Stoffel Vandoorne,21,0,0,0
24197,1009,845,3,19,15,0.0,54,11,2018,21,24,Abu Dhabi Grand Prix,2018-11-25,Williams,British,Sergey,Sirotkin,Russian,+1 Lap,Yas Marina Circuit,Abu Dhabi,UAE,24.4672,54.6031,4,1,Sergey Sirotkin,21,0,0,0
24198,1009,842,5,17,16,0.0,46,5,2018,21,24,Abu Dhabi Grand Prix,2018-11-25,Toro Rosso,Italian,Pierre,Gasly,French,Engine,Yas Marina Circuit,Abu Dhabi,UAE,24.4672,54.6031,1,0,Pierre Gasly,21,0,0,0
24199,1009,839,10,9,17,0.0,44,5,2018,21,24,Abu Dhabi Grand Prix,2018-11-25,Force India,Indian,Esteban,Ocon,French,Engine,Yas Marina Circuit,Abu Dhabi,UAE,24.4672,54.6031,-8,0,Esteban Ocon,21,0,0,0
24200,1009,828,15,12,18,0.0,24,75,2018,21,24,Abu Dhabi Grand Prix,2018-11-25,Sauber,Swiss,Marcus,Ericsson,Swedish,Power loss,Yas Marina Circuit,Abu Dhabi,UAE,24.4672,54.6031,-6,0,Marcus Ericsson,21,0,0,0
24201,1009,8,6,4,19,0.0,6,75,2018,21,24,Abu Dhabi Grand Prix,2018-11-25,Ferrari,Italian,Kimi,Räikkönen,Finnish,Power loss,Yas Marina Circuit,Abu Dhabi,UAE,24.4672,54.6031,-15,0,Kimi Räikkönen,21,0,0,0
24202,1009,807,4,10,20,0.0,0,4,2018,21,24,Abu Dhabi Grand Prix,2018-11-25,Renault,French,Nico,Hülkenberg,German,Collision,Yas Marina Circuit,Abu Dhabi,UAE,24.4672,54.6031,-10,0,Nico Hülkenberg,21,0,0,0
24203,1010,822,131,2,1,26.0,58,1,2019,1,1,Australian Grand Prix,2019-03-17,Mercedes,German,Valtteri,Bottas,Finnish,Finished,Albert Park Grand Prix Circuit,Melbourne,Australia,-37.8497,144.968,1,1,Valtteri Bottas,1,1,1,1
24204,1010,1,131,1,2,18.0,58,1,2019,1,1,Australian Grand Prix,2019-03-17,Mercedes,German,Lewis,Hamilton,British,Finished,Albert Park Grand Prix Circuit,Melbourne,Australia,-37.8497,144.968,-1,1,Lewis Hamilton,1,1,0,1
24205,1010,830,9,4,3,15.0,58,1,2019,1,1,Australian Grand Prix,2019-03-17,Red Bull,Austrian,Max,Verstappen,Dutch,Finished,Albert Park Grand Prix Circuit,Melbourne,Australia,-37.8497,144.968,1,1,Max Verstappen,1,1,0,1
24206,1010,20,6,3,4,12.0,58,1,2019,1,1,Australian Grand Prix,2019-03-17,Ferrari,Italian,Sebastian,Vettel,German,Finished,Albert Park Grand Prix Circuit,Melbourne,Australia,-37.8497,144.968,-1,1,Sebastian Vettel,1,0,0,1
24207,1010,844,6,5,5,10.0,58,1,2019,1,1,Australian Grand Prix,2019-03-17,Ferrari,Italian,Charles,Leclerc,Monegasque,Finished,Albert Park Grand Prix Circuit,Melbourne,Australia,-37.8497,144.968,0,1,Charles Leclerc,1,0,0,1
24208,1010,825,210,7,6,8.0,58,1,2019,1,1,Australian Grand Prix,2019-03-17,Haas F1 Team,American,Kevin,Magnussen,Danish,Finished,Albert Park Grand Prix Circuit,Melbourne,Australia,-37.8497,144.968,1,1,Kevin Magnussen,1,0,0,1
24209,1010,807,4,11,7,6.0,57,11,2019,1,1,Australian Grand Prix,2019-03-17,Renault,French,Nico,Hülkenberg,German,+1 Lap,Albert Park Grand Prix Circuit,Melbourne,Australia,-37.8497,144.968,4,1,Nico Hülkenberg,1,0,0,1
24210,1010,8,51,9,8,4.0,57,11,2019,1,1,Australian Grand Prix,2019-03-17,Alfa Romeo,Swiss,Kimi,Räikkönen,Finnish,+1 Lap,Albert Park Grand Prix Circuit,Melbourne,Australia,-37.8497,144.968,1,1,Kimi Räikkönen,1,0,0,1
24211,1010,840,211,16,9,2.0,57,11,2019,1,1,Australian Grand Prix,2019-03-17,Racing Point,British,Lance,Stroll,Canadian,+1 Lap,Albert Park Grand Prix Circuit,Melbourne,Australia,-37.8497,144.968,7,1,Lance Stroll,1,0,0,1
24212,1010,826,5,15,10,1.0,57,11,2019,1,1,Australian Grand Prix,2019-03-17,Toro Rosso,Italian,Daniil,Kvyat,Russian,+1 Lap,Albert Park Grand Prix Circuit,Melbourne,Australia,-37.8497,144.968,5,1,Daniil Kvyat,1,0,0,1
24213,1010,842,9,17,11,0.0,57,11,2019,1,1,Australian Grand Prix,2019-03-17,Red Bull,Austrian,Pierre,Gasly,French,+1 Lap,Albert Park Grand Prix Circuit,Melbourne,Australia,-37.8497,144.968,6,1,Pierre Gasly,1,0,0,0
24214,1010,846,1,8,12,0.0,57,11,2019,1,1,Australian Grand Prix,2019-03-17,McLaren,British,Lando,Norris,British,+1 Lap,Albert Park Grand Prix Circuit,Melbourne,Australia,-37.8497,144.968,-4,1,Lando Norris,1,0,0,0
24215,1010,815,211,10,13,0.0,57,11,2019,1,1,Australian Grand Prix,2019-03-17,Racing Point,British,Sergio,Pérez,Mexican,+1 Lap,Albert Park Grand Prix Circuit,Melbourne,Australia,-37.8497,144.968,-3,1,Sergio Pérez,1,0,0,0
24216,1010,848,5,13,14,0.0,57,11,2019,1,1,Australian Grand Prix,2019-03-17,Toro Rosso,Italian,Alexander,Albon,Thai,+1 Lap,Albert Park Grand Prix Circuit,Melbourne,Australia,-37.8497,144.968,-1,1,Alexander Albon,1,0,0,0
24217,1010,841,51,14,15,0.0,57,11,2019,1,1,Australian Grand Prix,2019-03-17,Alfa Romeo,Swiss,Antonio,Giovinazzi,Italian,+1 Lap,Albert Park Grand Prix Circuit,Melbourne,Australia,-37.8497,144.968,-1,1,Antonio Giovinazzi,1,0,0,0
24218,1010,847,3,19,16,0.0,56,12,2019,1,1,Australian Grand Prix,2019-03-17,Williams,British,George,Russell,British,+2 Laps,Albert Park Grand Prix Circuit,Melbourne,Australia,-37.8497,144.968,3,1,George Russell,1,0,0,0
24219,1010,9,3,20,17,0.0,55,13,2019,1,1,Australian Grand Prix,2019-03-17,Williams,British,Robert,Kubica,Polish,+3 Laps,Albert Park Grand Prix Circuit,Melbourne,Australia,-37.8497,144.968,3,1,Robert Kubica,1,0,0,0
24220,1010,154,210,6,18,0.0,29,36,2019,1,1,Australian Grand Prix,2019-03-17,Haas F1 Team,American,Romain,Grosjean,French,Wheel,Albert Park Grand Prix Circuit,Melbourne,Australia,-37.8497,144.968,-12,0,Romain Grosjean,1,0,0,0
24221,1010,817,4,12,19,0.0,28,137,2019,1,1,Australian Grand Prix,2019-03-17,Renault,French,Daniel,Ricciardo,Australian,Damage,Albert Park Grand Prix Circuit,Melbourne,Australia,-37.8497,144.968,-7,0,Daniel Ricciardo,1,0,0,0
24222,1010,832,1,18,20,0.0,9,5,2019,1,1,Australian Grand Prix,2019-03-17,McLaren,British,Carlos,Sainz,Spanish,Engine,Albert Park Grand Prix Circuit,Melbourne,Australia,-37.8497,144.968,-2,0,Carlos Sainz,1,0,0,0
24223,1011,1,131,3,1,25.0,57,1,2019,2,3,Bahrain Grand Prix,2019-03-31,Mercedes,German,Lewis,Hamilton,British,Finished,Bahrain International Circuit,Sakhir,Bahrain,26.0325,50.5106,2,1,Lewis Hamilton,2,1,1,1
24224,1011,822,131,4,2,18.0,57,1,2019,2,3,Bahrain Grand Prix,2019-03-31,Mercedes,German,Valtteri,Bottas,Finnish,Finished,Bahrain International Circuit,Sakhir,Bahrain,26.0325,50.5106,2,1,Valtteri Bottas,2,1,0,1
24225,1011,844,6,1,3,16.0,57,1,2019,2,3,Bahrain Grand Prix,2019-03-31,Ferrari,Italian,Charles,Leclerc,Monegasque,Finished,Bahrain International Circuit,Sakhir,Bahrain,26.0325,50.5106,-2,1,Charles Leclerc,2,1,0,1
24226,1011,830,9,5,4,12.0,57,1,2019,2,3,Bahrain Grand Prix,2019-03-31,Red Bull,Austrian,Max,Verstappen,Dutch,Finished,Bahrain International Circuit,Sakhir,Bahrain,26.0325,50.5106,1,1,Max Verstappen,2,0,0,1
24227,1011,20,6,2,5,10.0,57,1,2019,2,3,Bahrain Grand Prix,2019-03-31,Ferrari,Italian,Sebastian,Vettel,German,Finished,Bahrain International Circuit,Sakhir,Bahrain,26.0325,50.5106,-3,1,Sebastian Vettel,2,0,0,1
24228,1011,846,1,9,6,8.0,57,1,2019,2,3,Bahrain Grand Prix,2019-03-31,McLaren,British,Lando,Norris,British,Finished,Bahrain International Circuit,Sakhir,Bahrain,26.0325,50.5106,3,1,Lando Norris,2,0,0,1
24229,1011,8,51,8,7,6.0,57,1,2019,2,3,Bahrain Grand Prix,2019-03-31,Alfa Romeo,Swiss,Kimi,Räikkönen,Finnish,Finished,Bahrain International Circuit,Sakhir,Bahrain,26.0325,50.5106,1,1,Kimi Räikkönen,2,0,0,1
24230,1011,842,9,13,8,4.0,57,1,2019,2,3,Bahrain Grand Prix,2019-03-31,Red Bull,Austrian,Pierre,Gasly,French,Finished,Bahrain International Circuit,Sakhir,Bahrain,26.0325,50.5106,5,1,Pierre Gasly,2,0,0,1
24231,1011,848,5,12,9,2.0,57,1,2019,2,3,Bahrain Grand Prix,2019-03-31,Toro Rosso,Italian,Alexander,Albon,Thai,Finished,Bahrain International Circuit,Sakhir,Bahrain,26.0325,50.5106,3,1,Alexander Albon,2,0,0,1
24232,1011,815,211,14,10,1.0,57,1,2019,2,3,Bahrain Grand Prix,2019-03-31,Racing Point,British,Sergio,Pérez,Mexican,Finished,Bahrain International Circuit,Sakhir,Bahrain,26.0325,50.5106,4,1,Sergio Pérez,2,0,0,1
24233,1011,841,51,16,11,0.0,57,1,2019,2,3,Bahrain Grand Prix,2019-03-31,Alfa Romeo,Swiss,Antonio,Giovinazzi,Italian,Finished,Bahrain International Circuit,Sakhir,Bahrain,26.0325,50.5106,5,1,Antonio Giovinazzi,2,0,0,0
24234,1011,826,5,15,12,0.0,56,11,2019,2,3,Bahrain Grand Prix,2019-03-31,Toro Rosso,Italian,Daniil,Kvyat,Russian,+1 Lap,Bahrain International Circuit,Sakhir,Bahrain,26.0325,50.5106,3,1,Daniil Kvyat,2,0,0,0
24235,1011,825,210,6,13,0.0,56,11,2019,2,3,Bahrain Grand Prix,2019-03-31,Haas F1 Team,American,Kevin,Magnussen,Danish,+1 Lap,Bahrain International Circuit,Sakhir,Bahrain,26.0325,50.5106,-7,1,Kevin Magnussen,2,0,0,0
24236,1011,840,211,18,14,0.0,56,11,2019,2,3,Bahrain Grand Prix,2019-03-31,Racing Point,British,Lance,Stroll,Canadian,+1 Lap,Bahrain International Circuit,Sakhir,Bahrain,26.0325,50.5106,4,1,Lance Stroll,2,0,0,0
24237,1011,847,3,19,15,0.0,56,11,2019,2,3,Bahrain Grand Prix,2019-03-31,Williams,British,George,Russell,British,+1 Lap,Bahrain International Circuit,Sakhir,Bahrain,26.0325,50.5106,4,1,George Russell,2,0,0,0
24238,1011,9,3,20,16,0.0,55,12,2019,2,3,Bahrain Grand Prix,2019-03-31,Williams,British,Robert,Kubica,Polish,+2 Laps,Bahrain International Circuit,Sakhir,Bahrain,26.0325,50.5106,4,1,Robert Kubica,2,0,0,0
24239,1011,807,4,17,17,0.0,53,5,2019,2,3,Bahrain Grand Prix,2019-03-31,Renault,French,Nico,Hülkenberg,German,Engine,Bahrain International Circuit,Sakhir,Bahrain,26.0325,50.5106,0,0,Nico Hülkenberg,2,0,0,0
24240,1011,817,4,10,18,0.0,53,60,2019,2,3,Bahrain Grand Prix,2019-03-31,Renault,French,Daniel,Ricciardo,Australian,Out of fuel,Bahrain International Circuit,Sakhir,Bahrain,26.0325,50.5106,-8,0,Daniel Ricciardo,2,0,0,0
24241,1011,832,1,7,19,0.0,53,130,2019,2,3,Bahrain Grand Prix,2019-03-31,McLaren,British,Carlos,Sainz,Spanish,Collision damage,Bahrain International Circuit,Sakhir,Bahrain,26.0325,50.5106,-12,0,Carlos Sainz,2,0,0,0
24242,1011,154,210,11,20,0.0,16,31,2019,2,3,Bahrain Grand Prix,2019-03-31,Haas F1 Team,American,Romain,Grosjean,French,Retired,Bahrain International Circuit,Sakhir,Bahrain,26.0325,50.5106,-9,0,Romain Grosjean,2,0,0,0
24243,1012,1,131,2,1,25.0,56,1,2019,3,17,Chinese Grand Prix,2019-04-14,Mercedes,German,Lewis,Hamilton,British,Finished,Shanghai International Circuit,Shanghai,China,31.3389,121.22,1,1,Lewis Hamilton,3,1,1,1
24244,1012,822,131,1,2,18.0,56,1,2019,3,17,Chinese Grand Prix,2019-04-14,Mercedes,German,Valtteri,Bottas,Finnish,Finished,Shanghai International Circuit,Shanghai,China,31.3389,121.22,-1,1,Valtteri Bottas,3,1,0,1
24245,1012,20,6,3,3,15.0,56,1,2019,3,17,Chinese Grand Prix,2019-04-14,Ferrari,Italian,Sebastian,Vettel,German,Finished,Shanghai International Circuit,Shanghai,China,31.3389,121.22,0,1,Sebastian Vettel,3,1,0,1
24246,1012,830,9,5,4,12.0,56,1,2019,3,17,Chinese Grand Prix,2019-04-14,Red Bull,Austrian,Max,Verstappen,Dutch,Finished,Shanghai International Circuit,Shanghai,China,31.3389,121.22,1,1,Max Verstappen,3,0,0,1
24247,1012,844,6,4,5,10.0,56,1,2019,3,17,Chinese Grand Prix,2019-04-14,Ferrari,Italian,Charles,Leclerc,Monegasque,Finished,Shanghai International Circuit,Shanghai,China,31.3389,121.22,-1,1,Charles Leclerc,3,0,0,1
24248,1012,842,9,6,6,9.0,56,1,2019,3,17,Chinese Grand Prix,2019-04-14,Red Bull,Austrian,Pierre,Gasly,French,Finished,Shanghai International Circuit,Shanghai,China,31.3389,121.22,0,1,Pierre Gasly,3,0,0,1
24249,1012,817,4,7,7,6.0,55,11,2019,3,17,Chinese Grand Prix,2019-04-14,Renault,French,Daniel,Ricciardo,Australian,+1 Lap,Shanghai International Circuit,Shanghai,China,31.3389,121.22,0,1,Daniel Ricciardo,3,0,0,1
24250,1012,815,211,12,8,4.0,55,11,2019,3,17,Chinese Grand Prix,2019-04-14,Racing Point,British,Sergio,Pérez,Mexican,+1 Lap,Shanghai International Circuit,Shanghai,China,31.3389,121.22,4,1,Sergio Pérez,3,0,0,1
24251,1012,8,51,13,9,2.0,55,11,2019,3,17,Chinese Grand Prix,2019-04-14,Alfa Romeo,Swiss,Kimi,Räikkönen,Finnish,+1 Lap,Shanghai International Circuit,Shanghai,China,31.3389,121.22,4,1,Kimi Räikkönen,3,0,0,1
24252,1012,848,5,0,10,1.0,55,11,2019,3,17,Chinese Grand Prix,2019-04-14,Toro Rosso,Italian,Alexander,Albon,Thai,+1 Lap,Shanghai International Circuit,Shanghai,China,31.3389,121.22,-10,1,Alexander Albon,3,0,0,1
24253,1012,154,210,10,11,0.0,55,11,2019,3,17,Chinese Grand Prix,2019-04-14,Haas F1 Team,American,Romain,Grosjean,French,+1 Lap,Shanghai International Circuit,Shanghai,China,31.3389,121.22,-1,1,Romain Grosjean,3,0,0,0
24254,1012,840,211,16,12,0.0,55,11,2019,3,17,Chinese Grand Prix,2019-04-14,Racing Point,British,Lance,Stroll,Canadian,+1 Lap,Shanghai International Circuit,Shanghai,China,31.3389,121.22,4,1,Lance Stroll,3,0,0,0
24255,1012,825,210,9,13,0.0,55,11,2019,3,17,Chinese Grand Prix,2019-04-14,Haas F1 Team,American,Kevin,Magnussen,Danish,+1 Lap,Shanghai International Circuit,Shanghai,China,31.3389,121.22,-4,1,Kevin Magnussen,3,0,0,0
24256,1012,832,1,14,14,0.0,55,11,2019,3,17,Chinese Grand Prix,2019-04-14,McLaren,British,Carlos,Sainz,Spanish,+1 Lap,Shanghai International Circuit,Shanghai,China,31.3389,121.22,0,1,Carlos Sainz,3,0,0,0
24257,1012,841,51,19,15,0.0,55,11,2019,3,17,Chinese Grand Prix,2019-04-14,Alfa Romeo,Swiss,Antonio,Giovinazzi,Italian,+1 Lap,Shanghai International Circuit,Shanghai,China,31.3389,121.22,4,1,Antonio Giovinazzi,3,0,0,0
24258,1012,847,3,17,16,0.0,54,12,2019,3,17,Chinese Grand Prix,2019-04-14,Williams,British,George,Russell,British,+2 Laps,Shanghai International Circuit,Shanghai,China,31.3389,121.22,1,1,George Russell,3,0,0,0
24259,1012,9,3,18,17,0.0,54,12,2019,3,17,Chinese Grand Prix,2019-04-14,Williams,British,Robert,Kubica,Polish,+2 Laps,Shanghai International Circuit,Shanghai,China,31.3389,121.22,1,1,Robert Kubica,3,0,0,0
24260,1012,846,1,15,18,0.0,50,4,2019,3,17,Chinese Grand Prix,2019-04-14,McLaren,British,Lando,Norris,British,Collision,Shanghai International Circuit,Shanghai,China,31.3389,121.22,-3,0,Lando Norris,3,0,0,0
24261,1012,826,5,11,19,0.0,41,4,2019,3,17,Chinese Grand Prix,2019-04-14,Toro Rosso,Italian,Daniil,Kvyat,Russian,Collision,Shanghai International Circuit,Shanghai,China,31.3389,121.22,-8,0,Daniil Kvyat,3,0,0,0
24262,1012,807,4,8,20,0.0,16,131,2019,3,17,Chinese Grand Prix,2019-04-14,Renault,French,Nico,Hülkenberg,German,Power Unit,Shanghai International Circuit,Shanghai,China,31.3389,121.22,-12,0,Nico Hülkenberg,3,0,0,0
24263,1013,822,131,1,1,25.0,51,1,2019,4,73,Azerbaijan Grand Prix,2019-04-28,Mercedes,German,Valtteri,Bottas,Finnish,Finished,Baku City Circuit,Baku,Azerbaijan,40.3725,49.8533,0,1,Valtteri Bottas,4,1,1,1
24264,1013,1,131,2,2,18.0,51,1,2019,4,73,Azerbaijan Grand Prix,2019-04-28,Mercedes,German,Lewis,Hamilton,British,Finished,Baku City Circuit,Baku,Azerbaijan,40.3725,49.8533,0,1,Lewis Hamilton,4,1,0,1
24265,1013,20,6,3,3,15.0,51,1,2019,4,73,Azerbaijan Grand Prix,2019-04-28,Ferrari,Italian,Sebastian,Vettel,German,Finished,Baku City Circuit,Baku,Azerbaijan,40.3725,49.8533,0,1,Sebastian Vettel,4,1,0,1
24266,1013,830,9,4,4,12.0,51,1,2019,4,73,Azerbaijan Grand Prix,2019-04-28,Red Bull,Austrian,Max,Verstappen,Dutch,Finished,Baku City Circuit,Baku,Azerbaijan,40.3725,49.8533,0,1,Max Verstappen,4,0,0,1
24267,1013,844,6,8,5,11.0,51,1,2019,4,73,Azerbaijan Grand Prix,2019-04-28,Ferrari,Italian,Charles,Leclerc,Monegasque,Finished,Baku City Circuit,Baku,Azerbaijan,40.3725,49.8533,3,1,Charles Leclerc,4,0,0,1
24268,1013,815,211,5,6,8.0,51,1,2019,4,73,Azerbaijan Grand Prix,2019-04-28,Racing Point,British,Sergio,Pérez,Mexican,Finished,Baku City Circuit,Baku,Azerbaijan,40.3725,49.8533,-1,1,Sergio Pérez,4,0,0,1
24269,1013,832,1,9,7,6.0,51,1,2019,4,73,Azerbaijan Grand Prix,2019-04-28,McLaren,British,Carlos,Sainz,Spanish,Finished,Baku City Circuit,Baku,Azerbaijan,40.3725,49.8533,2,1,Carlos Sainz,4,0,0,1
24270,1013,846,1,7,8,4.0,51,1,2019,4,73,Azerbaijan Grand Prix,2019-04-28,McLaren,British,Lando,Norris,British,Finished,Baku City Circuit,Baku,Azerbaijan,40.3725,49.8533,-1,1,Lando Norris,4,0,0,1
24271,1013,840,211,13,9,2.0,51,1,2019,4,73,Azerbaijan Grand Prix,2019-04-28,Racing Point,British,Lance,Stroll,Canadian,Finished,Baku City Circuit,Baku,Azerbaijan,40.3725,49.8533,4,1,Lance Stroll,4,0,0,1
24272,1013,8,51,0,10,1.0,50,11,2019,4,73,Azerbaijan Grand Prix,2019-04-28,Alfa Romeo,Swiss,Kimi,Räikkönen,Finnish,+1 Lap,Baku City Circuit,Baku,Azerbaijan,40.3725,49.8533,-10,1,Kimi Räikkönen,4,0,0,1
24273,1013,848,5,11,11,0.0,50,11,2019,4,73,Azerbaijan Grand Prix,2019-04-28,Toro Rosso,Italian,Alexander,Albon,Thai,+1 Lap,Baku City Circuit,Baku,Azerbaijan,40.3725,49.8533,0,1,Alexander Albon,4,0,0,0
24274,1013,841,51,17,12,0.0,50,11,2019,4,73,Azerbaijan Grand Prix,2019-04-28,Alfa Romeo,Swiss,Antonio,Giovinazzi,Italian,+1 Lap,Baku City Circuit,Baku,Azerbaijan,40.3725,49.8533,5,1,Antonio Giovinazzi,4,0,0,0
24275,1013,825,210,12,13,0.0,50,11,2019,4,73,Azerbaijan Grand Prix,2019-04-28,Haas F1 Team,American,Kevin,Magnussen,Danish,+1 Lap,Baku City Circuit,Baku,Azerbaijan,40.3725,49.8533,-1,1,Kevin Magnussen,4,0,0,0
24276,1013,807,4,15,14,0.0,50,11,2019,4,73,Azerbaijan Grand Prix,2019-04-28,Renault,French,Nico,Hülkenberg,German,+1 Lap,Baku City Circuit,Baku,Azerbaijan,40.3725,49.8533,1,1,Nico Hülkenberg,4,0,0,0
24277,1013,847,3,16,15,0.0,49,12,2019,4,73,Azerbaijan Grand Prix,2019-04-28,Williams,British,George,Russell,British,+2 Laps,Baku City Circuit,Baku,Azerbaijan,40.3725,49.8533,1,1,George Russell,4,0,0,0
24278,1013,9,3,0,16,0.0,49,12,2019,4,73,Azerbaijan Grand Prix,2019-04-28,Williams,British,Robert,Kubica,Polish,+2 Laps,Baku City Circuit,Baku,Azerbaijan,40.3725,49.8533,-16,1,Robert Kubica,4,0,0,0
24279,1013,842,9,0,17,0.0,38,7,2019,4,73,Azerbaijan Grand Prix,2019-04-28,Red Bull,Austrian,Pierre,Gasly,French,Transmission,Baku City Circuit,Baku,Azerbaijan,40.3725,49.8533,-17,0,Pierre Gasly,4,0,0,0
24280,1013,154,210,14,18,0.0,38,23,2019,4,73,Azerbaijan Grand Prix,2019-04-28,Haas F1 Team,American,Romain,Grosjean,French,Brakes,Baku City Circuit,Baku,Azerbaijan,40.3725,49.8533,-4,0,Romain Grosjean,4,0,0,0
24281,1013,826,5,6,19,0.0,33,4,2019,4,73,Azerbaijan Grand Prix,2019-04-28,Toro Rosso,Italian,Daniil,Kvyat,Russian,Collision,Baku City Circuit,Baku,Azerbaijan,40.3725,49.8533,-13,0,Daniil Kvyat,4,0,0,0
24282,1013,817,4,10,20,0.0,31,4,2019,4,73,Azerbaijan Grand Prix,2019-04-28,Renault,French,Daniel,Ricciardo,Australian,Collision,Baku City Circuit,Baku,Azerbaijan,40.3725,49.8533,-10,0,Daniel Ricciardo,4,0,0,0
24283,1014,1,131,2,1,26.0,66,1,2019,5,4,Spanish Grand Prix,2019-05-12,Mercedes,German,Lewis,Hamilton,British,Finished,Circuit de Barcelona-Catalunya,Montmeló,Spain,41.57,2.26111,1,1,Lewis Hamilton,5,1,1,1
24284,1014,822,131,1,2,18.0,66,1,2019,5,4,Spanish Grand Prix,2019-05-12,Mercedes,German,Valtteri,Bottas,Finnish,Finished,Circuit de Barcelona-Catalunya,Montmeló,Spain,41.57,2.26111,-1,1,Valtteri Bottas,5,1,0,1
24285,1014,830,9,4,3,15.0,66,1,2019,5,4,Spanish Grand Prix,2019-05-12,Red Bull,Austrian,Max,Verstappen,Dutch,Finished,Circuit de Barcelona-Catalunya,Montmeló,Spain,41.57,2.26111,1,1,Max Verstappen,5,1,0,1
24286,1014,20,6,3,4,12.0,66,1,2019,5,4,Spanish Grand Prix,2019-05-12,Ferrari,Italian,Sebastian,Vettel,German,Finished,Circuit de Barcelona-Catalunya,Montmeló,Spain,41.57,2.26111,-1,1,Sebastian Vettel,5,0,0,1
24287,1014,844,6,5,5,10.0,66,1,2019,5,4,Spanish Grand Prix,2019-05-12,Ferrari,Italian,Charles,Leclerc,Monegasque,Finished,Circuit de Barcelona-Catalunya,Montmeló,Spain,41.57,2.26111,0,1,Charles Leclerc,5,0,0,1
24288,1014,842,9,6,6,8.0,66,1,2019,5,4,Spanish Grand Prix,2019-05-12,Red Bull,Austrian,Pierre,Gasly,French,Finished,Circuit de Barcelona-Catalunya,Montmeló,Spain,41.57,2.26111,0,1,Pierre Gasly,5,0,0,1
24289,1014,825,210,8,7,6.0,66,1,2019,5,4,Spanish Grand Prix,2019-05-12,Haas F1 Team,American,Kevin,Magnussen,Danish,Finished,Circuit de Barcelona-Catalunya,Montmeló,Spain,41.57,2.26111,1,1,Kevin Magnussen,5,0,0,1
24290,1014,832,1,12,8,4.0,66,1,2019,5,4,Spanish Grand Prix,2019-05-12,McLaren,British,Carlos,Sainz,Spanish,Finished,Circuit de Barcelona-Catalunya,Montmeló,Spain,41.57,2.26111,4,1,Carlos Sainz,5,0,0,1
24291,1014,826,5,9,9,2.0,66,1,2019,5,4,Spanish Grand Prix,2019-05-12,Toro Rosso,Italian,Daniil,Kvyat,Russian,Finished,Circuit de Barcelona-Catalunya,Montmeló,Spain,41.57,2.26111,0,1,Daniil Kvyat,5,0,0,1
24292,1014,154,210,7,10,1.0,66,1,2019,5,4,Spanish Grand Prix,2019-05-12,Haas F1 Team,American,Romain,Grosjean,French,Finished,Circuit de Barcelona-Catalunya,Montmeló,Spain,41.57,2.26111,-3,1,Romain Grosjean,5,0,0,1
24293,1014,848,5,11,11,0.0,66,1,2019,5,4,Spanish Grand Prix,2019-05-12,Toro Rosso,Italian,Alexander,Albon,Thai,Finished,Circuit de Barcelona-Catalunya,Montmeló,Spain,41.57,2.26111,0,1,Alexander Albon,5,0,0,0
24294,1014,817,4,13,12,0.0,66,1,2019,5,4,Spanish Grand Prix,2019-05-12,Renault,French,Daniel,Ricciardo,Australian,Finished,Circuit de Barcelona-Catalunya,Montmeló,Spain,41.57,2.26111,1,1,Daniel Ricciardo,5,0,0,0
24295,1014,807,4,0,13,0.0,66,1,2019,5,4,Spanish Grand Prix,2019-05-12,Renault,French,Nico,Hülkenberg,German,Finished,Circuit de Barcelona-Catalunya,Montmeló,Spain,41.57,2.26111,-13,1,Nico Hülkenberg,5,0,0,0
24296,1014,8,51,14,14,0.0,66,1,2019,5,4,Spanish Grand Prix,2019-05-12,Alfa Romeo,Swiss,Kimi,Räikkönen,Finnish,Finished,Circuit de Barcelona-Catalunya,Montmeló,Spain,41.57,2.26111,0,1,Kimi Räikkönen,5,0,0,0
24297,1014,815,211,15,15,0.0,66,1,2019,5,4,Spanish Grand Prix,2019-05-12,Racing Point,British,Sergio,Pérez,Mexican,Finished,Circuit de Barcelona-Catalunya,Montmeló,Spain,41.57,2.26111,0,1,Sergio Pérez,5,0,0,0
24298,1014,841,51,18,16,0.0,66,1,2019,5,4,Spanish Grand Prix,2019-05-12,Alfa Romeo,Swiss,Antonio,Giovinazzi,Italian,Finished,Circuit de Barcelona-Catalunya,Montmeló,Spain,41.57,2.26111,2,1,Antonio Giovinazzi,5,0,0,0
24299,1014,847,3,19,17,0.0,65,11,2019,5,4,Spanish Grand Prix,2019-05-12,Williams,British,George,Russell,British,+1 Lap,Circuit de Barcelona-Catalunya,Montmeló,Spain,41.57,2.26111,2,1,George Russell,5,0,0,0
24300,1014,9,3,17,18,0.0,65,11,2019,5,4,Spanish Grand Prix,2019-05-12,Williams,British,Robert,Kubica,Polish,+1 Lap,Circuit de Barcelona-Catalunya,Montmeló,Spain,41.57,2.26111,-1,1,Robert Kubica,5,0,0,0
24301,1014,840,211,16,19,0.0,44,4,2019,5,4,Spanish Grand Prix,2019-05-12,Racing Point,British,Lance,Stroll,Canadian,Collision,Circuit de Barcelona-Catalunya,Montmeló,Spain,41.57,2.26111,-3,0,Lance Stroll,5,0,0,0
24302,1014,846,1,10,20,0.0,44,4,2019,5,4,Spanish Grand Prix,2019-05-12,McLaren,British,Lando,Norris,British,Collision,Circuit de Barcelona-Catalunya,Montmeló,Spain,41.57,2.26111,-10,0,Lando Norris,5,0,0,0
24306,1015,1,131,1,1,25.0,78,1,2019,6,6,Monaco Grand Prix,2019-05-26,Mercedes,German,Lewis,Hamilton,British,Finished,Circuit de Monaco,Monte-Carlo,Monaco,43.7347,7.42056,0,1,Lewis Hamilton,6,1,1,1
24307,1015,20,6,4,2,18.0,78,1,2019,6,6,Monaco Grand Prix,2019-05-26,Ferrari,Italian,Sebastian,Vettel,German,Finished,Circuit de Monaco,Monte-Carlo,Monaco,43.7347,7.42056,2,1,Sebastian Vettel,6,1,0,1
24308,1015,822,131,2,3,15.0,78,1,2019,6,6,Monaco Grand Prix,2019-05-26,Mercedes,German,Valtteri,Bottas,Finnish,Finished,Circuit de Monaco,Monte-Carlo,Monaco,43.7347,7.42056,-1,1,Valtteri Bottas,6,1,0,1
24309,1015,830,9,3,4,12.0,78,1,2019,6,6,Monaco Grand Prix,2019-05-26,Red Bull,Austrian,Max,Verstappen,Dutch,Finished,Circuit de Monaco,Monte-Carlo,Monaco,43.7347,7.42056,-1,1,Max Verstappen,6,0,0,1
24310,1015,842,9,8,5,11.0,78,1,2019,6,6,Monaco Grand Prix,2019-05-26,Red Bull,Austrian,Pierre,Gasly,French,Finished,Circuit de Monaco,Monte-Carlo,Monaco,43.7347,7.42056,3,1,Pierre Gasly,6,0,0,1
24311,1015,832,1,9,6,8.0,78,1,2019,6,6,Monaco Grand Prix,2019-05-26,McLaren,British,Carlos,Sainz,Spanish,Finished,Circuit de Monaco,Monte-Carlo,Monaco,43.7347,7.42056,3,1,Carlos Sainz,6,0,0,1
24312,1015,826,5,7,7,6.0,78,1,2019,6,6,Monaco Grand Prix,2019-05-26,Toro Rosso,Italian,Daniil,Kvyat,Russian,Finished,Circuit de Monaco,Monte-Carlo,Monaco,43.7347,7.42056,0,1,Daniil Kvyat,6,0,0,1
24313,1015,848,5,10,8,4.0,78,1,2019,6,6,Monaco Grand Prix,2019-05-26,Toro Rosso,Italian,Alexander,Albon,Thai,Finished,Circuit de Monaco,Monte-Carlo,Monaco,43.7347,7.42056,2,1,Alexander Albon,6,0,0,1
24314,1015,817,4,6,9,2.0,78,1,2019,6,6,Monaco Grand Prix,2019-05-26,Renault,French,Daniel,Ricciardo,Australian,Finished,Circuit de Monaco,Monte-Carlo,Monaco,43.7347,7.42056,-3,1,Daniel Ricciardo,6,0,0,1
24315,1015,154,210,13,10,1.0,78,1,2019,6,6,Monaco Grand Prix,2019-05-26,Haas F1 Team,American,Romain,Grosjean,French,Finished,Circuit de Monaco,Monte-Carlo,Monaco,43.7347,7.42056,3,1,Romain Grosjean,6,0,0,1
24316,1015,846,1,12,11,0.0,78,1,2019,6,6,Monaco Grand Prix,2019-05-26,McLaren,British,Lando,Norris,British,Finished,Circuit de Monaco,Monte-Carlo,Monaco,43.7347,7.42056,1,1,Lando Norris,6,0,0,0
24317,1015,825,210,5,14,0.0,77,11,2019,6,6,Monaco Grand Prix,2019-05-26,Haas F1 Team,American,Kevin,Magnussen,Danish,+1 Lap,Circuit de Monaco,Monte-Carlo,Monaco,43.7347,7.42056,-9,1,Kevin Magnussen,6,0,0,0
24318,1015,815,211,16,12,0.0,77,11,2019,6,6,Monaco Grand Prix,2019-05-26,Racing Point,British,Sergio,Pérez,Mexican,+1 Lap,Circuit de Monaco,Monte-Carlo,Monaco,43.7347,7.42056,4,1,Sergio Pérez,6,0,0,0
24319,1015,807,4,11,13,0.0,77,11,2019,6,6,Monaco Grand Prix,2019-05-26,Renault,French,Nico,Hülkenberg,German,+1 Lap,Circuit de Monaco,Monte-Carlo,Monaco,43.7347,7.42056,-2,1,Nico Hülkenberg,6,0,0,0
24320,1015,847,3,19,15,0.0,77,11,2019,6,6,Monaco Grand Prix,2019-05-26,Williams,British,George,Russell,British,+1 Lap,Circuit de Monaco,Monte-Carlo,Monaco,43.7347,7.42056,4,1,George Russell,6,0,0,0
24321,1015,840,211,17,16,0.0,77,11,2019,6,6,Monaco Grand Prix,2019-05-26,Racing Point,British,Lance,Stroll,Canadian,+1 Lap,Circuit de Monaco,Monte-Carlo,Monaco,43.7347,7.42056,1,1,Lance Stroll,6,0,0,0
24322,1015,8,51,14,17,0.0,77,11,2019,6,6,Monaco Grand Prix,2019-05-26,Alfa Romeo,Swiss,Kimi,Räikkönen,Finnish,+1 Lap,Circuit de Monaco,Monte-Carlo,Monaco,43.7347,7.42056,-3,1,Kimi Räikkönen,6,0,0,0
24323,1015,9,3,20,18,0.0,77,11,2019,6,6,Monaco Grand Prix,2019-05-26,Williams,British,Robert,Kubica,Polish,+1 Lap,Circuit de Monaco,Monte-Carlo,Monaco,43.7347,7.42056,2,1,Robert Kubica,6,0,0,0
24324,1015,841,51,18,19,0.0,76,12,2019,6,6,Monaco Grand Prix,2019-05-26,Alfa Romeo,Swiss,Antonio,Giovinazzi,Italian,+2 Laps,Circuit de Monaco,Monte-Carlo,Monaco,43.7347,7.42056,-1,1,Antonio Giovinazzi,6,0,0,0
24325,1015,844,6,15,20,0.0,16,4,2019,6,6,Monaco Grand Prix,2019-05-26,Ferrari,Italian,Charles,Leclerc,Monegasque,Collision,Circuit de Monaco,Monte-Carlo,Monaco,43.7347,7.42056,-5,0,Charles Leclerc,6,0,0,0
24326,1016,1,131,2,1,25.0,70,1,2019,7,7,Canadian Grand Prix,2019-06-09,Mercedes,German,Lewis,Hamilton,British,Finished,Circuit Gilles Villeneuve,Montreal,Canada,45.5,-73.5228,1,1,Lewis Hamilton,7,1,1,1
24327,1016,20,6,1,2,18.0,70,1,2019,7,7,Canadian Grand Prix,2019-06-09,Ferrari,Italian,Sebastian,Vettel,German,Finished,Circuit Gilles Villeneuve,Montreal,Canada,45.5,-73.5228,-1,1,Sebastian Vettel,7,1,0,1
24328,1016,844,6,3,3,15.0,70,1,2019,7,7,Canadian Grand Prix,2019-06-09,Ferrari,Italian,Charles,Leclerc,Monegasque,Finished,Circuit Gilles Villeneuve,Montreal,Canada,45.5,-73.5228,0,1,Charles Leclerc,7,1,0,1
24329,1016,822,131,6,4,13.0,70,1,2019,7,7,Canadian Grand Prix,2019-06-09,Mercedes,German,Valtteri,Bottas,Finnish,Finished,Circuit Gilles Villeneuve,Montreal,Canada,45.5,-73.5228,2,1,Valtteri Bottas,7,0,0,1
24330,1016,830,9,9,5,10.0,70,1,2019,7,7,Canadian Grand Prix,2019-06-09,Red Bull,Austrian,Max,Verstappen,Dutch,Finished,Circuit Gilles Villeneuve,Montreal,Canada,45.5,-73.5228,4,1,Max Verstappen,7,0,0,1
24331,1016,817,4,4,6,8.0,69,11,2019,7,7,Canadian Grand Prix,2019-06-09,Renault,French,Daniel,Ricciardo,Australian,+1 Lap,Circuit Gilles Villeneuve,Montreal,Canada,45.5,-73.5228,-2,1,Daniel Ricciardo,7,0,0,1
24332,1016,807,4,7,7,6.0,69,11,2019,7,7,Canadian Grand Prix,2019-06-09,Renault,French,Nico,Hülkenberg,German,+1 Lap,Circuit Gilles Villeneuve,Montreal,Canada,45.5,-73.5228,0,1,Nico Hülkenberg,7,0,0,1
24333,1016,842,9,5,8,4.0,69,11,2019,7,7,Canadian Grand Prix,2019-06-09,Red Bull,Austrian,Pierre,Gasly,French,+1 Lap,Circuit Gilles Villeneuve,Montreal,Canada,45.5,-73.5228,-3,1,Pierre Gasly,7,0,0,1
24334,1016,840,211,17,9,2.0,69,11,2019,7,7,Canadian Grand Prix,2019-06-09,Racing Point,British,Lance,Stroll,Canadian,+1 Lap,Circuit Gilles Villeneuve,Montreal,Canada,45.5,-73.5228,8,1,Lance Stroll,7,0,0,1
24335,1016,826,5,10,10,1.0,69,11,2019,7,7,Canadian Grand Prix,2019-06-09,Toro Rosso,Italian,Daniil,Kvyat,Russian,+1 Lap,Circuit Gilles Villeneuve,Montreal,Canada,45.5,-73.5228,0,1,Daniil Kvyat,7,0,0,1
24336,1016,832,1,11,11,0.0,69,11,2019,7,7,Canadian Grand Prix,2019-06-09,McLaren,British,Carlos,Sainz,Spanish,+1 Lap,Circuit Gilles Villeneuve,Montreal,Canada,45.5,-73.5228,0,1,Carlos Sainz,7,0,0,0
24337,1016,815,211,15,12,0.0,69,11,2019,7,7,Canadian Grand Prix,2019-06-09,Racing Point,British,Sergio,Pérez,Mexican,+1 Lap,Circuit Gilles Villeneuve,Montreal,Canada,45.5,-73.5228,3,1,Sergio Pérez,7,0,0,0
24338,1016,841,51,12,13,0.0,69,11,2019,7,7,Canadian Grand Prix,2019-06-09,Alfa Romeo,Swiss,Antonio,Giovinazzi,Italian,+1 Lap,Circuit Gilles Villeneuve,Montreal,Canada,45.5,-73.5228,-1,1,Antonio Giovinazzi,7,0,0,0
24339,1016,154,210,14,14,0.0,69,11,2019,7,7,Canadian Grand Prix,2019-06-09,Haas F1 Team,American,Romain,Grosjean,French,+1 Lap,Circuit Gilles Villeneuve,Montreal,Canada,45.5,-73.5228,0,1,Romain Grosjean,7,0,0,0
24340,1016,8,51,16,15,0.0,69,11,2019,7,7,Canadian Grand Prix,2019-06-09,Alfa Romeo,Swiss,Kimi,Räikkönen,Finnish,+1 Lap,Circuit Gilles Villeneuve,Montreal,Canada,45.5,-73.5228,1,1,Kimi Räikkönen,7,0,0,0
24341,1016,847,3,18,16,0.0,68,12,2019,7,7,Canadian Grand Prix,2019-06-09,Williams,British,George,Russell,British,+2 Laps,Circuit Gilles Villeneuve,Montreal,Canada,45.5,-73.5228,2,1,George Russell,7,0,0,0
24342,1016,825,210,0,17,0.0,68,12,2019,7,7,Canadian Grand Prix,2019-06-09,Haas F1 Team,American,Kevin,Magnussen,Danish,+2 Laps,Circuit Gilles Villeneuve,Montreal,Canada,45.5,-73.5228,-17,1,Kevin Magnussen,7,0,0,0
24343,1016,9,3,19,18,0.0,67,13,2019,7,7,Canadian Grand Prix,2019-06-09,Williams,British,Robert,Kubica,Polish,+3 Laps,Circuit Gilles Villeneuve,Montreal,Canada,45.5,-73.5228,1,1,Robert Kubica,7,0,0,0
24344,1016,848,5,13,19,0.0,59,130,2019,7,7,Canadian Grand Prix,2019-06-09,Toro Rosso,Italian,Alexander,Albon,Thai,Collision damage,Circuit Gilles Villeneuve,Montreal,Canada,45.5,-73.5228,-6,0,Alexander Albon,7,0,0,0
24345,1016,846,1,8,20,0.0,8,22,2019,7,7,Canadian Grand Prix,2019-06-09,McLaren,British,Lando,Norris,British,Suspension,Circuit Gilles Villeneuve,Montreal,Canada,45.5,-73.5228,-12,0,Lando Norris,7,0,0,0
24346,1017,1,131,1,1,25.0,53,1,2019,8,34,French Grand Prix,2019-06-23,Mercedes,German,Lewis,Hamilton,British,Finished,Circuit Paul Ricard,Le Castellet,France,43.2506,5.79167,0,1,Lewis Hamilton,8,1,1,1
24347,1017,822,131,2,2,18.0,53,1,2019,8,34,French Grand Prix,2019-06-23,Mercedes,German,Valtteri,Bottas,Finnish,Finished,Circuit Paul Ricard,Le Castellet,France,43.2506,5.79167,0,1,Valtteri Bottas,8,1,0,1
24348,1017,844,6,3,3,15.0,53,1,2019,8,34,French Grand Prix,2019-06-23,Ferrari,Italian,Charles,Leclerc,Monegasque,Finished,Circuit Paul Ricard,Le Castellet,France,43.2506,5.79167,0,1,Charles Leclerc,8,1,0,1
24349,1017,830,9,4,4,12.0,53,1,2019,8,34,French Grand Prix,2019-06-23,Red Bull,Austrian,Max,Verstappen,Dutch,Finished,Circuit Paul Ricard,Le Castellet,France,43.2506,5.79167,0,1,Max Verstappen,8,0,0,1
24350,1017,20,6,7,5,11.0,53,1,2019,8,34,French Grand Prix,2019-06-23,Ferrari,Italian,Sebastian,Vettel,German,Finished,Circuit Paul Ricard,Le Castellet,France,43.2506,5.79167,2,1,Sebastian Vettel,8,0,0,1
24351,1017,832,1,6,6,8.0,53,1,2019,8,34,French Grand Prix,2019-06-23,McLaren,British,Carlos,Sainz,Spanish,Finished,Circuit Paul Ricard,Le Castellet,France,43.2506,5.79167,0,1,Carlos Sainz,8,0,0,1
24352,1017,8,51,12,7,6.0,52,11,2019,8,34,French Grand Prix,2019-06-23,Alfa Romeo,Swiss,Kimi,Räikkönen,Finnish,+1 Lap,Circuit Paul Ricard,Le Castellet,France,43.2506,5.79167,5,1,Kimi Räikkönen,8,0,0,1
24353,1017,807,4,13,8,4.0,52,11,2019,8,34,French Grand Prix,2019-06-23,Renault,French,Nico,Hülkenberg,German,+1 Lap,Circuit Paul Ricard,Le Castellet,France,43.2506,5.79167,5,1,Nico Hülkenberg,8,0,0,1
24354,1017,846,1,5,9,2.0,52,11,2019,8,34,French Grand Prix,2019-06-23,McLaren,British,Lando,Norris,British,+1 Lap,Circuit Paul Ricard,Le Castellet,France,43.2506,5.79167,-4,1,Lando Norris,8,0,0,1
24355,1017,842,9,9,10,1.0,52,11,2019,8,34,French Grand Prix,2019-06-23,Red Bull,Austrian,Pierre,Gasly,French,+1 Lap,Circuit Paul Ricard,Le Castellet,France,43.2506,5.79167,-1,1,Pierre Gasly,8,0,0,1
24356,1017,817,4,8,11,0.0,52,11,2019,8,34,French Grand Prix,2019-06-23,Renault,French,Daniel,Ricciardo,Australian,+1 Lap,Circuit Paul Ricard,Le Castellet,France,43.2506,5.79167,-3,1,Daniel Ricciardo,8,0,0,0
24357,1017,815,211,14,12,0.0,52,11,2019,8,34,French Grand Prix,2019-06-23,Racing Point,British,Sergio,Pérez,Mexican,+1 Lap,Circuit Paul Ricard,Le Castellet,France,43.2506,5.79167,2,1,Sergio Pérez,8,0,0,0
24358,1017,840,211,17,13,0.0,52,11,2019,8,34,French Grand Prix,2019-06-23,Racing Point,British,Lance,Stroll,Canadian,+1 Lap,Circuit Paul Ricard,Le Castellet,France,43.2506,5.79167,4,1,Lance Stroll,8,0,0,0
24359,1017,826,5,19,14,0.0,52,11,2019,8,34,French Grand Prix,2019-06-23,Toro Rosso,Italian,Daniil,Kvyat,Russian,+1 Lap,Circuit Paul Ricard,Le Castellet,France,43.2506,5.79167,5,1,Daniil Kvyat,8,0,0,0
24360,1017,848,5,11,15,0.0,52,11,2019,8,34,French Grand Prix,2019-06-23,Toro Rosso,Italian,Alexander,Albon,Thai,+1 Lap,Circuit Paul Ricard,Le Castellet,France,43.2506,5.79167,-4,1,Alexander Albon,8,0,0,0
24361,1017,841,51,10,16,0.0,52,11,2019,8,34,French Grand Prix,2019-06-23,Alfa Romeo,Swiss,Antonio,Giovinazzi,Italian,+1 Lap,Circuit Paul Ricard,Le Castellet,France,43.2506,5.79167,-6,1,Antonio Giovinazzi,8,0,0,0
24362,1017,825,210,15,17,0.0,52,11,2019,8,34,French Grand Prix,2019-06-23,Haas F1 Team,American,Kevin,Magnussen,Danish,+1 Lap,Circuit Paul Ricard,Le Castellet,France,43.2506,5.79167,-2,1,Kevin Magnussen,8,0,0,0
24363,1017,9,3,18,18,0.0,51,12,2019,8,34,French Grand Prix,2019-06-23,Williams,British,Robert,Kubica,Polish,+2 Laps,Circuit Paul Ricard,Le Castellet,France,43.2506,5.79167,0,1,Robert Kubica,8,0,0,0
24364,1017,847,3,20,19,0.0,51,12,2019,8,34,French Grand Prix,2019-06-23,Williams,British,George,Russell,British,+2 Laps,Circuit Paul Ricard,Le Castellet,France,43.2506,5.79167,1,1,George Russell,8,0,0,0
24365,1017,154,210,16,20,0.0,44,31,2019,8,34,French Grand Prix,2019-06-23,Haas F1 Team,American,Romain,Grosjean,French,Retired,Circuit Paul Ricard,Le Castellet,France,43.2506,5.79167,-4,0,Romain Grosjean,8,0,0,0
24366,1018,830,9,2,1,26.0,71,1,2019,9,70,Austrian Grand Prix,2019-06-30,Red Bull,Austrian,Max,Verstappen,Dutch,Finished,Red Bull Ring,Spielberg,Austria,47.2197,14.7647,1,1,Max Verstappen,9,1,1,1
24367,1018,844,6,1,2,18.0,71,1,2019,9,70,Austrian Grand Prix,2019-06-30,Ferrari,Italian,Charles,Leclerc,Monegasque,Finished,Red Bull Ring,Spielberg,Austria,47.2197,14.7647,-1,1,Charles Leclerc,9,1,0,1
24368,1018,822,131,3,3,15.0,71,1,2019,9,70,Austrian Grand Prix,2019-06-30,Mercedes,German,Valtteri,Bottas,Finnish,Finished,Red Bull Ring,Spielberg,Austria,47.2197,14.7647,0,1,Valtteri Bottas,9,1,0,1
24369,1018,20,6,9,4,12.0,71,1,2019,9,70,Austrian Grand Prix,2019-06-30,Ferrari,Italian,Sebastian,Vettel,German,Finished,Red Bull Ring,Spielberg,Austria,47.2197,14.7647,5,1,Sebastian Vettel,9,0,0,1
24370,1018,1,131,4,5,10.0,71,1,2019,9,70,Austrian Grand Prix,2019-06-30,Mercedes,German,Lewis,Hamilton,British,Finished,Red Bull Ring,Spielberg,Austria,47.2197,14.7647,-1,1,Lewis Hamilton,9,0,0,1
24371,1018,846,1,5,6,8.0,70,11,2019,9,70,Austrian Grand Prix,2019-06-30,McLaren,British,Lando,Norris,British,+1 Lap,Red Bull Ring,Spielberg,Austria,47.2197,14.7647,-1,1,Lando Norris,9,0,0,1
24372,1018,842,9,8,7,6.0,70,11,2019,9,70,Austrian Grand Prix,2019-06-30,Red Bull,Austrian,Pierre,Gasly,French,+1 Lap,Red Bull Ring,Spielberg,Austria,47.2197,14.7647,1,1,Pierre Gasly,9,0,0,1
24373,1018,832,1,19,8,4.0,70,11,2019,9,70,Austrian Grand Prix,2019-06-30,McLaren,British,Carlos,Sainz,Spanish,+1 Lap,Red Bull Ring,Spielberg,Austria,47.2197,14.7647,11,1,Carlos Sainz,9,0,0,1
24374,1018,8,51,6,9,2.0,70,11,2019,9,70,Austrian Grand Prix,2019-06-30,Alfa Romeo,Swiss,Kimi,Räikkönen,Finnish,+1 Lap,Red Bull Ring,Spielberg,Austria,47.2197,14.7647,-3,1,Kimi Räikkönen,9,0,0,1
24375,1018,841,51,7,10,1.0,70,11,2019,9,70,Austrian Grand Prix,2019-06-30,Alfa Romeo,Swiss,Antonio,Giovinazzi,Italian,+1 Lap,Red Bull Ring,Spielberg,Austria,47.2197,14.7647,-3,1,Antonio Giovinazzi,9,0,0,1
24376,1018,815,211,13,11,0.0,70,11,2019,9,70,Austrian Grand Prix,2019-06-30,Racing Point,British,Sergio,Pérez,Mexican,+1 Lap,Red Bull Ring,Spielberg,Austria,47.2197,14.7647,2,1,Sergio Pérez,9,0,0,0
24377,1018,817,4,12,12,0.0,70,11,2019,9,70,Austrian Grand Prix,2019-06-30,Renault,French,Daniel,Ricciardo,Australian,+1 Lap,Red Bull Ring,Spielberg,Austria,47.2197,14.7647,0,1,Daniel Ricciardo,9,0,0,0
24378,1018,807,4,15,13,0.0,70,11,2019,9,70,Austrian Grand Prix,2019-06-30,Renault,French,Nico,Hülkenberg,German,+1 Lap,Red Bull Ring,Spielberg,Austria,47.2197,14.7647,2,1,Nico Hülkenberg,9,0,0,0
24379,1018,840,211,14,14,0.0,70,11,2019,9,70,Austrian Grand Prix,2019-06-30,Racing Point,British,Lance,Stroll,Canadian,+1 Lap,Red Bull Ring,Spielberg,Austria,47.2197,14.7647,0,1,Lance Stroll,9,0,0,0
24380,1018,848,5,18,15,0.0,70,11,2019,9,70,Austrian Grand Prix,2019-06-30,Toro Rosso,Italian,Alexander,Albon,Thai,+1 Lap,Red Bull Ring,Spielberg,Austria,47.2197,14.7647,3,1,Alexander Albon,9,0,0,0
24381,1018,154,210,11,16,0.0,70,11,2019,9,70,Austrian Grand Prix,2019-06-30,Haas F1 Team,American,Romain,Grosjean,French,+1 Lap,Red Bull Ring,Spielberg,Austria,47.2197,14.7647,-5,1,Romain Grosjean,9,0,0,0
24382,1018,826,5,16,17,0.0,70,11,2019,9,70,Austrian Grand Prix,2019-06-30,Toro Rosso,Italian,Daniil,Kvyat,Russian,+1 Lap,Red Bull Ring,Spielberg,Austria,47.2197,14.7647,-1,1,Daniil Kvyat,9,0,0,0
24383,1018,847,3,0,18,0.0,69,12,2019,9,70,Austrian Grand Prix,2019-06-30,Williams,British,George,Russell,British,+2 Laps,Red Bull Ring,Spielberg,Austria,47.2197,14.7647,-18,1,George Russell,9,0,0,0
24384,1018,825,210,10,19,0.0,69,12,2019,9,70,Austrian Grand Prix,2019-06-30,Haas F1 Team,American,Kevin,Magnussen,Danish,+2 Laps,Red Bull Ring,Spielberg,Austria,47.2197,14.7647,-9,1,Kevin Magnussen,9,0,0,0
24385,1018,9,3,17,20,0.0,68,13,2019,9,70,Austrian Grand Prix,2019-06-30,Williams,British,Robert,Kubica,Polish,+3 Laps,Red Bull Ring,Spielberg,Austria,47.2197,14.7647,-3,1,Robert Kubica,9,0,0,0
24386,1019,1,131,2,1,26.0,52,1,2019,10,9,British Grand Prix,2019-07-14,Mercedes,German,Lewis,Hamilton,British,Finished,Silverstone Circuit,Silverstone,UK,52.0786,-1.01694,1,1,Lewis Hamilton,10,1,1,1
24387,1019,822,131,1,2,18.0,52,1,2019,10,9,British Grand Prix,2019-07-14,Mercedes,German,Valtteri,Bottas,Finnish,Finished,Silverstone Circuit,Silverstone,UK,52.0786,-1.01694,-1,1,Valtteri Bottas,10,1,0,1
24388,1019,844,6,3,3,15.0,52,1,2019,10,9,British Grand Prix,2019-07-14,Ferrari,Italian,Charles,Leclerc,Monegasque,Finished,Silverstone Circuit,Silverstone,UK,52.0786,-1.01694,0,1,Charles Leclerc,10,1,0,1
24389,1019,842,9,5,4,12.0,52,1,2019,10,9,British Grand Prix,2019-07-14,Red Bull,Austrian,Pierre,Gasly,French,Finished,Silverstone Circuit,Silverstone,UK,52.0786,-1.01694,1,1,Pierre Gasly,10,0,0,1
24390,1019,830,9,4,5,10.0,52,1,2019,10,9,British Grand Prix,2019-07-14,Red Bull,Austrian,Max,Verstappen,Dutch,Finished,Silverstone Circuit,Silverstone,UK,52.0786,-1.01694,-1,1,Max Verstappen,10,0,0,1
24391,1019,832,1,13,6,8.0,52,1,2019,10,9,British Grand Prix,2019-07-14,McLaren,British,Carlos,Sainz,Spanish,Finished,Silverstone Circuit,Silverstone,UK,52.0786,-1.01694,7,1,Carlos Sainz,10,0,0,1
24392,1019,817,4,7,7,6.0,52,1,2019,10,9,British Grand Prix,2019-07-14,Renault,French,Daniel,Ricciardo,Australian,Finished,Silverstone Circuit,Silverstone,UK,52.0786,-1.01694,0,1,Daniel Ricciardo,10,0,0,1
24393,1019,8,51,12,8,4.0,52,1,2019,10,9,British Grand Prix,2019-07-14,Alfa Romeo,Swiss,Kimi,Räikkönen,Finnish,Finished,Silverstone Circuit,Silverstone,UK,52.0786,-1.01694,4,1,Kimi Räikkönen,10,0,0,1
24394,1019,826,5,17,9,2.0,52,1,2019,10,9,British Grand Prix,2019-07-14,Toro Rosso,Italian,Daniil,Kvyat,Russian,Finished,Silverstone Circuit,Silverstone,UK,52.0786,-1.01694,8,1,Daniil Kvyat,10,0,0,1
24395,1019,807,4,10,10,1.0,52,1,2019,10,9,British Grand Prix,2019-07-14,Renault,French,Nico,Hülkenberg,German,Finished,Silverstone Circuit,Silverstone,UK,52.0786,-1.01694,0,1,Nico Hülkenberg,10,0,0,1
24396,1019,846,1,8,11,0.0,52,1,2019,10,9,British Grand Prix,2019-07-14,McLaren,British,Lando,Norris,British,Finished,Silverstone Circuit,Silverstone,UK,52.0786,-1.01694,-3,1,Lando Norris,10,0,0,0
24397,1019,848,5,9,12,0.0,52,1,2019,10,9,British Grand Prix,2019-07-14,Toro Rosso,Italian,Alexander,Albon,Thai,Finished,Silverstone Circuit,Silverstone,UK,52.0786,-1.01694,-3,1,Alexander Albon,10,0,0,0
24398,1019,840,211,18,13,0.0,52,1,2019,10,9,British Grand Prix,2019-07-14,Racing Point,British,Lance,Stroll,Canadian,Finished,Silverstone Circuit,Silverstone,UK,52.0786,-1.01694,5,1,Lance Stroll,10,0,0,0
24399,1019,847,3,19,14,0.0,51,11,2019,10,9,British Grand Prix,2019-07-14,Williams,British,George,Russell,British,+1 Lap,Silverstone Circuit,Silverstone,UK,52.0786,-1.01694,5,1,George Russell,10,0,0,0
24400,1019,9,3,20,15,0.0,51,11,2019,10,9,British Grand Prix,2019-07-14,Williams,British,Robert,Kubica,Polish,+1 Lap,Silverstone Circuit,Silverstone,UK,52.0786,-1.01694,5,1,Robert Kubica,10,0,0,0
24401,1019,20,6,6,16,0.0,51,11,2019,10,9,British Grand Prix,2019-07-14,Ferrari,Italian,Sebastian,Vettel,German,+1 Lap,Silverstone Circuit,Silverstone,UK,52.0786,-1.01694,-10,1,Sebastian Vettel,10,0,0,0
24402,1019,815,211,15,17,0.0,51,11,2019,10,9,British Grand Prix,2019-07-14,Racing Point,British,Sergio,Pérez,Mexican,+1 Lap,Silverstone Circuit,Silverstone,UK,52.0786,-1.01694,-2,1,Sergio Pérez,10,0,0,0
24403,1019,841,51,11,18,0.0,18,20,2019,10,9,British Grand Prix,2019-07-14,Alfa Romeo,Swiss,Antonio,Giovinazzi,Italian,Spun off,Silverstone Circuit,Silverstone,UK,52.0786,-1.01694,-7,0,Antonio Giovinazzi,10,0,0,0
24404,1019,154,210,14,19,0.0,9,4,2019,10,9,British Grand Prix,2019-07-14,Haas F1 Team,American,Romain,Grosjean,French,Collision,Silverstone Circuit,Silverstone,UK,52.0786,-1.01694,-5,0,Romain Grosjean,10,0,0,0
24405,1019,825,210,16,20,0.0,6,4,2019,10,9,British Grand Prix,2019-07-14,Haas F1 Team,American,Kevin,Magnussen,Danish,Collision,Silverstone Circuit,Silverstone,UK,52.0786,-1.01694,-4,0,Kevin Magnussen,10,0,0,0
24406,1020,830,9,2,1,26.0,64,1,2019,11,10,German Grand Prix,2019-07-28,Red Bull,Austrian,Max,Verstappen,Dutch,Finished,Hockenheimring,Hockenheim,Germany,49.3278,8.56583,1,1,Max Verstappen,11,1,1,1
24407,1020,20,6,20,2,18.0,64,1,2019,11,10,German Grand Prix,2019-07-28,Ferrari,Italian,Sebastian,Vettel,German,Finished,Hockenheimring,Hockenheim,Germany,49.3278,8.56583,18,1,Sebastian Vettel,11,1,0,1
24408,1020,826,5,14,3,15.0,64,1,2019,11,10,German Grand Prix,2019-07-28,Toro Rosso,Italian,Daniil,Kvyat,Russian,Finished,Hockenheimring,Hockenheim,Germany,49.3278,8.56583,11,1,Daniil Kvyat,11,1,0,1
24409,1020,840,211,15,4,12.0,64,1,2019,11,10,German Grand Prix,2019-07-28,Racing Point,British,Lance,Stroll,Canadian,Finished,Hockenheimring,Hockenheim,Germany,49.3278,8.56583,11,1,Lance Stroll,11,0,0,1
24410,1020,832,1,7,5,10.0,64,1,2019,11,10,German Grand Prix,2019-07-28,McLaren,British,Carlos,Sainz,Spanish,Finished,Hockenheimring,Hockenheim,Germany,49.3278,8.56583,2,1,Carlos Sainz,11,0,0,1
24411,1020,848,5,16,6,8.0,64,1,2019,11,10,German Grand Prix,2019-07-28,Toro Rosso,Italian,Alexander,Albon,Thai,Finished,Hockenheimring,Hockenheim,Germany,49.3278,8.56583,10,1,Alexander Albon,11,0,0,1
24412,1020,154,210,6,7,6.0,64,1,2019,11,10,German Grand Prix,2019-07-28,Haas F1 Team,American,Romain,Grosjean,French,Finished,Hockenheimring,Hockenheim,Germany,49.3278,8.56583,-1,1,Romain Grosjean,11,0,0,1
24413,1020,825,210,12,8,4.0,64,1,2019,11,10,German Grand Prix,2019-07-28,Haas F1 Team,American,Kevin,Magnussen,Danish,Finished,Hockenheimring,Hockenheim,Germany,49.3278,8.56583,4,1,Kevin Magnussen,11,0,0,1
24414,1020,1,131,1,9,2.0,64,1,2019,11,10,German Grand Prix,2019-07-28,Mercedes,German,Lewis,Hamilton,British,Finished,Hockenheimring,Hockenheim,Germany,49.3278,8.56583,-8,1,Lewis Hamilton,11,0,0,1
24415,1020,9,3,18,10,1.0,64,1,2019,11,10,German Grand Prix,2019-07-28,Williams,British,Robert,Kubica,Polish,Finished,Hockenheimring,Hockenheim,Germany,49.3278,8.56583,8,1,Robert Kubica,11,0,0,1
24416,1020,847,3,17,11,0.0,64,1,2019,11,10,German Grand Prix,2019-07-28,Williams,British,George,Russell,British,Finished,Hockenheimring,Hockenheim,Germany,49.3278,8.56583,6,1,George Russell,11,0,0,0
24417,1020,8,51,5,12,0.0,64,1,2019,11,10,German Grand Prix,2019-07-28,Alfa Romeo,Swiss,Kimi,Räikkönen,Finnish,Finished,Hockenheimring,Hockenheim,Germany,49.3278,8.56583,-7,1,Kimi Räikkönen,11,0,0,0
24418,1020,841,51,11,13,0.0,64,1,2019,11,10,German Grand Prix,2019-07-28,Alfa Romeo,Swiss,Antonio,Giovinazzi,Italian,Finished,Hockenheimring,Hockenheim,Germany,49.3278,8.56583,-2,1,Antonio Giovinazzi,11,0,0,0
24419,1020,842,9,4,14,0.0,61,4,2019,11,10,German Grand Prix,2019-07-28,Red Bull,Austrian,Pierre,Gasly,French,Collision,Hockenheimring,Hockenheim,Germany,49.3278,8.56583,-10,0,Pierre Gasly,11,0,0,0
24420,1020,822,131,3,15,0.0,56,3,2019,11,10,German Grand Prix,2019-07-28,Mercedes,German,Valtteri,Bottas,Finnish,Accident,Hockenheimring,Hockenheim,Germany,49.3278,8.56583,-12,0,Valtteri Bottas,11,0,0,0
24421,1020,807,4,9,16,0.0,39,3,2019,11,10,German Grand Prix,2019-07-28,Renault,French,Nico,Hülkenberg,German,Accident,Hockenheimring,Hockenheim,Germany,49.3278,8.56583,-7,0,Nico Hülkenberg,11,0,0,0
24422,1020,844,6,10,17,0.0,27,3,2019,11,10,German Grand Prix,2019-07-28,Ferrari,Italian,Charles,Leclerc,Monegasque,Accident,Hockenheimring,Hockenheim,Germany,49.3278,8.56583,-7,0,Charles Leclerc,11,0,0,0
24423,1020,846,1,19,18,0.0,25,75,2019,11,10,German Grand Prix,2019-07-28,McLaren,British,Lando,Norris,British,Power loss,Hockenheimring,Hockenheim,Germany,49.3278,8.56583,1,0,Lando Norris,11,0,0,0
24424,1020,817,4,13,19,0.0,13,43,2019,11,10,German Grand Prix,2019-07-28,Renault,French,Daniel,Ricciardo,Australian,Exhaust,Hockenheimring,Hockenheim,Germany,49.3278,8.56583,-6,0,Daniel Ricciardo,11,0,0,0
24425,1020,815,211,8,20,0.0,1,20,2019,11,10,German Grand Prix,2019-07-28,Racing Point,British,Sergio,Pérez,Mexican,Spun off,Hockenheimring,Hockenheim,Germany,49.3278,8.56583,-12,0,Sergio Pérez,11,0,0,0
24426,1021,1,131,3,1,25.0,70,1,2019,12,11,Hungarian Grand Prix,2019-08-04,Mercedes,German,Lewis,Hamilton,British,Finished,Hungaroring,Budapest,Hungary,47.5789,19.2486,2,1,Lewis Hamilton,12,1,1,1
24427,1021,830,9,1,2,19.0,70,1,2019,12,11,Hungarian Grand Prix,2019-08-04,Red Bull,Austrian,Max,Verstappen,Dutch,Finished,Hungaroring,Budapest,Hungary,47.5789,19.2486,-1,1,Max Verstappen,12,1,0,1
24428,1021,20,6,5,3,15.0,70,1,2019,12,11,Hungarian Grand Prix,2019-08-04,Ferrari,Italian,Sebastian,Vettel,German,Finished,Hungaroring,Budapest,Hungary,47.5789,19.2486,2,1,Sebastian Vettel,12,1,0,1
24429,1021,844,6,4,4,12.0,70,1,2019,12,11,Hungarian Grand Prix,2019-08-04,Ferrari,Italian,Charles,Leclerc,Monegasque,Finished,Hungaroring,Budapest,Hungary,47.5789,19.2486,0,1,Charles Leclerc,12,0,0,1
24430,1021,832,1,8,5,10.0,69,11,2019,12,11,Hungarian Grand Prix,2019-08-04,McLaren,British,Carlos,Sainz,Spanish,+1 Lap,Hungaroring,Budapest,Hungary,47.5789,19.2486,3,1,Carlos Sainz,12,0,0,1
24431,1021,842,9,6,6,8.0,69,11,2019,12,11,Hungarian Grand Prix,2019-08-04,Red Bull,Austrian,Pierre,Gasly,French,+1 Lap,Hungaroring,Budapest,Hungary,47.5789,19.2486,0,1,Pierre Gasly,12,0,0,1
24432,1021,8,51,10,7,6.0,69,11,2019,12,11,Hungarian Grand Prix,2019-08-04,Alfa Romeo,Swiss,Kimi,Räikkönen,Finnish,+1 Lap,Hungaroring,Budapest,Hungary,47.5789,19.2486,3,1,Kimi Räikkönen,12,0,0,1
24433,1021,822,131,2,8,4.0,69,11,2019,12,11,Hungarian Grand Prix,2019-08-04,Mercedes,German,Valtteri,Bottas,Finnish,+1 Lap,Hungaroring,Budapest,Hungary,47.5789,19.2486,-6,1,Valtteri Bottas,12,0,0,1
24434,1021,846,1,7,9,2.0,69,11,2019,12,11,Hungarian Grand Prix,2019-08-04,McLaren,British,Lando,Norris,British,+1 Lap,Hungaroring,Budapest,Hungary,47.5789,19.2486,-2,1,Lando Norris,12,0,0,1
24435,1021,848,5,12,10,1.0,69,11,2019,12,11,Hungarian Grand Prix,2019-08-04,Toro Rosso,Italian,Alexander,Albon,Thai,+1 Lap,Hungaroring,Budapest,Hungary,47.5789,19.2486,2,1,Alexander Albon,12,0,0,1
24436,1021,815,211,16,11,0.0,69,11,2019,12,11,Hungarian Grand Prix,2019-08-04,Racing Point,British,Sergio,Pérez,Mexican,+1 Lap,Hungaroring,Budapest,Hungary,47.5789,19.2486,5,1,Sergio Pérez,12,0,0,0
24437,1021,807,4,11,12,0.0,69,11,2019,12,11,Hungarian Grand Prix,2019-08-04,Renault,French,Nico,Hülkenberg,German,+1 Lap,Hungaroring,Budapest,Hungary,47.5789,19.2486,-1,1,Nico Hülkenberg,12,0,0,0
24438,1021,825,210,14,13,0.0,69,11,2019,12,11,Hungarian Grand Prix,2019-08-04,Haas F1 Team,American,Kevin,Magnussen,Danish,+1 Lap,Hungaroring,Budapest,Hungary,47.5789,19.2486,1,1,Kevin Magnussen,12,0,0,0
24439,1021,817,4,20,14,0.0,69,11,2019,12,11,Hungarian Grand Prix,2019-08-04,Renault,French,Daniel,Ricciardo,Australian,+1 Lap,Hungaroring,Budapest,Hungary,47.5789,19.2486,6,1,Daniel Ricciardo,12,0,0,0
24440,1021,826,5,13,15,0.0,68,12,2019,12,11,Hungarian Grand Prix,2019-08-04,Toro Rosso,Italian,Daniil,Kvyat,Russian,+2 Laps,Hungaroring,Budapest,Hungary,47.5789,19.2486,-2,1,Daniil Kvyat,12,0,0,0
24441,1021,847,3,15,16,0.0,68,12,2019,12,11,Hungarian Grand Prix,2019-08-04,Williams,British,George,Russell,British,+2 Laps,Hungaroring,Budapest,Hungary,47.5789,19.2486,-1,1,George Russell,12,0,0,0
24442,1021,840,211,18,17,0.0,68,12,2019,12,11,Hungarian Grand Prix,2019-08-04,Racing Point,British,Lance,Stroll,Canadian,+2 Laps,Hungaroring,Budapest,Hungary,47.5789,19.2486,1,1,Lance Stroll,12,0,0,0
24443,1021,841,51,17,18,0.0,68,12,2019,12,11,Hungarian Grand Prix,2019-08-04,Alfa Romeo,Swiss,Antonio,Giovinazzi,Italian,+2 Laps,Hungaroring,Budapest,Hungary,47.5789,19.2486,-1,1,Antonio Giovinazzi,12,0,0,0
24444,1021,9,3,19,19,0.0,67,13,2019,12,11,Hungarian Grand Prix,2019-08-04,Williams,British,Robert,Kubica,Polish,+3 Laps,Hungaroring,Budapest,Hungary,47.5789,19.2486,0,1,Robert Kubica,12,0,0,0
24445,1021,154,210,9,20,0.0,49,34,2019,12,11,Hungarian Grand Prix,2019-08-04,Haas F1 Team,American,Romain,Grosjean,French,Water pressure,Hungaroring,Budapest,Hungary,47.5789,19.2486,-11,0,Romain Grosjean,12,0,0,0
24446,1022,844,6,1,1,25.0,44,1,2019,13,13,Belgian Grand Prix,2019-09-01,Ferrari,Italian,Charles,Leclerc,Monegasque,Finished,Circuit de Spa-Francorchamps,Spa,Belgium,50.4372,5.97139,0,1,Charles Leclerc,13,1,1,1
24447,1022,1,131,3,2,18.0,44,1,2019,13,13,Belgian Grand Prix,2019-09-01,Mercedes,German,Lewis,Hamilton,British,Finished,Circuit de Spa-Francorchamps,Spa,Belgium,50.4372,5.97139,1,1,Lewis Hamilton,13,1,0,1
24448,1022,822,131,4,3,15.0,44,1,2019,13,13,Belgian Grand Prix,2019-09-01,Mercedes,German,Valtteri,Bottas,Finnish,Finished,Circuit de Spa-Francorchamps,Spa,Belgium,50.4372,5.97139,1,1,Valtteri Bottas,13,1,0,1
24449,1022,20,6,2,4,13.0,44,1,2019,13,13,Belgian Grand Prix,2019-09-01,Ferrari,Italian,Sebastian,Vettel,German,Finished,Circuit de Spa-Francorchamps,Spa,Belgium,50.4372,5.97139,-2,1,Sebastian Vettel,13,0,0,1
24450,1022,848,9,17,5,10.0,44,1,2019,13,13,Belgian Grand Prix,2019-09-01,Red Bull,Austrian,Alexander,Albon,Thai,Finished,Circuit de Spa-Francorchamps,Spa,Belgium,50.4372,5.97139,12,1,Alexander Albon,13,0,0,1
24451,1022,815,211,7,6,8.0,44,1,2019,13,13,Belgian Grand Prix,2019-09-01,Racing Point,British,Sergio,Pérez,Mexican,Finished,Circuit de Spa-Francorchamps,Spa,Belgium,50.4372,5.97139,1,1,Sergio Pérez,13,0,0,1
24452,1022,826,5,19,7,6.0,44,1,2019,13,13,Belgian Grand Prix,2019-09-01,Toro Rosso,Italian,Daniil,Kvyat,Russian,Finished,Circuit de Spa-Francorchamps,Spa,Belgium,50.4372,5.97139,12,1,Daniil Kvyat,13,0,0,1
24453,1022,807,4,12,8,4.0,44,1,2019,13,13,Belgian Grand Prix,2019-09-01,Renault,French,Nico,Hülkenberg,German,Finished,Circuit de Spa-Francorchamps,Spa,Belgium,50.4372,5.97139,4,1,Nico Hülkenberg,13,0,0,1
24454,1022,842,5,13,9,2.0,44,1,2019,13,13,Belgian Grand Prix,2019-09-01,Toro Rosso,Italian,Pierre,Gasly,French,Finished,Circuit de Spa-Francorchamps,Spa,Belgium,50.4372,5.97139,4,1,Pierre Gasly,13,0,0,1
24455,1022,840,211,16,10,1.0,44,1,2019,13,13,Belgian Grand Prix,2019-09-01,Racing Point,British,Lance,Stroll,Canadian,Finished,Circuit de Spa-Francorchamps,Spa,Belgium,50.4372,5.97139,6,1,Lance Stroll,13,0,0,1
24456,1022,846,1,11,11,0.0,43,5,2019,13,13,Belgian Grand Prix,2019-09-01,McLaren,British,Lando,Norris,British,Engine,Circuit de Spa-Francorchamps,Spa,Belgium,50.4372,5.97139,0,0,Lando Norris,13,0,0,0
24457,1022,825,210,8,12,0.0,43,11,2019,13,13,Belgian Grand Prix,2019-09-01,Haas F1 Team,American,Kevin,Magnussen,Danish,+1 Lap,Circuit de Spa-Francorchamps,Spa,Belgium,50.4372,5.97139,-4,1,Kevin Magnussen,13,0,0,0
24458,1022,154,210,9,13,0.0,43,11,2019,13,13,Belgian Grand Prix,2019-09-01,Haas F1 Team,American,Romain,Grosjean,French,+1 Lap,Circuit de Spa-Francorchamps,Spa,Belgium,50.4372,5.97139,-4,1,Romain Grosjean,13,0,0,0
24459,1022,817,4,10,14,0.0,43,11,2019,13,13,Belgian Grand Prix,2019-09-01,Renault,French,Daniel,Ricciardo,Australian,+1 Lap,Circuit de Spa-Francorchamps,Spa,Belgium,50.4372,5.97139,-4,1,Daniel Ricciardo,13,0,0,0
24460,1022,847,3,14,15,0.0,43,11,2019,13,13,Belgian Grand Prix,2019-09-01,Williams,British,George,Russell,British,+1 Lap,Circuit de Spa-Francorchamps,Spa,Belgium,50.4372,5.97139,-1,1,George Russell,13,0,0,0
24461,1022,8,51,6,16,0.0,43,11,2019,13,13,Belgian Grand Prix,2019-09-01,Alfa Romeo,Swiss,Kimi,Räikkönen,Finnish,+1 Lap,Circuit de Spa-Francorchamps,Spa,Belgium,50.4372,5.97139,-10,1,Kimi Räikkönen,13,0,0,0
24462,1022,9,3,0,17,0.0,43,11,2019,13,13,Belgian Grand Prix,2019-09-01,Williams,British,Robert,Kubica,Polish,+1 Lap,Circuit de Spa-Francorchamps,Spa,Belgium,50.4372,5.97139,-17,1,Robert Kubica,13,0,0,0
24463,1022,841,51,18,18,0.0,42,3,2019,13,13,Belgian Grand Prix,2019-09-01,Alfa Romeo,Swiss,Antonio,Giovinazzi,Italian,Accident,Circuit de Spa-Francorchamps,Spa,Belgium,50.4372,5.97139,0,0,Antonio Giovinazzi,13,0,0,0
24464,1022,832,1,15,19,0.0,1,75,2019,13,13,Belgian Grand Prix,2019-09-01,McLaren,British,Carlos,Sainz,Spanish,Power loss,Circuit de Spa-Francorchamps,Spa,Belgium,50.4372,5.97139,-4,0,Carlos Sainz,13,0,0,0
24465,1022,830,9,5,20,0.0,0,3,2019,13,13,Belgian Grand Prix,2019-09-01,Red Bull,Austrian,Max,Verstappen,Dutch,Accident,Circuit de Spa-Francorchamps,Spa,Belgium,50.4372,5.97139,-15,0,Max Verstappen,13,0,0,0
24466,1023,844,6,1,1,25.0,53,1,2019,14,14,Italian Grand Prix,2019-09-08,Ferrari,Italian,Charles,Leclerc,Monegasque,Finished,Autodromo Nazionale di Monza,Monza,Italy,45.6156,9.28111,0,1,Charles Leclerc,14,1,1,1
24467,1023,822,131,3,2,18.0,53,1,2019,14,14,Italian Grand Prix,2019-09-08,Mercedes,German,Valtteri,Bottas,Finnish,Finished,Autodromo Nazionale di Monza,Monza,Italy,45.6156,9.28111,1,1,Valtteri Bottas,14,1,0,1
24468,1023,1,131,2,3,16.0,53,1,2019,14,14,Italian Grand Prix,2019-09-08,Mercedes,German,Lewis,Hamilton,British,Finished,Autodromo Nazionale di Monza,Monza,Italy,45.6156,9.28111,-1,1,Lewis Hamilton,14,1,0,1
24469,1023,817,4,5,4,12.0,53,1,2019,14,14,Italian Grand Prix,2019-09-08,Renault,French,Daniel,Ricciardo,Australian,Finished,Autodromo Nazionale di Monza,Monza,Italy,45.6156,9.28111,1,1,Daniel Ricciardo,14,0,0,1
24470,1023,807,4,6,5,10.0,53,1,2019,14,14,Italian Grand Prix,2019-09-08,Renault,French,Nico,Hülkenberg,German,Finished,Autodromo Nazionale di Monza,Monza,Italy,45.6156,9.28111,1,1,Nico Hülkenberg,14,0,0,1
24471,1023,848,9,8,6,8.0,53,1,2019,14,14,Italian Grand Prix,2019-09-08,Red Bull,Austrian,Alexander,Albon,Thai,Finished,Autodromo Nazionale di Monza,Monza,Italy,45.6156,9.28111,2,1,Alexander Albon,14,0,0,1
24472,1023,815,211,18,7,6.0,53,1,2019,14,14,Italian Grand Prix,2019-09-08,Racing Point,British,Sergio,Pérez,Mexican,Finished,Autodromo Nazionale di Monza,Monza,Italy,45.6156,9.28111,11,1,Sergio Pérez,14,0,0,1
24473,1023,830,9,19,8,4.0,53,1,2019,14,14,Italian Grand Prix,2019-09-08,Red Bull,Austrian,Max,Verstappen,Dutch,Finished,Autodromo Nazionale di Monza,Monza,Italy,45.6156,9.28111,11,1,Max Verstappen,14,0,0,1
24474,1023,841,51,10,9,2.0,52,11,2019,14,14,Italian Grand Prix,2019-09-08,Alfa Romeo,Swiss,Antonio,Giovinazzi,Italian,+1 Lap,Autodromo Nazionale di Monza,Monza,Italy,45.6156,9.28111,1,1,Antonio Giovinazzi,14,0,0,1
24475,1023,846,1,16,10,1.0,52,11,2019,14,14,Italian Grand Prix,2019-09-08,McLaren,British,Lando,Norris,British,+1 Lap,Autodromo Nazionale di Monza,Monza,Italy,45.6156,9.28111,6,1,Lando Norris,14,0,0,1
24476,1023,842,5,17,11,0.0,52,11,2019,14,14,Italian Grand Prix,2019-09-08,Toro Rosso,Italian,Pierre,Gasly,French,+1 Lap,Autodromo Nazionale di Monza,Monza,Italy,45.6156,9.28111,6,1,Pierre Gasly,14,0,0,0
24477,1023,840,211,9,12,0.0,52,11,2019,14,14,Italian Grand Prix,2019-09-08,Racing Point,British,Lance,Stroll,Canadian,+1 Lap,Autodromo Nazionale di Monza,Monza,Italy,45.6156,9.28111,-3,1,Lance Stroll,14,0,0,0
24478,1023,20,6,4,13,0.0,52,11,2019,14,14,Italian Grand Prix,2019-09-08,Ferrari,Italian,Sebastian,Vettel,German,+1 Lap,Autodromo Nazionale di Monza,Monza,Italy,45.6156,9.28111,-9,1,Sebastian Vettel,14,0,0,0
24479,1023,847,3,14,14,0.0,52,11,2019,14,14,Italian Grand Prix,2019-09-08,Williams,British,George,Russell,British,+1 Lap,Autodromo Nazionale di Monza,Monza,Italy,45.6156,9.28111,0,1,George Russell,14,0,0,0
24480,1023,8,51,0,15,0.0,52,11,2019,14,14,Italian Grand Prix,2019-09-08,Alfa Romeo,Swiss,Kimi,Räikkönen,Finnish,+1 Lap,Autodromo Nazionale di Monza,Monza,Italy,45.6156,9.28111,-15,1,Kimi Räikkönen,14,0,0,0
24481,1023,154,210,13,16,0.0,52,11,2019,14,14,Italian Grand Prix,2019-09-08,Haas F1 Team,American,Romain,Grosjean,French,+1 Lap,Autodromo Nazionale di Monza,Monza,Italy,45.6156,9.28111,-3,1,Romain Grosjean,14,0,0,0
24482,1023,9,3,15,17,0.0,51,12,2019,14,14,Italian Grand Prix,2019-09-08,Williams,British,Robert,Kubica,Polish,+2 Laps,Autodromo Nazionale di Monza,Monza,Italy,45.6156,9.28111,-2,1,Robert Kubica,14,0,0,0
24483,1023,825,210,11,18,0.0,43,9,2019,14,14,Italian Grand Prix,2019-09-08,Haas F1 Team,American,Kevin,Magnussen,Danish,Hydraulics,Autodromo Nazionale di Monza,Monza,Italy,45.6156,9.28111,-7,0,Kevin Magnussen,14,0,0,0
24484,1023,826,5,12,19,0.0,29,5,2019,14,14,Italian Grand Prix,2019-09-08,Toro Rosso,Italian,Daniil,Kvyat,Russian,Engine,Autodromo Nazionale di Monza,Monza,Italy,45.6156,9.28111,-7,0,Daniil Kvyat,14,0,0,0
24485,1023,832,1,7,20,0.0,27,36,2019,14,14,Italian Grand Prix,2019-09-08,McLaren,British,Carlos,Sainz,Spanish,Wheel,Autodromo Nazionale di Monza,Monza,Italy,45.6156,9.28111,-13,0,Carlos Sainz,14,0,0,0
24486,1024,20,6,3,1,25.0,61,1,2019,15,15,Singapore Grand Prix,2019-09-22,Ferrari,Italian,Sebastian,Vettel,German,Finished,Marina Bay Street Circuit,Marina Bay,Singapore,1.2914,103.864,2,1,Sebastian Vettel,15,1,1,1
24487,1024,844,6,1,2,18.0,61,1,2019,15,15,Singapore Grand Prix,2019-09-22,Ferrari,Italian,Charles,Leclerc,Monegasque,Finished,Marina Bay Street Circuit,Marina Bay,Singapore,1.2914,103.864,-1,1,Charles Leclerc,15,1,0,1
24488,1024,830,9,4,3,15.0,61,1,2019,15,15,Singapore Grand Prix,2019-09-22,Red Bull,Austrian,Max,Verstappen,Dutch,Finished,Marina Bay Street Circuit,Marina Bay,Singapore,1.2914,103.864,1,1,Max Verstappen,15,1,0,1
24489,1024,1,131,2,4,12.0,61,1,2019,15,15,Singapore Grand Prix,2019-09-22,Mercedes,German,Lewis,Hamilton,British,Finished,Marina Bay Street Circuit,Marina Bay,Singapore,1.2914,103.864,-2,1,Lewis Hamilton,15,0,0,1
24490,1024,822,131,5,5,10.0,61,1,2019,15,15,Singapore Grand Prix,2019-09-22,Mercedes,German,Valtteri,Bottas,Finnish,Finished,Marina Bay Street Circuit,Marina Bay,Singapore,1.2914,103.864,0,1,Valtteri Bottas,15,0,0,1
24491,1024,848,9,6,6,8.0,61,1,2019,15,15,Singapore Grand Prix,2019-09-22,Red Bull,Austrian,Alexander,Albon,Thai,Finished,Marina Bay Street Circuit,Marina Bay,Singapore,1.2914,103.864,0,1,Alexander Albon,15,0,0,1
24492,1024,846,1,9,7,6.0,61,1,2019,15,15,Singapore Grand Prix,2019-09-22,McLaren,British,Lando,Norris,British,Finished,Marina Bay Street Circuit,Marina Bay,Singapore,1.2914,103.864,2,1,Lando Norris,15,0,0,1
24493,1024,842,5,11,8,4.0,61,1,2019,15,15,Singapore Grand Prix,2019-09-22,Toro Rosso,Italian,Pierre,Gasly,French,Finished,Marina Bay Street Circuit,Marina Bay,Singapore,1.2914,103.864,3,1,Pierre Gasly,15,0,0,1
24494,1024,807,4,8,9,2.0,61,1,2019,15,15,Singapore Grand Prix,2019-09-22,Renault,French,Nico,Hülkenberg,German,Finished,Marina Bay Street Circuit,Marina Bay,Singapore,1.2914,103.864,-1,1,Nico Hülkenberg,15,0,0,1
24495,1024,841,51,10,10,1.0,61,1,2019,15,15,Singapore Grand Prix,2019-09-22,Alfa Romeo,Swiss,Antonio,Giovinazzi,Italian,Finished,Marina Bay Street Circuit,Marina Bay,Singapore,1.2914,103.864,0,1,Antonio Giovinazzi,15,0,0,1
24496,1024,154,210,17,11,0.0,61,1,2019,15,15,Singapore Grand Prix,2019-09-22,Haas F1 Team,American,Romain,Grosjean,French,Finished,Marina Bay Street Circuit,Marina Bay,Singapore,1.2914,103.864,6,1,Romain Grosjean,15,0,0,0
24497,1024,832,1,7,12,0.0,61,1,2019,15,15,Singapore Grand Prix,2019-09-22,McLaren,British,Carlos,Sainz,Spanish,Finished,Marina Bay Street Circuit,Marina Bay,Singapore,1.2914,103.864,-5,1,Carlos Sainz,15,0,0,0
24498,1024,840,211,16,13,0.0,61,1,2019,15,15,Singapore Grand Prix,2019-09-22,Racing Point,British,Lance,Stroll,Canadian,Finished,Marina Bay Street Circuit,Marina Bay,Singapore,1.2914,103.864,3,1,Lance Stroll,15,0,0,0
24499,1024,817,4,20,14,0.0,61,1,2019,15,15,Singapore Grand Prix,2019-09-22,Renault,French,Daniel,Ricciardo,Australian,Finished,Marina Bay Street Circuit,Marina Bay,Singapore,1.2914,103.864,6,1,Daniel Ricciardo,15,0,0,0
24500,1024,826,5,14,15,0.0,61,1,2019,15,15,Singapore Grand Prix,2019-09-22,Toro Rosso,Italian,Daniil,Kvyat,Russian,Finished,Marina Bay Street Circuit,Marina Bay,Singapore,1.2914,103.864,-1,1,Daniil Kvyat,15,0,0,0
24501,1024,9,3,19,16,0.0,61,1,2019,15,15,Singapore Grand Prix,2019-09-22,Williams,British,Robert,Kubica,Polish,Finished,Marina Bay Street Circuit,Marina Bay,Singapore,1.2914,103.864,3,1,Robert Kubica,15,0,0,0
24502,1024,825,210,13,17,0.0,61,1,2019,15,15,Singapore Grand Prix,2019-09-22,Haas F1 Team,American,Kevin,Magnussen,Danish,Finished,Marina Bay Street Circuit,Marina Bay,Singapore,1.2914,103.864,-4,1,Kevin Magnussen,15,0,0,0
24503,1024,8,51,12,18,0.0,49,4,2019,15,15,Singapore Grand Prix,2019-09-22,Alfa Romeo,Swiss,Kimi,Räikkönen,Finnish,Collision,Marina Bay Street Circuit,Marina Bay,Singapore,1.2914,103.864,-6,0,Kimi Räikkönen,15,0,0,0
24504,1024,815,211,15,19,0.0,42,5,2019,15,15,Singapore Grand Prix,2019-09-22,Racing Point,British,Sergio,Pérez,Mexican,Engine,Marina Bay Street Circuit,Marina Bay,Singapore,1.2914,103.864,-4,0,Sergio Pérez,15,0,0,0
24505,1024,847,3,18,20,0.0,34,4,2019,15,15,Singapore Grand Prix,2019-09-22,Williams,British,George,Russell,British,Collision,Marina Bay Street Circuit,Marina Bay,Singapore,1.2914,103.864,-2,0,George Russell,15,0,0,0
24506,1025,1,131,2,1,26.0,53,1,2019,16,71,Russian Grand Prix,2019-09-29,Mercedes,German,Lewis,Hamilton,British,Finished,Sochi Autodrom,Sochi,Russia,43.4057,39.9578,1,1,Lewis Hamilton,16,1,1,1
24507,1025,822,131,4,2,18.0,53,1,2019,16,71,Russian Grand Prix,2019-09-29,Mercedes,German,Valtteri,Bottas,Finnish,Finished,Sochi Autodrom,Sochi,Russia,43.4057,39.9578,2,1,Valtteri Bottas,16,1,0,1
24508,1025,844,6,1,3,15.0,53,1,2019,16,71,Russian Grand Prix,2019-09-29,Ferrari,Italian,Charles,Leclerc,Monegasque,Finished,Sochi Autodrom,Sochi,Russia,43.4057,39.9578,-2,1,Charles Leclerc,16,1,0,1
24509,1025,830,9,9,4,12.0,53,1,2019,16,71,Russian Grand Prix,2019-09-29,Red Bull,Austrian,Max,Verstappen,Dutch,Finished,Sochi Autodrom,Sochi,Russia,43.4057,39.9578,5,1,Max Verstappen,16,0,0,1
24510,1025,848,9,0,5,10.0,53,1,2019,16,71,Russian Grand Prix,2019-09-29,Red Bull,Austrian,Alexander,Albon,Thai,Finished,Sochi Autodrom,Sochi,Russia,43.4057,39.9578,-5,1,Alexander Albon,16,0,0,1
24511,1025,832,1,5,6,8.0,53,1,2019,16,71,Russian Grand Prix,2019-09-29,McLaren,British,Carlos,Sainz,Spanish,Finished,Sochi Autodrom,Sochi,Russia,43.4057,39.9578,-1,1,Carlos Sainz,16,0,0,1
24512,1025,815,211,11,7,6.0,53,1,2019,16,71,Russian Grand Prix,2019-09-29,Racing Point,British,Sergio,Pérez,Mexican,Finished,Sochi Autodrom,Sochi,Russia,43.4057,39.9578,4,1,Sergio Pérez,16,0,0,1
24513,1025,846,1,7,8,4.0,53,1,2019,16,71,Russian Grand Prix,2019-09-29,McLaren,British,Lando,Norris,British,Finished,Sochi Autodrom,Sochi,Russia,43.4057,39.9578,-1,1,Lando Norris,16,0,0,1
24514,1025,825,210,13,9,2.0,53,1,2019,16,71,Russian Grand Prix,2019-09-29,Haas F1 Team,American,Kevin,Magnussen,Danish,Finished,Sochi Autodrom,Sochi,Russia,43.4057,39.9578,4,1,Kevin Magnussen,16,0,0,1
24515,1025,807,4,6,10,1.0,53,1,2019,16,71,Russian Grand Prix,2019-09-29,Renault,French,Nico,Hülkenberg,German,Finished,Sochi Autodrom,Sochi,Russia,43.4057,39.9578,-4,1,Nico Hülkenberg,16,0,0,1
24516,1025,840,211,14,11,0.0,53,1,2019,16,71,Russian Grand Prix,2019-09-29,Racing Point,British,Lance,Stroll,Canadian,Finished,Sochi Autodrom,Sochi,Russia,43.4057,39.9578,3,1,Lance Stroll,16,0,0,0
24517,1025,826,5,19,12,0.0,53,1,2019,16,71,Russian Grand Prix,2019-09-29,Toro Rosso,Italian,Daniil,Kvyat,Russian,Finished,Sochi Autodrom,Sochi,Russia,43.4057,39.9578,7,1,Daniil Kvyat,16,0,0,0
24518,1025,8,51,15,13,0.0,53,1,2019,16,71,Russian Grand Prix,2019-09-29,Alfa Romeo,Swiss,Kimi,Räikkönen,Finnish,Finished,Sochi Autodrom,Sochi,Russia,43.4057,39.9578,2,1,Kimi Räikkönen,16,0,0,0
24519,1025,842,5,16,14,0.0,53,1,2019,16,71,Russian Grand Prix,2019-09-29,Toro Rosso,Italian,Pierre,Gasly,French,Finished,Sochi Autodrom,Sochi,Russia,43.4057,39.9578,2,1,Pierre Gasly,16,0,0,0
24520,1025,841,51,12,15,0.0,53,1,2019,16,71,Russian Grand Prix,2019-09-29,Alfa Romeo,Swiss,Antonio,Giovinazzi,Italian,Finished,Sochi Autodrom,Sochi,Russia,43.4057,39.9578,-3,1,Antonio Giovinazzi,16,0,0,0
24521,1025,9,3,18,16,0.0,28,23,2019,16,71,Russian Grand Prix,2019-09-29,Williams,British,Robert,Kubica,Polish,Brakes,Sochi Autodrom,Sochi,Russia,43.4057,39.9578,2,0,Robert Kubica,16,0,0,0
24522,1025,847,3,17,17,0.0,27,23,2019,16,71,Russian Grand Prix,2019-09-29,Williams,British,George,Russell,British,Brakes,Sochi Autodrom,Sochi,Russia,43.4057,39.9578,0,0,George Russell,16,0,0,0
24523,1025,20,6,3,18,0.0,26,75,2019,16,71,Russian Grand Prix,2019-09-29,Ferrari,Italian,Sebastian,Vettel,German,Power loss,Sochi Autodrom,Sochi,Russia,43.4057,39.9578,-15,0,Sebastian Vettel,16,0,0,0
24524,1025,817,4,10,19,0.0,24,4,2019,16,71,Russian Grand Prix,2019-09-29,Renault,French,Daniel,Ricciardo,Australian,Collision,Sochi Autodrom,Sochi,Russia,43.4057,39.9578,-9,0,Daniel Ricciardo,16,0,0,0
24525,1025,154,210,8,20,0.0,0,4,2019,16,71,Russian Grand Prix,2019-09-29,Haas F1 Team,American,Romain,Grosjean,French,Collision,Sochi Autodrom,Sochi,Russia,43.4057,39.9578,-12,0,Romain Grosjean,16,0,0,0
24526,1026,822,131,3,1,25.0,52,1,2019,17,22,Japanese Grand Prix,2019-10-13,Mercedes,German,Valtteri,Bottas,Finnish,Finished,Suzuka Circuit,Suzuka,Japan,34.8431,136.541,2,1,Valtteri Bottas,17,1,1,1
24527,1026,20,6,1,2,18.0,52,1,2019,17,22,Japanese Grand Prix,2019-10-13,Ferrari,Italian,Sebastian,Vettel,German,Finished,Suzuka Circuit,Suzuka,Japan,34.8431,136.541,-1,1,Sebastian Vettel,17,1,0,1
24528,1026,1,131,4,3,16.0,52,1,2019,17,22,Japanese Grand Prix,2019-10-13,Mercedes,German,Lewis,Hamilton,British,Finished,Suzuka Circuit,Suzuka,Japan,34.8431,136.541,1,1,Lewis Hamilton,17,1,0,1
24529,1026,848,9,6,4,12.0,52,1,2019,17,22,Japanese Grand Prix,2019-10-13,Red Bull,Austrian,Alexander,Albon,Thai,Finished,Suzuka Circuit,Suzuka,Japan,34.8431,136.541,2,1,Alexander Albon,17,0,0,1
24530,1026,832,1,7,5,10.0,52,1,2019,17,22,Japanese Grand Prix,2019-10-13,McLaren,British,Carlos,Sainz,Spanish,Finished,Suzuka Circuit,Suzuka,Japan,34.8431,136.541,2,1,Carlos Sainz,17,0,0,1
24531,1026,844,6,2,6,8.0,51,11,2019,17,22,Japanese Grand Prix,2019-10-13,Ferrari,Italian,Charles,Leclerc,Monegasque,+1 Lap,Suzuka Circuit,Suzuka,Japan,34.8431,136.541,-4,1,Charles Leclerc,17,0,0,1
24532,1026,842,5,9,7,6.0,51,11,2019,17,22,Japanese Grand Prix,2019-10-13,Toro Rosso,Italian,Pierre,Gasly,French,+1 Lap,Suzuka Circuit,Suzuka,Japan,34.8431,136.541,2,1,Pierre Gasly,17,0,0,1
24533,1026,815,211,17,8,4.0,51,11,2019,17,22,Japanese Grand Prix,2019-10-13,Racing Point,British,Sergio,Pérez,Mexican,+1 Lap,Suzuka Circuit,Suzuka,Japan,34.8431,136.541,9,1,Sergio Pérez,17,0,0,1
24534,1026,840,211,12,9,2.0,51,11,2019,17,22,Japanese Grand Prix,2019-10-13,Racing Point,British,Lance,Stroll,Canadian,+1 Lap,Suzuka Circuit,Suzuka,Japan,34.8431,136.541,3,1,Lance Stroll,17,0,0,1
24535,1026,826,5,14,10,1.0,51,11,2019,17,22,Japanese Grand Prix,2019-10-13,Toro Rosso,Italian,Daniil,Kvyat,Russian,+1 Lap,Suzuka Circuit,Suzuka,Japan,34.8431,136.541,4,1,Daniil Kvyat,17,0,0,1
24536,1026,846,1,8,11,0.0,51,11,2019,17,22,Japanese Grand Prix,2019-10-13,McLaren,British,Lando,Norris,British,+1 Lap,Suzuka Circuit,Suzuka,Japan,34.8431,136.541,-3,1,Lando Norris,17,0,0,0
24537,1026,8,51,13,12,0.0,51,11,2019,17,22,Japanese Grand Prix,2019-10-13,Alfa Romeo,Swiss,Kimi,Räikkönen,Finnish,+1 Lap,Suzuka Circuit,Suzuka,Japan,34.8431,136.541,1,1,Kimi Räikkönen,17,0,0,0
24538,1026,154,210,10,13,0.0,51,11,2019,17,22,Japanese Grand Prix,2019-10-13,Haas F1 Team,American,Romain,Grosjean,French,+1 Lap,Suzuka Circuit,Suzuka,Japan,34.8431,136.541,-3,1,Romain Grosjean,17,0,0,0
24539,1026,841,51,11,14,0.0,51,11,2019,17,22,Japanese Grand Prix,2019-10-13,Alfa Romeo,Swiss,Antonio,Giovinazzi,Italian,+1 Lap,Suzuka Circuit,Suzuka,Japan,34.8431,136.541,-3,1,Antonio Giovinazzi,17,0,0,0
24540,1026,825,210,19,15,0.0,51,11,2019,17,22,Japanese Grand Prix,2019-10-13,Haas F1 Team,American,Kevin,Magnussen,Danish,+1 Lap,Suzuka Circuit,Suzuka,Japan,34.8431,136.541,4,1,Kevin Magnussen,17,0,0,0
24541,1026,847,3,18,16,0.0,50,12,2019,17,22,Japanese Grand Prix,2019-10-13,Williams,British,George,Russell,British,+2 Laps,Suzuka Circuit,Suzuka,Japan,34.8431,136.541,2,1,George Russell,17,0,0,0
24542,1026,9,3,0,17,0.0,50,12,2019,17,22,Japanese Grand Prix,2019-10-13,Williams,British,Robert,Kubica,Polish,+2 Laps,Suzuka Circuit,Suzuka,Japan,34.8431,136.541,-17,1,Robert Kubica,17,0,0,0
24543,1026,830,9,5,18,0.0,14,23,2019,17,22,Japanese Grand Prix,2019-10-13,Red Bull,Austrian,Max,Verstappen,Dutch,Brakes,Suzuka Circuit,Suzuka,Japan,34.8431,136.541,-13,0,Max Verstappen,17,0,0,0
24544,1026,817,4,16,19,0.0,51,2,2019,17,22,Japanese Grand Prix,2019-10-13,Renault,French,Daniel,Ricciardo,Australian,Disqualified,Suzuka Circuit,Suzuka,Japan,34.8431,136.541,-3,0,Daniel Ricciardo,17,0,0,0
24545,1026,807,4,15,20,0.0,51,2,2019,17,22,Japanese Grand Prix,2019-10-13,Renault,French,Nico,Hülkenberg,German,Disqualified,Suzuka Circuit,Suzuka,Japan,34.8431,136.541,-5,0,Nico Hülkenberg,17,0,0,0
24546,1027,1,131,3,1,25.0,71,1,2019,18,32,Mexican Grand Prix,2019-10-27,Mercedes,German,Lewis,Hamilton,British,Finished,Autódromo Hermanos Rodríguez,Mexico City,Mexico,19.4042,-99.0907,2,1,Lewis Hamilton,18,1,1,1
24547,1027,20,6,2,2,18.0,71,1,2019,18,32,Mexican Grand Prix,2019-10-27,Ferrari,Italian,Sebastian,Vettel,German,Finished,Autódromo Hermanos Rodríguez,Mexico City,Mexico,19.4042,-99.0907,0,1,Sebastian Vettel,18,1,0,1
24548,1027,822,131,6,3,15.0,71,1,2019,18,32,Mexican Grand Prix,2019-10-27,Mercedes,German,Valtteri,Bottas,Finnish,Finished,Autódromo Hermanos Rodríguez,Mexico City,Mexico,19.4042,-99.0907,3,1,Valtteri Bottas,18,1,0,1
24549,1027,844,6,1,4,13.0,71,1,2019,18,32,Mexican Grand Prix,2019-10-27,Ferrari,Italian,Charles,Leclerc,Monegasque,Finished,Autódromo Hermanos Rodríguez,Mexico City,Mexico,19.4042,-99.0907,-3,1,Charles Leclerc,18,0,0,1
24550,1027,848,9,5,5,10.0,71,1,2019,18,32,Mexican Grand Prix,2019-10-27,Red Bull,Austrian,Alexander,Albon,Thai,Finished,Autódromo Hermanos Rodríguez,Mexico City,Mexico,19.4042,-99.0907,0,1,Alexander Albon,18,0,0,1
24551,1027,830,9,4,6,8.0,71,1,2019,18,32,Mexican Grand Prix,2019-10-27,Red Bull,Austrian,Max,Verstappen,Dutch,Finished,Autódromo Hermanos Rodríguez,Mexico City,Mexico,19.4042,-99.0907,-2,1,Max Verstappen,18,0,0,1
24552,1027,815,211,11,7,6.0,71,1,2019,18,32,Mexican Grand Prix,2019-10-27,Racing Point,British,Sergio,Pérez,Mexican,Finished,Autódromo Hermanos Rodríguez,Mexico City,Mexico,19.4042,-99.0907,4,1,Sergio Pérez,18,0,0,1
24553,1027,817,4,13,8,4.0,71,1,2019,18,32,Mexican Grand Prix,2019-10-27,Renault,French,Daniel,Ricciardo,Australian,Finished,Autódromo Hermanos Rodríguez,Mexico City,Mexico,19.4042,-99.0907,5,1,Daniel Ricciardo,18,0,0,1
24554,1027,842,5,10,9,2.0,70,11,2019,18,32,Mexican Grand Prix,2019-10-27,Toro Rosso,Italian,Pierre,Gasly,French,+1 Lap,Autódromo Hermanos Rodríguez,Mexico City,Mexico,19.4042,-99.0907,1,1,Pierre Gasly,18,0,0,1
24555,1027,807,4,12,10,1.0,70,11,2019,18,32,Mexican Grand Prix,2019-10-27,Renault,French,Nico,Hülkenberg,German,+1 Lap,Autódromo Hermanos Rodríguez,Mexico City,Mexico,19.4042,-99.0907,2,1,Nico Hülkenberg,18,0,0,1
24556,1027,826,5,9,11,0.0,70,11,2019,18,32,Mexican Grand Prix,2019-10-27,Toro Rosso,Italian,Daniil,Kvyat,Russian,+1 Lap,Autódromo Hermanos Rodríguez,Mexico City,Mexico,19.4042,-99.0907,-2,1,Daniil Kvyat,18,0,0,0
24557,1027,840,211,16,12,0.0,70,11,2019,18,32,Mexican Grand Prix,2019-10-27,Racing Point,British,Lance,Stroll,Canadian,+1 Lap,Autódromo Hermanos Rodríguez,Mexico City,Mexico,19.4042,-99.0907,4,1,Lance Stroll,18,0,0,0
24558,1027,832,1,7,13,0.0,70,11,2019,18,32,Mexican Grand Prix,2019-10-27,McLaren,British,Carlos,Sainz,Spanish,+1 Lap,Autódromo Hermanos Rodríguez,Mexico City,Mexico,19.4042,-99.0907,-6,1,Carlos Sainz,18,0,0,0
24559,1027,841,51,15,14,0.0,70,11,2019,18,32,Mexican Grand Prix,2019-10-27,Alfa Romeo,Swiss,Antonio,Giovinazzi,Italian,+1 Lap,Autódromo Hermanos Rodríguez,Mexico City,Mexico,19.4042,-99.0907,1,1,Antonio Giovinazzi,18,0,0,0
24560,1027,825,210,17,15,0.0,69,12,2019,18,32,Mexican Grand Prix,2019-10-27,Haas F1 Team,American,Kevin,Magnussen,Danish,+2 Laps,Autódromo Hermanos Rodríguez,Mexico City,Mexico,19.4042,-99.0907,2,1,Kevin Magnussen,18,0,0,0
24561,1027,847,3,19,16,0.0,69,12,2019,18,32,Mexican Grand Prix,2019-10-27,Williams,British,George,Russell,British,+2 Laps,Autódromo Hermanos Rodríguez,Mexico City,Mexico,19.4042,-99.0907,3,1,George Russell,18,0,0,0
24562,1027,154,210,18,17,0.0,69,12,2019,18,32,Mexican Grand Prix,2019-10-27,Haas F1 Team,American,Romain,Grosjean,French,+2 Laps,Autódromo Hermanos Rodríguez,Mexico City,Mexico,19.4042,-99.0907,1,1,Romain Grosjean,18,0,0,0
24563,1027,9,3,20,18,0.0,69,12,2019,18,32,Mexican Grand Prix,2019-10-27,Williams,British,Robert,Kubica,Polish,+2 Laps,Autódromo Hermanos Rodríguez,Mexico City,Mexico,19.4042,-99.0907,2,1,Robert Kubica,18,0,0,0
24564,1027,8,51,14,19,0.0,58,25,2019,18,32,Mexican Grand Prix,2019-10-27,Alfa Romeo,Swiss,Kimi,Räikkönen,Finnish,Overheating,Autódromo Hermanos Rodríguez,Mexico City,Mexico,19.4042,-99.0907,-5,0,Kimi Räikkönen,18,0,0,0
24565,1027,846,1,8,20,0.0,48,54,2019,18,32,Mexican Grand Prix,2019-10-27,McLaren,British,Lando,Norris,British,Withdrew,Autódromo Hermanos Rodríguez,Mexico City,Mexico,19.4042,-99.0907,-12,0,Lando Norris,18,0,0,0
24626,1031,822,131,1,1,25.0,71,1,2020,1,70,Austrian Grand Prix,2020-07-05,Mercedes,German,Valtteri,Bottas,Finnish,Finished,Red Bull Ring,Spielberg,Austria,47.2197,14.7647,0,1,Valtteri Bottas,1,1,1,1
24566,1028,822,131,1,1,25.0,56,1,2019,19,69,United States Grand Prix,2019-11-03,Mercedes,German,Valtteri,Bottas,Finnish,Finished,Circuit of the Americas,Austin,USA,30.1328,-97.6411,0,1,Valtteri Bottas,19,1,1,1
24567,1028,1,131,5,2,18.0,56,1,2019,19,69,United States Grand Prix,2019-11-03,Mercedes,German,Lewis,Hamilton,British,Finished,Circuit of the Americas,Austin,USA,30.1328,-97.6411,3,1,Lewis Hamilton,19,1,0,1
24568,1028,830,9,3,3,15.0,56,1,2019,19,69,United States Grand Prix,2019-11-03,Red Bull,Austrian,Max,Verstappen,Dutch,Finished,Circuit of the Americas,Austin,USA,30.1328,-97.6411,0,1,Max Verstappen,19,1,0,1
24569,1028,844,6,4,4,13.0,56,1,2019,19,69,United States Grand Prix,2019-11-03,Ferrari,Italian,Charles,Leclerc,Monegasque,Finished,Circuit of the Americas,Austin,USA,30.1328,-97.6411,0,1,Charles Leclerc,19,0,0,1
24570,1028,848,9,6,5,10.0,56,1,2019,19,69,United States Grand Prix,2019-11-03,Red Bull,Austrian,Alexander,Albon,Thai,Finished,Circuit of the Americas,Austin,USA,30.1328,-97.6411,1,1,Alexander Albon,19,0,0,1
24571,1028,817,4,9,6,8.0,56,1,2019,19,69,United States Grand Prix,2019-11-03,Renault,French,Daniel,Ricciardo,Australian,Finished,Circuit of the Americas,Austin,USA,30.1328,-97.6411,3,1,Daniel Ricciardo,19,0,0,1
24572,1028,846,1,8,7,6.0,56,1,2019,19,69,United States Grand Prix,2019-11-03,McLaren,British,Lando,Norris,British,Finished,Circuit of the Americas,Austin,USA,30.1328,-97.6411,1,1,Lando Norris,19,0,0,1
24573,1028,832,1,7,8,4.0,55,11,2019,19,69,United States Grand Prix,2019-11-03,McLaren,British,Carlos,Sainz,Spanish,+1 Lap,Circuit of the Americas,Austin,USA,30.1328,-97.6411,-1,1,Carlos Sainz,19,0,0,1
24574,1028,807,4,11,9,2.0,55,11,2019,19,69,United States Grand Prix,2019-11-03,Renault,French,Nico,Hülkenberg,German,+1 Lap,Circuit of the Americas,Austin,USA,30.1328,-97.6411,2,1,Nico Hülkenberg,19,0,0,1
24575,1028,815,211,0,10,1.0,55,11,2019,19,69,United States Grand Prix,2019-11-03,Racing Point,British,Sergio,Pérez,Mexican,+1 Lap,Circuit of the Americas,Austin,USA,30.1328,-97.6411,-10,1,Sergio Pérez,19,0,0,1
24576,1028,8,51,17,11,0.0,55,11,2019,19,69,United States Grand Prix,2019-11-03,Alfa Romeo,Swiss,Kimi,Räikkönen,Finnish,+1 Lap,Circuit of the Americas,Austin,USA,30.1328,-97.6411,6,1,Kimi Räikkönen,19,0,0,0
24577,1028,826,5,13,12,0.0,55,11,2019,19,69,United States Grand Prix,2019-11-03,Toro Rosso,Italian,Daniil,Kvyat,Russian,+1 Lap,Circuit of the Americas,Austin,USA,30.1328,-97.6411,1,1,Daniil Kvyat,19,0,0,0
24578,1028,840,211,14,13,0.0,55,11,2019,19,69,United States Grand Prix,2019-11-03,Racing Point,British,Lance,Stroll,Canadian,+1 Lap,Circuit of the Americas,Austin,USA,30.1328,-97.6411,1,1,Lance Stroll,19,0,0,0
24579,1028,841,51,16,14,0.0,55,11,2019,19,69,United States Grand Prix,2019-11-03,Alfa Romeo,Swiss,Antonio,Giovinazzi,Italian,+1 Lap,Circuit of the Americas,Austin,USA,30.1328,-97.6411,2,1,Antonio Giovinazzi,19,0,0,0
24580,1028,154,210,15,15,0.0,55,11,2019,19,69,United States Grand Prix,2019-11-03,Haas F1 Team,American,Romain,Grosjean,French,+1 Lap,Circuit of the Americas,Austin,USA,30.1328,-97.6411,0,1,Romain Grosjean,19,0,0,0
24581,1028,842,5,10,16,0.0,54,22,2019,19,69,United States Grand Prix,2019-11-03,Toro Rosso,Italian,Pierre,Gasly,French,Suspension,Circuit of the Americas,Austin,USA,30.1328,-97.6411,-6,0,Pierre Gasly,19,0,0,0
24582,1028,847,3,18,17,0.0,54,12,2019,19,69,United States Grand Prix,2019-11-03,Williams,British,George,Russell,British,+2 Laps,Circuit of the Americas,Austin,USA,30.1328,-97.6411,1,1,George Russell,19,0,0,0
24583,1028,825,210,12,18,0.0,52,23,2019,19,69,United States Grand Prix,2019-11-03,Haas F1 Team,American,Kevin,Magnussen,Danish,Brakes,Circuit of the Americas,Austin,USA,30.1328,-97.6411,-6,0,Kevin Magnussen,19,0,0,0
24584,1028,9,3,19,19,0.0,31,44,2019,19,69,United States Grand Prix,2019-11-03,Williams,British,Robert,Kubica,Polish,Oil leak,Circuit of the Americas,Austin,USA,30.1328,-97.6411,0,0,Robert Kubica,19,0,0,0
24585,1028,20,6,2,20,0.0,7,22,2019,19,69,United States Grand Prix,2019-11-03,Ferrari,Italian,Sebastian,Vettel,German,Suspension,Circuit of the Americas,Austin,USA,30.1328,-97.6411,-18,0,Sebastian Vettel,19,0,0,0
24586,1029,830,9,1,1,25.0,71,1,2019,20,18,Brazilian Grand Prix,2019-11-17,Red Bull,Austrian,Max,Verstappen,Dutch,Finished,Autódromo José Carlos Pace,São Paulo,Brazil,-23.7036,-46.6997,0,1,Max Verstappen,20,1,1,1
24587,1029,842,5,6,2,18.0,71,1,2019,20,18,Brazilian Grand Prix,2019-11-17,Toro Rosso,Italian,Pierre,Gasly,French,Finished,Autódromo José Carlos Pace,São Paulo,Brazil,-23.7036,-46.6997,4,1,Pierre Gasly,20,1,0,1
24588,1029,832,1,20,3,15.0,71,1,2019,20,18,Brazilian Grand Prix,2019-11-17,McLaren,British,Carlos,Sainz,Spanish,Finished,Autódromo José Carlos Pace,São Paulo,Brazil,-23.7036,-46.6997,17,1,Carlos Sainz,20,1,0,1
24589,1029,8,51,8,4,12.0,71,1,2019,20,18,Brazilian Grand Prix,2019-11-17,Alfa Romeo,Swiss,Kimi,Räikkönen,Finnish,Finished,Autódromo José Carlos Pace,São Paulo,Brazil,-23.7036,-46.6997,4,1,Kimi Räikkönen,20,0,0,1
24590,1029,841,51,12,5,10.0,71,1,2019,20,18,Brazilian Grand Prix,2019-11-17,Alfa Romeo,Swiss,Antonio,Giovinazzi,Italian,Finished,Autódromo José Carlos Pace,São Paulo,Brazil,-23.7036,-46.6997,7,1,Antonio Giovinazzi,20,0,0,1
24591,1029,817,4,11,6,8.0,71,1,2019,20,18,Brazilian Grand Prix,2019-11-17,Renault,French,Daniel,Ricciardo,Australian,Finished,Autódromo José Carlos Pace,São Paulo,Brazil,-23.7036,-46.6997,5,1,Daniel Ricciardo,20,0,0,1
24592,1029,1,131,3,7,6.0,71,1,2019,20,18,Brazilian Grand Prix,2019-11-17,Mercedes,German,Lewis,Hamilton,British,Finished,Autódromo José Carlos Pace,São Paulo,Brazil,-23.7036,-46.6997,-4,1,Lewis Hamilton,20,0,0,1
24593,1029,846,1,10,8,4.0,71,1,2019,20,18,Brazilian Grand Prix,2019-11-17,McLaren,British,Lando,Norris,British,Finished,Autódromo José Carlos Pace,São Paulo,Brazil,-23.7036,-46.6997,2,1,Lando Norris,20,0,0,1
24594,1029,815,211,15,9,2.0,71,1,2019,20,18,Brazilian Grand Prix,2019-11-17,Racing Point,British,Sergio,Pérez,Mexican,Finished,Autódromo José Carlos Pace,São Paulo,Brazil,-23.7036,-46.6997,6,1,Sergio Pérez,20,0,0,1
24595,1029,826,5,16,10,1.0,71,1,2019,20,18,Brazilian Grand Prix,2019-11-17,Toro Rosso,Italian,Daniil,Kvyat,Russian,Finished,Autódromo José Carlos Pace,São Paulo,Brazil,-23.7036,-46.6997,6,1,Daniil Kvyat,20,0,0,1
24596,1029,825,210,9,11,0.0,71,1,2019,20,18,Brazilian Grand Prix,2019-11-17,Haas F1 Team,American,Kevin,Magnussen,Danish,Finished,Autódromo José Carlos Pace,São Paulo,Brazil,-23.7036,-46.6997,-2,1,Kevin Magnussen,20,0,0,0
24597,1029,847,3,18,12,0.0,71,1,2019,20,18,Brazilian Grand Prix,2019-11-17,Williams,British,George,Russell,British,Finished,Autódromo José Carlos Pace,São Paulo,Brazil,-23.7036,-46.6997,6,1,George Russell,20,0,0,0
24598,1029,154,210,7,13,0.0,71,1,2019,20,18,Brazilian Grand Prix,2019-11-17,Haas F1 Team,American,Romain,Grosjean,French,Finished,Autódromo José Carlos Pace,São Paulo,Brazil,-23.7036,-46.6997,-6,1,Romain Grosjean,20,0,0,0
24599,1029,848,9,5,14,0.0,71,1,2019,20,18,Brazilian Grand Prix,2019-11-17,Red Bull,Austrian,Alexander,Albon,Thai,Finished,Autódromo José Carlos Pace,São Paulo,Brazil,-23.7036,-46.6997,-9,1,Alexander Albon,20,0,0,0
24600,1029,807,4,13,15,0.0,71,1,2019,20,18,Brazilian Grand Prix,2019-11-17,Renault,French,Nico,Hülkenberg,German,Finished,Autódromo José Carlos Pace,São Paulo,Brazil,-23.7036,-46.6997,-2,1,Nico Hülkenberg,20,0,0,0
24601,1029,9,3,19,16,0.0,70,11,2019,20,18,Brazilian Grand Prix,2019-11-17,Williams,British,Robert,Kubica,Polish,+1 Lap,Autódromo José Carlos Pace,São Paulo,Brazil,-23.7036,-46.6997,3,1,Robert Kubica,20,0,0,0
24602,1029,20,6,2,17,0.0,65,4,2019,20,18,Brazilian Grand Prix,2019-11-17,Ferrari,Italian,Sebastian,Vettel,German,Collision,Autódromo José Carlos Pace,São Paulo,Brazil,-23.7036,-46.6997,-15,0,Sebastian Vettel,20,0,0,0
24603,1029,844,6,14,18,0.0,65,4,2019,20,18,Brazilian Grand Prix,2019-11-17,Ferrari,Italian,Charles,Leclerc,Monegasque,Collision,Autódromo José Carlos Pace,São Paulo,Brazil,-23.7036,-46.6997,-4,0,Charles Leclerc,20,0,0,0
24604,1029,840,211,17,19,0.0,65,22,2019,20,18,Brazilian Grand Prix,2019-11-17,Racing Point,British,Lance,Stroll,Canadian,Suspension,Autódromo José Carlos Pace,São Paulo,Brazil,-23.7036,-46.6997,-2,0,Lance Stroll,20,0,0,0
24605,1029,822,131,4,20,0.0,51,131,2019,20,18,Brazilian Grand Prix,2019-11-17,Mercedes,German,Valtteri,Bottas,Finnish,Power Unit,Autódromo José Carlos Pace,São Paulo,Brazil,-23.7036,-46.6997,-16,0,Valtteri Bottas,20,0,0,0
24606,1030,1,131,1,1,26.0,55,1,2019,21,24,Abu Dhabi Grand Prix,2019-12-01,Mercedes,German,Lewis,Hamilton,British,Finished,Yas Marina Circuit,Abu Dhabi,UAE,24.4672,54.6031,0,1,Lewis Hamilton,21,1,1,1
24607,1030,830,9,2,2,18.0,55,1,2019,21,24,Abu Dhabi Grand Prix,2019-12-01,Red Bull,Austrian,Max,Verstappen,Dutch,Finished,Yas Marina Circuit,Abu Dhabi,UAE,24.4672,54.6031,0,1,Max Verstappen,21,1,0,1
24608,1030,844,6,3,3,15.0,55,1,2019,21,24,Abu Dhabi Grand Prix,2019-12-01,Ferrari,Italian,Charles,Leclerc,Monegasque,Finished,Yas Marina Circuit,Abu Dhabi,UAE,24.4672,54.6031,0,1,Charles Leclerc,21,1,0,1
24609,1030,822,131,20,4,12.0,55,1,2019,21,24,Abu Dhabi Grand Prix,2019-12-01,Mercedes,German,Valtteri,Bottas,Finnish,Finished,Yas Marina Circuit,Abu Dhabi,UAE,24.4672,54.6031,16,1,Valtteri Bottas,21,0,0,1
24610,1030,20,6,4,5,10.0,55,1,2019,21,24,Abu Dhabi Grand Prix,2019-12-01,Ferrari,Italian,Sebastian,Vettel,German,Finished,Yas Marina Circuit,Abu Dhabi,UAE,24.4672,54.6031,-1,1,Sebastian Vettel,21,0,0,1
24611,1030,848,9,5,6,8.0,55,1,2019,21,24,Abu Dhabi Grand Prix,2019-12-01,Red Bull,Austrian,Alexander,Albon,Thai,Finished,Yas Marina Circuit,Abu Dhabi,UAE,24.4672,54.6031,-1,1,Alexander Albon,21,0,0,1
24612,1030,815,211,10,7,6.0,54,11,2019,21,24,Abu Dhabi Grand Prix,2019-12-01,Racing Point,British,Sergio,Pérez,Mexican,+1 Lap,Yas Marina Circuit,Abu Dhabi,UAE,24.4672,54.6031,3,1,Sergio Pérez,21,0,0,1
24613,1030,846,1,6,8,4.0,54,11,2019,21,24,Abu Dhabi Grand Prix,2019-12-01,McLaren,British,Lando,Norris,British,+1 Lap,Yas Marina Circuit,Abu Dhabi,UAE,24.4672,54.6031,-2,1,Lando Norris,21,0,0,1
24614,1030,826,5,13,9,2.0,54,11,2019,21,24,Abu Dhabi Grand Prix,2019-12-01,Toro Rosso,Italian,Daniil,Kvyat,Russian,+1 Lap,Yas Marina Circuit,Abu Dhabi,UAE,24.4672,54.6031,4,1,Daniil Kvyat,21,0,0,1
24615,1030,832,1,8,10,1.0,54,11,2019,21,24,Abu Dhabi Grand Prix,2019-12-01,McLaren,British,Carlos,Sainz,Spanish,+1 Lap,Yas Marina Circuit,Abu Dhabi,UAE,24.4672,54.6031,-2,1,Carlos Sainz,21,0,0,1
24616,1030,817,4,7,11,0.0,54,11,2019,21,24,Abu Dhabi Grand Prix,2019-12-01,Renault,French,Daniel,Ricciardo,Australian,+1 Lap,Yas Marina Circuit,Abu Dhabi,UAE,24.4672,54.6031,-4,1,Daniel Ricciardo,21,0,0,0
24617,1030,807,4,9,12,0.0,54,11,2019,21,24,Abu Dhabi Grand Prix,2019-12-01,Renault,French,Nico,Hülkenberg,German,+1 Lap,Yas Marina Circuit,Abu Dhabi,UAE,24.4672,54.6031,-3,1,Nico Hülkenberg,21,0,0,0
24618,1030,8,51,17,13,0.0,54,11,2019,21,24,Abu Dhabi Grand Prix,2019-12-01,Alfa Romeo,Swiss,Kimi,Räikkönen,Finnish,+1 Lap,Yas Marina Circuit,Abu Dhabi,UAE,24.4672,54.6031,4,1,Kimi Räikkönen,21,0,0,0
24619,1030,825,210,14,14,0.0,54,11,2019,21,24,Abu Dhabi Grand Prix,2019-12-01,Haas F1 Team,American,Kevin,Magnussen,Danish,+1 Lap,Yas Marina Circuit,Abu Dhabi,UAE,24.4672,54.6031,0,1,Kevin Magnussen,21,0,0,0
24620,1030,154,210,15,15,0.0,54,11,2019,21,24,Abu Dhabi Grand Prix,2019-12-01,Haas F1 Team,American,Romain,Grosjean,French,+1 Lap,Yas Marina Circuit,Abu Dhabi,UAE,24.4672,54.6031,0,1,Romain Grosjean,21,0,0,0
24621,1030,841,51,16,16,0.0,54,11,2019,21,24,Abu Dhabi Grand Prix,2019-12-01,Alfa Romeo,Swiss,Antonio,Giovinazzi,Italian,+1 Lap,Yas Marina Circuit,Abu Dhabi,UAE,24.4672,54.6031,0,1,Antonio Giovinazzi,21,0,0,0
24622,1030,847,3,18,17,0.0,54,11,2019,21,24,Abu Dhabi Grand Prix,2019-12-01,Williams,British,George,Russell,British,+1 Lap,Yas Marina Circuit,Abu Dhabi,UAE,24.4672,54.6031,1,1,George Russell,21,0,0,0
24623,1030,842,5,11,18,0.0,53,12,2019,21,24,Abu Dhabi Grand Prix,2019-12-01,Toro Rosso,Italian,Pierre,Gasly,French,+2 Laps,Yas Marina Circuit,Abu Dhabi,UAE,24.4672,54.6031,-7,1,Pierre Gasly,21,0,0,0
24624,1030,9,3,19,19,0.0,53,12,2019,21,24,Abu Dhabi Grand Prix,2019-12-01,Williams,British,Robert,Kubica,Polish,+2 Laps,Yas Marina Circuit,Abu Dhabi,UAE,24.4672,54.6031,0,1,Robert Kubica,21,0,0,0
24625,1030,840,211,12,20,0.0,45,23,2019,21,24,Abu Dhabi Grand Prix,2019-12-01,Racing Point,British,Lance,Stroll,Canadian,Brakes,Yas Marina Circuit,Abu Dhabi,UAE,24.4672,54.6031,-8,0,Lance Stroll,21,0,0,0
24627,1031,844,6,7,2,18.0,71,1,2020,1,70,Austrian Grand Prix,2020-07-05,Ferrari,Italian,Charles,Leclerc,Monegasque,Finished,Red Bull Ring,Spielberg,Austria,47.2197,14.7647,5,1,Charles Leclerc,1,1,0,1
24628,1031,846,1,3,3,16.0,71,1,2020,1,70,Austrian Grand Prix,2020-07-05,McLaren,British,Lando,Norris,British,Finished,Red Bull Ring,Spielberg,Austria,47.2197,14.7647,0,1,Lando Norris,1,1,0,1
24629,1031,1,131,5,4,12.0,71,1,2020,1,70,Austrian Grand Prix,2020-07-05,Mercedes,German,Lewis,Hamilton,British,Finished,Red Bull Ring,Spielberg,Austria,47.2197,14.7647,1,1,Lewis Hamilton,1,0,0,1
24630,1031,832,1,8,5,10.0,71,1,2020,1,70,Austrian Grand Prix,2020-07-05,McLaren,British,Carlos,Sainz,Spanish,Finished,Red Bull Ring,Spielberg,Austria,47.2197,14.7647,3,1,Carlos Sainz,1,0,0,1
24631,1031,815,211,6,6,8.0,71,1,2020,1,70,Austrian Grand Prix,2020-07-05,Racing Point,British,Sergio,Pérez,Mexican,Finished,Red Bull Ring,Spielberg,Austria,47.2197,14.7647,0,1,Sergio Pérez,1,0,0,1
24632,1031,842,213,12,7,6.0,71,1,2020,1,70,Austrian Grand Prix,2020-07-05,AlphaTauri,Italian,Pierre,Gasly,French,Finished,Red Bull Ring,Spielberg,Austria,47.2197,14.7647,5,1,Pierre Gasly,1,0,0,1
24633,1031,839,4,14,8,4.0,71,1,2020,1,70,Austrian Grand Prix,2020-07-05,Renault,French,Esteban,Ocon,French,Finished,Red Bull Ring,Spielberg,Austria,47.2197,14.7647,6,1,Esteban Ocon,1,0,0,1
24634,1031,841,51,18,9,2.0,71,1,2020,1,70,Austrian Grand Prix,2020-07-05,Alfa Romeo,Swiss,Antonio,Giovinazzi,Italian,Finished,Red Bull Ring,Spielberg,Austria,47.2197,14.7647,9,1,Antonio Giovinazzi,1,0,0,1
24635,1031,20,6,11,10,1.0,71,1,2020,1,70,Austrian Grand Prix,2020-07-05,Ferrari,Italian,Sebastian,Vettel,German,Finished,Red Bull Ring,Spielberg,Austria,47.2197,14.7647,1,1,Sebastian Vettel,1,0,0,1
24636,1031,849,3,20,11,0.0,71,1,2020,1,70,Austrian Grand Prix,2020-07-05,Williams,British,Nicholas,Latifi,Canadian,Finished,Red Bull Ring,Spielberg,Austria,47.2197,14.7647,9,1,Nicholas Latifi,1,0,0,0
24637,1031,826,213,13,12,0.0,69,22,2020,1,70,Austrian Grand Prix,2020-07-05,AlphaTauri,Italian,Daniil,Kvyat,Russian,Suspension,Red Bull Ring,Spielberg,Austria,47.2197,14.7647,1,0,Daniil Kvyat,1,0,0,0
24638,1031,848,9,4,13,0.0,67,40,2020,1,70,Austrian Grand Prix,2020-07-05,Red Bull,Austrian,Alexander,Albon,Thai,Electronics,Red Bull Ring,Spielberg,Austria,47.2197,14.7647,-9,0,Alexander Albon,1,0,0,0
24639,1031,8,51,19,14,0.0,53,36,2020,1,70,Austrian Grand Prix,2020-07-05,Alfa Romeo,Swiss,Kimi,Räikkönen,Finnish,Wheel,Red Bull Ring,Spielberg,Austria,47.2197,14.7647,5,0,Kimi Räikkönen,1,0,0,0
24640,1031,847,3,17,15,0.0,49,32,2020,1,70,Austrian Grand Prix,2020-07-05,Williams,British,George,Russell,British,Fuel pressure,Red Bull Ring,Spielberg,Austria,47.2197,14.7647,2,0,George Russell,1,0,0,0
24641,1031,154,210,15,16,0.0,49,23,2020,1,70,Austrian Grand Prix,2020-07-05,Haas F1 Team,American,Romain,Grosjean,French,Brakes,Red Bull Ring,Spielberg,Austria,47.2197,14.7647,-1,0,Romain Grosjean,1,0,0,0
24642,1031,825,210,16,17,0.0,24,23,2020,1,70,Austrian Grand Prix,2020-07-05,Haas F1 Team,American,Kevin,Magnussen,Danish,Brakes,Red Bull Ring,Spielberg,Austria,47.2197,14.7647,-1,0,Kevin Magnussen,1,0,0,0
24643,1031,840,211,9,18,0.0,20,5,2020,1,70,Austrian Grand Prix,2020-07-05,Racing Point,British,Lance,Stroll,Canadian,Engine,Red Bull Ring,Spielberg,Austria,47.2197,14.7647,-9,0,Lance Stroll,1,0,0,0
24644,1031,817,4,10,19,0.0,17,25,2020,1,70,Austrian Grand Prix,2020-07-05,Renault,French,Daniel,Ricciardo,Australian,Overheating,Red Bull Ring,Spielberg,Austria,47.2197,14.7647,-9,0,Daniel Ricciardo,1,0,0,0
24645,1031,830,9,2,20,0.0,11,40,2020,1,70,Austrian Grand Prix,2020-07-05,Red Bull,Austrian,Max,Verstappen,Dutch,Electronics,Red Bull Ring,Spielberg,Austria,47.2197,14.7647,-18,0,Max Verstappen,1,0,0,0
24646,1032,1,131,1,1,25.0,71,1,2020,2,70,Styrian Grand Prix,2020-07-12,Mercedes,German,Lewis,Hamilton,British,Finished,Red Bull Ring,Spielberg,Austria,47.2197,14.7647,0,1,Lewis Hamilton,2,1,1,1
24647,1032,822,131,4,2,18.0,71,1,2020,2,70,Styrian Grand Prix,2020-07-12,Mercedes,German,Valtteri,Bottas,Finnish,Finished,Red Bull Ring,Spielberg,Austria,47.2197,14.7647,2,1,Valtteri Bottas,2,1,0,1
24648,1032,830,9,2,3,15.0,71,1,2020,2,70,Styrian Grand Prix,2020-07-12,Red Bull,Austrian,Max,Verstappen,Dutch,Finished,Red Bull Ring,Spielberg,Austria,47.2197,14.7647,-1,1,Max Verstappen,2,1,0,1
24649,1032,848,9,6,4,12.0,71,1,2020,2,70,Styrian Grand Prix,2020-07-12,Red Bull,Austrian,Alexander,Albon,Thai,Finished,Red Bull Ring,Spielberg,Austria,47.2197,14.7647,2,1,Alexander Albon,2,0,0,1
24650,1032,846,1,9,5,10.0,71,1,2020,2,70,Styrian Grand Prix,2020-07-12,McLaren,British,Lando,Norris,British,Finished,Red Bull Ring,Spielberg,Austria,47.2197,14.7647,4,1,Lando Norris,2,0,0,1
24651,1032,815,211,17,6,8.0,71,1,2020,2,70,Styrian Grand Prix,2020-07-12,Racing Point,British,Sergio,Pérez,Mexican,Finished,Red Bull Ring,Spielberg,Austria,47.2197,14.7647,11,1,Sergio Pérez,2,0,0,1
24652,1032,840,211,12,7,6.0,71,1,2020,2,70,Styrian Grand Prix,2020-07-12,Racing Point,British,Lance,Stroll,Canadian,Finished,Red Bull Ring,Spielberg,Austria,47.2197,14.7647,5,1,Lance Stroll,2,0,0,1
24653,1032,817,4,8,8,4.0,71,1,2020,2,70,Styrian Grand Prix,2020-07-12,Renault,French,Daniel,Ricciardo,Australian,Finished,Red Bull Ring,Spielberg,Austria,47.2197,14.7647,0,1,Daniel Ricciardo,2,0,0,1
24654,1032,832,1,3,9,3.0,70,11,2020,2,70,Styrian Grand Prix,2020-07-12,McLaren,British,Carlos,Sainz,Spanish,+1 Lap,Red Bull Ring,Spielberg,Austria,47.2197,14.7647,-6,1,Carlos Sainz,2,0,0,1
24655,1032,826,213,13,10,1.0,70,11,2020,2,70,Styrian Grand Prix,2020-07-12,AlphaTauri,Italian,Daniil,Kvyat,Russian,+1 Lap,Red Bull Ring,Spielberg,Austria,47.2197,14.7647,3,1,Daniil Kvyat,2,0,0,1
24656,1032,8,51,16,11,0.0,70,11,2020,2,70,Styrian Grand Prix,2020-07-12,Alfa Romeo,Swiss,Kimi,Räikkönen,Finnish,+1 Lap,Red Bull Ring,Spielberg,Austria,47.2197,14.7647,5,1,Kimi Räikkönen,2,0,0,0
24657,1032,825,210,15,12,0.0,70,11,2020,2,70,Styrian Grand Prix,2020-07-12,Haas F1 Team,American,Kevin,Magnussen,Danish,+1 Lap,Red Bull Ring,Spielberg,Austria,47.2197,14.7647,3,1,Kevin Magnussen,2,0,0,0
24658,1032,154,210,0,13,0.0,70,11,2020,2,70,Styrian Grand Prix,2020-07-12,Haas F1 Team,American,Romain,Grosjean,French,+1 Lap,Red Bull Ring,Spielberg,Austria,47.2197,14.7647,-13,1,Romain Grosjean,2,0,0,0
24659,1032,841,51,19,14,0.0,70,11,2020,2,70,Styrian Grand Prix,2020-07-12,Alfa Romeo,Swiss,Antonio,Giovinazzi,Italian,+1 Lap,Red Bull Ring,Spielberg,Austria,47.2197,14.7647,5,1,Antonio Giovinazzi,2,0,0,0
24660,1032,842,213,7,15,0.0,70,11,2020,2,70,Styrian Grand Prix,2020-07-12,AlphaTauri,Italian,Pierre,Gasly,French,+1 Lap,Red Bull Ring,Spielberg,Austria,47.2197,14.7647,-8,1,Pierre Gasly,2,0,0,0
24661,1032,847,3,11,16,0.0,69,12,2020,2,70,Styrian Grand Prix,2020-07-12,Williams,British,George,Russell,British,+2 Laps,Red Bull Ring,Spielberg,Austria,47.2197,14.7647,-5,1,George Russell,2,0,0,0
24662,1032,849,3,18,17,0.0,69,12,2020,2,70,Styrian Grand Prix,2020-07-12,Williams,British,Nicholas,Latifi,Canadian,+2 Laps,Red Bull Ring,Spielberg,Austria,47.2197,14.7647,1,1,Nicholas Latifi,2,0,0,0
24663,1032,839,4,5,18,0.0,25,25,2020,2,70,Styrian Grand Prix,2020-07-12,Renault,French,Esteban,Ocon,French,Overheating,Red Bull Ring,Spielberg,Austria,47.2197,14.7647,-13,0,Esteban Ocon,2,0,0,0
24664,1032,844,6,14,19,0.0,4,130,2020,2,70,Styrian Grand Prix,2020-07-12,Ferrari,Italian,Charles,Leclerc,Monegasque,Collision damage,Red Bull Ring,Spielberg,Austria,47.2197,14.7647,-5,0,Charles Leclerc,2,0,0,0
24665,1032,20,6,10,20,0.0,1,130,2020,2,70,Styrian Grand Prix,2020-07-12,Ferrari,Italian,Sebastian,Vettel,German,Collision damage,Red Bull Ring,Spielberg,Austria,47.2197,14.7647,-10,0,Sebastian Vettel,2,0,0,0
24666,1033,1,131,1,1,26.0,70,1,2020,3,11,Hungarian Grand Prix,2020-07-19,Mercedes,German,Lewis,Hamilton,British,Finished,Hungaroring,Budapest,Hungary,47.5789,19.2486,0,1,Lewis Hamilton,3,1,1,1
24667,1033,830,9,7,2,18.0,70,1,2020,3,11,Hungarian Grand Prix,2020-07-19,Red Bull,Austrian,Max,Verstappen,Dutch,Finished,Hungaroring,Budapest,Hungary,47.5789,19.2486,5,1,Max Verstappen,3,1,0,1
24668,1033,822,131,2,3,15.0,70,1,2020,3,11,Hungarian Grand Prix,2020-07-19,Mercedes,German,Valtteri,Bottas,Finnish,Finished,Hungaroring,Budapest,Hungary,47.5789,19.2486,-1,1,Valtteri Bottas,3,1,0,1
24669,1033,840,211,3,4,12.0,70,1,2020,3,11,Hungarian Grand Prix,2020-07-19,Racing Point,British,Lance,Stroll,Canadian,Finished,Hungaroring,Budapest,Hungary,47.5789,19.2486,-1,1,Lance Stroll,3,0,0,1
24670,1033,848,9,13,5,10.0,70,1,2020,3,11,Hungarian Grand Prix,2020-07-19,Red Bull,Austrian,Alexander,Albon,Thai,Finished,Hungaroring,Budapest,Hungary,47.5789,19.2486,8,1,Alexander Albon,3,0,0,1
24671,1033,20,6,5,6,8.0,69,11,2020,3,11,Hungarian Grand Prix,2020-07-19,Ferrari,Italian,Sebastian,Vettel,German,+1 Lap,Hungaroring,Budapest,Hungary,47.5789,19.2486,-1,1,Sebastian Vettel,3,0,0,1
24672,1033,815,211,4,7,6.0,69,11,2020,3,11,Hungarian Grand Prix,2020-07-19,Racing Point,British,Sergio,Pérez,Mexican,+1 Lap,Hungaroring,Budapest,Hungary,47.5789,19.2486,-3,1,Sergio Pérez,3,0,0,1
24673,1033,817,4,11,8,4.0,69,11,2020,3,11,Hungarian Grand Prix,2020-07-19,Renault,French,Daniel,Ricciardo,Australian,+1 Lap,Hungaroring,Budapest,Hungary,47.5789,19.2486,3,1,Daniel Ricciardo,3,0,0,1
24674,1033,832,1,9,9,2.0,69,11,2020,3,11,Hungarian Grand Prix,2020-07-19,McLaren,British,Carlos,Sainz,Spanish,+1 Lap,Hungaroring,Budapest,Hungary,47.5789,19.2486,0,1,Carlos Sainz,3,0,0,1
24675,1033,825,210,0,10,1.0,69,11,2020,3,11,Hungarian Grand Prix,2020-07-19,Haas F1 Team,American,Kevin,Magnussen,Danish,+1 Lap,Hungaroring,Budapest,Hungary,47.5789,19.2486,-10,1,Kevin Magnussen,3,0,0,1
24676,1033,844,6,6,11,0.0,69,11,2020,3,11,Hungarian Grand Prix,2020-07-19,Ferrari,Italian,Charles,Leclerc,Monegasque,+1 Lap,Hungaroring,Budapest,Hungary,47.5789,19.2486,-5,1,Charles Leclerc,3,0,0,0
24677,1033,826,213,17,12,0.0,69,11,2020,3,11,Hungarian Grand Prix,2020-07-19,AlphaTauri,Italian,Daniil,Kvyat,Russian,+1 Lap,Hungaroring,Budapest,Hungary,47.5789,19.2486,5,1,Daniil Kvyat,3,0,0,0
24678,1033,846,1,8,13,0.0,69,11,2020,3,11,Hungarian Grand Prix,2020-07-19,McLaren,British,Lando,Norris,British,+1 Lap,Hungaroring,Budapest,Hungary,47.5789,19.2486,-5,1,Lando Norris,3,0,0,0
24679,1033,839,4,14,14,0.0,69,11,2020,3,11,Hungarian Grand Prix,2020-07-19,Renault,French,Esteban,Ocon,French,+1 Lap,Hungaroring,Budapest,Hungary,47.5789,19.2486,0,1,Esteban Ocon,3,0,0,0
24680,1033,8,51,20,15,0.0,69,11,2020,3,11,Hungarian Grand Prix,2020-07-19,Alfa Romeo,Swiss,Kimi,Räikkönen,Finnish,+1 Lap,Hungaroring,Budapest,Hungary,47.5789,19.2486,5,1,Kimi Räikkönen,3,0,0,0
24681,1033,154,210,0,16,0.0,69,11,2020,3,11,Hungarian Grand Prix,2020-07-19,Haas F1 Team,American,Romain,Grosjean,French,+1 Lap,Hungaroring,Budapest,Hungary,47.5789,19.2486,-16,1,Romain Grosjean,3,0,0,0
24682,1033,841,51,19,17,0.0,69,11,2020,3,11,Hungarian Grand Prix,2020-07-19,Alfa Romeo,Swiss,Antonio,Giovinazzi,Italian,+1 Lap,Hungaroring,Budapest,Hungary,47.5789,19.2486,2,1,Antonio Giovinazzi,3,0,0,0
24683,1033,847,3,12,18,0.0,69,11,2020,3,11,Hungarian Grand Prix,2020-07-19,Williams,British,George,Russell,British,+1 Lap,Hungaroring,Budapest,Hungary,47.5789,19.2486,-6,1,George Russell,3,0,0,0
24684,1033,849,3,15,19,0.0,65,15,2020,3,11,Hungarian Grand Prix,2020-07-19,Williams,British,Nicholas,Latifi,Canadian,+5 Laps,Hungaroring,Budapest,Hungary,47.5789,19.2486,-4,1,Nicholas Latifi,3,0,0,0
24685,1033,842,213,10,20,0.0,15,5,2020,3,11,Hungarian Grand Prix,2020-07-19,AlphaTauri,Italian,Pierre,Gasly,French,Engine,Hungaroring,Budapest,Hungary,47.5789,19.2486,-10,0,Pierre Gasly,3,0,0,0
24686,1034,1,131,1,1,25.0,52,1,2020,4,9,British Grand Prix,2020-08-02,Mercedes,German,Lewis,Hamilton,British,Finished,Silverstone Circuit,Silverstone,UK,52.0786,-1.01694,0,1,Lewis Hamilton,4,1,1,1
24687,1034,830,9,3,2,19.0,52,1,2020,4,9,British Grand Prix,2020-08-02,Red Bull,Austrian,Max,Verstappen,Dutch,Finished,Silverstone Circuit,Silverstone,UK,52.0786,-1.01694,1,1,Max Verstappen,4,1,0,1
24688,1034,844,6,4,3,15.0,52,1,2020,4,9,British Grand Prix,2020-08-02,Ferrari,Italian,Charles,Leclerc,Monegasque,Finished,Silverstone Circuit,Silverstone,UK,52.0786,-1.01694,1,1,Charles Leclerc,4,1,0,1
24689,1034,817,4,8,4,12.0,52,1,2020,4,9,British Grand Prix,2020-08-02,Renault,French,Daniel,Ricciardo,Australian,Finished,Silverstone Circuit,Silverstone,UK,52.0786,-1.01694,4,1,Daniel Ricciardo,4,0,0,1
24690,1034,846,1,5,5,10.0,52,1,2020,4,9,British Grand Prix,2020-08-02,McLaren,British,Lando,Norris,British,Finished,Silverstone Circuit,Silverstone,UK,52.0786,-1.01694,0,1,Lando Norris,4,0,0,1
24691,1034,839,4,9,6,8.0,52,1,2020,4,9,British Grand Prix,2020-08-02,Renault,French,Esteban,Ocon,French,Finished,Silverstone Circuit,Silverstone,UK,52.0786,-1.01694,3,1,Esteban Ocon,4,0,0,1
24692,1034,842,213,11,7,6.0,52,1,2020,4,9,British Grand Prix,2020-08-02,AlphaTauri,Italian,Pierre,Gasly,French,Finished,Silverstone Circuit,Silverstone,UK,52.0786,-1.01694,4,1,Pierre Gasly,4,0,0,1
24693,1034,848,9,12,8,4.0,52,1,2020,4,9,British Grand Prix,2020-08-02,Red Bull,Austrian,Alexander,Albon,Thai,Finished,Silverstone Circuit,Silverstone,UK,52.0786,-1.01694,4,1,Alexander Albon,4,0,0,1
24694,1034,840,211,6,9,2.0,52,1,2020,4,9,British Grand Prix,2020-08-02,Racing Point,British,Lance,Stroll,Canadian,Finished,Silverstone Circuit,Silverstone,UK,52.0786,-1.01694,-3,1,Lance Stroll,4,0,0,1
24695,1034,20,6,10,10,1.0,52,1,2020,4,9,British Grand Prix,2020-08-02,Ferrari,Italian,Sebastian,Vettel,German,Finished,Silverstone Circuit,Silverstone,UK,52.0786,-1.01694,0,1,Sebastian Vettel,4,0,0,1
24696,1034,822,131,2,11,0.0,52,1,2020,4,9,British Grand Prix,2020-08-02,Mercedes,German,Valtteri,Bottas,Finnish,Finished,Silverstone Circuit,Silverstone,UK,52.0786,-1.01694,-9,1,Valtteri Bottas,4,0,0,0
24697,1034,847,3,20,12,0.0,52,1,2020,4,9,British Grand Prix,2020-08-02,Williams,British,George,Russell,British,Finished,Silverstone Circuit,Silverstone,UK,52.0786,-1.01694,8,1,George Russell,4,0,0,0
24698,1034,832,1,7,13,0.0,52,1,2020,4,9,British Grand Prix,2020-08-02,McLaren,British,Carlos,Sainz,Spanish,Finished,Silverstone Circuit,Silverstone,UK,52.0786,-1.01694,-6,1,Carlos Sainz,4,0,0,0
24699,1034,841,51,15,14,0.0,52,1,2020,4,9,British Grand Prix,2020-08-02,Alfa Romeo,Swiss,Antonio,Giovinazzi,Italian,Finished,Silverstone Circuit,Silverstone,UK,52.0786,-1.01694,1,1,Antonio Giovinazzi,4,0,0,0
24700,1034,849,3,18,15,0.0,52,1,2020,4,9,British Grand Prix,2020-08-02,Williams,British,Nicholas,Latifi,Canadian,Finished,Silverstone Circuit,Silverstone,UK,52.0786,-1.01694,3,1,Nicholas Latifi,4,0,0,0
24701,1034,154,210,17,16,0.0,52,1,2020,4,9,British Grand Prix,2020-08-02,Haas F1 Team,American,Romain,Grosjean,French,Finished,Silverstone Circuit,Silverstone,UK,52.0786,-1.01694,1,1,Romain Grosjean,4,0,0,0
24702,1034,8,51,16,17,0.0,51,11,2020,4,9,British Grand Prix,2020-08-02,Alfa Romeo,Swiss,Kimi,Räikkönen,Finnish,+1 Lap,Silverstone Circuit,Silverstone,UK,52.0786,-1.01694,-1,1,Kimi Räikkönen,4,0,0,0
24703,1034,826,213,19,18,0.0,11,3,2020,4,9,British Grand Prix,2020-08-02,AlphaTauri,Italian,Daniil,Kvyat,Russian,Accident,Silverstone Circuit,Silverstone,UK,52.0786,-1.01694,1,0,Daniil Kvyat,4,0,0,0
24704,1034,825,210,14,19,0.0,1,4,2020,4,9,British Grand Prix,2020-08-02,Haas F1 Team,American,Kevin,Magnussen,Danish,Collision,Silverstone Circuit,Silverstone,UK,52.0786,-1.01694,-5,0,Kevin Magnussen,4,0,0,0
24705,1034,807,211,13,20,0.0,0,131,2020,4,9,British Grand Prix,2020-08-02,Racing Point,British,Nico,Hülkenberg,German,Power Unit,Silverstone Circuit,Silverstone,UK,52.0786,-1.01694,-7,0,Nico Hülkenberg,4,0,0,0
24706,1035,830,9,4,1,25.0,52,1,2020,5,9,70th Anniversary Grand Prix,2020-08-09,Red Bull,Austrian,Max,Verstappen,Dutch,Finished,Silverstone Circuit,Silverstone,UK,52.0786,-1.01694,3,1,Max Verstappen,5,1,1,1
24707,1035,1,131,2,2,19.0,52,1,2020,5,9,70th Anniversary Grand Prix,2020-08-09,Mercedes,German,Lewis,Hamilton,British,Finished,Silverstone Circuit,Silverstone,UK,52.0786,-1.01694,0,1,Lewis Hamilton,5,1,0,1
24708,1035,822,131,1,3,15.0,52,1,2020,5,9,70th Anniversary Grand Prix,2020-08-09,Mercedes,German,Valtteri,Bottas,Finnish,Finished,Silverstone Circuit,Silverstone,UK,52.0786,-1.01694,-2,1,Valtteri Bottas,5,1,0,1
24709,1035,844,6,8,4,12.0,52,1,2020,5,9,70th Anniversary Grand Prix,2020-08-09,Ferrari,Italian,Charles,Leclerc,Monegasque,Finished,Silverstone Circuit,Silverstone,UK,52.0786,-1.01694,4,1,Charles Leclerc,5,0,0,1
24710,1035,848,9,9,5,10.0,52,1,2020,5,9,70th Anniversary Grand Prix,2020-08-09,Red Bull,Austrian,Alexander,Albon,Thai,Finished,Silverstone Circuit,Silverstone,UK,52.0786,-1.01694,4,1,Alexander Albon,5,0,0,1
24711,1035,840,211,6,6,8.0,52,1,2020,5,9,70th Anniversary Grand Prix,2020-08-09,Racing Point,British,Lance,Stroll,Canadian,Finished,Silverstone Circuit,Silverstone,UK,52.0786,-1.01694,0,1,Lance Stroll,5,0,0,1
24712,1035,807,211,3,7,6.0,52,1,2020,5,9,70th Anniversary Grand Prix,2020-08-09,Racing Point,British,Nico,Hülkenberg,German,Finished,Silverstone Circuit,Silverstone,UK,52.0786,-1.01694,-4,1,Nico Hülkenberg,5,0,0,1
24713,1035,839,4,14,8,4.0,52,1,2020,5,9,70th Anniversary Grand Prix,2020-08-09,Renault,French,Esteban,Ocon,French,Finished,Silverstone Circuit,Silverstone,UK,52.0786,-1.01694,6,1,Esteban Ocon,5,0,0,1
24714,1035,846,1,10,9,2.0,52,1,2020,5,9,70th Anniversary Grand Prix,2020-08-09,McLaren,British,Lando,Norris,British,Finished,Silverstone Circuit,Silverstone,UK,52.0786,-1.01694,1,1,Lando Norris,5,0,0,1
24715,1035,826,213,16,10,1.0,52,1,2020,5,9,70th Anniversary Grand Prix,2020-08-09,AlphaTauri,Italian,Daniil,Kvyat,Russian,Finished,Silverstone Circuit,Silverstone,UK,52.0786,-1.01694,6,1,Daniil Kvyat,5,0,0,1
24716,1035,842,213,7,11,0.0,52,1,2020,5,9,70th Anniversary Grand Prix,2020-08-09,AlphaTauri,Italian,Pierre,Gasly,French,Finished,Silverstone Circuit,Silverstone,UK,52.0786,-1.01694,-4,1,Pierre Gasly,5,0,0,0
24717,1035,20,6,11,12,0.0,52,1,2020,5,9,70th Anniversary Grand Prix,2020-08-09,Ferrari,Italian,Sebastian,Vettel,German,Finished,Silverstone Circuit,Silverstone,UK,52.0786,-1.01694,-1,1,Sebastian Vettel,5,0,0,0
24718,1035,832,1,12,13,0.0,52,1,2020,5,9,70th Anniversary Grand Prix,2020-08-09,McLaren,British,Carlos,Sainz,Spanish,Finished,Silverstone Circuit,Silverstone,UK,52.0786,-1.01694,-1,1,Carlos Sainz,5,0,0,0
24719,1035,817,4,5,14,0.0,51,11,2020,5,9,70th Anniversary Grand Prix,2020-08-09,Renault,French,Daniel,Ricciardo,Australian,+1 Lap,Silverstone Circuit,Silverstone,UK,52.0786,-1.01694,-9,1,Daniel Ricciardo,5,0,0,0
24720,1035,8,51,20,15,0.0,51,11,2020,5,9,70th Anniversary Grand Prix,2020-08-09,Alfa Romeo,Swiss,Kimi,Räikkönen,Finnish,+1 Lap,Silverstone Circuit,Silverstone,UK,52.0786,-1.01694,5,1,Kimi Räikkönen,5,0,0,0
24721,1035,154,210,13,16,0.0,51,11,2020,5,9,70th Anniversary Grand Prix,2020-08-09,Haas F1 Team,American,Romain,Grosjean,French,+1 Lap,Silverstone Circuit,Silverstone,UK,52.0786,-1.01694,-3,1,Romain Grosjean,5,0,0,0
24722,1035,841,51,19,17,0.0,51,11,2020,5,9,70th Anniversary Grand Prix,2020-08-09,Alfa Romeo,Swiss,Antonio,Giovinazzi,Italian,+1 Lap,Silverstone Circuit,Silverstone,UK,52.0786,-1.01694,2,1,Antonio Giovinazzi,5,0,0,0
24723,1035,847,3,15,18,0.0,51,11,2020,5,9,70th Anniversary Grand Prix,2020-08-09,Williams,British,George,Russell,British,+1 Lap,Silverstone Circuit,Silverstone,UK,52.0786,-1.01694,-3,1,George Russell,5,0,0,0
24724,1035,849,3,18,19,0.0,51,11,2020,5,9,70th Anniversary Grand Prix,2020-08-09,Williams,British,Nicholas,Latifi,Canadian,+1 Lap,Silverstone Circuit,Silverstone,UK,52.0786,-1.01694,-1,1,Nicholas Latifi,5,0,0,0
24725,1035,825,210,17,20,0.0,43,31,2020,5,9,70th Anniversary Grand Prix,2020-08-09,Haas F1 Team,American,Kevin,Magnussen,Danish,Retired,Silverstone Circuit,Silverstone,UK,52.0786,-1.01694,-3,0,Kevin Magnussen,5,0,0,0
24726,1036,1,131,1,1,25.0,66,1,2020,6,4,Spanish Grand Prix,2020-08-16,Mercedes,German,Lewis,Hamilton,British,Finished,Circuit de Barcelona-Catalunya,Montmeló,Spain,41.57,2.26111,0,1,Lewis Hamilton,6,1,1,1
24727,1036,830,9,3,2,18.0,66,1,2020,6,4,Spanish Grand Prix,2020-08-16,Red Bull,Austrian,Max,Verstappen,Dutch,Finished,Circuit de Barcelona-Catalunya,Montmeló,Spain,41.57,2.26111,1,1,Max Verstappen,6,1,0,1
24728,1036,822,131,2,3,16.0,66,1,2020,6,4,Spanish Grand Prix,2020-08-16,Mercedes,German,Valtteri,Bottas,Finnish,Finished,Circuit de Barcelona-Catalunya,Montmeló,Spain,41.57,2.26111,-1,1,Valtteri Bottas,6,1,0,1
24729,1036,840,211,5,4,12.0,65,11,2020,6,4,Spanish Grand Prix,2020-08-16,Racing Point,British,Lance,Stroll,Canadian,+1 Lap,Circuit de Barcelona-Catalunya,Montmeló,Spain,41.57,2.26111,1,1,Lance Stroll,6,0,0,1
24730,1036,815,211,4,5,10.0,65,11,2020,6,4,Spanish Grand Prix,2020-08-16,Racing Point,British,Sergio,Pérez,Mexican,+1 Lap,Circuit de Barcelona-Catalunya,Montmeló,Spain,41.57,2.26111,-1,1,Sergio Pérez,6,0,0,1
24731,1036,832,1,7,6,8.0,65,11,2020,6,4,Spanish Grand Prix,2020-08-16,McLaren,British,Carlos,Sainz,Spanish,+1 Lap,Circuit de Barcelona-Catalunya,Montmeló,Spain,41.57,2.26111,1,1,Carlos Sainz,6,0,0,1
24732,1036,20,6,11,7,6.0,65,11,2020,6,4,Spanish Grand Prix,2020-08-16,Ferrari,Italian,Sebastian,Vettel,German,+1 Lap,Circuit de Barcelona-Catalunya,Montmeló,Spain,41.57,2.26111,4,1,Sebastian Vettel,6,0,0,1
24733,1036,848,9,6,8,4.0,65,11,2020,6,4,Spanish Grand Prix,2020-08-16,Red Bull,Austrian,Alexander,Albon,Thai,+1 Lap,Circuit de Barcelona-Catalunya,Montmeló,Spain,41.57,2.26111,-2,1,Alexander Albon,6,0,0,1
24734,1036,842,213,10,9,2.0,65,11,2020,6,4,Spanish Grand Prix,2020-08-16,AlphaTauri,Italian,Pierre,Gasly,French,+1 Lap,Circuit de Barcelona-Catalunya,Montmeló,Spain,41.57,2.26111,1,1,Pierre Gasly,6,0,0,1
24735,1036,846,1,8,10,1.0,65,11,2020,6,4,Spanish Grand Prix,2020-08-16,McLaren,British,Lando,Norris,British,+1 Lap,Circuit de Barcelona-Catalunya,Montmeló,Spain,41.57,2.26111,-2,1,Lando Norris,6,0,0,1
24736,1036,817,4,13,11,0.0,65,11,2020,6,4,Spanish Grand Prix,2020-08-16,Renault,French,Daniel,Ricciardo,Australian,+1 Lap,Circuit de Barcelona-Catalunya,Montmeló,Spain,41.57,2.26111,2,1,Daniel Ricciardo,6,0,0,0
24737,1036,826,213,12,12,0.0,65,11,2020,6,4,Spanish Grand Prix,2020-08-16,AlphaTauri,Italian,Daniil,Kvyat,Russian,+1 Lap,Circuit de Barcelona-Catalunya,Montmeló,Spain,41.57,2.26111,0,1,Daniil Kvyat,6,0,0,0
24738,1036,839,4,15,13,0.0,65,11,2020,6,4,Spanish Grand Prix,2020-08-16,Renault,French,Esteban,Ocon,French,+1 Lap,Circuit de Barcelona-Catalunya,Montmeló,Spain,41.57,2.26111,2,1,Esteban Ocon,6,0,0,0
24739,1036,8,51,14,14,0.0,65,11,2020,6,4,Spanish Grand Prix,2020-08-16,Alfa Romeo,Swiss,Kimi,Räikkönen,Finnish,+1 Lap,Circuit de Barcelona-Catalunya,Montmeló,Spain,41.57,2.26111,0,1,Kimi Räikkönen,6,0,0,0
24740,1036,825,210,16,15,0.0,65,11,2020,6,4,Spanish Grand Prix,2020-08-16,Haas F1 Team,American,Kevin,Magnussen,Danish,+1 Lap,Circuit de Barcelona-Catalunya,Montmeló,Spain,41.57,2.26111,1,1,Kevin Magnussen,6,0,0,0
24741,1036,841,51,20,16,0.0,65,11,2020,6,4,Spanish Grand Prix,2020-08-16,Alfa Romeo,Swiss,Antonio,Giovinazzi,Italian,+1 Lap,Circuit de Barcelona-Catalunya,Montmeló,Spain,41.57,2.26111,4,1,Antonio Giovinazzi,6,0,0,0
24742,1036,847,3,18,17,0.0,65,11,2020,6,4,Spanish Grand Prix,2020-08-16,Williams,British,George,Russell,British,+1 Lap,Circuit de Barcelona-Catalunya,Montmeló,Spain,41.57,2.26111,1,1,George Russell,6,0,0,0
24743,1036,849,3,19,18,0.0,64,12,2020,6,4,Spanish Grand Prix,2020-08-16,Williams,British,Nicholas,Latifi,Canadian,+2 Laps,Circuit de Barcelona-Catalunya,Montmeló,Spain,41.57,2.26111,1,1,Nicholas Latifi,6,0,0,0
24744,1036,154,210,17,19,0.0,64,12,2020,6,4,Spanish Grand Prix,2020-08-16,Haas F1 Team,American,Romain,Grosjean,French,+2 Laps,Circuit de Barcelona-Catalunya,Montmeló,Spain,41.57,2.26111,-2,1,Romain Grosjean,6,0,0,0
24745,1036,844,6,9,20,0.0,38,40,2020,6,4,Spanish Grand Prix,2020-08-16,Ferrari,Italian,Charles,Leclerc,Monegasque,Electronics,Circuit de Barcelona-Catalunya,Montmeló,Spain,41.57,2.26111,-11,0,Charles Leclerc,6,0,0,0
24746,1037,1,131,1,1,25.0,44,1,2020,7,13,Belgian Grand Prix,2020-08-30,Mercedes,German,Lewis,Hamilton,British,Finished,Circuit de Spa-Francorchamps,Spa,Belgium,50.4372,5.97139,0,1,Lewis Hamilton,7,1,1,1
24747,1037,822,131,2,2,18.0,44,1,2020,7,13,Belgian Grand Prix,2020-08-30,Mercedes,German,Valtteri,Bottas,Finnish,Finished,Circuit de Spa-Francorchamps,Spa,Belgium,50.4372,5.97139,0,1,Valtteri Bottas,7,1,0,1
24748,1037,830,9,3,3,15.0,44,1,2020,7,13,Belgian Grand Prix,2020-08-30,Red Bull,Austrian,Max,Verstappen,Dutch,Finished,Circuit de Spa-Francorchamps,Spa,Belgium,50.4372,5.97139,0,1,Max Verstappen,7,1,0,1
24749,1037,817,4,4,4,13.0,44,1,2020,7,13,Belgian Grand Prix,2020-08-30,Renault,French,Daniel,Ricciardo,Australian,Finished,Circuit de Spa-Francorchamps,Spa,Belgium,50.4372,5.97139,0,1,Daniel Ricciardo,7,0,0,1
24750,1037,839,4,6,5,10.0,44,1,2020,7,13,Belgian Grand Prix,2020-08-30,Renault,French,Esteban,Ocon,French,Finished,Circuit de Spa-Francorchamps,Spa,Belgium,50.4372,5.97139,1,1,Esteban Ocon,7,0,0,1
24751,1037,848,9,5,6,8.0,44,1,2020,7,13,Belgian Grand Prix,2020-08-30,Red Bull,Austrian,Alexander,Albon,Thai,Finished,Circuit de Spa-Francorchamps,Spa,Belgium,50.4372,5.97139,-1,1,Alexander Albon,7,0,0,1
24752,1037,846,1,10,7,6.0,44,1,2020,7,13,Belgian Grand Prix,2020-08-30,McLaren,British,Lando,Norris,British,Finished,Circuit de Spa-Francorchamps,Spa,Belgium,50.4372,5.97139,3,1,Lando Norris,7,0,0,1
24753,1037,842,213,12,8,4.0,44,1,2020,7,13,Belgian Grand Prix,2020-08-30,AlphaTauri,Italian,Pierre,Gasly,French,Finished,Circuit de Spa-Francorchamps,Spa,Belgium,50.4372,5.97139,4,1,Pierre Gasly,7,0,0,1
24754,1037,840,211,9,9,2.0,44,1,2020,7,13,Belgian Grand Prix,2020-08-30,Racing Point,British,Lance,Stroll,Canadian,Finished,Circuit de Spa-Francorchamps,Spa,Belgium,50.4372,5.97139,0,1,Lance Stroll,7,0,0,1
24755,1037,815,211,8,10,1.0,44,1,2020,7,13,Belgian Grand Prix,2020-08-30,Racing Point,British,Sergio,Pérez,Mexican,Finished,Circuit de Spa-Francorchamps,Spa,Belgium,50.4372,5.97139,-2,1,Sergio Pérez,7,0,0,1
24756,1037,826,213,11,11,0.0,44,1,2020,7,13,Belgian Grand Prix,2020-08-30,AlphaTauri,Italian,Daniil,Kvyat,Russian,Finished,Circuit de Spa-Francorchamps,Spa,Belgium,50.4372,5.97139,0,1,Daniil Kvyat,7,0,0,0
24757,1037,8,51,16,12,0.0,44,1,2020,7,13,Belgian Grand Prix,2020-08-30,Alfa Romeo,Swiss,Kimi,Räikkönen,Finnish,Finished,Circuit de Spa-Francorchamps,Spa,Belgium,50.4372,5.97139,4,1,Kimi Räikkönen,7,0,0,0
24758,1037,20,6,14,13,0.0,44,1,2020,7,13,Belgian Grand Prix,2020-08-30,Ferrari,Italian,Sebastian,Vettel,German,Finished,Circuit de Spa-Francorchamps,Spa,Belgium,50.4372,5.97139,1,1,Sebastian Vettel,7,0,0,0
24759,1037,844,6,13,14,0.0,44,1,2020,7,13,Belgian Grand Prix,2020-08-30,Ferrari,Italian,Charles,Leclerc,Monegasque,Finished,Circuit de Spa-Francorchamps,Spa,Belgium,50.4372,5.97139,-1,1,Charles Leclerc,7,0,0,0
24760,1037,154,210,17,15,0.0,44,1,2020,7,13,Belgian Grand Prix,2020-08-30,Haas F1 Team,American,Romain,Grosjean,French,Finished,Circuit de Spa-Francorchamps,Spa,Belgium,50.4372,5.97139,2,1,Romain Grosjean,7,0,0,0
24761,1037,849,3,19,16,0.0,44,1,2020,7,13,Belgian Grand Prix,2020-08-30,Williams,British,Nicholas,Latifi,Canadian,Finished,Circuit de Spa-Francorchamps,Spa,Belgium,50.4372,5.97139,3,1,Nicholas Latifi,7,0,0,0
24762,1037,825,210,20,17,0.0,44,1,2020,7,13,Belgian Grand Prix,2020-08-30,Haas F1 Team,American,Kevin,Magnussen,Danish,Finished,Circuit de Spa-Francorchamps,Spa,Belgium,50.4372,5.97139,3,1,Kevin Magnussen,7,0,0,0
24763,1037,841,51,18,18,0.0,9,3,2020,7,13,Belgian Grand Prix,2020-08-30,Alfa Romeo,Swiss,Antonio,Giovinazzi,Italian,Accident,Circuit de Spa-Francorchamps,Spa,Belgium,50.4372,5.97139,0,0,Antonio Giovinazzi,7,0,0,0
24764,1037,847,3,15,19,0.0,9,138,2020,7,13,Belgian Grand Prix,2020-08-30,Williams,British,George,Russell,British,Debris,Circuit de Spa-Francorchamps,Spa,Belgium,50.4372,5.97139,-4,0,George Russell,7,0,0,0
24765,1037,832,1,7,20,0.0,0,43,2020,7,13,Belgian Grand Prix,2020-08-30,McLaren,British,Carlos,Sainz,Spanish,Exhaust,Circuit de Spa-Francorchamps,Spa,Belgium,50.4372,5.97139,-13,0,Carlos Sainz,7,0,0,0
24766,1038,842,213,10,1,25.0,53,1,2020,8,14,Italian Grand Prix,2020-09-06,AlphaTauri,Italian,Pierre,Gasly,French,Finished,Autodromo Nazionale di Monza,Monza,Italy,45.6156,9.28111,9,1,Pierre Gasly,8,1,1,1
24767,1038,832,1,3,2,18.0,53,1,2020,8,14,Italian Grand Prix,2020-09-06,McLaren,British,Carlos,Sainz,Spanish,Finished,Autodromo Nazionale di Monza,Monza,Italy,45.6156,9.28111,1,1,Carlos Sainz,8,1,0,1
24768,1038,840,211,8,3,15.0,53,1,2020,8,14,Italian Grand Prix,2020-09-06,Racing Point,British,Lance,Stroll,Canadian,Finished,Autodromo Nazionale di Monza,Monza,Italy,45.6156,9.28111,5,1,Lance Stroll,8,1,0,1
24769,1038,846,1,6,4,12.0,53,1,2020,8,14,Italian Grand Prix,2020-09-06,McLaren,British,Lando,Norris,British,Finished,Autodromo Nazionale di Monza,Monza,Italy,45.6156,9.28111,2,1,Lando Norris,8,0,0,1
24770,1038,822,131,2,5,10.0,53,1,2020,8,14,Italian Grand Prix,2020-09-06,Mercedes,German,Valtteri,Bottas,Finnish,Finished,Autodromo Nazionale di Monza,Monza,Italy,45.6156,9.28111,-3,1,Valtteri Bottas,8,0,0,1
24771,1038,817,4,7,6,8.0,53,1,2020,8,14,Italian Grand Prix,2020-09-06,Renault,French,Daniel,Ricciardo,Australian,Finished,Autodromo Nazionale di Monza,Monza,Italy,45.6156,9.28111,1,1,Daniel Ricciardo,8,0,0,1
24772,1038,1,131,1,7,7.0,53,1,2020,8,14,Italian Grand Prix,2020-09-06,Mercedes,German,Lewis,Hamilton,British,Finished,Autodromo Nazionale di Monza,Monza,Italy,45.6156,9.28111,-6,1,Lewis Hamilton,8,0,0,1
24773,1038,839,4,12,8,4.0,53,1,2020,8,14,Italian Grand Prix,2020-09-06,Renault,French,Esteban,Ocon,French,Finished,Autodromo Nazionale di Monza,Monza,Italy,45.6156,9.28111,4,1,Esteban Ocon,8,0,0,1
24774,1038,826,213,11,9,2.0,53,1,2020,8,14,Italian Grand Prix,2020-09-06,AlphaTauri,Italian,Daniil,Kvyat,Russian,Finished,Autodromo Nazionale di Monza,Monza,Italy,45.6156,9.28111,2,1,Daniil Kvyat,8,0,0,1
24775,1038,815,211,4,10,1.0,53,1,2020,8,14,Italian Grand Prix,2020-09-06,Racing Point,British,Sergio,Pérez,Mexican,Finished,Autodromo Nazionale di Monza,Monza,Italy,45.6156,9.28111,-6,1,Sergio Pérez,8,0,0,1
24776,1038,849,3,20,11,0.0,53,1,2020,8,14,Italian Grand Prix,2020-09-06,Williams,British,Nicholas,Latifi,Canadian,Finished,Autodromo Nazionale di Monza,Monza,Italy,45.6156,9.28111,9,1,Nicholas Latifi,8,0,0,0
24777,1038,154,210,16,12,0.0,53,1,2020,8,14,Italian Grand Prix,2020-09-06,Haas F1 Team,American,Romain,Grosjean,French,Finished,Autodromo Nazionale di Monza,Monza,Italy,45.6156,9.28111,4,1,Romain Grosjean,8,0,0,0
24778,1038,8,51,14,13,0.0,53,1,2020,8,14,Italian Grand Prix,2020-09-06,Alfa Romeo,Swiss,Kimi,Räikkönen,Finnish,Finished,Autodromo Nazionale di Monza,Monza,Italy,45.6156,9.28111,1,1,Kimi Räikkönen,8,0,0,0
24779,1038,847,3,19,14,0.0,53,1,2020,8,14,Italian Grand Prix,2020-09-06,Williams,British,George,Russell,British,Finished,Autodromo Nazionale di Monza,Monza,Italy,45.6156,9.28111,5,1,George Russell,8,0,0,0
24780,1038,848,9,9,15,0.0,53,1,2020,8,14,Italian Grand Prix,2020-09-06,Red Bull,Austrian,Alexander,Albon,Thai,Finished,Autodromo Nazionale di Monza,Monza,Italy,45.6156,9.28111,-6,1,Alexander Albon,8,0,0,0
24781,1038,841,51,18,16,0.0,53,1,2020,8,14,Italian Grand Prix,2020-09-06,Alfa Romeo,Swiss,Antonio,Giovinazzi,Italian,Finished,Autodromo Nazionale di Monza,Monza,Italy,45.6156,9.28111,2,1,Antonio Giovinazzi,8,0,0,0
24782,1038,830,9,5,17,0.0,30,131,2020,8,14,Italian Grand Prix,2020-09-06,Red Bull,Austrian,Max,Verstappen,Dutch,Power Unit,Autodromo Nazionale di Monza,Monza,Italy,45.6156,9.28111,-12,0,Max Verstappen,8,0,0,0
24783,1038,844,6,13,18,0.0,23,3,2020,8,14,Italian Grand Prix,2020-09-06,Ferrari,Italian,Charles,Leclerc,Monegasque,Accident,Autodromo Nazionale di Monza,Monza,Italy,45.6156,9.28111,-5,0,Charles Leclerc,8,0,0,0
24784,1038,825,210,15,19,0.0,17,131,2020,8,14,Italian Grand Prix,2020-09-06,Haas F1 Team,American,Kevin,Magnussen,Danish,Power Unit,Autodromo Nazionale di Monza,Monza,Italy,45.6156,9.28111,-4,0,Kevin Magnussen,8,0,0,0
24785,1038,20,6,17,20,0.0,6,23,2020,8,14,Italian Grand Prix,2020-09-06,Ferrari,Italian,Sebastian,Vettel,German,Brakes,Autodromo Nazionale di Monza,Monza,Italy,45.6156,9.28111,-3,0,Sebastian Vettel,8,0,0,0
24786,1039,1,131,1,1,26.0,59,1,2020,9,76,Tuscan Grand Prix,2020-09-13,Mercedes,German,Lewis,Hamilton,British,Finished,Autodromo Internazionale del Mugello,Mugello,Italy,43.9975,11.3719,0,1,Lewis Hamilton,9,1,1,1
24787,1039,822,131,2,2,18.0,59,1,2020,9,76,Tuscan Grand Prix,2020-09-13,Mercedes,German,Valtteri,Bottas,Finnish,Finished,Autodromo Internazionale del Mugello,Mugello,Italy,43.9975,11.3719,0,1,Valtteri Bottas,9,1,0,1
24788,1039,848,9,4,3,15.0,59,1,2020,9,76,Tuscan Grand Prix,2020-09-13,Red Bull,Austrian,Alexander,Albon,Thai,Finished,Autodromo Internazionale del Mugello,Mugello,Italy,43.9975,11.3719,1,1,Alexander Albon,9,1,0,1
24789,1039,817,4,8,4,12.0,59,1,2020,9,76,Tuscan Grand Prix,2020-09-13,Renault,French,Daniel,Ricciardo,Australian,Finished,Autodromo Internazionale del Mugello,Mugello,Italy,43.9975,11.3719,4,1,Daniel Ricciardo,9,0,0,1
24790,1039,815,211,7,5,10.0,59,1,2020,9,76,Tuscan Grand Prix,2020-09-13,Racing Point,British,Sergio,Pérez,Mexican,Finished,Autodromo Internazionale del Mugello,Mugello,Italy,43.9975,11.3719,2,1,Sergio Pérez,9,0,0,1
24791,1039,846,1,11,6,8.0,59,1,2020,9,76,Tuscan Grand Prix,2020-09-13,McLaren,British,Lando,Norris,British,Finished,Autodromo Internazionale del Mugello,Mugello,Italy,43.9975,11.3719,5,1,Lando Norris,9,0,0,1
24792,1039,826,213,12,7,6.0,59,1,2020,9,76,Tuscan Grand Prix,2020-09-13,AlphaTauri,Italian,Daniil,Kvyat,Russian,Finished,Autodromo Internazionale del Mugello,Mugello,Italy,43.9975,11.3719,5,1,Daniil Kvyat,9,0,0,1
24793,1039,844,6,5,8,4.0,59,1,2020,9,76,Tuscan Grand Prix,2020-09-13,Ferrari,Italian,Charles,Leclerc,Monegasque,Finished,Autodromo Internazionale del Mugello,Mugello,Italy,43.9975,11.3719,-3,1,Charles Leclerc,9,0,0,1
24794,1039,8,51,13,9,2.0,59,1,2020,9,76,Tuscan Grand Prix,2020-09-13,Alfa Romeo,Swiss,Kimi,Räikkönen,Finnish,Finished,Autodromo Internazionale del Mugello,Mugello,Italy,43.9975,11.3719,4,1,Kimi Räikkönen,9,0,0,1
24795,1039,20,6,14,10,1.0,59,1,2020,9,76,Tuscan Grand Prix,2020-09-13,Ferrari,Italian,Sebastian,Vettel,German,Finished,Autodromo Internazionale del Mugello,Mugello,Italy,43.9975,11.3719,4,1,Sebastian Vettel,9,0,0,1
24796,1039,847,3,18,11,0.0,59,1,2020,9,76,Tuscan Grand Prix,2020-09-13,Williams,British,George,Russell,British,Finished,Autodromo Internazionale del Mugello,Mugello,Italy,43.9975,11.3719,7,1,George Russell,9,0,0,0
24797,1039,154,210,15,12,0.0,59,1,2020,9,76,Tuscan Grand Prix,2020-09-13,Haas F1 Team,American,Romain,Grosjean,French,Finished,Autodromo Internazionale del Mugello,Mugello,Italy,43.9975,11.3719,3,1,Romain Grosjean,9,0,0,0
24798,1039,840,211,6,13,0.0,42,29,2020,9,76,Tuscan Grand Prix,2020-09-13,Racing Point,British,Lance,Stroll,Canadian,Puncture,Autodromo Internazionale del Mugello,Mugello,Italy,43.9975,11.3719,-7,0,Lance Stroll,9,0,0,0
24799,1039,839,4,10,14,0.0,7,23,2020,9,76,Tuscan Grand Prix,2020-09-13,Renault,French,Esteban,Ocon,French,Brakes,Autodromo Internazionale del Mugello,Mugello,Italy,43.9975,11.3719,-4,0,Esteban Ocon,9,0,0,0
24800,1039,849,3,19,15,0.0,6,4,2020,9,76,Tuscan Grand Prix,2020-09-13,Williams,British,Nicholas,Latifi,Canadian,Collision,Autodromo Internazionale del Mugello,Mugello,Italy,43.9975,11.3719,4,0,Nicholas Latifi,9,0,0,0
24801,1039,825,210,20,16,0.0,5,4,2020,9,76,Tuscan Grand Prix,2020-09-13,Haas F1 Team,American,Kevin,Magnussen,Danish,Collision,Autodromo Internazionale del Mugello,Mugello,Italy,43.9975,11.3719,4,0,Kevin Magnussen,9,0,0,0
24802,1039,841,51,17,17,0.0,5,4,2020,9,76,Tuscan Grand Prix,2020-09-13,Alfa Romeo,Swiss,Antonio,Giovinazzi,Italian,Collision,Autodromo Internazionale del Mugello,Mugello,Italy,43.9975,11.3719,0,0,Antonio Giovinazzi,9,0,0,0
24803,1039,832,1,9,18,0.0,5,4,2020,9,76,Tuscan Grand Prix,2020-09-13,McLaren,British,Carlos,Sainz,Spanish,Collision,Autodromo Internazionale del Mugello,Mugello,Italy,43.9975,11.3719,-9,0,Carlos Sainz,9,0,0,0
24804,1039,830,9,3,19,0.0,0,4,2020,9,76,Tuscan Grand Prix,2020-09-13,Red Bull,Austrian,Max,Verstappen,Dutch,Collision,Autodromo Internazionale del Mugello,Mugello,Italy,43.9975,11.3719,-16,0,Max Verstappen,9,0,0,0
24805,1039,842,213,16,20,0.0,0,4,2020,9,76,Tuscan Grand Prix,2020-09-13,AlphaTauri,Italian,Pierre,Gasly,French,Collision,Autodromo Internazionale del Mugello,Mugello,Italy,43.9975,11.3719,-4,0,Pierre Gasly,9,0,0,0
24806,1040,822,131,3,1,26.0,53,1,2020,10,71,Russian Grand Prix,2020-09-27,Mercedes,German,Valtteri,Bottas,Finnish,Finished,Sochi Autodrom,Sochi,Russia,43.4057,39.9578,2,1,Valtteri Bottas,10,1,1,1
24807,1040,830,9,2,2,18.0,53,1,2020,10,71,Russian Grand Prix,2020-09-27,Red Bull,Austrian,Max,Verstappen,Dutch,Finished,Sochi Autodrom,Sochi,Russia,43.4057,39.9578,0,1,Max Verstappen,10,1,0,1
24808,1040,1,131,1,3,15.0,53,1,2020,10,71,Russian Grand Prix,2020-09-27,Mercedes,German,Lewis,Hamilton,British,Finished,Sochi Autodrom,Sochi,Russia,43.4057,39.9578,-2,1,Lewis Hamilton,10,1,0,1
24809,1040,815,211,4,4,12.0,53,1,2020,10,71,Russian Grand Prix,2020-09-27,Racing Point,British,Sergio,Pérez,Mexican,Finished,Sochi Autodrom,Sochi,Russia,43.4057,39.9578,0,1,Sergio Pérez,10,0,0,1
24810,1040,817,4,5,5,10.0,53,1,2020,10,71,Russian Grand Prix,2020-09-27,Renault,French,Daniel,Ricciardo,Australian,Finished,Sochi Autodrom,Sochi,Russia,43.4057,39.9578,0,1,Daniel Ricciardo,10,0,0,1
24811,1040,844,6,10,6,8.0,53,1,2020,10,71,Russian Grand Prix,2020-09-27,Ferrari,Italian,Charles,Leclerc,Monegasque,Finished,Sochi Autodrom,Sochi,Russia,43.4057,39.9578,4,1,Charles Leclerc,10,0,0,1
24812,1040,839,4,7,7,6.0,53,1,2020,10,71,Russian Grand Prix,2020-09-27,Renault,French,Esteban,Ocon,French,Finished,Sochi Autodrom,Sochi,Russia,43.4057,39.9578,0,1,Esteban Ocon,10,0,0,1
24813,1040,826,213,11,8,4.0,53,1,2020,10,71,Russian Grand Prix,2020-09-27,AlphaTauri,Italian,Daniil,Kvyat,Russian,Finished,Sochi Autodrom,Sochi,Russia,43.4057,39.9578,3,1,Daniil Kvyat,10,0,0,1
24814,1040,842,213,9,9,2.0,53,1,2020,10,71,Russian Grand Prix,2020-09-27,AlphaTauri,Italian,Pierre,Gasly,French,Finished,Sochi Autodrom,Sochi,Russia,43.4057,39.9578,0,1,Pierre Gasly,10,0,0,1
24815,1040,848,9,15,10,1.0,53,1,2020,10,71,Russian Grand Prix,2020-09-27,Red Bull,Austrian,Alexander,Albon,Thai,Finished,Sochi Autodrom,Sochi,Russia,43.4057,39.9578,5,1,Alexander Albon,10,0,0,1
24816,1040,841,51,17,11,0.0,52,11,2020,10,71,Russian Grand Prix,2020-09-27,Alfa Romeo,Swiss,Antonio,Giovinazzi,Italian,+1 Lap,Sochi Autodrom,Sochi,Russia,43.4057,39.9578,6,1,Antonio Giovinazzi,10,0,0,0
24817,1040,825,210,18,12,0.0,52,11,2020,10,71,Russian Grand Prix,2020-09-27,Haas F1 Team,American,Kevin,Magnussen,Danish,+1 Lap,Sochi Autodrom,Sochi,Russia,43.4057,39.9578,6,1,Kevin Magnussen,10,0,0,0
24818,1040,20,6,14,13,0.0,52,11,2020,10,71,Russian Grand Prix,2020-09-27,Ferrari,Italian,Sebastian,Vettel,German,+1 Lap,Sochi Autodrom,Sochi,Russia,43.4057,39.9578,1,1,Sebastian Vettel,10,0,0,0
24819,1040,8,51,19,14,0.0,52,11,2020,10,71,Russian Grand Prix,2020-09-27,Alfa Romeo,Swiss,Kimi,Räikkönen,Finnish,+1 Lap,Sochi Autodrom,Sochi,Russia,43.4057,39.9578,5,1,Kimi Räikkönen,10,0,0,0
24820,1040,846,1,8,15,0.0,52,11,2020,10,71,Russian Grand Prix,2020-09-27,McLaren,British,Lando,Norris,British,+1 Lap,Sochi Autodrom,Sochi,Russia,43.4057,39.9578,-7,1,Lando Norris,10,0,0,0
24821,1040,849,3,20,16,0.0,52,11,2020,10,71,Russian Grand Prix,2020-09-27,Williams,British,Nicholas,Latifi,Canadian,+1 Lap,Sochi Autodrom,Sochi,Russia,43.4057,39.9578,4,1,Nicholas Latifi,10,0,0,0
24822,1040,154,210,16,17,0.0,52,11,2020,10,71,Russian Grand Prix,2020-09-27,Haas F1 Team,American,Romain,Grosjean,French,+1 Lap,Sochi Autodrom,Sochi,Russia,43.4057,39.9578,-1,1,Romain Grosjean,10,0,0,0
24823,1040,847,3,13,18,0.0,52,11,2020,10,71,Russian Grand Prix,2020-09-27,Williams,British,George,Russell,British,+1 Lap,Sochi Autodrom,Sochi,Russia,43.4057,39.9578,-5,1,George Russell,10,0,0,0
24824,1040,832,1,6,19,0.0,0,3,2020,10,71,Russian Grand Prix,2020-09-27,McLaren,British,Carlos,Sainz,Spanish,Accident,Sochi Autodrom,Sochi,Russia,43.4057,39.9578,-13,0,Carlos Sainz,10,0,0,0
24825,1040,840,211,12,20,0.0,0,4,2020,10,71,Russian Grand Prix,2020-09-27,Racing Point,British,Lance,Stroll,Canadian,Collision,Sochi Autodrom,Sochi,Russia,43.4057,39.9578,-8,0,Lance Stroll,10,0,0,0
24826,1041,1,131,2,1,25.0,60,1,2020,11,20,Eifel Grand Prix,2020-10-11,Mercedes,German,Lewis,Hamilton,British,Finished,Nürburgring,Nürburg,Germany,50.3356,6.9475,1,1,Lewis Hamilton,11,1,1,1
24827,1041,830,9,3,2,19.0,60,1,2020,11,20,Eifel Grand Prix,2020-10-11,Red Bull,Austrian,Max,Verstappen,Dutch,Finished,Nürburgring,Nürburg,Germany,50.3356,6.9475,1,1,Max Verstappen,11,1,0,1
24828,1041,817,4,6,3,15.0,60,1,2020,11,20,Eifel Grand Prix,2020-10-11,Renault,French,Daniel,Ricciardo,Australian,Finished,Nürburgring,Nürburg,Germany,50.3356,6.9475,3,1,Daniel Ricciardo,11,1,0,1
24829,1041,815,211,9,4,12.0,60,1,2020,11,20,Eifel Grand Prix,2020-10-11,Racing Point,British,Sergio,Pérez,Mexican,Finished,Nürburgring,Nürburg,Germany,50.3356,6.9475,5,1,Sergio Pérez,11,0,0,1
24830,1041,832,1,10,5,10.0,60,1,2020,11,20,Eifel Grand Prix,2020-10-11,McLaren,British,Carlos,Sainz,Spanish,Finished,Nürburgring,Nürburg,Germany,50.3356,6.9475,5,1,Carlos Sainz,11,0,0,1
24831,1041,842,213,12,6,8.0,60,1,2020,11,20,Eifel Grand Prix,2020-10-11,AlphaTauri,Italian,Pierre,Gasly,French,Finished,Nürburgring,Nürburg,Germany,50.3356,6.9475,6,1,Pierre Gasly,11,0,0,1
24832,1041,844,6,4,7,6.0,60,1,2020,11,20,Eifel Grand Prix,2020-10-11,Ferrari,Italian,Charles,Leclerc,Monegasque,Finished,Nürburgring,Nürburg,Germany,50.3356,6.9475,-3,1,Charles Leclerc,11,0,0,1
24833,1041,807,211,20,8,4.0,60,1,2020,11,20,Eifel Grand Prix,2020-10-11,Racing Point,British,Nico,Hülkenberg,German,Finished,Nürburgring,Nürburg,Germany,50.3356,6.9475,12,1,Nico Hülkenberg,11,0,0,1
24834,1041,154,210,16,9,2.0,60,1,2020,11,20,Eifel Grand Prix,2020-10-11,Haas F1 Team,American,Romain,Grosjean,French,Finished,Nürburgring,Nürburg,Germany,50.3356,6.9475,7,1,Romain Grosjean,11,0,0,1
24835,1041,841,51,14,10,1.0,60,1,2020,11,20,Eifel Grand Prix,2020-10-11,Alfa Romeo,Swiss,Antonio,Giovinazzi,Italian,Finished,Nürburgring,Nürburg,Germany,50.3356,6.9475,4,1,Antonio Giovinazzi,11,0,0,1
24836,1041,20,6,11,11,0.0,60,1,2020,11,20,Eifel Grand Prix,2020-10-11,Ferrari,Italian,Sebastian,Vettel,German,Finished,Nürburgring,Nürburg,Germany,50.3356,6.9475,0,1,Sebastian Vettel,11,0,0,0
24837,1041,8,51,19,12,0.0,60,1,2020,11,20,Eifel Grand Prix,2020-10-11,Alfa Romeo,Swiss,Kimi,Räikkönen,Finnish,Finished,Nürburgring,Nürburg,Germany,50.3356,6.9475,7,1,Kimi Räikkönen,11,0,0,0
24838,1041,825,210,15,13,0.0,60,1,2020,11,20,Eifel Grand Prix,2020-10-11,Haas F1 Team,American,Kevin,Magnussen,Danish,Finished,Nürburgring,Nürburg,Germany,50.3356,6.9475,2,1,Kevin Magnussen,11,0,0,0
24839,1041,849,3,18,14,0.0,60,1,2020,11,20,Eifel Grand Prix,2020-10-11,Williams,British,Nicholas,Latifi,Canadian,Finished,Nürburgring,Nürburg,Germany,50.3356,6.9475,4,1,Nicholas Latifi,11,0,0,0
24840,1041,826,213,13,15,0.0,60,1,2020,11,20,Eifel Grand Prix,2020-10-11,AlphaTauri,Italian,Daniil,Kvyat,Russian,Finished,Nürburgring,Nürburg,Germany,50.3356,6.9475,-2,1,Daniil Kvyat,11,0,0,0
24841,1041,846,1,8,16,0.0,42,131,2020,11,20,Eifel Grand Prix,2020-10-11,McLaren,British,Lando,Norris,British,Power Unit,Nürburgring,Nürburg,Germany,50.3356,6.9475,-8,0,Lando Norris,11,0,0,0
24842,1041,848,9,5,17,0.0,23,21,2020,11,20,Eifel Grand Prix,2020-10-11,Red Bull,Austrian,Alexander,Albon,Thai,Radiator,Nürburgring,Nürburg,Germany,50.3356,6.9475,-12,0,Alexander Albon,11,0,0,0
24843,1041,839,4,7,18,0.0,22,6,2020,11,20,Eifel Grand Prix,2020-10-11,Renault,French,Esteban,Ocon,French,Gearbox,Nürburgring,Nürburg,Germany,50.3356,6.9475,-11,0,Esteban Ocon,11,0,0,0
24844,1041,822,131,1,19,0.0,18,131,2020,11,20,Eifel Grand Prix,2020-10-11,Mercedes,German,Valtteri,Bottas,Finnish,Power Unit,Nürburgring,Nürburg,Germany,50.3356,6.9475,-18,0,Valtteri Bottas,11,0,0,0
24845,1041,847,3,17,20,0.0,12,4,2020,11,20,Eifel Grand Prix,2020-10-11,Williams,British,George,Russell,British,Collision,Nürburgring,Nürburg,Germany,50.3356,6.9475,-3,0,George Russell,11,0,0,0
24846,1042,1,131,1,1,26.0,66,1,2020,12,75,Portuguese Grand Prix,2020-10-25,Mercedes,German,Lewis,Hamilton,British,Finished,Autódromo Internacional do Algarve,Portimão,Portugal,37.227,-8.6267,0,1,Lewis Hamilton,12,1,1,1
24847,1042,822,131,2,2,18.0,66,1,2020,12,75,Portuguese Grand Prix,2020-10-25,Mercedes,German,Valtteri,Bottas,Finnish,Finished,Autódromo Internacional do Algarve,Portimão,Portugal,37.227,-8.6267,0,1,Valtteri Bottas,12,1,0,1
24848,1042,830,9,3,3,15.0,66,1,2020,12,75,Portuguese Grand Prix,2020-10-25,Red Bull,Austrian,Max,Verstappen,Dutch,Finished,Autódromo Internacional do Algarve,Portimão,Portugal,37.227,-8.6267,0,1,Max Verstappen,12,1,0,1
24849,1042,844,6,4,4,12.0,66,1,2020,12,75,Portuguese Grand Prix,2020-10-25,Ferrari,Italian,Charles,Leclerc,Monegasque,Finished,Autódromo Internacional do Algarve,Portimão,Portugal,37.227,-8.6267,0,1,Charles Leclerc,12,0,0,1
24850,1042,842,213,9,5,10.0,65,11,2020,12,75,Portuguese Grand Prix,2020-10-25,AlphaTauri,Italian,Pierre,Gasly,French,+1 Lap,Autódromo Internacional do Algarve,Portimão,Portugal,37.227,-8.6267,4,1,Pierre Gasly,12,0,0,1
24851,1042,832,1,7,6,8.0,65,11,2020,12,75,Portuguese Grand Prix,2020-10-25,McLaren,British,Carlos,Sainz,Spanish,+1 Lap,Autódromo Internacional do Algarve,Portimão,Portugal,37.227,-8.6267,1,1,Carlos Sainz,12,0,0,1
24852,1042,815,211,5,7,6.0,65,11,2020,12,75,Portuguese Grand Prix,2020-10-25,Racing Point,British,Sergio,Pérez,Mexican,+1 Lap,Autódromo Internacional do Algarve,Portimão,Portugal,37.227,-8.6267,-2,1,Sergio Pérez,12,0,0,1
24853,1042,839,4,11,8,4.0,65,11,2020,12,75,Portuguese Grand Prix,2020-10-25,Renault,French,Esteban,Ocon,French,+1 Lap,Autódromo Internacional do Algarve,Portimão,Portugal,37.227,-8.6267,3,1,Esteban Ocon,12,0,0,1
24854,1042,817,4,10,9,2.0,65,11,2020,12,75,Portuguese Grand Prix,2020-10-25,Renault,French,Daniel,Ricciardo,Australian,+1 Lap,Autódromo Internacional do Algarve,Portimão,Portugal,37.227,-8.6267,1,1,Daniel Ricciardo,12,0,0,1
24855,1042,20,6,15,10,1.0,65,11,2020,12,75,Portuguese Grand Prix,2020-10-25,Ferrari,Italian,Sebastian,Vettel,German,+1 Lap,Autódromo Internacional do Algarve,Portimão,Portugal,37.227,-8.6267,5,1,Sebastian Vettel,12,0,0,1
24856,1042,8,51,16,11,0.0,65,11,2020,12,75,Portuguese Grand Prix,2020-10-25,Alfa Romeo,Swiss,Kimi,Räikkönen,Finnish,+1 Lap,Autódromo Internacional do Algarve,Portimão,Portugal,37.227,-8.6267,5,1,Kimi Räikkönen,12,0,0,0
24857,1042,848,9,6,12,0.0,65,11,2020,12,75,Portuguese Grand Prix,2020-10-25,Red Bull,Austrian,Alexander,Albon,Thai,+1 Lap,Autódromo Internacional do Algarve,Portimão,Portugal,37.227,-8.6267,-6,1,Alexander Albon,12,0,0,0
24858,1042,846,1,8,13,0.0,65,11,2020,12,75,Portuguese Grand Prix,2020-10-25,McLaren,British,Lando,Norris,British,+1 Lap,Autódromo Internacional do Algarve,Portimão,Portugal,37.227,-8.6267,-5,1,Lando Norris,12,0,0,0
24859,1042,847,3,14,14,0.0,65,11,2020,12,75,Portuguese Grand Prix,2020-10-25,Williams,British,George,Russell,British,+1 Lap,Autódromo Internacional do Algarve,Portimão,Portugal,37.227,-8.6267,0,1,George Russell,12,0,0,0
24860,1042,841,51,17,15,0.0,65,11,2020,12,75,Portuguese Grand Prix,2020-10-25,Alfa Romeo,Swiss,Antonio,Giovinazzi,Italian,+1 Lap,Autódromo Internacional do Algarve,Portimão,Portugal,37.227,-8.6267,2,1,Antonio Giovinazzi,12,0,0,0
24861,1042,825,210,19,16,0.0,65,11,2020,12,75,Portuguese Grand Prix,2020-10-25,Haas F1 Team,American,Kevin,Magnussen,Danish,+1 Lap,Autódromo Internacional do Algarve,Portimão,Portugal,37.227,-8.6267,3,1,Kevin Magnussen,12,0,0,0
24862,1042,154,210,18,17,0.0,65,11,2020,12,75,Portuguese Grand Prix,2020-10-25,Haas F1 Team,American,Romain,Grosjean,French,+1 Lap,Autódromo Internacional do Algarve,Portimão,Portugal,37.227,-8.6267,1,1,Romain Grosjean,12,0,0,0
24863,1042,849,3,20,18,0.0,64,12,2020,12,75,Portuguese Grand Prix,2020-10-25,Williams,British,Nicholas,Latifi,Canadian,+2 Laps,Autódromo Internacional do Algarve,Portimão,Portugal,37.227,-8.6267,2,1,Nicholas Latifi,12,0,0,0
24864,1042,826,213,13,19,0.0,64,12,2020,12,75,Portuguese Grand Prix,2020-10-25,AlphaTauri,Italian,Daniil,Kvyat,Russian,+2 Laps,Autódromo Internacional do Algarve,Portimão,Portugal,37.227,-8.6267,-6,1,Daniil Kvyat,12,0,0,0
24865,1042,840,211,12,20,0.0,51,130,2020,12,75,Portuguese Grand Prix,2020-10-25,Racing Point,British,Lance,Stroll,Canadian,Collision damage,Autódromo Internacional do Algarve,Portimão,Portugal,37.227,-8.6267,-8,0,Lance Stroll,12,0,0,0
24866,1043,1,131,2,1,26.0,63,1,2020,13,21,Emilia Romagna Grand Prix,2020-11-01,Mercedes,German,Lewis,Hamilton,British,Finished,Autodromo Enzo e Dino Ferrari,Imola,Italy,44.3439,11.7167,1,1,Lewis Hamilton,13,1,1,1
24867,1043,822,131,1,2,18.0,63,1,2020,13,21,Emilia Romagna Grand Prix,2020-11-01,Mercedes,German,Valtteri,Bottas,Finnish,Finished,Autodromo Enzo e Dino Ferrari,Imola,Italy,44.3439,11.7167,-1,1,Valtteri Bottas,13,1,0,1
24868,1043,817,4,5,3,15.0,63,1,2020,13,21,Emilia Romagna Grand Prix,2020-11-01,Renault,French,Daniel,Ricciardo,Australian,Finished,Autodromo Enzo e Dino Ferrari,Imola,Italy,44.3439,11.7167,2,1,Daniel Ricciardo,13,1,0,1
24869,1043,826,213,8,4,12.0,63,1,2020,13,21,Emilia Romagna Grand Prix,2020-11-01,AlphaTauri,Italian,Daniil,Kvyat,Russian,Finished,Autodromo Enzo e Dino Ferrari,Imola,Italy,44.3439,11.7167,4,1,Daniil Kvyat,13,0,0,1
24870,1043,844,6,7,5,10.0,63,1,2020,13,21,Emilia Romagna Grand Prix,2020-11-01,Ferrari,Italian,Charles,Leclerc,Monegasque,Finished,Autodromo Enzo e Dino Ferrari,Imola,Italy,44.3439,11.7167,2,1,Charles Leclerc,13,0,0,1
24871,1043,815,211,11,6,8.0,63,1,2020,13,21,Emilia Romagna Grand Prix,2020-11-01,Racing Point,British,Sergio,Pérez,Mexican,Finished,Autodromo Enzo e Dino Ferrari,Imola,Italy,44.3439,11.7167,5,1,Sergio Pérez,13,0,0,1
24872,1043,832,1,10,7,6.0,63,1,2020,13,21,Emilia Romagna Grand Prix,2020-11-01,McLaren,British,Carlos,Sainz,Spanish,Finished,Autodromo Enzo e Dino Ferrari,Imola,Italy,44.3439,11.7167,3,1,Carlos Sainz,13,0,0,1
24873,1043,846,1,9,8,4.0,63,1,2020,13,21,Emilia Romagna Grand Prix,2020-11-01,McLaren,British,Lando,Norris,British,Finished,Autodromo Enzo e Dino Ferrari,Imola,Italy,44.3439,11.7167,1,1,Lando Norris,13,0,0,1
24874,1043,8,51,18,9,2.0,63,1,2020,13,21,Emilia Romagna Grand Prix,2020-11-01,Alfa Romeo,Swiss,Kimi,Räikkönen,Finnish,Finished,Autodromo Enzo e Dino Ferrari,Imola,Italy,44.3439,11.7167,9,1,Kimi Räikkönen,13,0,0,1
24875,1043,841,51,20,10,1.0,63,1,2020,13,21,Emilia Romagna Grand Prix,2020-11-01,Alfa Romeo,Swiss,Antonio,Giovinazzi,Italian,Finished,Autodromo Enzo e Dino Ferrari,Imola,Italy,44.3439,11.7167,10,1,Antonio Giovinazzi,13,0,0,1
24876,1043,849,3,19,11,0.0,63,1,2020,13,21,Emilia Romagna Grand Prix,2020-11-01,Williams,British,Nicholas,Latifi,Canadian,Finished,Autodromo Enzo e Dino Ferrari,Imola,Italy,44.3439,11.7167,8,1,Nicholas Latifi,13,0,0,0
24877,1043,20,6,14,12,0.0,63,1,2020,13,21,Emilia Romagna Grand Prix,2020-11-01,Ferrari,Italian,Sebastian,Vettel,German,Finished,Autodromo Enzo e Dino Ferrari,Imola,Italy,44.3439,11.7167,2,1,Sebastian Vettel,13,0,0,0
24878,1043,840,211,15,13,0.0,63,1,2020,13,21,Emilia Romagna Grand Prix,2020-11-01,Racing Point,British,Lance,Stroll,Canadian,Finished,Autodromo Enzo e Dino Ferrari,Imola,Italy,44.3439,11.7167,2,1,Lance Stroll,13,0,0,0
24879,1043,154,210,16,14,0.0,63,1,2020,13,21,Emilia Romagna Grand Prix,2020-11-01,Haas F1 Team,American,Romain,Grosjean,French,Finished,Autodromo Enzo e Dino Ferrari,Imola,Italy,44.3439,11.7167,2,1,Romain Grosjean,13,0,0,0
24880,1043,848,9,6,15,0.0,63,1,2020,13,21,Emilia Romagna Grand Prix,2020-11-01,Red Bull,Austrian,Alexander,Albon,Thai,Finished,Autodromo Enzo e Dino Ferrari,Imola,Italy,44.3439,11.7167,-9,1,Alexander Albon,13,0,0,0
24881,1043,847,3,13,16,0.0,51,3,2020,13,21,Emilia Romagna Grand Prix,2020-11-01,Williams,British,George,Russell,British,Accident,Autodromo Enzo e Dino Ferrari,Imola,Italy,44.3439,11.7167,-3,0,George Russell,13,0,0,0
24882,1043,830,9,3,17,0.0,50,29,2020,13,21,Emilia Romagna Grand Prix,2020-11-01,Red Bull,Austrian,Max,Verstappen,Dutch,Puncture,Autodromo Enzo e Dino Ferrari,Imola,Italy,44.3439,11.7167,-14,0,Max Verstappen,13,0,0,0
24883,1043,825,210,17,18,0.0,47,139,2020,13,21,Emilia Romagna Grand Prix,2020-11-01,Haas F1 Team,American,Kevin,Magnussen,Danish,Illness,Autodromo Enzo e Dino Ferrari,Imola,Italy,44.3439,11.7167,-1,0,Kevin Magnussen,13,0,0,0
24884,1043,839,4,12,19,0.0,27,6,2020,13,21,Emilia Romagna Grand Prix,2020-11-01,Renault,French,Esteban,Ocon,French,Gearbox,Autodromo Enzo e Dino Ferrari,Imola,Italy,44.3439,11.7167,-7,0,Esteban Ocon,13,0,0,0
24885,1043,842,213,4,20,0.0,8,34,2020,13,21,Emilia Romagna Grand Prix,2020-11-01,AlphaTauri,Italian,Pierre,Gasly,French,Water pressure,Autodromo Enzo e Dino Ferrari,Imola,Italy,44.3439,11.7167,-16,0,Pierre Gasly,13,0,0,0
24886,1044,1,131,6,1,25.0,58,1,2020,14,5,Turkish Grand Prix,2020-11-15,Mercedes,German,Lewis,Hamilton,British,Finished,Istanbul Park,Istanbul,Turkey,40.9517,29.405,5,1,Lewis Hamilton,14,1,1,1
24887,1044,815,211,3,2,18.0,58,1,2020,14,5,Turkish Grand Prix,2020-11-15,Racing Point,British,Sergio,Pérez,Mexican,Finished,Istanbul Park,Istanbul,Turkey,40.9517,29.405,1,1,Sergio Pérez,14,1,0,1
24888,1044,20,6,11,3,15.0,58,1,2020,14,5,Turkish Grand Prix,2020-11-15,Ferrari,Italian,Sebastian,Vettel,German,Finished,Istanbul Park,Istanbul,Turkey,40.9517,29.405,8,1,Sebastian Vettel,14,1,0,1
24889,1044,844,6,12,4,12.0,58,1,2020,14,5,Turkish Grand Prix,2020-11-15,Ferrari,Italian,Charles,Leclerc,Monegasque,Finished,Istanbul Park,Istanbul,Turkey,40.9517,29.405,8,1,Charles Leclerc,14,0,0,1
24890,1044,832,1,15,5,10.0,58,1,2020,14,5,Turkish Grand Prix,2020-11-15,McLaren,British,Carlos,Sainz,Spanish,Finished,Istanbul Park,Istanbul,Turkey,40.9517,29.405,10,1,Carlos Sainz,14,0,0,1
24891,1044,830,9,2,6,8.0,58,1,2020,14,5,Turkish Grand Prix,2020-11-15,Red Bull,Austrian,Max,Verstappen,Dutch,Finished,Istanbul Park,Istanbul,Turkey,40.9517,29.405,-4,1,Max Verstappen,14,0,0,1
24892,1044,848,9,4,7,6.0,58,1,2020,14,5,Turkish Grand Prix,2020-11-15,Red Bull,Austrian,Alexander,Albon,Thai,Finished,Istanbul Park,Istanbul,Turkey,40.9517,29.405,-3,1,Alexander Albon,14,0,0,1
24893,1044,846,1,14,8,5.0,58,1,2020,14,5,Turkish Grand Prix,2020-11-15,McLaren,British,Lando,Norris,British,Finished,Istanbul Park,Istanbul,Turkey,40.9517,29.405,6,1,Lando Norris,14,0,0,1
24894,1044,840,211,1,9,2.0,58,1,2020,14,5,Turkish Grand Prix,2020-11-15,Racing Point,British,Lance,Stroll,Canadian,Finished,Istanbul Park,Istanbul,Turkey,40.9517,29.405,-8,1,Lance Stroll,14,0,0,1
24895,1044,817,4,5,10,1.0,58,1,2020,14,5,Turkish Grand Prix,2020-11-15,Renault,French,Daniel,Ricciardo,Australian,Finished,Istanbul Park,Istanbul,Turkey,40.9517,29.405,-5,1,Daniel Ricciardo,14,0,0,1
24896,1044,839,4,7,11,0.0,57,11,2020,14,5,Turkish Grand Prix,2020-11-15,Renault,French,Esteban,Ocon,French,+1 Lap,Istanbul Park,Istanbul,Turkey,40.9517,29.405,-4,1,Esteban Ocon,14,0,0,0
24897,1044,826,213,16,12,0.0,57,11,2020,14,5,Turkish Grand Prix,2020-11-15,AlphaTauri,Italian,Daniil,Kvyat,Russian,+1 Lap,Istanbul Park,Istanbul,Turkey,40.9517,29.405,4,1,Daniil Kvyat,14,0,0,0
24898,1044,842,213,19,13,0.0,57,11,2020,14,5,Turkish Grand Prix,2020-11-15,AlphaTauri,Italian,Pierre,Gasly,French,+1 Lap,Istanbul Park,Istanbul,Turkey,40.9517,29.405,6,1,Pierre Gasly,14,0,0,0
24899,1044,822,131,9,14,0.0,57,11,2020,14,5,Turkish Grand Prix,2020-11-15,Mercedes,German,Valtteri,Bottas,Finnish,+1 Lap,Istanbul Park,Istanbul,Turkey,40.9517,29.405,-5,1,Valtteri Bottas,14,0,0,0
24900,1044,8,51,8,15,0.0,57,11,2020,14,5,Turkish Grand Prix,2020-11-15,Alfa Romeo,Swiss,Kimi,Räikkönen,Finnish,+1 Lap,Istanbul Park,Istanbul,Turkey,40.9517,29.405,-7,1,Kimi Räikkönen,14,0,0,0
24901,1044,847,3,0,16,0.0,57,11,2020,14,5,Turkish Grand Prix,2020-11-15,Williams,British,George,Russell,British,+1 Lap,Istanbul Park,Istanbul,Turkey,40.9517,29.405,-16,1,George Russell,14,0,0,0
24902,1044,825,210,13,17,0.0,55,54,2020,14,5,Turkish Grand Prix,2020-11-15,Haas F1 Team,American,Kevin,Magnussen,Danish,Withdrew,Istanbul Park,Istanbul,Turkey,40.9517,29.405,-4,0,Kevin Magnussen,14,0,0,0
24903,1044,154,210,17,18,0.0,49,130,2020,14,5,Turkish Grand Prix,2020-11-15,Haas F1 Team,American,Romain,Grosjean,French,Collision damage,Istanbul Park,Istanbul,Turkey,40.9517,29.405,-1,0,Romain Grosjean,14,0,0,0
24904,1044,849,3,0,19,0.0,39,130,2020,14,5,Turkish Grand Prix,2020-11-15,Williams,British,Nicholas,Latifi,Canadian,Collision damage,Istanbul Park,Istanbul,Turkey,40.9517,29.405,-19,0,Nicholas Latifi,14,0,0,0
24905,1044,841,51,10,20,0.0,11,6,2020,14,5,Turkish Grand Prix,2020-11-15,Alfa Romeo,Swiss,Antonio,Giovinazzi,Italian,Gearbox,Istanbul Park,Istanbul,Turkey,40.9517,29.405,-10,0,Antonio Giovinazzi,14,0,0,0
24906,1045,1,131,1,1,25.0,57,1,2020,15,3,Bahrain Grand Prix,2020-11-29,Mercedes,German,Lewis,Hamilton,British,Finished,Bahrain International Circuit,Sakhir,Bahrain,26.0325,50.5106,0,1,Lewis Hamilton,15,1,1,1
24907,1045,830,9,3,2,19.0,57,1,2020,15,3,Bahrain Grand Prix,2020-11-29,Red Bull,Austrian,Max,Verstappen,Dutch,Finished,Bahrain International Circuit,Sakhir,Bahrain,26.0325,50.5106,1,1,Max Verstappen,15,1,0,1
24908,1045,848,9,4,3,15.0,57,1,2020,15,3,Bahrain Grand Prix,2020-11-29,Red Bull,Austrian,Alexander,Albon,Thai,Finished,Bahrain International Circuit,Sakhir,Bahrain,26.0325,50.5106,1,1,Alexander Albon,15,1,0,1
24909,1045,846,1,9,4,12.0,57,1,2020,15,3,Bahrain Grand Prix,2020-11-29,McLaren,British,Lando,Norris,British,Finished,Bahrain International Circuit,Sakhir,Bahrain,26.0325,50.5106,5,1,Lando Norris,15,0,0,1
24910,1045,832,1,15,5,10.0,57,1,2020,15,3,Bahrain Grand Prix,2020-11-29,McLaren,British,Carlos,Sainz,Spanish,Finished,Bahrain International Circuit,Sakhir,Bahrain,26.0325,50.5106,10,1,Carlos Sainz,15,0,0,1
24911,1045,842,213,8,6,8.0,57,1,2020,15,3,Bahrain Grand Prix,2020-11-29,AlphaTauri,Italian,Pierre,Gasly,French,Finished,Bahrain International Circuit,Sakhir,Bahrain,26.0325,50.5106,2,1,Pierre Gasly,15,0,0,1
24912,1045,817,4,6,7,6.0,57,1,2020,15,3,Bahrain Grand Prix,2020-11-29,Renault,French,Daniel,Ricciardo,Australian,Finished,Bahrain International Circuit,Sakhir,Bahrain,26.0325,50.5106,-1,1,Daniel Ricciardo,15,0,0,1
24913,1045,822,131,2,8,4.0,57,1,2020,15,3,Bahrain Grand Prix,2020-11-29,Mercedes,German,Valtteri,Bottas,Finnish,Finished,Bahrain International Circuit,Sakhir,Bahrain,26.0325,50.5106,-6,1,Valtteri Bottas,15,0,0,1
24914,1045,839,4,7,9,2.0,57,1,2020,15,3,Bahrain Grand Prix,2020-11-29,Renault,French,Esteban,Ocon,French,Finished,Bahrain International Circuit,Sakhir,Bahrain,26.0325,50.5106,-2,1,Esteban Ocon,15,0,0,1
24915,1045,844,6,12,10,1.0,56,11,2020,15,3,Bahrain Grand Prix,2020-11-29,Ferrari,Italian,Charles,Leclerc,Monegasque,+1 Lap,Bahrain International Circuit,Sakhir,Bahrain,26.0325,50.5106,2,1,Charles Leclerc,15,0,0,1
24916,1045,826,213,10,11,0.0,56,11,2020,15,3,Bahrain Grand Prix,2020-11-29,AlphaTauri,Italian,Daniil,Kvyat,Russian,+1 Lap,Bahrain International Circuit,Sakhir,Bahrain,26.0325,50.5106,-1,1,Daniil Kvyat,15,0,0,0
24917,1045,847,3,14,12,0.0,56,11,2020,15,3,Bahrain Grand Prix,2020-11-29,Williams,British,George,Russell,British,+1 Lap,Bahrain International Circuit,Sakhir,Bahrain,26.0325,50.5106,2,1,George Russell,15,0,0,0
24918,1045,20,6,11,13,0.0,56,11,2020,15,3,Bahrain Grand Prix,2020-11-29,Ferrari,Italian,Sebastian,Vettel,German,+1 Lap,Bahrain International Circuit,Sakhir,Bahrain,26.0325,50.5106,-2,1,Sebastian Vettel,15,0,0,0
24919,1045,849,3,20,14,0.0,56,11,2020,15,3,Bahrain Grand Prix,2020-11-29,Williams,British,Nicholas,Latifi,Canadian,+1 Lap,Bahrain International Circuit,Sakhir,Bahrain,26.0325,50.5106,6,1,Nicholas Latifi,15,0,0,0
24920,1045,8,51,17,15,0.0,56,11,2020,15,3,Bahrain Grand Prix,2020-11-29,Alfa Romeo,Swiss,Kimi,Räikkönen,Finnish,+1 Lap,Bahrain International Circuit,Sakhir,Bahrain,26.0325,50.5106,2,1,Kimi Räikkönen,15,0,0,0
24921,1045,841,51,16,16,0.0,56,11,2020,15,3,Bahrain Grand Prix,2020-11-29,Alfa Romeo,Swiss,Antonio,Giovinazzi,Italian,+1 Lap,Bahrain International Circuit,Sakhir,Bahrain,26.0325,50.5106,0,1,Antonio Giovinazzi,15,0,0,0
24922,1045,825,210,18,17,0.0,56,11,2020,15,3,Bahrain Grand Prix,2020-11-29,Haas F1 Team,American,Kevin,Magnussen,Danish,+1 Lap,Bahrain International Circuit,Sakhir,Bahrain,26.0325,50.5106,1,1,Kevin Magnussen,15,0,0,0
24923,1045,815,211,5,18,0.0,53,5,2020,15,3,Bahrain Grand Prix,2020-11-29,Racing Point,British,Sergio,Pérez,Mexican,Engine,Bahrain International Circuit,Sakhir,Bahrain,26.0325,50.5106,-13,0,Sergio Pérez,15,0,0,0
24924,1045,840,211,13,19,0.0,2,4,2020,15,3,Bahrain Grand Prix,2020-11-29,Racing Point,British,Lance,Stroll,Canadian,Collision,Bahrain International Circuit,Sakhir,Bahrain,26.0325,50.5106,-6,0,Lance Stroll,15,0,0,0
24925,1045,154,210,19,20,0.0,0,4,2020,15,3,Bahrain Grand Prix,2020-11-29,Haas F1 Team,American,Romain,Grosjean,French,Collision,Bahrain International Circuit,Sakhir,Bahrain,26.0325,50.5106,-1,0,Romain Grosjean,15,0,0,0
24926,1046,815,211,5,1,25.0,87,1,2020,16,3,Sakhir Grand Prix,2020-12-06,Racing Point,British,Sergio,Pérez,Mexican,Finished,Bahrain International Circuit,Sakhir,Bahrain,26.0325,50.5106,4,1,Sergio Pérez,16,1,1,1
24927,1046,839,4,11,2,18.0,87,1,2020,16,3,Sakhir Grand Prix,2020-12-06,Renault,French,Esteban,Ocon,French,Finished,Bahrain International Circuit,Sakhir,Bahrain,26.0325,50.5106,9,1,Esteban Ocon,16,1,0,1
24928,1046,840,211,10,3,15.0,87,1,2020,16,3,Sakhir Grand Prix,2020-12-06,Racing Point,British,Lance,Stroll,Canadian,Finished,Bahrain International Circuit,Sakhir,Bahrain,26.0325,50.5106,7,1,Lance Stroll,16,1,0,1
24929,1046,832,1,8,4,12.0,87,1,2020,16,3,Sakhir Grand Prix,2020-12-06,McLaren,British,Carlos,Sainz,Spanish,Finished,Bahrain International Circuit,Sakhir,Bahrain,26.0325,50.5106,4,1,Carlos Sainz,16,0,0,1
24930,1046,817,4,7,5,10.0,87,1,2020,16,3,Sakhir Grand Prix,2020-12-06,Renault,French,Daniel,Ricciardo,Australian,Finished,Bahrain International Circuit,Sakhir,Bahrain,26.0325,50.5106,2,1,Daniel Ricciardo,16,0,0,1
24931,1046,848,9,12,6,8.0,87,1,2020,16,3,Sakhir Grand Prix,2020-12-06,Red Bull,Austrian,Alexander,Albon,Thai,Finished,Bahrain International Circuit,Sakhir,Bahrain,26.0325,50.5106,6,1,Alexander Albon,16,0,0,1
24932,1046,826,213,6,7,6.0,87,1,2020,16,3,Sakhir Grand Prix,2020-12-06,AlphaTauri,Italian,Daniil,Kvyat,Russian,Finished,Bahrain International Circuit,Sakhir,Bahrain,26.0325,50.5106,-1,1,Daniil Kvyat,16,0,0,1
24933,1046,822,131,1,8,4.0,87,1,2020,16,3,Sakhir Grand Prix,2020-12-06,Mercedes,German,Valtteri,Bottas,Finnish,Finished,Bahrain International Circuit,Sakhir,Bahrain,26.0325,50.5106,-7,1,Valtteri Bottas,16,0,0,1
24934,1046,847,131,2,9,3.0,87,1,2020,16,3,Sakhir Grand Prix,2020-12-06,Mercedes,German,George,Russell,British,Finished,Bahrain International Circuit,Sakhir,Bahrain,26.0325,50.5106,-7,1,George Russell,16,0,0,1
24935,1046,846,1,19,10,1.0,87,1,2020,16,3,Sakhir Grand Prix,2020-12-06,McLaren,British,Lando,Norris,British,Finished,Bahrain International Circuit,Sakhir,Bahrain,26.0325,50.5106,9,1,Lando Norris,16,0,0,1
24936,1046,842,213,9,11,0.0,87,1,2020,16,3,Sakhir Grand Prix,2020-12-06,AlphaTauri,Italian,Pierre,Gasly,French,Finished,Bahrain International Circuit,Sakhir,Bahrain,26.0325,50.5106,-2,1,Pierre Gasly,16,0,0,0
24937,1046,20,6,13,12,0.0,87,1,2020,16,3,Sakhir Grand Prix,2020-12-06,Ferrari,Italian,Sebastian,Vettel,German,Finished,Bahrain International Circuit,Sakhir,Bahrain,26.0325,50.5106,1,1,Sebastian Vettel,16,0,0,0
24938,1046,841,51,14,13,0.0,87,1,2020,16,3,Sakhir Grand Prix,2020-12-06,Alfa Romeo,Swiss,Antonio,Giovinazzi,Italian,Finished,Bahrain International Circuit,Sakhir,Bahrain,26.0325,50.5106,1,1,Antonio Giovinazzi,16,0,0,0
24939,1046,8,51,18,14,0.0,87,1,2020,16,3,Sakhir Grand Prix,2020-12-06,Alfa Romeo,Swiss,Kimi,Räikkönen,Finnish,Finished,Bahrain International Circuit,Sakhir,Bahrain,26.0325,50.5106,4,1,Kimi Räikkönen,16,0,0,0
24940,1046,825,210,15,15,0.0,87,1,2020,16,3,Sakhir Grand Prix,2020-12-06,Haas F1 Team,American,Kevin,Magnussen,Danish,Finished,Bahrain International Circuit,Sakhir,Bahrain,26.0325,50.5106,0,1,Kevin Magnussen,16,0,0,0
24941,1046,851,3,17,16,0.0,87,1,2020,16,3,Sakhir Grand Prix,2020-12-06,Williams,British,Jack,Aitken,British,Finished,Bahrain International Circuit,Sakhir,Bahrain,26.0325,50.5106,1,1,Jack Aitken,16,0,0,0
24942,1046,850,210,20,17,0.0,87,1,2020,16,3,Sakhir Grand Prix,2020-12-06,Haas F1 Team,American,Pietro,Fittipaldi,Brazilian,Finished,Bahrain International Circuit,Sakhir,Bahrain,26.0325,50.5106,3,1,Pietro Fittipaldi,16,0,0,0
24943,1046,849,3,16,18,0.0,52,5,2020,16,3,Sakhir Grand Prix,2020-12-06,Williams,British,Nicholas,Latifi,Canadian,Engine,Bahrain International Circuit,Sakhir,Bahrain,26.0325,50.5106,-2,0,Nicholas Latifi,16,0,0,0
24944,1046,830,9,3,19,0.0,0,3,2020,16,3,Sakhir Grand Prix,2020-12-06,Red Bull,Austrian,Max,Verstappen,Dutch,Accident,Bahrain International Circuit,Sakhir,Bahrain,26.0325,50.5106,-16,0,Max Verstappen,16,0,0,0
24945,1046,844,6,4,20,0.0,0,4,2020,16,3,Sakhir Grand Prix,2020-12-06,Ferrari,Italian,Charles,Leclerc,Monegasque,Collision,Bahrain International Circuit,Sakhir,Bahrain,26.0325,50.5106,-16,0,Charles Leclerc,16,0,0,0
24946,1047,830,9,1,1,25.0,55,1,2020,17,24,Abu Dhabi Grand Prix,2020-12-13,Red Bull,Austrian,Max,Verstappen,Dutch,Finished,Yas Marina Circuit,Abu Dhabi,UAE,24.4672,54.6031,0,1,Max Verstappen,17,1,1,1
24947,1047,822,131,2,2,18.0,55,1,2020,17,24,Abu Dhabi Grand Prix,2020-12-13,Mercedes,German,Valtteri,Bottas,Finnish,Finished,Yas Marina Circuit,Abu Dhabi,UAE,24.4672,54.6031,0,1,Valtteri Bottas,17,1,0,1
24948,1047,1,131,3,3,15.0,55,1,2020,17,24,Abu Dhabi Grand Prix,2020-12-13,Mercedes,German,Lewis,Hamilton,British,Finished,Yas Marina Circuit,Abu Dhabi,UAE,24.4672,54.6031,0,1,Lewis Hamilton,17,1,0,1
24949,1047,848,9,5,4,12.0,55,1,2020,17,24,Abu Dhabi Grand Prix,2020-12-13,Red Bull,Austrian,Alexander,Albon,Thai,Finished,Yas Marina Circuit,Abu Dhabi,UAE,24.4672,54.6031,1,1,Alexander Albon,17,0,0,1
24950,1047,846,1,4,5,10.0,55,1,2020,17,24,Abu Dhabi Grand Prix,2020-12-13,McLaren,British,Lando,Norris,British,Finished,Yas Marina Circuit,Abu Dhabi,UAE,24.4672,54.6031,-1,1,Lando Norris,17,0,0,1
24951,1047,832,1,6,6,8.0,55,1,2020,17,24,Abu Dhabi Grand Prix,2020-12-13,McLaren,British,Carlos,Sainz,Spanish,Finished,Yas Marina Circuit,Abu Dhabi,UAE,24.4672,54.6031,0,1,Carlos Sainz,17,0,0,1
24952,1047,817,4,11,7,7.0,55,1,2020,17,24,Abu Dhabi Grand Prix,2020-12-13,Renault,French,Daniel,Ricciardo,Australian,Finished,Yas Marina Circuit,Abu Dhabi,UAE,24.4672,54.6031,4,1,Daniel Ricciardo,17,0,0,1
24953,1047,842,213,9,8,4.0,55,1,2020,17,24,Abu Dhabi Grand Prix,2020-12-13,AlphaTauri,Italian,Pierre,Gasly,French,Finished,Yas Marina Circuit,Abu Dhabi,UAE,24.4672,54.6031,1,1,Pierre Gasly,17,0,0,1
24954,1047,839,4,10,9,2.0,55,1,2020,17,24,Abu Dhabi Grand Prix,2020-12-13,Renault,French,Esteban,Ocon,French,Finished,Yas Marina Circuit,Abu Dhabi,UAE,24.4672,54.6031,1,1,Esteban Ocon,17,0,0,1
24955,1047,840,211,8,10,1.0,55,1,2020,17,24,Abu Dhabi Grand Prix,2020-12-13,Racing Point,British,Lance,Stroll,Canadian,Finished,Yas Marina Circuit,Abu Dhabi,UAE,24.4672,54.6031,-2,1,Lance Stroll,17,0,0,1
24956,1047,826,213,7,11,0.0,54,11,2020,17,24,Abu Dhabi Grand Prix,2020-12-13,AlphaTauri,Italian,Daniil,Kvyat,Russian,+1 Lap,Yas Marina Circuit,Abu Dhabi,UAE,24.4672,54.6031,-4,1,Daniil Kvyat,17,0,0,0
24957,1047,8,51,15,12,0.0,54,11,2020,17,24,Abu Dhabi Grand Prix,2020-12-13,Alfa Romeo,Swiss,Kimi,Räikkönen,Finnish,+1 Lap,Yas Marina Circuit,Abu Dhabi,UAE,24.4672,54.6031,3,1,Kimi Räikkönen,17,0,0,0
24958,1047,844,6,12,13,0.0,54,11,2020,17,24,Abu Dhabi Grand Prix,2020-12-13,Ferrari,Italian,Charles,Leclerc,Monegasque,+1 Lap,Yas Marina Circuit,Abu Dhabi,UAE,24.4672,54.6031,-1,1,Charles Leclerc,17,0,0,0
24959,1047,20,6,13,14,0.0,54,11,2020,17,24,Abu Dhabi Grand Prix,2020-12-13,Ferrari,Italian,Sebastian,Vettel,German,+1 Lap,Yas Marina Circuit,Abu Dhabi,UAE,24.4672,54.6031,-1,1,Sebastian Vettel,17,0,0,0
24960,1047,847,3,16,15,0.0,54,11,2020,17,24,Abu Dhabi Grand Prix,2020-12-13,Williams,British,George,Russell,British,+1 Lap,Yas Marina Circuit,Abu Dhabi,UAE,24.4672,54.6031,1,1,George Russell,17,0,0,0
24961,1047,841,51,14,16,0.0,54,11,2020,17,24,Abu Dhabi Grand Prix,2020-12-13,Alfa Romeo,Swiss,Antonio,Giovinazzi,Italian,+1 Lap,Yas Marina Circuit,Abu Dhabi,UAE,24.4672,54.6031,-2,1,Antonio Giovinazzi,17,0,0,0
24962,1047,849,3,18,17,0.0,54,11,2020,17,24,Abu Dhabi Grand Prix,2020-12-13,Williams,British,Nicholas,Latifi,Canadian,+1 Lap,Yas Marina Circuit,Abu Dhabi,UAE,24.4672,54.6031,1,1,Nicholas Latifi,17,0,0,0
24963,1047,825,210,20,18,0.0,54,11,2020,17,24,Abu Dhabi Grand Prix,2020-12-13,Haas F1 Team,American,Kevin,Magnussen,Danish,+1 Lap,Yas Marina Circuit,Abu Dhabi,UAE,24.4672,54.6031,2,1,Kevin Magnussen,17,0,0,0
24964,1047,850,210,17,19,0.0,53,12,2020,17,24,Abu Dhabi Grand Prix,2020-12-13,Haas F1 Team,American,Pietro,Fittipaldi,Brazilian,+2 Laps,Yas Marina Circuit,Abu Dhabi,UAE,24.4672,54.6031,-2,1,Pietro Fittipaldi,17,0,0,0
24965,1047,815,211,19,20,0.0,8,7,2020,17,24,Abu Dhabi Grand Prix,2020-12-13,Racing Point,British,Sergio,Pérez,Mexican,Transmission,Yas Marina Circuit,Abu Dhabi,UAE,24.4672,54.6031,-1,0,Sergio Pérez,17,0,0,0
24966,1052,1,131,2,1,25.0,56,1,2021,1,3,Bahrain Grand Prix,2021-03-28,Mercedes,German,Lewis,Hamilton,British,Finished,Bahrain International Circuit,Sakhir,Bahrain,26.0325,50.5106,1,1,Lewis Hamilton,1,1,1,1
24967,1052,830,9,1,2,18.0,56,1,2021,1,3,Bahrain Grand Prix,2021-03-28,Red Bull,Austrian,Max,Verstappen,Dutch,Finished,Bahrain International Circuit,Sakhir,Bahrain,26.0325,50.5106,-1,1,Max Verstappen,1,1,0,1
24968,1052,822,131,3,3,16.0,56,1,2021,1,3,Bahrain Grand Prix,2021-03-28,Mercedes,German,Valtteri,Bottas,Finnish,Finished,Bahrain International Circuit,Sakhir,Bahrain,26.0325,50.5106,0,1,Valtteri Bottas,1,1,0,1
24969,1052,846,1,7,4,12.0,56,1,2021,1,3,Bahrain Grand Prix,2021-03-28,McLaren,British,Lando,Norris,British,Finished,Bahrain International Circuit,Sakhir,Bahrain,26.0325,50.5106,3,1,Lando Norris,1,0,0,1
24970,1052,815,9,0,5,10.0,56,1,2021,1,3,Bahrain Grand Prix,2021-03-28,Red Bull,Austrian,Sergio,Pérez,Mexican,Finished,Bahrain International Circuit,Sakhir,Bahrain,26.0325,50.5106,-5,1,Sergio Pérez,1,0,0,1
24971,1052,844,6,4,6,8.0,56,1,2021,1,3,Bahrain Grand Prix,2021-03-28,Ferrari,Italian,Charles,Leclerc,Monegasque,Finished,Bahrain International Circuit,Sakhir,Bahrain,26.0325,50.5106,-2,1,Charles Leclerc,1,0,0,1
24972,1052,817,1,6,7,6.0,56,1,2021,1,3,Bahrain Grand Prix,2021-03-28,McLaren,British,Daniel,Ricciardo,Australian,Finished,Bahrain International Circuit,Sakhir,Bahrain,26.0325,50.5106,-1,1,Daniel Ricciardo,1,0,0,1
24973,1052,832,6,8,8,4.0,56,1,2021,1,3,Bahrain Grand Prix,2021-03-28,Ferrari,Italian,Carlos,Sainz,Spanish,Finished,Bahrain International Circuit,Sakhir,Bahrain,26.0325,50.5106,0,1,Carlos Sainz,1,0,0,1
24974,1052,852,213,13,9,2.0,56,1,2021,1,3,Bahrain Grand Prix,2021-03-28,AlphaTauri,Italian,Yuki,Tsunoda,Japanese,Finished,Bahrain International Circuit,Sakhir,Bahrain,26.0325,50.5106,4,1,Yuki Tsunoda,1,0,0,1
24975,1052,840,117,10,10,1.0,56,1,2021,1,3,Bahrain Grand Prix,2021-03-28,Aston Martin,British,Lance,Stroll,Canadian,Finished,Bahrain International Circuit,Sakhir,Bahrain,26.0325,50.5106,0,1,Lance Stroll,1,0,0,1
24976,1052,8,51,14,11,0.0,56,1,2021,1,3,Bahrain Grand Prix,2021-03-28,Alfa Romeo,Swiss,Kimi,Räikkönen,Finnish,Finished,Bahrain International Circuit,Sakhir,Bahrain,26.0325,50.5106,3,1,Kimi Räikkönen,1,0,0,0
24977,1052,841,51,12,12,0.0,55,11,2021,1,3,Bahrain Grand Prix,2021-03-28,Alfa Romeo,Swiss,Antonio,Giovinazzi,Italian,+1 Lap,Bahrain International Circuit,Sakhir,Bahrain,26.0325,50.5106,0,1,Antonio Giovinazzi,1,0,0,0
24978,1052,839,214,16,13,0.0,55,11,2021,1,3,Bahrain Grand Prix,2021-03-28,Alpine F1 Team,French,Esteban,Ocon,French,+1 Lap,Bahrain International Circuit,Sakhir,Bahrain,26.0325,50.5106,3,1,Esteban Ocon,1,0,0,0
24979,1052,847,3,15,14,0.0,55,11,2021,1,3,Bahrain Grand Prix,2021-03-28,Williams,British,George,Russell,British,+1 Lap,Bahrain International Circuit,Sakhir,Bahrain,26.0325,50.5106,1,1,George Russell,1,0,0,0
24980,1052,20,117,20,15,0.0,55,11,2021,1,3,Bahrain Grand Prix,2021-03-28,Aston Martin,British,Sebastian,Vettel,German,+1 Lap,Bahrain International Circuit,Sakhir,Bahrain,26.0325,50.5106,5,1,Sebastian Vettel,1,0,0,0
24981,1052,854,210,18,16,0.0,55,11,2021,1,3,Bahrain Grand Prix,2021-03-28,Haas F1 Team,American,Mick,Schumacher,German,+1 Lap,Bahrain International Circuit,Sakhir,Bahrain,26.0325,50.5106,2,1,Mick Schumacher,1,0,0,0
24982,1052,842,213,5,17,0.0,52,31,2021,1,3,Bahrain Grand Prix,2021-03-28,AlphaTauri,Italian,Pierre,Gasly,French,Retired,Bahrain International Circuit,Sakhir,Bahrain,26.0325,50.5106,-12,0,Pierre Gasly,1,0,0,0
24983,1052,849,3,17,18,0.0,51,31,2021,1,3,Bahrain Grand Prix,2021-03-28,Williams,British,Nicholas,Latifi,Canadian,Retired,Bahrain International Circuit,Sakhir,Bahrain,26.0325,50.5106,-1,0,Nicholas Latifi,1,0,0,0
24984,1052,4,214,9,19,0.0,32,23,2021,1,3,Bahrain Grand Prix,2021-03-28,Alpine F1 Team,French,Fernando,Alonso,Spanish,Brakes,Bahrain International Circuit,Sakhir,Bahrain,26.0325,50.5106,-10,0,Fernando Alonso,1,0,0,0
24985,1052,853,210,19,20,0.0,0,3,2021,1,3,Bahrain Grand Prix,2021-03-28,Haas F1 Team,American,Nikita,Mazepin,Russian,Accident,Bahrain International Circuit,Sakhir,Bahrain,26.0325,50.5106,-1,0,Nikita Mazepin,1,0,0,0
24986,1053,830,9,3,1,25.0,63,1,2021,2,21,Emilia Romagna Grand Prix,2021-04-18,Red Bull,Austrian,Max,Verstappen,Dutch,Finished,Autodromo Enzo e Dino Ferrari,Imola,Italy,44.3439,11.7167,2,1,Max Verstappen,2,1,1,1
24987,1053,1,131,1,2,19.0,63,1,2021,2,21,Emilia Romagna Grand Prix,2021-04-18,Mercedes,German,Lewis,Hamilton,British,Finished,Autodromo Enzo e Dino Ferrari,Imola,Italy,44.3439,11.7167,-1,1,Lewis Hamilton,2,1,0,1
24988,1053,846,1,7,3,15.0,63,1,2021,2,21,Emilia Romagna Grand Prix,2021-04-18,McLaren,British,Lando,Norris,British,Finished,Autodromo Enzo e Dino Ferrari,Imola,Italy,44.3439,11.7167,4,1,Lando Norris,2,1,0,1
24989,1053,844,6,4,4,12.0,63,1,2021,2,21,Emilia Romagna Grand Prix,2021-04-18,Ferrari,Italian,Charles,Leclerc,Monegasque,Finished,Autodromo Enzo e Dino Ferrari,Imola,Italy,44.3439,11.7167,0,1,Charles Leclerc,2,0,0,1
24990,1053,832,6,11,5,10.0,63,1,2021,2,21,Emilia Romagna Grand Prix,2021-04-18,Ferrari,Italian,Carlos,Sainz,Spanish,Finished,Autodromo Enzo e Dino Ferrari,Imola,Italy,44.3439,11.7167,6,1,Carlos Sainz,2,0,0,1
24991,1053,817,1,6,6,8.0,63,1,2021,2,21,Emilia Romagna Grand Prix,2021-04-18,McLaren,British,Daniel,Ricciardo,Australian,Finished,Autodromo Enzo e Dino Ferrari,Imola,Italy,44.3439,11.7167,0,1,Daniel Ricciardo,2,0,0,1
24992,1053,842,213,5,7,6.0,63,1,2021,2,21,Emilia Romagna Grand Prix,2021-04-18,AlphaTauri,Italian,Pierre,Gasly,French,Finished,Autodromo Enzo e Dino Ferrari,Imola,Italy,44.3439,11.7167,-2,1,Pierre Gasly,2,0,0,1
24993,1053,840,117,10,8,4.0,63,1,2021,2,21,Emilia Romagna Grand Prix,2021-04-18,Aston Martin,British,Lance,Stroll,Canadian,Finished,Autodromo Enzo e Dino Ferrari,Imola,Italy,44.3439,11.7167,2,1,Lance Stroll,2,0,0,1
24994,1053,839,214,9,9,2.0,63,1,2021,2,21,Emilia Romagna Grand Prix,2021-04-18,Alpine F1 Team,French,Esteban,Ocon,French,Finished,Autodromo Enzo e Dino Ferrari,Imola,Italy,44.3439,11.7167,0,1,Esteban Ocon,2,0,0,1
24995,1053,4,214,15,10,1.0,63,1,2021,2,21,Emilia Romagna Grand Prix,2021-04-18,Alpine F1 Team,French,Fernando,Alonso,Spanish,Finished,Autodromo Enzo e Dino Ferrari,Imola,Italy,44.3439,11.7167,5,1,Fernando Alonso,2,0,0,1
24996,1053,815,9,2,11,0.0,63,1,2021,2,21,Emilia Romagna Grand Prix,2021-04-18,Red Bull,Austrian,Sergio,Pérez,Mexican,Finished,Autodromo Enzo e Dino Ferrari,Imola,Italy,44.3439,11.7167,-9,1,Sergio Pérez,2,0,0,0
24997,1053,852,213,20,12,0.0,63,1,2021,2,21,Emilia Romagna Grand Prix,2021-04-18,AlphaTauri,Italian,Yuki,Tsunoda,Japanese,Finished,Autodromo Enzo e Dino Ferrari,Imola,Italy,44.3439,11.7167,8,1,Yuki Tsunoda,2,0,0,0
24998,1053,8,51,16,13,0.0,63,1,2021,2,21,Emilia Romagna Grand Prix,2021-04-18,Alfa Romeo,Swiss,Kimi,Räikkönen,Finnish,Finished,Autodromo Enzo e Dino Ferrari,Imola,Italy,44.3439,11.7167,3,1,Kimi Räikkönen,2,0,0,0
24999,1053,841,51,17,14,0.0,62,11,2021,2,21,Emilia Romagna Grand Prix,2021-04-18,Alfa Romeo,Swiss,Antonio,Giovinazzi,Italian,+1 Lap,Autodromo Enzo e Dino Ferrari,Imola,Italy,44.3439,11.7167,3,1,Antonio Giovinazzi,2,0,0,0
25000,1053,20,117,0,15,0.0,61,6,2021,2,21,Emilia Romagna Grand Prix,2021-04-18,Aston Martin,British,Sebastian,Vettel,German,Gearbox,Autodromo Enzo e Dino Ferrari,Imola,Italy,44.3439,11.7167,-15,0,Sebastian Vettel,2,0,0,0
25001,1053,854,210,18,16,0.0,61,12,2021,2,21,Emilia Romagna Grand Prix,2021-04-18,Haas F1 Team,American,Mick,Schumacher,German,+2 Laps,Autodromo Enzo e Dino Ferrari,Imola,Italy,44.3439,11.7167,2,1,Mick Schumacher,2,0,0,0
25002,1053,853,210,19,17,0.0,61,12,2021,2,21,Emilia Romagna Grand Prix,2021-04-18,Haas F1 Team,American,Nikita,Mazepin,Russian,+2 Laps,Autodromo Enzo e Dino Ferrari,Imola,Italy,44.3439,11.7167,2,1,Nikita Mazepin,2,0,0,0
25003,1053,822,131,8,18,0.0,30,4,2021,2,21,Emilia Romagna Grand Prix,2021-04-18,Mercedes,German,Valtteri,Bottas,Finnish,Collision,Autodromo Enzo e Dino Ferrari,Imola,Italy,44.3439,11.7167,-10,0,Valtteri Bottas,2,0,0,0
25004,1053,847,3,12,19,0.0,30,4,2021,2,21,Emilia Romagna Grand Prix,2021-04-18,Williams,British,George,Russell,British,Collision,Autodromo Enzo e Dino Ferrari,Imola,Italy,44.3439,11.7167,-7,0,George Russell,2,0,0,0
25005,1053,849,3,14,20,0.0,0,4,2021,2,21,Emilia Romagna Grand Prix,2021-04-18,Williams,British,Nicholas,Latifi,Canadian,Collision,Autodromo Enzo e Dino Ferrari,Imola,Italy,44.3439,11.7167,-6,0,Nicholas Latifi,2,0,0,0
25006,1054,1,131,2,1,25.0,66,1,2021,3,75,Portuguese Grand Prix,2021-05-02,Mercedes,German,Lewis,Hamilton,British,Finished,Autódromo Internacional do Algarve,Portimão,Portugal,37.227,-8.6267,1,1,Lewis Hamilton,3,1,1,1
25007,1054,830,9,3,2,18.0,66,1,2021,3,75,Portuguese Grand Prix,2021-05-02,Red Bull,Austrian,Max,Verstappen,Dutch,Finished,Autódromo Internacional do Algarve,Portimão,Portugal,37.227,-8.6267,1,1,Max Verstappen,3,1,0,1
25008,1054,822,131,1,3,16.0,66,1,2021,3,75,Portuguese Grand Prix,2021-05-02,Mercedes,German,Valtteri,Bottas,Finnish,Finished,Autódromo Internacional do Algarve,Portimão,Portugal,37.227,-8.6267,-2,1,Valtteri Bottas,3,1,0,1
25009,1054,815,9,4,4,12.0,66,1,2021,3,75,Portuguese Grand Prix,2021-05-02,Red Bull,Austrian,Sergio,Pérez,Mexican,Finished,Autódromo Internacional do Algarve,Portimão,Portugal,37.227,-8.6267,0,1,Sergio Pérez,3,0,0,1
25010,1054,846,1,7,5,10.0,66,1,2021,3,75,Portuguese Grand Prix,2021-05-02,McLaren,British,Lando,Norris,British,Finished,Autódromo Internacional do Algarve,Portimão,Portugal,37.227,-8.6267,2,1,Lando Norris,3,0,0,1
25011,1054,844,6,8,6,8.0,66,1,2021,3,75,Portuguese Grand Prix,2021-05-02,Ferrari,Italian,Charles,Leclerc,Monegasque,Finished,Autódromo Internacional do Algarve,Portimão,Portugal,37.227,-8.6267,2,1,Charles Leclerc,3,0,0,1
25012,1054,839,214,6,7,6.0,66,1,2021,3,75,Portuguese Grand Prix,2021-05-02,Alpine F1 Team,French,Esteban,Ocon,French,Finished,Autódromo Internacional do Algarve,Portimão,Portugal,37.227,-8.6267,-1,1,Esteban Ocon,3,0,0,1
25013,1054,4,214,13,8,4.0,66,1,2021,3,75,Portuguese Grand Prix,2021-05-02,Alpine F1 Team,French,Fernando,Alonso,Spanish,Finished,Autódromo Internacional do Algarve,Portimão,Portugal,37.227,-8.6267,5,1,Fernando Alonso,3,0,0,1
25014,1054,817,1,16,9,2.0,66,1,2021,3,75,Portuguese Grand Prix,2021-05-02,McLaren,British,Daniel,Ricciardo,Australian,Finished,Autódromo Internacional do Algarve,Portimão,Portugal,37.227,-8.6267,7,1,Daniel Ricciardo,3,0,0,1
25015,1054,842,213,9,10,1.0,66,1,2021,3,75,Portuguese Grand Prix,2021-05-02,AlphaTauri,Italian,Pierre,Gasly,French,Finished,Autódromo Internacional do Algarve,Portimão,Portugal,37.227,-8.6267,-1,1,Pierre Gasly,3,0,0,1
25016,1054,832,6,5,11,0.0,66,1,2021,3,75,Portuguese Grand Prix,2021-05-02,Ferrari,Italian,Carlos,Sainz,Spanish,Finished,Autódromo Internacional do Algarve,Portimão,Portugal,37.227,-8.6267,-6,1,Carlos Sainz,3,0,0,0
25017,1054,841,51,12,12,0.0,65,11,2021,3,75,Portuguese Grand Prix,2021-05-02,Alfa Romeo,Swiss,Antonio,Giovinazzi,Italian,+1 Lap,Autódromo Internacional do Algarve,Portimão,Portugal,37.227,-8.6267,0,1,Antonio Giovinazzi,3,0,0,0
25018,1054,20,117,10,13,0.0,65,11,2021,3,75,Portuguese Grand Prix,2021-05-02,Aston Martin,British,Sebastian,Vettel,German,+1 Lap,Autódromo Internacional do Algarve,Portimão,Portugal,37.227,-8.6267,-3,1,Sebastian Vettel,3,0,0,0
25019,1054,840,117,17,14,0.0,65,11,2021,3,75,Portuguese Grand Prix,2021-05-02,Aston Martin,British,Lance,Stroll,Canadian,+1 Lap,Autódromo Internacional do Algarve,Portimão,Portugal,37.227,-8.6267,3,1,Lance Stroll,3,0,0,0
25020,1054,852,213,14,15,0.0,65,11,2021,3,75,Portuguese Grand Prix,2021-05-02,AlphaTauri,Italian,Yuki,Tsunoda,Japanese,+1 Lap,Autódromo Internacional do Algarve,Portimão,Portugal,37.227,-8.6267,-1,1,Yuki Tsunoda,3,0,0,0
25021,1054,847,3,11,16,0.0,65,11,2021,3,75,Portuguese Grand Prix,2021-05-02,Williams,British,George,Russell,British,+1 Lap,Autódromo Internacional do Algarve,Portimão,Portugal,37.227,-8.6267,-5,1,George Russell,3,0,0,0
25022,1054,854,210,19,17,0.0,64,12,2021,3,75,Portuguese Grand Prix,2021-05-02,Haas F1 Team,American,Mick,Schumacher,German,+2 Laps,Autódromo Internacional do Algarve,Portimão,Portugal,37.227,-8.6267,2,1,Mick Schumacher,3,0,0,0
25023,1054,849,3,18,18,0.0,64,12,2021,3,75,Portuguese Grand Prix,2021-05-02,Williams,British,Nicholas,Latifi,Canadian,+2 Laps,Autódromo Internacional do Algarve,Portimão,Portugal,37.227,-8.6267,0,1,Nicholas Latifi,3,0,0,0
25024,1054,853,210,20,19,0.0,64,12,2021,3,75,Portuguese Grand Prix,2021-05-02,Haas F1 Team,American,Nikita,Mazepin,Russian,+2 Laps,Autódromo Internacional do Algarve,Portimão,Portugal,37.227,-8.6267,1,1,Nikita Mazepin,3,0,0,0
25025,1054,8,51,15,20,0.0,1,130,2021,3,75,Portuguese Grand Prix,2021-05-02,Alfa Romeo,Swiss,Kimi,Räikkönen,Finnish,Collision damage,Autódromo Internacional do Algarve,Portimão,Portugal,37.227,-8.6267,-5,0,Kimi Räikkönen,3,0,0,0
25026,1055,1,131,1,1,25.0,66,1,2021,4,4,Spanish Grand Prix,2021-05-09,Mercedes,German,Lewis,Hamilton,British,Finished,Circuit de Barcelona-Catalunya,Montmeló,Spain,41.57,2.26111,0,1,Lewis Hamilton,4,1,1,1
25027,1055,830,9,2,2,19.0,66,1,2021,4,4,Spanish Grand Prix,2021-05-09,Red Bull,Austrian,Max,Verstappen,Dutch,Finished,Circuit de Barcelona-Catalunya,Montmeló,Spain,41.57,2.26111,0,1,Max Verstappen,4,1,0,1
25028,1055,822,131,3,3,15.0,66,1,2021,4,4,Spanish Grand Prix,2021-05-09,Mercedes,German,Valtteri,Bottas,Finnish,Finished,Circuit de Barcelona-Catalunya,Montmeló,Spain,41.57,2.26111,0,1,Valtteri Bottas,4,1,0,1
25029,1055,844,6,4,4,12.0,66,1,2021,4,4,Spanish Grand Prix,2021-05-09,Ferrari,Italian,Charles,Leclerc,Monegasque,Finished,Circuit de Barcelona-Catalunya,Montmeló,Spain,41.57,2.26111,0,1,Charles Leclerc,4,0,0,1
25030,1055,815,9,8,5,10.0,66,1,2021,4,4,Spanish Grand Prix,2021-05-09,Red Bull,Austrian,Sergio,Pérez,Mexican,Finished,Circuit de Barcelona-Catalunya,Montmeló,Spain,41.57,2.26111,3,1,Sergio Pérez,4,0,0,1
25031,1055,817,1,7,6,8.0,66,1,2021,4,4,Spanish Grand Prix,2021-05-09,McLaren,British,Daniel,Ricciardo,Australian,Finished,Circuit de Barcelona-Catalunya,Montmeló,Spain,41.57,2.26111,1,1,Daniel Ricciardo,4,0,0,1
25032,1055,832,6,6,7,6.0,66,1,2021,4,4,Spanish Grand Prix,2021-05-09,Ferrari,Italian,Carlos,Sainz,Spanish,Finished,Circuit de Barcelona-Catalunya,Montmeló,Spain,41.57,2.26111,-1,1,Carlos Sainz,4,0,0,1
25033,1055,846,1,9,8,4.0,65,11,2021,4,4,Spanish Grand Prix,2021-05-09,McLaren,British,Lando,Norris,British,+1 Lap,Circuit de Barcelona-Catalunya,Montmeló,Spain,41.57,2.26111,1,1,Lando Norris,4,0,0,1
25034,1055,839,214,5,9,2.0,65,11,2021,4,4,Spanish Grand Prix,2021-05-09,Alpine F1 Team,French,Esteban,Ocon,French,+1 Lap,Circuit de Barcelona-Catalunya,Montmeló,Spain,41.57,2.26111,-4,1,Esteban Ocon,4,0,0,1
25035,1055,842,213,12,10,1.0,65,11,2021,4,4,Spanish Grand Prix,2021-05-09,AlphaTauri,Italian,Pierre,Gasly,French,+1 Lap,Circuit de Barcelona-Catalunya,Montmeló,Spain,41.57,2.26111,2,1,Pierre Gasly,4,0,0,1
25036,1055,840,117,11,11,0.0,65,11,2021,4,4,Spanish Grand Prix,2021-05-09,Aston Martin,British,Lance,Stroll,Canadian,+1 Lap,Circuit de Barcelona-Catalunya,Montmeló,Spain,41.57,2.26111,0,1,Lance Stroll,4,0,0,0
25037,1055,8,51,17,12,0.0,65,11,2021,4,4,Spanish Grand Prix,2021-05-09,Alfa Romeo,Swiss,Kimi,Räikkönen,Finnish,+1 Lap,Circuit de Barcelona-Catalunya,Montmeló,Spain,41.57,2.26111,5,1,Kimi Räikkönen,4,0,0,0
25038,1055,20,117,13,13,0.0,65,11,2021,4,4,Spanish Grand Prix,2021-05-09,Aston Martin,British,Sebastian,Vettel,German,+1 Lap,Circuit de Barcelona-Catalunya,Montmeló,Spain,41.57,2.26111,0,1,Sebastian Vettel,4,0,0,0
25039,1055,847,3,15,14,0.0,65,11,2021,4,4,Spanish Grand Prix,2021-05-09,Williams,British,George,Russell,British,+1 Lap,Circuit de Barcelona-Catalunya,Montmeló,Spain,41.57,2.26111,1,1,George Russell,4,0,0,0
25040,1055,841,51,14,15,0.0,65,11,2021,4,4,Spanish Grand Prix,2021-05-09,Alfa Romeo,Swiss,Antonio,Giovinazzi,Italian,+1 Lap,Circuit de Barcelona-Catalunya,Montmeló,Spain,41.57,2.26111,-1,1,Antonio Giovinazzi,4,0,0,0
25041,1055,849,3,19,16,0.0,65,11,2021,4,4,Spanish Grand Prix,2021-05-09,Williams,British,Nicholas,Latifi,Canadian,+1 Lap,Circuit de Barcelona-Catalunya,Montmeló,Spain,41.57,2.26111,3,1,Nicholas Latifi,4,0,0,0
25042,1055,4,214,10,17,0.0,65,11,2021,4,4,Spanish Grand Prix,2021-05-09,Alpine F1 Team,French,Fernando,Alonso,Spanish,+1 Lap,Circuit de Barcelona-Catalunya,Montmeló,Spain,41.57,2.26111,-7,1,Fernando Alonso,4,0,0,0
25043,1055,854,210,18,18,0.0,64,12,2021,4,4,Spanish Grand Prix,2021-05-09,Haas F1 Team,American,Mick,Schumacher,German,+2 Laps,Circuit de Barcelona-Catalunya,Montmeló,Spain,41.57,2.26111,0,1,Mick Schumacher,4,0,0,0
25044,1055,853,210,20,19,0.0,64,12,2021,4,4,Spanish Grand Prix,2021-05-09,Haas F1 Team,American,Nikita,Mazepin,Russian,+2 Laps,Circuit de Barcelona-Catalunya,Montmeló,Spain,41.57,2.26111,1,1,Nikita Mazepin,4,0,0,0
25045,1055,852,213,16,20,0.0,6,10,2021,4,4,Spanish Grand Prix,2021-05-09,AlphaTauri,Italian,Yuki,Tsunoda,Japanese,Electrical,Circuit de Barcelona-Catalunya,Montmeló,Spain,41.57,2.26111,-4,0,Yuki Tsunoda,4,0,0,0
25047,1056,832,6,4,2,18.0,78,1,2021,5,6,Monaco Grand Prix,2021-05-23,Ferrari,Italian,Carlos,Sainz,Spanish,Finished,Circuit de Monaco,Monte-Carlo,Monaco,43.7347,7.42056,2,1,Carlos Sainz,5,1,0,1
25046,1056,830,9,2,1,25.0,78,1,2021,5,6,Monaco Grand Prix,2021-05-23,Red Bull,Austrian,Max,Verstappen,Dutch,Finished,Circuit de Monaco,Monte-Carlo,Monaco,43.7347,7.42056,1,1,Max Verstappen,5,1,1,1
25048,1056,846,1,5,3,15.0,78,1,2021,5,6,Monaco Grand Prix,2021-05-23,McLaren,British,Lando,Norris,British,Finished,Circuit de Monaco,Monte-Carlo,Monaco,43.7347,7.42056,2,1,Lando Norris,5,1,0,1
25049,1056,815,9,9,4,12.0,78,1,2021,5,6,Monaco Grand Prix,2021-05-23,Red Bull,Austrian,Sergio,Pérez,Mexican,Finished,Circuit de Monaco,Monte-Carlo,Monaco,43.7347,7.42056,5,1,Sergio Pérez,5,0,0,1
25050,1056,20,117,8,5,10.0,78,1,2021,5,6,Monaco Grand Prix,2021-05-23,Aston Martin,British,Sebastian,Vettel,German,Finished,Circuit de Monaco,Monte-Carlo,Monaco,43.7347,7.42056,3,1,Sebastian Vettel,5,0,0,1
25051,1056,842,213,6,6,8.0,78,1,2021,5,6,Monaco Grand Prix,2021-05-23,AlphaTauri,Italian,Pierre,Gasly,French,Finished,Circuit de Monaco,Monte-Carlo,Monaco,43.7347,7.42056,0,1,Pierre Gasly,5,0,0,1
25052,1056,1,131,7,7,7.0,78,1,2021,5,6,Monaco Grand Prix,2021-05-23,Mercedes,German,Lewis,Hamilton,British,Finished,Circuit de Monaco,Monte-Carlo,Monaco,43.7347,7.42056,0,1,Lewis Hamilton,5,0,0,1
25053,1056,840,117,13,8,4.0,77,11,2021,5,6,Monaco Grand Prix,2021-05-23,Aston Martin,British,Lance,Stroll,Canadian,+1 Lap,Circuit de Monaco,Monte-Carlo,Monaco,43.7347,7.42056,5,1,Lance Stroll,5,0,0,1
25054,1056,839,214,11,9,2.0,77,11,2021,5,6,Monaco Grand Prix,2021-05-23,Alpine F1 Team,French,Esteban,Ocon,French,+1 Lap,Circuit de Monaco,Monte-Carlo,Monaco,43.7347,7.42056,2,1,Esteban Ocon,5,0,0,1
25055,1056,841,51,10,10,1.0,77,11,2021,5,6,Monaco Grand Prix,2021-05-23,Alfa Romeo,Swiss,Antonio,Giovinazzi,Italian,+1 Lap,Circuit de Monaco,Monte-Carlo,Monaco,43.7347,7.42056,0,1,Antonio Giovinazzi,5,0,0,1
25056,1056,8,51,14,11,0.0,77,11,2021,5,6,Monaco Grand Prix,2021-05-23,Alfa Romeo,Swiss,Kimi,Räikkönen,Finnish,+1 Lap,Circuit de Monaco,Monte-Carlo,Monaco,43.7347,7.42056,3,1,Kimi Räikkönen,5,0,0,0
25057,1056,817,1,12,12,0.0,77,11,2021,5,6,Monaco Grand Prix,2021-05-23,McLaren,British,Daniel,Ricciardo,Australian,+1 Lap,Circuit de Monaco,Monte-Carlo,Monaco,43.7347,7.42056,0,1,Daniel Ricciardo,5,0,0,0
25058,1056,4,214,17,13,0.0,77,11,2021,5,6,Monaco Grand Prix,2021-05-23,Alpine F1 Team,French,Fernando,Alonso,Spanish,+1 Lap,Circuit de Monaco,Monte-Carlo,Monaco,43.7347,7.42056,4,1,Fernando Alonso,5,0,0,0
25059,1056,847,3,15,14,0.0,77,11,2021,5,6,Monaco Grand Prix,2021-05-23,Williams,British,George,Russell,British,+1 Lap,Circuit de Monaco,Monte-Carlo,Monaco,43.7347,7.42056,1,1,George Russell,5,0,0,0
25060,1056,849,3,18,15,0.0,77,11,2021,5,6,Monaco Grand Prix,2021-05-23,Williams,British,Nicholas,Latifi,Canadian,+1 Lap,Circuit de Monaco,Monte-Carlo,Monaco,43.7347,7.42056,3,1,Nicholas Latifi,5,0,0,0
25061,1056,852,213,16,16,0.0,77,11,2021,5,6,Monaco Grand Prix,2021-05-23,AlphaTauri,Italian,Yuki,Tsunoda,Japanese,+1 Lap,Circuit de Monaco,Monte-Carlo,Monaco,43.7347,7.42056,0,1,Yuki Tsunoda,5,0,0,0
25062,1056,853,210,19,17,0.0,75,13,2021,5,6,Monaco Grand Prix,2021-05-23,Haas F1 Team,American,Nikita,Mazepin,Russian,+3 Laps,Circuit de Monaco,Monte-Carlo,Monaco,43.7347,7.42056,2,1,Nikita Mazepin,5,0,0,0
25063,1056,854,210,20,18,0.0,75,13,2021,5,6,Monaco Grand Prix,2021-05-23,Haas F1 Team,American,Mick,Schumacher,German,+3 Laps,Circuit de Monaco,Monte-Carlo,Monaco,43.7347,7.42056,2,1,Mick Schumacher,5,0,0,0
25064,1056,822,131,3,19,0.0,29,61,2021,5,6,Monaco Grand Prix,2021-05-23,Mercedes,German,Valtteri,Bottas,Finnish,Wheel nut,Circuit de Monaco,Monte-Carlo,Monaco,43.7347,7.42056,-16,0,Valtteri Bottas,5,0,0,0
25065,1056,844,6,1,20,0.0,0,30,2021,5,6,Monaco Grand Prix,2021-05-23,Ferrari,Italian,Charles,Leclerc,Monegasque,Driveshaft,Circuit de Monaco,Monte-Carlo,Monaco,43.7347,7.42056,-19,0,Charles Leclerc,5,0,0,0
25066,1057,815,9,6,1,25.0,51,1,2021,6,73,Azerbaijan Grand Prix,2021-06-06,Red Bull,Austrian,Sergio,Pérez,Mexican,Finished,Baku City Circuit,Baku,Azerbaijan,40.3725,49.8533,5,1,Sergio Pérez,6,1,1,1
25067,1057,20,117,11,2,18.0,51,1,2021,6,73,Azerbaijan Grand Prix,2021-06-06,Aston Martin,British,Sebastian,Vettel,German,Finished,Baku City Circuit,Baku,Azerbaijan,40.3725,49.8533,9,1,Sebastian Vettel,6,1,0,1
25068,1057,842,213,4,3,15.0,51,1,2021,6,73,Azerbaijan Grand Prix,2021-06-06,AlphaTauri,Italian,Pierre,Gasly,French,Finished,Baku City Circuit,Baku,Azerbaijan,40.3725,49.8533,1,1,Pierre Gasly,6,1,0,1
25069,1057,844,6,1,4,12.0,51,1,2021,6,73,Azerbaijan Grand Prix,2021-06-06,Ferrari,Italian,Charles,Leclerc,Monegasque,Finished,Baku City Circuit,Baku,Azerbaijan,40.3725,49.8533,-3,1,Charles Leclerc,6,0,0,1
25070,1057,846,1,9,5,10.0,51,1,2021,6,73,Azerbaijan Grand Prix,2021-06-06,McLaren,British,Lando,Norris,British,Finished,Baku City Circuit,Baku,Azerbaijan,40.3725,49.8533,4,1,Lando Norris,6,0,0,1
25071,1057,4,214,8,6,8.0,51,1,2021,6,73,Azerbaijan Grand Prix,2021-06-06,Alpine F1 Team,French,Fernando,Alonso,Spanish,Finished,Baku City Circuit,Baku,Azerbaijan,40.3725,49.8533,2,1,Fernando Alonso,6,0,0,1
25072,1057,852,213,7,7,6.0,51,1,2021,6,73,Azerbaijan Grand Prix,2021-06-06,AlphaTauri,Italian,Yuki,Tsunoda,Japanese,Finished,Baku City Circuit,Baku,Azerbaijan,40.3725,49.8533,0,1,Yuki Tsunoda,6,0,0,1
25073,1057,832,6,5,8,4.0,51,1,2021,6,73,Azerbaijan Grand Prix,2021-06-06,Ferrari,Italian,Carlos,Sainz,Spanish,Finished,Baku City Circuit,Baku,Azerbaijan,40.3725,49.8533,-3,1,Carlos Sainz,6,0,0,1
25074,1057,817,1,13,9,2.0,51,1,2021,6,73,Azerbaijan Grand Prix,2021-06-06,McLaren,British,Daniel,Ricciardo,Australian,Finished,Baku City Circuit,Baku,Azerbaijan,40.3725,49.8533,4,1,Daniel Ricciardo,6,0,0,1
25075,1057,8,51,14,10,1.0,51,1,2021,6,73,Azerbaijan Grand Prix,2021-06-06,Alfa Romeo,Swiss,Kimi,Räikkönen,Finnish,Finished,Baku City Circuit,Baku,Azerbaijan,40.3725,49.8533,4,1,Kimi Räikkönen,6,0,0,1
25076,1057,841,51,20,11,0.0,51,1,2021,6,73,Azerbaijan Grand Prix,2021-06-06,Alfa Romeo,Swiss,Antonio,Giovinazzi,Italian,Finished,Baku City Circuit,Baku,Azerbaijan,40.3725,49.8533,9,1,Antonio Giovinazzi,6,0,0,0
25077,1057,822,131,10,12,0.0,51,1,2021,6,73,Azerbaijan Grand Prix,2021-06-06,Mercedes,German,Valtteri,Bottas,Finnish,Finished,Baku City Circuit,Baku,Azerbaijan,40.3725,49.8533,-2,1,Valtteri Bottas,6,0,0,0
25078,1057,854,210,17,13,0.0,51,1,2021,6,73,Azerbaijan Grand Prix,2021-06-06,Haas F1 Team,American,Mick,Schumacher,German,Finished,Baku City Circuit,Baku,Azerbaijan,40.3725,49.8533,4,1,Mick Schumacher,6,0,0,0
25079,1057,853,210,18,14,0.0,51,1,2021,6,73,Azerbaijan Grand Prix,2021-06-06,Haas F1 Team,American,Nikita,Mazepin,Russian,Finished,Baku City Circuit,Baku,Azerbaijan,40.3725,49.8533,4,1,Nikita Mazepin,6,0,0,0
25080,1057,1,131,2,15,0.0,51,1,2021,6,73,Azerbaijan Grand Prix,2021-06-06,Mercedes,German,Lewis,Hamilton,British,Finished,Baku City Circuit,Baku,Azerbaijan,40.3725,49.8533,-13,1,Lewis Hamilton,6,0,0,0
25081,1057,849,3,16,16,0.0,51,1,2021,6,73,Azerbaijan Grand Prix,2021-06-06,Williams,British,Nicholas,Latifi,Canadian,Finished,Baku City Circuit,Baku,Azerbaijan,40.3725,49.8533,0,1,Nicholas Latifi,6,0,0,0
25082,1057,847,3,15,17,0.0,48,6,2021,6,73,Azerbaijan Grand Prix,2021-06-06,Williams,British,George,Russell,British,Gearbox,Baku City Circuit,Baku,Azerbaijan,40.3725,49.8533,-2,0,George Russell,6,0,0,0
25083,1057,830,9,3,18,0.0,45,3,2021,6,73,Azerbaijan Grand Prix,2021-06-06,Red Bull,Austrian,Max,Verstappen,Dutch,Accident,Baku City Circuit,Baku,Azerbaijan,40.3725,49.8533,-15,0,Max Verstappen,6,0,0,0
25084,1057,840,117,19,19,0.0,29,3,2021,6,73,Azerbaijan Grand Prix,2021-06-06,Aston Martin,British,Lance,Stroll,Canadian,Accident,Baku City Circuit,Baku,Azerbaijan,40.3725,49.8533,0,0,Lance Stroll,6,0,0,0
25085,1057,839,214,12,20,0.0,3,101,2021,6,73,Azerbaijan Grand Prix,2021-06-06,Alpine F1 Team,French,Esteban,Ocon,French,Turbo,Baku City Circuit,Baku,Azerbaijan,40.3725,49.8533,-8,0,Esteban Ocon,6,0,0,0
25086,1059,830,9,1,1,26.0,53,1,2021,7,34,French Grand Prix,2021-06-20,Red Bull,Austrian,Max,Verstappen,Dutch,Finished,Circuit Paul Ricard,Le Castellet,France,43.2506,5.79167,0,1,Max Verstappen,7,1,1,1
25087,1059,1,131,2,2,18.0,53,1,2021,7,34,French Grand Prix,2021-06-20,Mercedes,German,Lewis,Hamilton,British,Finished,Circuit Paul Ricard,Le Castellet,France,43.2506,5.79167,0,1,Lewis Hamilton,7,1,0,1
25088,1059,815,9,4,3,15.0,53,1,2021,7,34,French Grand Prix,2021-06-20,Red Bull,Austrian,Sergio,Pérez,Mexican,Finished,Circuit Paul Ricard,Le Castellet,France,43.2506,5.79167,1,1,Sergio Pérez,7,1,0,1
25089,1059,822,131,3,4,12.0,53,1,2021,7,34,French Grand Prix,2021-06-20,Mercedes,German,Valtteri,Bottas,Finnish,Finished,Circuit Paul Ricard,Le Castellet,France,43.2506,5.79167,-1,1,Valtteri Bottas,7,0,0,1
25090,1059,846,1,8,5,10.0,53,1,2021,7,34,French Grand Prix,2021-06-20,McLaren,British,Lando,Norris,British,Finished,Circuit Paul Ricard,Le Castellet,France,43.2506,5.79167,3,1,Lando Norris,7,0,0,1
25091,1059,817,1,10,6,8.0,53,1,2021,7,34,French Grand Prix,2021-06-20,McLaren,British,Daniel,Ricciardo,Australian,Finished,Circuit Paul Ricard,Le Castellet,France,43.2506,5.79167,4,1,Daniel Ricciardo,7,0,0,1
25092,1059,842,213,6,7,6.0,53,1,2021,7,34,French Grand Prix,2021-06-20,AlphaTauri,Italian,Pierre,Gasly,French,Finished,Circuit Paul Ricard,Le Castellet,France,43.2506,5.79167,-1,1,Pierre Gasly,7,0,0,1
25093,1059,4,214,9,8,4.0,53,1,2021,7,34,French Grand Prix,2021-06-20,Alpine F1 Team,French,Fernando,Alonso,Spanish,Finished,Circuit Paul Ricard,Le Castellet,France,43.2506,5.79167,1,1,Fernando Alonso,7,0,0,1
25094,1059,20,117,12,9,2.0,53,1,2021,7,34,French Grand Prix,2021-06-20,Aston Martin,British,Sebastian,Vettel,German,Finished,Circuit Paul Ricard,Le Castellet,France,43.2506,5.79167,3,1,Sebastian Vettel,7,0,0,1
25095,1059,840,117,19,10,1.0,53,1,2021,7,34,French Grand Prix,2021-06-20,Aston Martin,British,Lance,Stroll,Canadian,Finished,Circuit Paul Ricard,Le Castellet,France,43.2506,5.79167,9,1,Lance Stroll,7,0,0,1
25096,1059,832,6,5,11,0.0,53,1,2021,7,34,French Grand Prix,2021-06-20,Ferrari,Italian,Carlos,Sainz,Spanish,Finished,Circuit Paul Ricard,Le Castellet,France,43.2506,5.79167,-6,1,Carlos Sainz,7,0,0,0
25097,1059,847,3,14,12,0.0,52,11,2021,7,34,French Grand Prix,2021-06-20,Williams,British,George,Russell,British,+1 Lap,Circuit Paul Ricard,Le Castellet,France,43.2506,5.79167,2,1,George Russell,7,0,0,0
25098,1059,852,213,0,13,0.0,52,11,2021,7,34,French Grand Prix,2021-06-20,AlphaTauri,Italian,Yuki,Tsunoda,Japanese,+1 Lap,Circuit Paul Ricard,Le Castellet,France,43.2506,5.79167,-13,1,Yuki Tsunoda,7,0,0,0
25099,1059,839,214,11,14,0.0,52,11,2021,7,34,French Grand Prix,2021-06-20,Alpine F1 Team,French,Esteban,Ocon,French,+1 Lap,Circuit Paul Ricard,Le Castellet,France,43.2506,5.79167,-3,1,Esteban Ocon,7,0,0,0
25100,1059,841,51,13,15,0.0,52,11,2021,7,34,French Grand Prix,2021-06-20,Alfa Romeo,Swiss,Antonio,Giovinazzi,Italian,+1 Lap,Circuit Paul Ricard,Le Castellet,France,43.2506,5.79167,-2,1,Antonio Giovinazzi,7,0,0,0
25101,1059,844,6,7,16,0.0,52,11,2021,7,34,French Grand Prix,2021-06-20,Ferrari,Italian,Charles,Leclerc,Monegasque,+1 Lap,Circuit Paul Ricard,Le Castellet,France,43.2506,5.79167,-9,1,Charles Leclerc,7,0,0,0
25102,1059,8,51,17,17,0.0,52,11,2021,7,34,French Grand Prix,2021-06-20,Alfa Romeo,Swiss,Kimi,Räikkönen,Finnish,+1 Lap,Circuit Paul Ricard,Le Castellet,France,43.2506,5.79167,0,1,Kimi Räikkönen,7,0,0,0
25103,1059,849,3,16,18,0.0,52,11,2021,7,34,French Grand Prix,2021-06-20,Williams,British,Nicholas,Latifi,Canadian,+1 Lap,Circuit Paul Ricard,Le Castellet,France,43.2506,5.79167,-2,1,Nicholas Latifi,7,0,0,0
25104,1059,854,210,15,19,0.0,52,11,2021,7,34,French Grand Prix,2021-06-20,Haas F1 Team,American,Mick,Schumacher,German,+1 Lap,Circuit Paul Ricard,Le Castellet,France,43.2506,5.79167,-4,1,Mick Schumacher,7,0,0,0
25105,1059,853,210,18,20,0.0,52,11,2021,7,34,French Grand Prix,2021-06-20,Haas F1 Team,American,Nikita,Mazepin,Russian,+1 Lap,Circuit Paul Ricard,Le Castellet,France,43.2506,5.79167,-2,1,Nikita Mazepin,7,0,0,0
25106,1058,830,9,1,1,25.0,71,1,2021,8,70,Styrian Grand Prix,2021-06-27,Red Bull,Austrian,Max,Verstappen,Dutch,Finished,Red Bull Ring,Spielberg,Austria,47.2197,14.7647,0,1,Max Verstappen,8,1,1,1
25107,1058,1,131,2,2,19.0,71,1,2021,8,70,Styrian Grand Prix,2021-06-27,Mercedes,German,Lewis,Hamilton,British,Finished,Red Bull Ring,Spielberg,Austria,47.2197,14.7647,0,1,Lewis Hamilton,8,1,0,1
25108,1058,822,131,5,3,15.0,71,1,2021,8,70,Styrian Grand Prix,2021-06-27,Mercedes,German,Valtteri,Bottas,Finnish,Finished,Red Bull Ring,Spielberg,Austria,47.2197,14.7647,2,1,Valtteri Bottas,8,1,0,1
25109,1058,815,9,4,4,12.0,71,1,2021,8,70,Styrian Grand Prix,2021-06-27,Red Bull,Austrian,Sergio,Pérez,Mexican,Finished,Red Bull Ring,Spielberg,Austria,47.2197,14.7647,0,1,Sergio Pérez,8,0,0,1
25110,1058,846,1,3,5,10.0,70,11,2021,8,70,Styrian Grand Prix,2021-06-27,McLaren,British,Lando,Norris,British,+1 Lap,Red Bull Ring,Spielberg,Austria,47.2197,14.7647,-2,1,Lando Norris,8,0,0,1
25111,1058,832,6,12,6,8.0,70,11,2021,8,70,Styrian Grand Prix,2021-06-27,Ferrari,Italian,Carlos,Sainz,Spanish,+1 Lap,Red Bull Ring,Spielberg,Austria,47.2197,14.7647,6,1,Carlos Sainz,8,0,0,1
25112,1058,844,6,7,7,6.0,70,11,2021,8,70,Styrian Grand Prix,2021-06-27,Ferrari,Italian,Charles,Leclerc,Monegasque,+1 Lap,Red Bull Ring,Spielberg,Austria,47.2197,14.7647,0,1,Charles Leclerc,8,0,0,1
25113,1058,840,117,9,8,4.0,70,11,2021,8,70,Styrian Grand Prix,2021-06-27,Aston Martin,British,Lance,Stroll,Canadian,+1 Lap,Red Bull Ring,Spielberg,Austria,47.2197,14.7647,1,1,Lance Stroll,8,0,0,1
25114,1058,4,214,8,9,2.0,70,11,2021,8,70,Styrian Grand Prix,2021-06-27,Alpine F1 Team,French,Fernando,Alonso,Spanish,+1 Lap,Red Bull Ring,Spielberg,Austria,47.2197,14.7647,-1,1,Fernando Alonso,8,0,0,1
25115,1058,852,213,11,10,1.0,70,11,2021,8,70,Styrian Grand Prix,2021-06-27,AlphaTauri,Italian,Yuki,Tsunoda,Japanese,+1 Lap,Red Bull Ring,Spielberg,Austria,47.2197,14.7647,1,1,Yuki Tsunoda,8,0,0,1
25116,1058,8,51,18,11,0.0,70,11,2021,8,70,Styrian Grand Prix,2021-06-27,Alfa Romeo,Swiss,Kimi,Räikkönen,Finnish,+1 Lap,Red Bull Ring,Spielberg,Austria,47.2197,14.7647,7,1,Kimi Räikkönen,8,0,0,0
25117,1058,20,117,14,12,0.0,70,11,2021,8,70,Styrian Grand Prix,2021-06-27,Aston Martin,British,Sebastian,Vettel,German,+1 Lap,Red Bull Ring,Spielberg,Austria,47.2197,14.7647,2,1,Sebastian Vettel,8,0,0,0
25118,1058,817,1,13,13,0.0,70,11,2021,8,70,Styrian Grand Prix,2021-06-27,McLaren,British,Daniel,Ricciardo,Australian,+1 Lap,Red Bull Ring,Spielberg,Austria,47.2197,14.7647,0,1,Daniel Ricciardo,8,0,0,0
25119,1058,839,214,17,14,0.0,70,11,2021,8,70,Styrian Grand Prix,2021-06-27,Alpine F1 Team,French,Esteban,Ocon,French,+1 Lap,Red Bull Ring,Spielberg,Austria,47.2197,14.7647,3,1,Esteban Ocon,8,0,0,0
25120,1058,841,51,15,15,0.0,70,11,2021,8,70,Styrian Grand Prix,2021-06-27,Alfa Romeo,Swiss,Antonio,Giovinazzi,Italian,+1 Lap,Red Bull Ring,Spielberg,Austria,47.2197,14.7647,0,1,Antonio Giovinazzi,8,0,0,0
25121,1058,854,210,19,16,0.0,69,12,2021,8,70,Styrian Grand Prix,2021-06-27,Haas F1 Team,American,Mick,Schumacher,German,+2 Laps,Red Bull Ring,Spielberg,Austria,47.2197,14.7647,3,1,Mick Schumacher,8,0,0,0
25122,1058,849,3,16,17,0.0,68,13,2021,8,70,Styrian Grand Prix,2021-06-27,Williams,British,Nicholas,Latifi,Canadian,+3 Laps,Red Bull Ring,Spielberg,Austria,47.2197,14.7647,-1,1,Nicholas Latifi,8,0,0,0
25123,1058,853,210,20,18,0.0,68,13,2021,8,70,Styrian Grand Prix,2021-06-27,Haas F1 Team,American,Nikita,Mazepin,Russian,+3 Laps,Red Bull Ring,Spielberg,Austria,47.2197,14.7647,2,1,Nikita Mazepin,8,0,0,0
25124,1058,847,3,10,19,0.0,36,5,2021,8,70,Styrian Grand Prix,2021-06-27,Williams,British,George,Russell,British,Engine,Red Bull Ring,Spielberg,Austria,47.2197,14.7647,-9,0,George Russell,8,0,0,0
25125,1058,842,213,6,20,0.0,1,4,2021,8,70,Styrian Grand Prix,2021-06-27,AlphaTauri,Italian,Pierre,Gasly,French,Collision,Red Bull Ring,Spielberg,Austria,47.2197,14.7647,-14,0,Pierre Gasly,8,0,0,0
25126,1060,830,9,1,1,26.0,71,1,2021,9,70,Austrian Grand Prix,2021-07-04,Red Bull,Austrian,Max,Verstappen,Dutch,Finished,Red Bull Ring,Spielberg,Austria,47.2197,14.7647,0,1,Max Verstappen,9,1,1,1
25127,1060,822,131,5,2,18.0,71,1,2021,9,70,Austrian Grand Prix,2021-07-04,Mercedes,German,Valtteri,Bottas,Finnish,Finished,Red Bull Ring,Spielberg,Austria,47.2197,14.7647,3,1,Valtteri Bottas,9,1,0,1
25128,1060,846,1,2,3,15.0,71,1,2021,9,70,Austrian Grand Prix,2021-07-04,McLaren,British,Lando,Norris,British,Finished,Red Bull Ring,Spielberg,Austria,47.2197,14.7647,-1,1,Lando Norris,9,1,0,1
25129,1060,1,131,4,4,12.0,71,1,2021,9,70,Austrian Grand Prix,2021-07-04,Mercedes,German,Lewis,Hamilton,British,Finished,Red Bull Ring,Spielberg,Austria,47.2197,14.7647,0,1,Lewis Hamilton,9,0,0,1
25130,1060,832,6,10,5,10.0,71,1,2021,9,70,Austrian Grand Prix,2021-07-04,Ferrari,Italian,Carlos,Sainz,Spanish,Finished,Red Bull Ring,Spielberg,Austria,47.2197,14.7647,5,1,Carlos Sainz,9,0,0,1
25131,1060,815,9,3,6,8.0,71,1,2021,9,70,Austrian Grand Prix,2021-07-04,Red Bull,Austrian,Sergio,Pérez,Mexican,Finished,Red Bull Ring,Spielberg,Austria,47.2197,14.7647,-3,1,Sergio Pérez,9,0,0,1
25132,1060,817,1,13,7,6.0,71,1,2021,9,70,Austrian Grand Prix,2021-07-04,McLaren,British,Daniel,Ricciardo,Australian,Finished,Red Bull Ring,Spielberg,Austria,47.2197,14.7647,6,1,Daniel Ricciardo,9,0,0,1
25133,1060,844,6,12,8,4.0,71,1,2021,9,70,Austrian Grand Prix,2021-07-04,Ferrari,Italian,Charles,Leclerc,Monegasque,Finished,Red Bull Ring,Spielberg,Austria,47.2197,14.7647,4,1,Charles Leclerc,9,0,0,1
25134,1060,842,213,6,9,2.0,71,1,2021,9,70,Austrian Grand Prix,2021-07-04,AlphaTauri,Italian,Pierre,Gasly,French,Finished,Red Bull Ring,Spielberg,Austria,47.2197,14.7647,-3,1,Pierre Gasly,9,0,0,1
25135,1060,4,214,14,10,1.0,70,11,2021,9,70,Austrian Grand Prix,2021-07-04,Alpine F1 Team,French,Fernando,Alonso,Spanish,+1 Lap,Red Bull Ring,Spielberg,Austria,47.2197,14.7647,4,1,Fernando Alonso,9,0,0,1
25136,1060,847,3,8,11,0.0,70,11,2021,9,70,Austrian Grand Prix,2021-07-04,Williams,British,George,Russell,British,+1 Lap,Red Bull Ring,Spielberg,Austria,47.2197,14.7647,-3,1,George Russell,9,0,0,0
25137,1060,852,213,7,12,0.0,70,11,2021,9,70,Austrian Grand Prix,2021-07-04,AlphaTauri,Italian,Yuki,Tsunoda,Japanese,+1 Lap,Red Bull Ring,Spielberg,Austria,47.2197,14.7647,-5,1,Yuki Tsunoda,9,0,0,0
25138,1060,840,117,9,13,0.0,70,11,2021,9,70,Austrian Grand Prix,2021-07-04,Aston Martin,British,Lance,Stroll,Canadian,+1 Lap,Red Bull Ring,Spielberg,Austria,47.2197,14.7647,-4,1,Lance Stroll,9,0,0,0
25139,1060,841,51,15,14,0.0,70,11,2021,9,70,Austrian Grand Prix,2021-07-04,Alfa Romeo,Swiss,Antonio,Giovinazzi,Italian,+1 Lap,Red Bull Ring,Spielberg,Austria,47.2197,14.7647,1,1,Antonio Giovinazzi,9,0,0,0
25140,1060,8,51,16,15,0.0,70,11,2021,9,70,Austrian Grand Prix,2021-07-04,Alfa Romeo,Swiss,Kimi,Räikkönen,Finnish,+1 Lap,Red Bull Ring,Spielberg,Austria,47.2197,14.7647,1,1,Kimi Räikkönen,9,0,0,0
25141,1060,849,3,18,16,0.0,70,11,2021,9,70,Austrian Grand Prix,2021-07-04,Williams,British,Nicholas,Latifi,Canadian,+1 Lap,Red Bull Ring,Spielberg,Austria,47.2197,14.7647,2,1,Nicholas Latifi,9,0,0,0
25142,1060,20,117,11,17,0.0,69,4,2021,9,70,Austrian Grand Prix,2021-07-04,Aston Martin,British,Sebastian,Vettel,German,Collision,Red Bull Ring,Spielberg,Austria,47.2197,14.7647,-6,0,Sebastian Vettel,9,0,0,0
25143,1060,854,210,19,18,0.0,69,12,2021,9,70,Austrian Grand Prix,2021-07-04,Haas F1 Team,American,Mick,Schumacher,German,+2 Laps,Red Bull Ring,Spielberg,Austria,47.2197,14.7647,1,1,Mick Schumacher,9,0,0,0
25144,1060,853,210,20,19,0.0,69,12,2021,9,70,Austrian Grand Prix,2021-07-04,Haas F1 Team,American,Nikita,Mazepin,Russian,+2 Laps,Red Bull Ring,Spielberg,Austria,47.2197,14.7647,1,1,Nikita Mazepin,9,0,0,0
25145,1060,839,214,17,20,0.0,0,4,2021,9,70,Austrian Grand Prix,2021-07-04,Alpine F1 Team,French,Esteban,Ocon,French,Collision,Red Bull Ring,Spielberg,Austria,47.2197,14.7647,-3,0,Esteban Ocon,9,0,0,0
25146,1061,1,131,2,1,25.0,52,1,2021,10,9,British Grand Prix,2021-07-18,Mercedes,German,Lewis,Hamilton,British,Finished,Silverstone Circuit,Silverstone,UK,52.0786,-1.01694,1,1,Lewis Hamilton,10,1,1,1
25147,1061,844,6,4,2,18.0,52,1,2021,10,9,British Grand Prix,2021-07-18,Ferrari,Italian,Charles,Leclerc,Monegasque,Finished,Silverstone Circuit,Silverstone,UK,52.0786,-1.01694,2,1,Charles Leclerc,10,1,0,1
25148,1061,822,131,3,3,15.0,52,1,2021,10,9,British Grand Prix,2021-07-18,Mercedes,German,Valtteri,Bottas,Finnish,Finished,Silverstone Circuit,Silverstone,UK,52.0786,-1.01694,0,1,Valtteri Bottas,10,1,0,1
25149,1061,846,1,5,4,12.0,52,1,2021,10,9,British Grand Prix,2021-07-18,McLaren,British,Lando,Norris,British,Finished,Silverstone Circuit,Silverstone,UK,52.0786,-1.01694,1,1,Lando Norris,10,0,0,1
25150,1061,817,1,6,5,10.0,52,1,2021,10,9,British Grand Prix,2021-07-18,McLaren,British,Daniel,Ricciardo,Australian,Finished,Silverstone Circuit,Silverstone,UK,52.0786,-1.01694,1,1,Daniel Ricciardo,10,0,0,1
25151,1061,832,6,10,6,8.0,52,1,2021,10,9,British Grand Prix,2021-07-18,Ferrari,Italian,Carlos,Sainz,Spanish,Finished,Silverstone Circuit,Silverstone,UK,52.0786,-1.01694,4,1,Carlos Sainz,10,0,0,1
25152,1061,4,214,7,7,6.0,52,1,2021,10,9,British Grand Prix,2021-07-18,Alpine F1 Team,French,Fernando,Alonso,Spanish,Finished,Silverstone Circuit,Silverstone,UK,52.0786,-1.01694,0,1,Fernando Alonso,10,0,0,1
25153,1061,840,117,14,8,4.0,52,1,2021,10,9,British Grand Prix,2021-07-18,Aston Martin,British,Lance,Stroll,Canadian,Finished,Silverstone Circuit,Silverstone,UK,52.0786,-1.01694,6,1,Lance Stroll,10,0,0,1
25154,1061,839,214,9,9,2.0,52,1,2021,10,9,British Grand Prix,2021-07-18,Alpine F1 Team,French,Esteban,Ocon,French,Finished,Silverstone Circuit,Silverstone,UK,52.0786,-1.01694,0,1,Esteban Ocon,10,0,0,1
25155,1061,852,213,16,10,1.0,52,1,2021,10,9,British Grand Prix,2021-07-18,AlphaTauri,Italian,Yuki,Tsunoda,Japanese,Finished,Silverstone Circuit,Silverstone,UK,52.0786,-1.01694,6,1,Yuki Tsunoda,10,0,0,1
25156,1061,842,213,11,11,0.0,52,1,2021,10,9,British Grand Prix,2021-07-18,AlphaTauri,Italian,Pierre,Gasly,French,Finished,Silverstone Circuit,Silverstone,UK,52.0786,-1.01694,0,1,Pierre Gasly,10,0,0,0
25157,1061,847,3,12,12,0.0,51,11,2021,10,9,British Grand Prix,2021-07-18,Williams,British,George,Russell,British,+1 Lap,Silverstone Circuit,Silverstone,UK,52.0786,-1.01694,0,1,George Russell,10,0,0,0
25158,1061,841,51,15,13,0.0,51,11,2021,10,9,British Grand Prix,2021-07-18,Alfa Romeo,Swiss,Antonio,Giovinazzi,Italian,+1 Lap,Silverstone Circuit,Silverstone,UK,52.0786,-1.01694,2,1,Antonio Giovinazzi,10,0,0,0
25159,1061,849,3,17,14,0.0,51,11,2021,10,9,British Grand Prix,2021-07-18,Williams,British,Nicholas,Latifi,Canadian,+1 Lap,Silverstone Circuit,Silverstone,UK,52.0786,-1.01694,3,1,Nicholas Latifi,10,0,0,0
25160,1061,8,51,13,15,0.0,51,11,2021,10,9,British Grand Prix,2021-07-18,Alfa Romeo,Swiss,Kimi,Räikkönen,Finnish,+1 Lap,Silverstone Circuit,Silverstone,UK,52.0786,-1.01694,-2,1,Kimi Räikkönen,10,0,0,0
25161,1061,815,9,0,16,0.0,51,11,2021,10,9,British Grand Prix,2021-07-18,Red Bull,Austrian,Sergio,Pérez,Mexican,+1 Lap,Silverstone Circuit,Silverstone,UK,52.0786,-1.01694,-16,1,Sergio Pérez,10,0,0,0
25162,1061,853,210,19,17,0.0,51,11,2021,10,9,British Grand Prix,2021-07-18,Haas F1 Team,American,Nikita,Mazepin,Russian,+1 Lap,Silverstone Circuit,Silverstone,UK,52.0786,-1.01694,2,1,Nikita Mazepin,10,0,0,0
25163,1061,854,210,18,18,0.0,51,11,2021,10,9,British Grand Prix,2021-07-18,Haas F1 Team,American,Mick,Schumacher,German,+1 Lap,Silverstone Circuit,Silverstone,UK,52.0786,-1.01694,0,1,Mick Schumacher,10,0,0,0
25164,1061,20,117,8,19,0.0,40,31,2021,10,9,British Grand Prix,2021-07-18,Aston Martin,British,Sebastian,Vettel,German,Retired,Silverstone Circuit,Silverstone,UK,52.0786,-1.01694,-11,0,Sebastian Vettel,10,0,0,0
25165,1061,830,9,1,20,0.0,0,4,2021,10,9,British Grand Prix,2021-07-18,Red Bull,Austrian,Max,Verstappen,Dutch,Collision,Silverstone Circuit,Silverstone,UK,52.0786,-1.01694,-19,0,Max Verstappen,10,0,0,0
25166,1062,839,214,8,1,25.0,70,1,2021,11,11,Hungarian Grand Prix,2021-08-01,Alpine F1 Team,French,Esteban,Ocon,French,Finished,Hungaroring,Budapest,Hungary,47.5789,19.2486,7,1,Esteban Ocon,11,1,1,1
25167,1062,1,131,1,2,18.0,70,1,2021,11,11,Hungarian Grand Prix,2021-08-01,Mercedes,German,Lewis,Hamilton,British,Finished,Hungaroring,Budapest,Hungary,47.5789,19.2486,-1,1,Lewis Hamilton,11,1,0,1
25168,1062,832,6,15,3,15.0,70,1,2021,11,11,Hungarian Grand Prix,2021-08-01,Ferrari,Italian,Carlos,Sainz,Spanish,Finished,Hungaroring,Budapest,Hungary,47.5789,19.2486,12,1,Carlos Sainz,11,1,0,1
25169,1062,4,214,9,4,12.0,70,1,2021,11,11,Hungarian Grand Prix,2021-08-01,Alpine F1 Team,French,Fernando,Alonso,Spanish,Finished,Hungaroring,Budapest,Hungary,47.5789,19.2486,5,1,Fernando Alonso,11,0,0,1
25170,1062,842,213,5,5,11.0,70,1,2021,11,11,Hungarian Grand Prix,2021-08-01,AlphaTauri,Italian,Pierre,Gasly,French,Finished,Hungaroring,Budapest,Hungary,47.5789,19.2486,0,1,Pierre Gasly,11,0,0,1
25171,1062,852,213,16,6,8.0,70,1,2021,11,11,Hungarian Grand Prix,2021-08-01,AlphaTauri,Italian,Yuki,Tsunoda,Japanese,Finished,Hungaroring,Budapest,Hungary,47.5789,19.2486,10,1,Yuki Tsunoda,11,0,0,1
25172,1062,849,3,18,7,6.0,70,1,2021,11,11,Hungarian Grand Prix,2021-08-01,Williams,British,Nicholas,Latifi,Canadian,Finished,Hungaroring,Budapest,Hungary,47.5789,19.2486,11,1,Nicholas Latifi,11,0,0,1
25173,1062,847,3,17,8,4.0,70,1,2021,11,11,Hungarian Grand Prix,2021-08-01,Williams,British,George,Russell,British,Finished,Hungaroring,Budapest,Hungary,47.5789,19.2486,9,1,George Russell,11,0,0,1
25174,1062,830,9,3,9,2.0,70,1,2021,11,11,Hungarian Grand Prix,2021-08-01,Red Bull,Austrian,Max,Verstappen,Dutch,Finished,Hungaroring,Budapest,Hungary,47.5789,19.2486,-6,1,Max Verstappen,11,0,0,1
25175,1062,8,51,13,10,1.0,69,11,2021,11,11,Hungarian Grand Prix,2021-08-01,Alfa Romeo,Swiss,Kimi,Räikkönen,Finnish,+1 Lap,Hungaroring,Budapest,Hungary,47.5789,19.2486,3,1,Kimi Räikkönen,11,0,0,1
25176,1062,817,1,11,11,0.0,69,11,2021,11,11,Hungarian Grand Prix,2021-08-01,McLaren,British,Daniel,Ricciardo,Australian,+1 Lap,Hungaroring,Budapest,Hungary,47.5789,19.2486,0,1,Daniel Ricciardo,11,0,0,0
25177,1062,854,210,20,12,0.0,69,11,2021,11,11,Hungarian Grand Prix,2021-08-01,Haas F1 Team,American,Mick,Schumacher,German,+1 Lap,Hungaroring,Budapest,Hungary,47.5789,19.2486,8,1,Mick Schumacher,11,0,0,0
25178,1062,841,51,0,13,0.0,69,11,2021,11,11,Hungarian Grand Prix,2021-08-01,Alfa Romeo,Swiss,Antonio,Giovinazzi,Italian,+1 Lap,Hungaroring,Budapest,Hungary,47.5789,19.2486,-13,1,Antonio Giovinazzi,11,0,0,0
25179,1062,853,210,19,14,0.0,3,4,2021,11,11,Hungarian Grand Prix,2021-08-01,Haas F1 Team,American,Nikita,Mazepin,Russian,Collision,Hungaroring,Budapest,Hungary,47.5789,19.2486,5,0,Nikita Mazepin,11,0,0,0
25180,1062,846,1,6,15,0.0,2,4,2021,11,11,Hungarian Grand Prix,2021-08-01,McLaren,British,Lando,Norris,British,Collision,Hungaroring,Budapest,Hungary,47.5789,19.2486,-9,0,Lando Norris,11,0,0,0
25181,1062,822,131,2,16,0.0,0,4,2021,11,11,Hungarian Grand Prix,2021-08-01,Mercedes,German,Valtteri,Bottas,Finnish,Collision,Hungaroring,Budapest,Hungary,47.5789,19.2486,-14,0,Valtteri Bottas,11,0,0,0
25182,1062,815,9,4,17,0.0,0,4,2021,11,11,Hungarian Grand Prix,2021-08-01,Red Bull,Austrian,Sergio,Pérez,Mexican,Collision,Hungaroring,Budapest,Hungary,47.5789,19.2486,-13,0,Sergio Pérez,11,0,0,0
25183,1062,844,6,7,18,0.0,0,4,2021,11,11,Hungarian Grand Prix,2021-08-01,Ferrari,Italian,Charles,Leclerc,Monegasque,Collision,Hungaroring,Budapest,Hungary,47.5789,19.2486,-11,0,Charles Leclerc,11,0,0,0
25184,1062,840,117,12,19,0.0,0,4,2021,11,11,Hungarian Grand Prix,2021-08-01,Aston Martin,British,Lance,Stroll,Canadian,Collision,Hungaroring,Budapest,Hungary,47.5789,19.2486,-7,0,Lance Stroll,11,0,0,0
25185,1062,20,117,10,20,0.0,70,2,2021,11,11,Hungarian Grand Prix,2021-08-01,Aston Martin,British,Sebastian,Vettel,German,Disqualified,Hungaroring,Budapest,Hungary,47.5789,19.2486,-10,0,Sebastian Vettel,11,0,0,0
25186,1063,830,9,1,1,12.5,1,1,2021,12,13,Belgian Grand Prix,2021-08-29,Red Bull,Austrian,Max,Verstappen,Dutch,Finished,Circuit de Spa-Francorchamps,Spa,Belgium,50.4372,5.97139,0,1,Max Verstappen,12,1,1,1
25187,1063,847,3,2,2,9.0,1,1,2021,12,13,Belgian Grand Prix,2021-08-29,Williams,British,George,Russell,British,Finished,Circuit de Spa-Francorchamps,Spa,Belgium,50.4372,5.97139,0,1,George Russell,12,1,0,1
25188,1063,1,131,3,3,7.5,1,1,2021,12,13,Belgian Grand Prix,2021-08-29,Mercedes,German,Lewis,Hamilton,British,Finished,Circuit de Spa-Francorchamps,Spa,Belgium,50.4372,5.97139,0,1,Lewis Hamilton,12,1,0,1
25189,1063,817,1,4,4,6.0,1,1,2021,12,13,Belgian Grand Prix,2021-08-29,McLaren,British,Daniel,Ricciardo,Australian,Finished,Circuit de Spa-Francorchamps,Spa,Belgium,50.4372,5.97139,0,1,Daniel Ricciardo,12,0,0,1
25190,1063,20,117,5,5,5.0,1,1,2021,12,13,Belgian Grand Prix,2021-08-29,Aston Martin,British,Sebastian,Vettel,German,Finished,Circuit de Spa-Francorchamps,Spa,Belgium,50.4372,5.97139,0,1,Sebastian Vettel,12,0,0,1
25191,1063,842,213,6,6,4.0,1,1,2021,12,13,Belgian Grand Prix,2021-08-29,AlphaTauri,Italian,Pierre,Gasly,French,Finished,Circuit de Spa-Francorchamps,Spa,Belgium,50.4372,5.97139,0,1,Pierre Gasly,12,0,0,1
25192,1063,839,214,8,7,3.0,1,1,2021,12,13,Belgian Grand Prix,2021-08-29,Alpine F1 Team,French,Esteban,Ocon,French,Finished,Circuit de Spa-Francorchamps,Spa,Belgium,50.4372,5.97139,1,1,Esteban Ocon,12,0,0,1
25193,1063,844,6,9,8,2.0,1,1,2021,12,13,Belgian Grand Prix,2021-08-29,Ferrari,Italian,Charles,Leclerc,Monegasque,Finished,Circuit de Spa-Francorchamps,Spa,Belgium,50.4372,5.97139,1,1,Charles Leclerc,12,0,0,1
25194,1063,849,3,10,9,1.0,1,1,2021,12,13,Belgian Grand Prix,2021-08-29,Williams,British,Nicholas,Latifi,Canadian,Finished,Circuit de Spa-Francorchamps,Spa,Belgium,50.4372,5.97139,1,1,Nicholas Latifi,12,0,0,1
25195,1063,832,6,11,10,0.5,1,1,2021,12,13,Belgian Grand Prix,2021-08-29,Ferrari,Italian,Carlos,Sainz,Spanish,Finished,Circuit de Spa-Francorchamps,Spa,Belgium,50.4372,5.97139,1,1,Carlos Sainz,12,0,0,1
25196,1063,4,214,12,11,0.0,1,1,2021,12,13,Belgian Grand Prix,2021-08-29,Alpine F1 Team,French,Fernando,Alonso,Spanish,Finished,Circuit de Spa-Francorchamps,Spa,Belgium,50.4372,5.97139,1,1,Fernando Alonso,12,0,0,0
25197,1063,822,131,13,12,0.0,1,1,2021,12,13,Belgian Grand Prix,2021-08-29,Mercedes,German,Valtteri,Bottas,Finnish,Finished,Circuit de Spa-Francorchamps,Spa,Belgium,50.4372,5.97139,1,1,Valtteri Bottas,12,0,0,0
25198,1063,841,51,14,13,0.0,1,1,2021,12,13,Belgian Grand Prix,2021-08-29,Alfa Romeo,Swiss,Antonio,Giovinazzi,Italian,Finished,Circuit de Spa-Francorchamps,Spa,Belgium,50.4372,5.97139,1,1,Antonio Giovinazzi,12,0,0,0
25199,1063,846,1,15,14,0.0,1,1,2021,12,13,Belgian Grand Prix,2021-08-29,McLaren,British,Lando,Norris,British,Finished,Circuit de Spa-Francorchamps,Spa,Belgium,50.4372,5.97139,1,1,Lando Norris,12,0,0,0
25200,1063,852,213,16,15,0.0,1,1,2021,12,13,Belgian Grand Prix,2021-08-29,AlphaTauri,Italian,Yuki,Tsunoda,Japanese,Finished,Circuit de Spa-Francorchamps,Spa,Belgium,50.4372,5.97139,1,1,Yuki Tsunoda,12,0,0,0
25201,1063,854,210,17,16,0.0,1,1,2021,12,13,Belgian Grand Prix,2021-08-29,Haas F1 Team,American,Mick,Schumacher,German,Finished,Circuit de Spa-Francorchamps,Spa,Belgium,50.4372,5.97139,1,1,Mick Schumacher,12,0,0,0
25202,1063,853,210,18,17,0.0,1,1,2021,12,13,Belgian Grand Prix,2021-08-29,Haas F1 Team,American,Nikita,Mazepin,Russian,Finished,Circuit de Spa-Francorchamps,Spa,Belgium,50.4372,5.97139,1,1,Nikita Mazepin,12,0,0,0
25203,1063,8,51,0,18,0.0,1,1,2021,12,13,Belgian Grand Prix,2021-08-29,Alfa Romeo,Swiss,Kimi,Räikkönen,Finnish,Finished,Circuit de Spa-Francorchamps,Spa,Belgium,50.4372,5.97139,-18,1,Kimi Räikkönen,12,0,0,0
25204,1063,815,9,0,19,0.0,1,1,2021,12,13,Belgian Grand Prix,2021-08-29,Red Bull,Austrian,Sergio,Pérez,Mexican,Finished,Circuit de Spa-Francorchamps,Spa,Belgium,50.4372,5.97139,-19,1,Sergio Pérez,12,0,0,0
25205,1063,840,117,19,20,0.0,1,1,2021,12,13,Belgian Grand Prix,2021-08-29,Aston Martin,British,Lance,Stroll,Canadian,Finished,Circuit de Spa-Francorchamps,Spa,Belgium,50.4372,5.97139,-1,1,Lance Stroll,12,0,0,0
25206,1064,830,9,1,1,25.0,72,1,2021,13,39,Dutch Grand Prix,2021-09-05,Red Bull,Austrian,Max,Verstappen,Dutch,Finished,Circuit Park Zandvoort,Zandvoort,Netherlands,52.3888,4.54092,0,1,Max Verstappen,13,1,1,1
25207,1064,1,131,2,2,19.0,72,1,2021,13,39,Dutch Grand Prix,2021-09-05,Mercedes,German,Lewis,Hamilton,British,Finished,Circuit Park Zandvoort,Zandvoort,Netherlands,52.3888,4.54092,0,1,Lewis Hamilton,13,1,0,1
25208,1064,822,131,3,3,15.0,72,1,2021,13,39,Dutch Grand Prix,2021-09-05,Mercedes,German,Valtteri,Bottas,Finnish,Finished,Circuit Park Zandvoort,Zandvoort,Netherlands,52.3888,4.54092,0,1,Valtteri Bottas,13,1,0,1
25209,1064,842,213,4,4,12.0,71,11,2021,13,39,Dutch Grand Prix,2021-09-05,AlphaTauri,Italian,Pierre,Gasly,French,+1 Lap,Circuit Park Zandvoort,Zandvoort,Netherlands,52.3888,4.54092,0,1,Pierre Gasly,13,0,0,1
25210,1064,844,6,5,5,10.0,71,11,2021,13,39,Dutch Grand Prix,2021-09-05,Ferrari,Italian,Charles,Leclerc,Monegasque,+1 Lap,Circuit Park Zandvoort,Zandvoort,Netherlands,52.3888,4.54092,0,1,Charles Leclerc,13,0,0,1
25211,1064,4,214,9,6,8.0,71,11,2021,13,39,Dutch Grand Prix,2021-09-05,Alpine F1 Team,French,Fernando,Alonso,Spanish,+1 Lap,Circuit Park Zandvoort,Zandvoort,Netherlands,52.3888,4.54092,3,1,Fernando Alonso,13,0,0,1
25212,1064,832,6,6,7,6.0,71,11,2021,13,39,Dutch Grand Prix,2021-09-05,Ferrari,Italian,Carlos,Sainz,Spanish,+1 Lap,Circuit Park Zandvoort,Zandvoort,Netherlands,52.3888,4.54092,-1,1,Carlos Sainz,13,0,0,1
25213,1064,815,9,0,8,4.0,71,11,2021,13,39,Dutch Grand Prix,2021-09-05,Red Bull,Austrian,Sergio,Pérez,Mexican,+1 Lap,Circuit Park Zandvoort,Zandvoort,Netherlands,52.3888,4.54092,-8,1,Sergio Pérez,13,0,0,1
25214,1064,839,214,8,9,2.0,71,11,2021,13,39,Dutch Grand Prix,2021-09-05,Alpine F1 Team,French,Esteban,Ocon,French,+1 Lap,Circuit Park Zandvoort,Zandvoort,Netherlands,52.3888,4.54092,-1,1,Esteban Ocon,13,0,0,1
25215,1064,846,1,13,10,1.0,71,11,2021,13,39,Dutch Grand Prix,2021-09-05,McLaren,British,Lando,Norris,British,+1 Lap,Circuit Park Zandvoort,Zandvoort,Netherlands,52.3888,4.54092,3,1,Lando Norris,13,0,0,1
25216,1064,817,1,10,11,0.0,71,11,2021,13,39,Dutch Grand Prix,2021-09-05,McLaren,British,Daniel,Ricciardo,Australian,+1 Lap,Circuit Park Zandvoort,Zandvoort,Netherlands,52.3888,4.54092,-1,1,Daniel Ricciardo,13,0,0,0
25217,1064,840,117,12,12,0.0,70,12,2021,13,39,Dutch Grand Prix,2021-09-05,Aston Martin,British,Lance,Stroll,Canadian,+2 Laps,Circuit Park Zandvoort,Zandvoort,Netherlands,52.3888,4.54092,0,1,Lance Stroll,13,0,0,0
25218,1064,20,117,15,13,0.0,70,12,2021,13,39,Dutch Grand Prix,2021-09-05,Aston Martin,British,Sebastian,Vettel,German,+2 Laps,Circuit Park Zandvoort,Zandvoort,Netherlands,52.3888,4.54092,2,1,Sebastian Vettel,13,0,0,0
25219,1064,841,51,7,14,0.0,70,12,2021,13,39,Dutch Grand Prix,2021-09-05,Alfa Romeo,Swiss,Antonio,Giovinazzi,Italian,+2 Laps,Circuit Park Zandvoort,Zandvoort,Netherlands,52.3888,4.54092,-7,1,Antonio Giovinazzi,13,0,0,0
25220,1064,9,51,16,15,0.0,70,12,2021,13,39,Dutch Grand Prix,2021-09-05,Alfa Romeo,Swiss,Robert,Kubica,Polish,+2 Laps,Circuit Park Zandvoort,Zandvoort,Netherlands,52.3888,4.54092,1,1,Robert Kubica,13,0,0,0
25221,1064,849,3,0,16,0.0,70,12,2021,13,39,Dutch Grand Prix,2021-09-05,Williams,British,Nicholas,Latifi,Canadian,+2 Laps,Circuit Park Zandvoort,Zandvoort,Netherlands,52.3888,4.54092,-16,1,Nicholas Latifi,13,0,0,0
25222,1064,847,3,11,17,0.0,69,6,2021,13,39,Dutch Grand Prix,2021-09-05,Williams,British,George,Russell,British,Gearbox,Circuit Park Zandvoort,Zandvoort,Netherlands,52.3888,4.54092,-6,0,George Russell,13,0,0,0
25223,1064,854,210,17,18,0.0,69,13,2021,13,39,Dutch Grand Prix,2021-09-05,Haas F1 Team,American,Mick,Schumacher,German,+3 Laps,Circuit Park Zandvoort,Zandvoort,Netherlands,52.3888,4.54092,-1,1,Mick Schumacher,13,0,0,0
25224,1064,852,213,14,19,0.0,48,131,2021,13,39,Dutch Grand Prix,2021-09-05,AlphaTauri,Italian,Yuki,Tsunoda,Japanese,Power Unit,Circuit Park Zandvoort,Zandvoort,Netherlands,52.3888,4.54092,-5,0,Yuki Tsunoda,13,0,0,0
25225,1064,853,210,18,20,0.0,41,9,2021,13,39,Dutch Grand Prix,2021-09-05,Haas F1 Team,American,Nikita,Mazepin,Russian,Hydraulics,Circuit Park Zandvoort,Zandvoort,Netherlands,52.3888,4.54092,-2,0,Nikita Mazepin,13,0,0,0
25226,1065,817,1,2,1,26.0,53,1,2021,14,14,Italian Grand Prix,2021-09-12,McLaren,British,Daniel,Ricciardo,Australian,Finished,Autodromo Nazionale di Monza,Monza,Italy,45.6156,9.28111,1,1,Daniel Ricciardo,14,1,1,1
25227,1065,846,1,3,2,18.0,53,1,2021,14,14,Italian Grand Prix,2021-09-12,McLaren,British,Lando,Norris,British,Finished,Autodromo Nazionale di Monza,Monza,Italy,45.6156,9.28111,1,1,Lando Norris,14,1,0,1
25228,1065,822,131,19,3,15.0,53,1,2021,14,14,Italian Grand Prix,2021-09-12,Mercedes,German,Valtteri,Bottas,Finnish,Finished,Autodromo Nazionale di Monza,Monza,Italy,45.6156,9.28111,16,1,Valtteri Bottas,14,1,0,1
25229,1065,844,6,5,4,12.0,53,1,2021,14,14,Italian Grand Prix,2021-09-12,Ferrari,Italian,Charles,Leclerc,Monegasque,Finished,Autodromo Nazionale di Monza,Monza,Italy,45.6156,9.28111,1,1,Charles Leclerc,14,0,0,1
25230,1065,815,9,8,5,10.0,53,1,2021,14,14,Italian Grand Prix,2021-09-12,Red Bull,Austrian,Sergio,Pérez,Mexican,Finished,Autodromo Nazionale di Monza,Monza,Italy,45.6156,9.28111,3,1,Sergio Pérez,14,0,0,1
25231,1065,832,6,6,6,8.0,53,1,2021,14,14,Italian Grand Prix,2021-09-12,Ferrari,Italian,Carlos,Sainz,Spanish,Finished,Autodromo Nazionale di Monza,Monza,Italy,45.6156,9.28111,0,1,Carlos Sainz,14,0,0,1
25232,1065,840,117,9,7,6.0,53,1,2021,14,14,Italian Grand Prix,2021-09-12,Aston Martin,British,Lance,Stroll,Canadian,Finished,Autodromo Nazionale di Monza,Monza,Italy,45.6156,9.28111,2,1,Lance Stroll,14,0,0,1
25233,1065,4,214,10,8,4.0,53,1,2021,14,14,Italian Grand Prix,2021-09-12,Alpine F1 Team,French,Fernando,Alonso,Spanish,Finished,Autodromo Nazionale di Monza,Monza,Italy,45.6156,9.28111,2,1,Fernando Alonso,14,0,0,1
25234,1065,847,3,14,9,2.0,53,1,2021,14,14,Italian Grand Prix,2021-09-12,Williams,British,George,Russell,British,Finished,Autodromo Nazionale di Monza,Monza,Italy,45.6156,9.28111,5,1,George Russell,14,0,0,1
25235,1065,839,214,12,10,1.0,53,1,2021,14,14,Italian Grand Prix,2021-09-12,Alpine F1 Team,French,Esteban,Ocon,French,Finished,Autodromo Nazionale di Monza,Monza,Italy,45.6156,9.28111,2,1,Esteban Ocon,14,0,0,1
25236,1065,849,3,13,11,0.0,53,1,2021,14,14,Italian Grand Prix,2021-09-12,Williams,British,Nicholas,Latifi,Canadian,Finished,Autodromo Nazionale di Monza,Monza,Italy,45.6156,9.28111,2,1,Nicholas Latifi,14,0,0,0
25237,1065,20,117,11,12,0.0,53,1,2021,14,14,Italian Grand Prix,2021-09-12,Aston Martin,British,Sebastian,Vettel,German,Finished,Autodromo Nazionale di Monza,Monza,Italy,45.6156,9.28111,-1,1,Sebastian Vettel,14,0,0,0
25238,1065,841,51,7,13,0.0,53,1,2021,14,14,Italian Grand Prix,2021-09-12,Alfa Romeo,Swiss,Antonio,Giovinazzi,Italian,Finished,Autodromo Nazionale di Monza,Monza,Italy,45.6156,9.28111,-6,1,Antonio Giovinazzi,14,0,0,0
25239,1065,9,51,17,14,0.0,53,1,2021,14,14,Italian Grand Prix,2021-09-12,Alfa Romeo,Swiss,Robert,Kubica,Polish,Finished,Autodromo Nazionale di Monza,Monza,Italy,45.6156,9.28111,3,1,Robert Kubica,14,0,0,0
25240,1065,854,210,18,15,0.0,53,1,2021,14,14,Italian Grand Prix,2021-09-12,Haas F1 Team,American,Mick,Schumacher,German,Finished,Autodromo Nazionale di Monza,Monza,Italy,45.6156,9.28111,3,1,Mick Schumacher,14,0,0,0
25241,1065,853,210,16,16,0.0,41,131,2021,14,14,Italian Grand Prix,2021-09-12,Haas F1 Team,American,Nikita,Mazepin,Russian,Power Unit,Autodromo Nazionale di Monza,Monza,Italy,45.6156,9.28111,0,0,Nikita Mazepin,14,0,0,0
25242,1065,1,131,4,17,0.0,25,4,2021,14,14,Italian Grand Prix,2021-09-12,Mercedes,German,Lewis,Hamilton,British,Collision,Autodromo Nazionale di Monza,Monza,Italy,45.6156,9.28111,-13,0,Lewis Hamilton,14,0,0,0
25243,1065,830,9,1,18,0.0,25,4,2021,14,14,Italian Grand Prix,2021-09-12,Red Bull,Austrian,Max,Verstappen,Dutch,Collision,Autodromo Nazionale di Monza,Monza,Italy,45.6156,9.28111,-17,0,Max Verstappen,14,0,0,0
25244,1065,842,213,0,19,0.0,3,22,2021,14,14,Italian Grand Prix,2021-09-12,AlphaTauri,Italian,Pierre,Gasly,French,Suspension,Autodromo Nazionale di Monza,Monza,Italy,45.6156,9.28111,-19,0,Pierre Gasly,14,0,0,0
25245,1065,852,213,0,20,0.0,0,23,2021,14,14,Italian Grand Prix,2021-09-12,AlphaTauri,Italian,Yuki,Tsunoda,Japanese,Brakes,Autodromo Nazionale di Monza,Monza,Italy,45.6156,9.28111,-20,0,Yuki Tsunoda,14,0,0,0
25246,1066,1,131,4,1,25.0,53,1,2021,15,71,Russian Grand Prix,2021-09-26,Mercedes,German,Lewis,Hamilton,British,Finished,Sochi Autodrom,Sochi,Russia,43.4057,39.9578,3,1,Lewis Hamilton,15,1,1,1
25247,1066,830,9,20,2,18.0,53,1,2021,15,71,Russian Grand Prix,2021-09-26,Red Bull,Austrian,Max,Verstappen,Dutch,Finished,Sochi Autodrom,Sochi,Russia,43.4057,39.9578,18,1,Max Verstappen,15,1,0,1
25248,1066,832,6,2,3,15.0,53,1,2021,15,71,Russian Grand Prix,2021-09-26,Ferrari,Italian,Carlos,Sainz,Spanish,Finished,Sochi Autodrom,Sochi,Russia,43.4057,39.9578,-1,1,Carlos Sainz,15,1,0,1
25249,1066,817,1,5,4,12.0,53,1,2021,15,71,Russian Grand Prix,2021-09-26,McLaren,British,Daniel,Ricciardo,Australian,Finished,Sochi Autodrom,Sochi,Russia,43.4057,39.9578,1,1,Daniel Ricciardo,15,0,0,1
25250,1066,822,131,16,5,10.0,53,1,2021,15,71,Russian Grand Prix,2021-09-26,Mercedes,German,Valtteri,Bottas,Finnish,Finished,Sochi Autodrom,Sochi,Russia,43.4057,39.9578,11,1,Valtteri Bottas,15,0,0,1
25251,1066,4,214,6,6,8.0,53,1,2021,15,71,Russian Grand Prix,2021-09-26,Alpine F1 Team,French,Fernando,Alonso,Spanish,Finished,Sochi Autodrom,Sochi,Russia,43.4057,39.9578,0,1,Fernando Alonso,15,0,0,1
25252,1066,846,1,1,7,7.0,53,1,2021,15,71,Russian Grand Prix,2021-09-26,McLaren,British,Lando,Norris,British,Finished,Sochi Autodrom,Sochi,Russia,43.4057,39.9578,-6,1,Lando Norris,15,0,0,1
25253,1066,8,51,13,8,4.0,53,1,2021,15,71,Russian Grand Prix,2021-09-26,Alfa Romeo,Swiss,Kimi,Räikkönen,Finnish,Finished,Sochi Autodrom,Sochi,Russia,43.4057,39.9578,5,1,Kimi Räikkönen,15,0,0,1
25254,1066,815,9,8,9,2.0,53,1,2021,15,71,Russian Grand Prix,2021-09-26,Red Bull,Austrian,Sergio,Pérez,Mexican,Finished,Sochi Autodrom,Sochi,Russia,43.4057,39.9578,-1,1,Sergio Pérez,15,0,0,1
25255,1066,847,3,3,10,1.0,53,1,2021,15,71,Russian Grand Prix,2021-09-26,Williams,British,George,Russell,British,Finished,Sochi Autodrom,Sochi,Russia,43.4057,39.9578,-7,1,George Russell,15,0,0,1
25256,1066,840,117,7,11,0.0,53,1,2021,15,71,Russian Grand Prix,2021-09-26,Aston Martin,British,Lance,Stroll,Canadian,Finished,Sochi Autodrom,Sochi,Russia,43.4057,39.9578,-4,1,Lance Stroll,15,0,0,0
25257,1066,20,117,10,12,0.0,52,11,2021,15,71,Russian Grand Prix,2021-09-26,Aston Martin,British,Sebastian,Vettel,German,+1 Lap,Sochi Autodrom,Sochi,Russia,43.4057,39.9578,-2,1,Sebastian Vettel,15,0,0,0
25258,1066,842,213,11,13,0.0,52,11,2021,15,71,Russian Grand Prix,2021-09-26,AlphaTauri,Italian,Pierre,Gasly,French,+1 Lap,Sochi Autodrom,Sochi,Russia,43.4057,39.9578,-2,1,Pierre Gasly,15,0,0,0
25259,1066,839,214,9,14,0.0,52,11,2021,15,71,Russian Grand Prix,2021-09-26,Alpine F1 Team,French,Esteban,Ocon,French,+1 Lap,Sochi Autodrom,Sochi,Russia,43.4057,39.9578,-5,1,Esteban Ocon,15,0,0,0
25260,1066,844,6,19,15,0.0,52,11,2021,15,71,Russian Grand Prix,2021-09-26,Ferrari,Italian,Charles,Leclerc,Monegasque,+1 Lap,Sochi Autodrom,Sochi,Russia,43.4057,39.9578,4,1,Charles Leclerc,15,0,0,0
25261,1066,841,51,17,16,0.0,52,11,2021,15,71,Russian Grand Prix,2021-09-26,Alfa Romeo,Swiss,Antonio,Giovinazzi,Italian,+1 Lap,Sochi Autodrom,Sochi,Russia,43.4057,39.9578,1,1,Antonio Giovinazzi,15,0,0,0
25262,1066,852,213,12,17,0.0,52,11,2021,15,71,Russian Grand Prix,2021-09-26,AlphaTauri,Italian,Yuki,Tsunoda,Japanese,+1 Lap,Sochi Autodrom,Sochi,Russia,43.4057,39.9578,-5,1,Yuki Tsunoda,15,0,0,0
25263,1066,853,210,15,18,0.0,51,12,2021,15,71,Russian Grand Prix,2021-09-26,Haas F1 Team,American,Nikita,Mazepin,Russian,+2 Laps,Sochi Autodrom,Sochi,Russia,43.4057,39.9578,-3,1,Nikita Mazepin,15,0,0,0
25264,1066,849,3,18,19,0.0,47,3,2021,15,71,Russian Grand Prix,2021-09-26,Williams,British,Nicholas,Latifi,Canadian,Accident,Sochi Autodrom,Sochi,Russia,43.4057,39.9578,-1,0,Nicholas Latifi,15,0,0,0
25265,1066,854,210,14,20,0.0,32,44,2021,15,71,Russian Grand Prix,2021-09-26,Haas F1 Team,American,Mick,Schumacher,German,Oil leak,Sochi Autodrom,Sochi,Russia,43.4057,39.9578,-6,0,Mick Schumacher,15,0,0,0
25266,1067,822,131,1,1,26.0,58,1,2021,16,5,Turkish Grand Prix,2021-10-10,Mercedes,German,Valtteri,Bottas,Finnish,Finished,Istanbul Park,Istanbul,Turkey,40.9517,29.405,0,1,Valtteri Bottas,16,1,1,1
25267,1067,830,9,2,2,18.0,58,1,2021,16,5,Turkish Grand Prix,2021-10-10,Red Bull,Austrian,Max,Verstappen,Dutch,Finished,Istanbul Park,Istanbul,Turkey,40.9517,29.405,0,1,Max Verstappen,16,1,0,1
25268,1067,815,9,6,3,15.0,58,1,2021,16,5,Turkish Grand Prix,2021-10-10,Red Bull,Austrian,Sergio,Pérez,Mexican,Finished,Istanbul Park,Istanbul,Turkey,40.9517,29.405,3,1,Sergio Pérez,16,1,0,1
25269,1067,844,6,3,4,12.0,58,1,2021,16,5,Turkish Grand Prix,2021-10-10,Ferrari,Italian,Charles,Leclerc,Monegasque,Finished,Istanbul Park,Istanbul,Turkey,40.9517,29.405,-1,1,Charles Leclerc,16,0,0,1
25270,1067,1,131,11,5,10.0,58,1,2021,16,5,Turkish Grand Prix,2021-10-10,Mercedes,German,Lewis,Hamilton,British,Finished,Istanbul Park,Istanbul,Turkey,40.9517,29.405,6,1,Lewis Hamilton,16,0,0,1
25271,1067,842,213,4,6,8.0,58,1,2021,16,5,Turkish Grand Prix,2021-10-10,AlphaTauri,Italian,Pierre,Gasly,French,Finished,Istanbul Park,Istanbul,Turkey,40.9517,29.405,-2,1,Pierre Gasly,16,0,0,1
25272,1067,846,1,7,7,6.0,58,1,2021,16,5,Turkish Grand Prix,2021-10-10,McLaren,British,Lando,Norris,British,Finished,Istanbul Park,Istanbul,Turkey,40.9517,29.405,0,1,Lando Norris,16,0,0,1
25273,1067,832,6,19,8,4.0,58,1,2021,16,5,Turkish Grand Prix,2021-10-10,Ferrari,Italian,Carlos,Sainz,Spanish,Finished,Istanbul Park,Istanbul,Turkey,40.9517,29.405,11,1,Carlos Sainz,16,0,0,1
25274,1067,840,117,8,9,2.0,58,1,2021,16,5,Turkish Grand Prix,2021-10-10,Aston Martin,British,Lance,Stroll,Canadian,Finished,Istanbul Park,Istanbul,Turkey,40.9517,29.405,-1,1,Lance Stroll,16,0,0,1
25275,1067,839,214,12,10,1.0,57,11,2021,16,5,Turkish Grand Prix,2021-10-10,Alpine F1 Team,French,Esteban,Ocon,French,+1 Lap,Istanbul Park,Istanbul,Turkey,40.9517,29.405,2,1,Esteban Ocon,16,0,0,1
25276,1067,841,51,16,11,0.0,57,11,2021,16,5,Turkish Grand Prix,2021-10-10,Alfa Romeo,Swiss,Antonio,Giovinazzi,Italian,+1 Lap,Istanbul Park,Istanbul,Turkey,40.9517,29.405,5,1,Antonio Giovinazzi,16,0,0,0
25277,1067,8,51,17,12,0.0,57,11,2021,16,5,Turkish Grand Prix,2021-10-10,Alfa Romeo,Swiss,Kimi,Räikkönen,Finnish,+1 Lap,Istanbul Park,Istanbul,Turkey,40.9517,29.405,5,1,Kimi Räikkönen,16,0,0,0
25278,1067,817,1,20,13,0.0,57,11,2021,16,5,Turkish Grand Prix,2021-10-10,McLaren,British,Daniel,Ricciardo,Australian,+1 Lap,Istanbul Park,Istanbul,Turkey,40.9517,29.405,7,1,Daniel Ricciardo,16,0,0,0
25279,1067,852,213,9,14,0.0,57,11,2021,16,5,Turkish Grand Prix,2021-10-10,AlphaTauri,Italian,Yuki,Tsunoda,Japanese,+1 Lap,Istanbul Park,Istanbul,Turkey,40.9517,29.405,-5,1,Yuki Tsunoda,16,0,0,0
25280,1067,847,3,13,15,0.0,57,11,2021,16,5,Turkish Grand Prix,2021-10-10,Williams,British,George,Russell,British,+1 Lap,Istanbul Park,Istanbul,Turkey,40.9517,29.405,-2,1,George Russell,16,0,0,0
25281,1067,4,214,5,16,0.0,57,11,2021,16,5,Turkish Grand Prix,2021-10-10,Alpine F1 Team,French,Fernando,Alonso,Spanish,+1 Lap,Istanbul Park,Istanbul,Turkey,40.9517,29.405,-11,1,Fernando Alonso,16,0,0,0
25282,1067,849,3,15,17,0.0,57,11,2021,16,5,Turkish Grand Prix,2021-10-10,Williams,British,Nicholas,Latifi,Canadian,+1 Lap,Istanbul Park,Istanbul,Turkey,40.9517,29.405,-2,1,Nicholas Latifi,16,0,0,0
25283,1067,20,117,10,18,0.0,57,11,2021,16,5,Turkish Grand Prix,2021-10-10,Aston Martin,British,Sebastian,Vettel,German,+1 Lap,Istanbul Park,Istanbul,Turkey,40.9517,29.405,-8,1,Sebastian Vettel,16,0,0,0
25284,1067,854,210,14,19,0.0,56,12,2021,16,5,Turkish Grand Prix,2021-10-10,Haas F1 Team,American,Mick,Schumacher,German,+2 Laps,Istanbul Park,Istanbul,Turkey,40.9517,29.405,-5,1,Mick Schumacher,16,0,0,0
25285,1067,853,210,18,20,0.0,56,12,2021,16,5,Turkish Grand Prix,2021-10-10,Haas F1 Team,American,Nikita,Mazepin,Russian,+2 Laps,Istanbul Park,Istanbul,Turkey,40.9517,29.405,-2,1,Nikita Mazepin,16,0,0,0
25286,1069,830,9,1,1,25.0,56,1,2021,17,69,United States Grand Prix,2021-10-24,Red Bull,Austrian,Max,Verstappen,Dutch,Finished,Circuit of the Americas,Austin,USA,30.1328,-97.6411,0,1,Max Verstappen,17,1,1,1
25287,1069,1,131,2,2,19.0,56,1,2021,17,69,United States Grand Prix,2021-10-24,Mercedes,German,Lewis,Hamilton,British,Finished,Circuit of the Americas,Austin,USA,30.1328,-97.6411,0,1,Lewis Hamilton,17,1,0,1
25288,1069,815,9,3,3,15.0,56,1,2021,17,69,United States Grand Prix,2021-10-24,Red Bull,Austrian,Sergio,Pérez,Mexican,Finished,Circuit of the Americas,Austin,USA,30.1328,-97.6411,0,1,Sergio Pérez,17,1,0,1
25289,1069,844,6,4,4,12.0,56,1,2021,17,69,United States Grand Prix,2021-10-24,Ferrari,Italian,Charles,Leclerc,Monegasque,Finished,Circuit of the Americas,Austin,USA,30.1328,-97.6411,0,1,Charles Leclerc,17,0,0,1
25290,1069,817,1,6,5,10.0,56,1,2021,17,69,United States Grand Prix,2021-10-24,McLaren,British,Daniel,Ricciardo,Australian,Finished,Circuit of the Americas,Austin,USA,30.1328,-97.6411,1,1,Daniel Ricciardo,17,0,0,1
25291,1069,822,131,9,6,8.0,56,1,2021,17,69,United States Grand Prix,2021-10-24,Mercedes,German,Valtteri,Bottas,Finnish,Finished,Circuit of the Americas,Austin,USA,30.1328,-97.6411,3,1,Valtteri Bottas,17,0,0,1
25292,1069,832,6,5,7,6.0,56,1,2021,17,69,United States Grand Prix,2021-10-24,Ferrari,Italian,Carlos,Sainz,Spanish,Finished,Circuit of the Americas,Austin,USA,30.1328,-97.6411,-2,1,Carlos Sainz,17,0,0,1
25293,1069,846,1,7,8,4.0,56,1,2021,17,69,United States Grand Prix,2021-10-24,McLaren,British,Lando,Norris,British,Finished,Circuit of the Americas,Austin,USA,30.1328,-97.6411,-1,1,Lando Norris,17,0,0,1
25294,1069,852,213,10,9,2.0,55,11,2021,17,69,United States Grand Prix,2021-10-24,AlphaTauri,Italian,Yuki,Tsunoda,Japanese,+1 Lap,Circuit of the Americas,Austin,USA,30.1328,-97.6411,1,1,Yuki Tsunoda,17,0,0,1
25295,1069,20,117,18,10,1.0,55,11,2021,17,69,United States Grand Prix,2021-10-24,Aston Martin,British,Sebastian,Vettel,German,+1 Lap,Circuit of the Americas,Austin,USA,30.1328,-97.6411,8,1,Sebastian Vettel,17,0,0,1
25296,1069,841,51,12,11,0.0,55,11,2021,17,69,United States Grand Prix,2021-10-24,Alfa Romeo,Swiss,Antonio,Giovinazzi,Italian,+1 Lap,Circuit of the Americas,Austin,USA,30.1328,-97.6411,1,1,Antonio Giovinazzi,17,0,0,0
25297,1069,840,117,13,12,0.0,55,11,2021,17,69,United States Grand Prix,2021-10-24,Aston Martin,British,Lance,Stroll,Canadian,+1 Lap,Circuit of the Americas,Austin,USA,30.1328,-97.6411,1,1,Lance Stroll,17,0,0,0
25298,1069,8,51,15,13,0.0,55,11,2021,17,69,United States Grand Prix,2021-10-24,Alfa Romeo,Swiss,Kimi,Räikkönen,Finnish,+1 Lap,Circuit of the Americas,Austin,USA,30.1328,-97.6411,2,1,Kimi Räikkönen,17,0,0,0
25299,1069,847,3,20,14,0.0,55,11,2021,17,69,United States Grand Prix,2021-10-24,Williams,British,George,Russell,British,+1 Lap,Circuit of the Americas,Austin,USA,30.1328,-97.6411,6,1,George Russell,17,0,0,0
25300,1069,849,3,14,15,0.0,55,11,2021,17,69,United States Grand Prix,2021-10-24,Williams,British,Nicholas,Latifi,Canadian,+1 Lap,Circuit of the Americas,Austin,USA,30.1328,-97.6411,-1,1,Nicholas Latifi,17,0,0,0
25301,1069,854,210,16,16,0.0,54,12,2021,17,69,United States Grand Prix,2021-10-24,Haas F1 Team,American,Mick,Schumacher,German,+2 Laps,Circuit of the Americas,Austin,USA,30.1328,-97.6411,0,1,Mick Schumacher,17,0,0,0
25302,1069,853,210,17,17,0.0,54,12,2021,17,69,United States Grand Prix,2021-10-24,Haas F1 Team,American,Nikita,Mazepin,Russian,+2 Laps,Circuit of the Americas,Austin,USA,30.1328,-97.6411,0,1,Nikita Mazepin,17,0,0,0
25303,1069,4,214,19,18,0.0,49,65,2021,17,69,United States Grand Prix,2021-10-24,Alpine F1 Team,French,Fernando,Alonso,Spanish,Rear wing,Circuit of the Americas,Austin,USA,30.1328,-97.6411,1,0,Fernando Alonso,17,0,0,0
25304,1069,839,214,11,19,0.0,40,26,2021,17,69,United States Grand Prix,2021-10-24,Alpine F1 Team,French,Esteban,Ocon,French,Mechanical,Circuit of the Americas,Austin,USA,30.1328,-97.6411,-8,0,Esteban Ocon,17,0,0,0
25305,1069,842,213,8,20,0.0,14,22,2021,17,69,United States Grand Prix,2021-10-24,AlphaTauri,Italian,Pierre,Gasly,French,Suspension,Circuit of the Americas,Austin,USA,30.1328,-97.6411,-12,0,Pierre Gasly,17,0,0,0
25306,1070,830,9,3,1,25.0,71,1,2021,18,32,Mexico City Grand Prix,2021-11-07,Red Bull,Austrian,Max,Verstappen,Dutch,Finished,Autódromo Hermanos Rodríguez,Mexico City,Mexico,19.4042,-99.0907,2,1,Max Verstappen,18,1,1,1
25307,1070,1,131,2,2,18.0,71,1,2021,18,32,Mexico City Grand Prix,2021-11-07,Mercedes,German,Lewis,Hamilton,British,Finished,Autódromo Hermanos Rodríguez,Mexico City,Mexico,19.4042,-99.0907,0,1,Lewis Hamilton,18,1,0,1
25308,1070,815,9,4,3,15.0,71,1,2021,18,32,Mexico City Grand Prix,2021-11-07,Red Bull,Austrian,Sergio,Pérez,Mexican,Finished,Autódromo Hermanos Rodríguez,Mexico City,Mexico,19.4042,-99.0907,1,1,Sergio Pérez,18,1,0,1
25309,1070,842,213,5,4,12.0,71,1,2021,18,32,Mexico City Grand Prix,2021-11-07,AlphaTauri,Italian,Pierre,Gasly,French,Finished,Autódromo Hermanos Rodríguez,Mexico City,Mexico,19.4042,-99.0907,1,1,Pierre Gasly,18,0,0,1
25310,1070,844,6,8,5,10.0,71,1,2021,18,32,Mexico City Grand Prix,2021-11-07,Ferrari,Italian,Charles,Leclerc,Monegasque,Finished,Autódromo Hermanos Rodríguez,Mexico City,Mexico,19.4042,-99.0907,3,1,Charles Leclerc,18,0,0,1
25311,1070,832,6,6,6,8.0,70,11,2021,18,32,Mexico City Grand Prix,2021-11-07,Ferrari,Italian,Carlos,Sainz,Spanish,+1 Lap,Autódromo Hermanos Rodríguez,Mexico City,Mexico,19.4042,-99.0907,0,1,Carlos Sainz,18,0,0,1
25312,1070,20,117,9,7,6.0,70,11,2021,18,32,Mexico City Grand Prix,2021-11-07,Aston Martin,British,Sebastian,Vettel,German,+1 Lap,Autódromo Hermanos Rodríguez,Mexico City,Mexico,19.4042,-99.0907,2,1,Sebastian Vettel,18,0,0,1
25313,1070,8,51,10,8,4.0,70,11,2021,18,32,Mexico City Grand Prix,2021-11-07,Alfa Romeo,Swiss,Kimi,Räikkönen,Finnish,+1 Lap,Autódromo Hermanos Rodríguez,Mexico City,Mexico,19.4042,-99.0907,2,1,Kimi Räikkönen,18,0,0,1
25314,1070,4,214,12,9,2.0,70,11,2021,18,32,Mexico City Grand Prix,2021-11-07,Alpine F1 Team,French,Fernando,Alonso,Spanish,+1 Lap,Autódromo Hermanos Rodríguez,Mexico City,Mexico,19.4042,-99.0907,3,1,Fernando Alonso,18,0,0,1
25315,1070,846,1,18,10,1.0,70,11,2021,18,32,Mexico City Grand Prix,2021-11-07,McLaren,British,Lando,Norris,British,+1 Lap,Autódromo Hermanos Rodríguez,Mexico City,Mexico,19.4042,-99.0907,8,1,Lando Norris,18,0,0,1
25316,1070,841,51,11,11,0.0,70,11,2021,18,32,Mexico City Grand Prix,2021-11-07,Alfa Romeo,Swiss,Antonio,Giovinazzi,Italian,+1 Lap,Autódromo Hermanos Rodríguez,Mexico City,Mexico,19.4042,-99.0907,0,1,Antonio Giovinazzi,18,0,0,0
25317,1070,817,1,7,12,0.0,70,11,2021,18,32,Mexico City Grand Prix,2021-11-07,McLaren,British,Daniel,Ricciardo,Australian,+1 Lap,Autódromo Hermanos Rodríguez,Mexico City,Mexico,19.4042,-99.0907,-5,1,Daniel Ricciardo,18,0,0,0
25318,1070,839,214,19,13,0.0,70,11,2021,18,32,Mexico City Grand Prix,2021-11-07,Alpine F1 Team,French,Esteban,Ocon,French,+1 Lap,Autódromo Hermanos Rodríguez,Mexico City,Mexico,19.4042,-99.0907,6,1,Esteban Ocon,18,0,0,0
25319,1070,840,117,20,14,0.0,69,12,2021,18,32,Mexico City Grand Prix,2021-11-07,Aston Martin,British,Lance,Stroll,Canadian,+2 Laps,Autódromo Hermanos Rodríguez,Mexico City,Mexico,19.4042,-99.0907,6,1,Lance Stroll,18,0,0,0
25320,1070,822,131,1,15,0.0,69,12,2021,18,32,Mexico City Grand Prix,2021-11-07,Mercedes,German,Valtteri,Bottas,Finnish,+2 Laps,Autódromo Hermanos Rodríguez,Mexico City,Mexico,19.4042,-99.0907,-14,1,Valtteri Bottas,18,0,0,0
25321,1070,847,3,16,16,0.0,69,12,2021,18,32,Mexico City Grand Prix,2021-11-07,Williams,British,George,Russell,British,+2 Laps,Autódromo Hermanos Rodríguez,Mexico City,Mexico,19.4042,-99.0907,0,1,George Russell,18,0,0,0
25322,1070,849,3,13,17,0.0,69,12,2021,18,32,Mexico City Grand Prix,2021-11-07,Williams,British,Nicholas,Latifi,Canadian,+2 Laps,Autódromo Hermanos Rodríguez,Mexico City,Mexico,19.4042,-99.0907,-4,1,Nicholas Latifi,18,0,0,0
25323,1070,853,210,15,18,0.0,68,13,2021,18,32,Mexico City Grand Prix,2021-11-07,Haas F1 Team,American,Nikita,Mazepin,Russian,+3 Laps,Autódromo Hermanos Rodríguez,Mexico City,Mexico,19.4042,-99.0907,-3,1,Nikita Mazepin,18,0,0,0
25324,1070,854,210,14,19,0.0,0,4,2021,18,32,Mexico City Grand Prix,2021-11-07,Haas F1 Team,American,Mick,Schumacher,German,Collision,Autódromo Hermanos Rodríguez,Mexico City,Mexico,19.4042,-99.0907,-5,0,Mick Schumacher,18,0,0,0
25325,1070,852,213,17,20,0.0,0,4,2021,18,32,Mexico City Grand Prix,2021-11-07,AlphaTauri,Italian,Yuki,Tsunoda,Japanese,Collision,Autódromo Hermanos Rodríguez,Mexico City,Mexico,19.4042,-99.0907,-3,0,Yuki Tsunoda,18,0,0,0
25326,1071,1,131,10,1,25.0,71,1,2021,19,18,São Paulo Grand Prix,2021-11-14,Mercedes,German,Lewis,Hamilton,British,Finished,Autódromo José Carlos Pace,São Paulo,Brazil,-23.7036,-46.6997,9,1,Lewis Hamilton,19,1,1,1
25327,1071,830,9,2,2,18.0,71,1,2021,19,18,São Paulo Grand Prix,2021-11-14,Red Bull,Austrian,Max,Verstappen,Dutch,Finished,Autódromo José Carlos Pace,São Paulo,Brazil,-23.7036,-46.6997,0,1,Max Verstappen,19,1,0,1
25328,1071,822,131,1,3,15.0,71,1,2021,19,18,São Paulo Grand Prix,2021-11-14,Mercedes,German,Valtteri,Bottas,Finnish,Finished,Autódromo José Carlos Pace,São Paulo,Brazil,-23.7036,-46.6997,-2,1,Valtteri Bottas,19,1,0,1
25329,1071,815,9,4,4,13.0,71,1,2021,19,18,São Paulo Grand Prix,2021-11-14,Red Bull,Austrian,Sergio,Pérez,Mexican,Finished,Autódromo José Carlos Pace,São Paulo,Brazil,-23.7036,-46.6997,0,1,Sergio Pérez,19,0,0,1
25330,1071,844,6,6,5,10.0,71,1,2021,19,18,São Paulo Grand Prix,2021-11-14,Ferrari,Italian,Charles,Leclerc,Monegasque,Finished,Autódromo José Carlos Pace,São Paulo,Brazil,-23.7036,-46.6997,1,1,Charles Leclerc,19,0,0,1
25331,1071,832,6,3,6,8.0,71,1,2021,19,18,São Paulo Grand Prix,2021-11-14,Ferrari,Italian,Carlos,Sainz,Spanish,Finished,Autódromo José Carlos Pace,São Paulo,Brazil,-23.7036,-46.6997,-3,1,Carlos Sainz,19,0,0,1
25332,1071,842,213,7,7,6.0,70,11,2021,19,18,São Paulo Grand Prix,2021-11-14,AlphaTauri,Italian,Pierre,Gasly,French,+1 Lap,Autódromo José Carlos Pace,São Paulo,Brazil,-23.7036,-46.6997,0,1,Pierre Gasly,19,0,0,1
25333,1071,839,214,8,8,4.0,70,11,2021,19,18,São Paulo Grand Prix,2021-11-14,Alpine F1 Team,French,Esteban,Ocon,French,+1 Lap,Autódromo José Carlos Pace,São Paulo,Brazil,-23.7036,-46.6997,0,1,Esteban Ocon,19,0,0,1
25334,1071,4,214,12,9,2.0,70,11,2021,19,18,São Paulo Grand Prix,2021-11-14,Alpine F1 Team,French,Fernando,Alonso,Spanish,+1 Lap,Autódromo José Carlos Pace,São Paulo,Brazil,-23.7036,-46.6997,3,1,Fernando Alonso,19,0,0,1
25335,1071,846,1,5,10,1.0,70,11,2021,19,18,São Paulo Grand Prix,2021-11-14,McLaren,British,Lando,Norris,British,+1 Lap,Autódromo José Carlos Pace,São Paulo,Brazil,-23.7036,-46.6997,-5,1,Lando Norris,19,0,0,1
25336,1071,20,117,9,11,0.0,70,11,2021,19,18,São Paulo Grand Prix,2021-11-14,Aston Martin,British,Sebastian,Vettel,German,+1 Lap,Autódromo José Carlos Pace,São Paulo,Brazil,-23.7036,-46.6997,-2,1,Sebastian Vettel,19,0,0,0
25337,1071,8,51,0,12,0.0,70,11,2021,19,18,São Paulo Grand Prix,2021-11-14,Alfa Romeo,Swiss,Kimi,Räikkönen,Finnish,+1 Lap,Autódromo José Carlos Pace,São Paulo,Brazil,-23.7036,-46.6997,-12,1,Kimi Räikkönen,19,0,0,0
25338,1071,847,3,17,13,0.0,70,11,2021,19,18,São Paulo Grand Prix,2021-11-14,Williams,British,George,Russell,British,+1 Lap,Autódromo José Carlos Pace,São Paulo,Brazil,-23.7036,-46.6997,4,1,George Russell,19,0,0,0
25339,1071,841,51,13,14,0.0,70,11,2021,19,18,São Paulo Grand Prix,2021-11-14,Alfa Romeo,Swiss,Antonio,Giovinazzi,Italian,+1 Lap,Autódromo José Carlos Pace,São Paulo,Brazil,-23.7036,-46.6997,-1,1,Antonio Giovinazzi,19,0,0,0
25340,1071,852,213,15,15,0.0,70,11,2021,19,18,São Paulo Grand Prix,2021-11-14,AlphaTauri,Italian,Yuki,Tsunoda,Japanese,+1 Lap,Autódromo José Carlos Pace,São Paulo,Brazil,-23.7036,-46.6997,0,1,Yuki Tsunoda,19,0,0,0
25341,1071,849,3,16,16,0.0,70,11,2021,19,18,São Paulo Grand Prix,2021-11-14,Williams,British,Nicholas,Latifi,Canadian,+1 Lap,Autódromo José Carlos Pace,São Paulo,Brazil,-23.7036,-46.6997,0,1,Nicholas Latifi,19,0,0,0
25342,1071,853,210,19,17,0.0,69,12,2021,19,18,São Paulo Grand Prix,2021-11-14,Haas F1 Team,American,Nikita,Mazepin,Russian,+2 Laps,Autódromo José Carlos Pace,São Paulo,Brazil,-23.7036,-46.6997,2,1,Nikita Mazepin,19,0,0,0
25343,1071,854,210,18,18,0.0,69,12,2021,19,18,São Paulo Grand Prix,2021-11-14,Haas F1 Team,American,Mick,Schumacher,German,+2 Laps,Autódromo José Carlos Pace,São Paulo,Brazil,-23.7036,-46.6997,0,1,Mick Schumacher,19,0,0,0
25344,1071,817,1,11,19,0.0,49,75,2021,19,18,São Paulo Grand Prix,2021-11-14,McLaren,British,Daniel,Ricciardo,Australian,Power loss,Autódromo José Carlos Pace,São Paulo,Brazil,-23.7036,-46.6997,-8,0,Daniel Ricciardo,19,0,0,0
25345,1071,840,117,14,20,0.0,47,130,2021,19,18,São Paulo Grand Prix,2021-11-14,Aston Martin,British,Lance,Stroll,Canadian,Collision damage,Autódromo José Carlos Pace,São Paulo,Brazil,-23.7036,-46.6997,-6,0,Lance Stroll,19,0,0,0
25346,1051,1,131,1,1,25.0,57,1,2021,20,78,Qatar Grand Prix,2021-11-21,Mercedes,German,Lewis,Hamilton,British,Finished,Losail International Circuit,Al Daayen,Qatar,25.49,51.4542,0,1,Lewis Hamilton,20,1,1,1
25347,1051,830,9,7,2,19.0,57,1,2021,20,78,Qatar Grand Prix,2021-11-21,Red Bull,Austrian,Max,Verstappen,Dutch,Finished,Losail International Circuit,Al Daayen,Qatar,25.49,51.4542,5,1,Max Verstappen,20,1,0,1
25348,1051,4,214,3,3,15.0,57,1,2021,20,78,Qatar Grand Prix,2021-11-21,Alpine F1 Team,French,Fernando,Alonso,Spanish,Finished,Losail International Circuit,Al Daayen,Qatar,25.49,51.4542,0,1,Fernando Alonso,20,1,0,1
25349,1051,815,9,11,4,12.0,57,1,2021,20,78,Qatar Grand Prix,2021-11-21,Red Bull,Austrian,Sergio,Pérez,Mexican,Finished,Losail International Circuit,Al Daayen,Qatar,25.49,51.4542,7,1,Sergio Pérez,20,0,0,1
25350,1051,839,214,9,5,10.0,57,1,2021,20,78,Qatar Grand Prix,2021-11-21,Alpine F1 Team,French,Esteban,Ocon,French,Finished,Losail International Circuit,Al Daayen,Qatar,25.49,51.4542,4,1,Esteban Ocon,20,0,0,1
25351,1051,840,117,12,6,8.0,57,1,2021,20,78,Qatar Grand Prix,2021-11-21,Aston Martin,British,Lance,Stroll,Canadian,Finished,Losail International Circuit,Al Daayen,Qatar,25.49,51.4542,6,1,Lance Stroll,20,0,0,1
25352,1051,832,6,5,7,6.0,57,1,2021,20,78,Qatar Grand Prix,2021-11-21,Ferrari,Italian,Carlos,Sainz,Spanish,Finished,Losail International Circuit,Al Daayen,Qatar,25.49,51.4542,-2,1,Carlos Sainz,20,0,0,1
25353,1051,844,6,13,8,4.0,57,1,2021,20,78,Qatar Grand Prix,2021-11-21,Ferrari,Italian,Charles,Leclerc,Monegasque,Finished,Losail International Circuit,Al Daayen,Qatar,25.49,51.4542,5,1,Charles Leclerc,20,0,0,1
25354,1051,846,1,4,9,2.0,56,11,2021,20,78,Qatar Grand Prix,2021-11-21,McLaren,British,Lando,Norris,British,+1 Lap,Losail International Circuit,Al Daayen,Qatar,25.49,51.4542,-5,1,Lando Norris,20,0,0,1
25355,1051,20,117,10,10,1.0,56,11,2021,20,78,Qatar Grand Prix,2021-11-21,Aston Martin,British,Sebastian,Vettel,German,+1 Lap,Losail International Circuit,Al Daayen,Qatar,25.49,51.4542,0,1,Sebastian Vettel,20,0,0,1
25356,1051,842,213,2,11,0.0,56,11,2021,20,78,Qatar Grand Prix,2021-11-21,AlphaTauri,Italian,Pierre,Gasly,French,+1 Lap,Losail International Circuit,Al Daayen,Qatar,25.49,51.4542,-9,1,Pierre Gasly,20,0,0,0
25357,1051,817,1,14,12,0.0,56,11,2021,20,78,Qatar Grand Prix,2021-11-21,McLaren,British,Daniel,Ricciardo,Australian,+1 Lap,Losail International Circuit,Al Daayen,Qatar,25.49,51.4542,2,1,Daniel Ricciardo,20,0,0,0
25358,1051,852,213,8,13,0.0,56,11,2021,20,78,Qatar Grand Prix,2021-11-21,AlphaTauri,Italian,Yuki,Tsunoda,Japanese,+1 Lap,Losail International Circuit,Al Daayen,Qatar,25.49,51.4542,-5,1,Yuki Tsunoda,20,0,0,0
25359,1051,8,51,16,14,0.0,56,11,2021,20,78,Qatar Grand Prix,2021-11-21,Alfa Romeo,Swiss,Kimi,Räikkönen,Finnish,+1 Lap,Losail International Circuit,Al Daayen,Qatar,25.49,51.4542,2,1,Kimi Räikkönen,20,0,0,0
25360,1051,841,51,18,15,0.0,56,11,2021,20,78,Qatar Grand Prix,2021-11-21,Alfa Romeo,Swiss,Antonio,Giovinazzi,Italian,+1 Lap,Losail International Circuit,Al Daayen,Qatar,25.49,51.4542,3,1,Antonio Giovinazzi,20,0,0,0
25361,1051,854,210,19,16,0.0,56,11,2021,20,78,Qatar Grand Prix,2021-11-21,Haas F1 Team,American,Mick,Schumacher,German,+1 Lap,Losail International Circuit,Al Daayen,Qatar,25.49,51.4542,3,1,Mick Schumacher,20,0,0,0
25362,1051,847,3,15,17,0.0,55,12,2021,20,78,Qatar Grand Prix,2021-11-21,Williams,British,George,Russell,British,+2 Laps,Losail International Circuit,Al Daayen,Qatar,25.49,51.4542,-2,1,George Russell,20,0,0,0
25363,1051,853,210,20,18,0.0,55,12,2021,20,78,Qatar Grand Prix,2021-11-21,Haas F1 Team,American,Nikita,Mazepin,Russian,+2 Laps,Losail International Circuit,Al Daayen,Qatar,25.49,51.4542,2,1,Nikita Mazepin,20,0,0,0
25364,1051,849,3,17,19,0.0,50,29,2021,20,78,Qatar Grand Prix,2021-11-21,Williams,British,Nicholas,Latifi,Canadian,Puncture,Losail International Circuit,Al Daayen,Qatar,25.49,51.4542,-2,0,Nicholas Latifi,20,0,0,0
25365,1051,822,131,6,20,0.0,48,137,2021,20,78,Qatar Grand Prix,2021-11-21,Mercedes,German,Valtteri,Bottas,Finnish,Damage,Losail International Circuit,Al Daayen,Qatar,25.49,51.4542,-14,0,Valtteri Bottas,20,0,0,0
25366,1072,1,131,1,1,26.0,50,1,2021,21,77,Saudi Arabian Grand Prix,2021-12-05,Mercedes,German,Lewis,Hamilton,British,Finished,Jeddah Corniche Circuit,Jeddah,Saudi Arabia,21.6319,39.1044,0,1,Lewis Hamilton,21,1,1,1
25367,1072,830,9,3,2,18.0,50,1,2021,21,77,Saudi Arabian Grand Prix,2021-12-05,Red Bull,Austrian,Max,Verstappen,Dutch,Finished,Jeddah Corniche Circuit,Jeddah,Saudi Arabia,21.6319,39.1044,1,1,Max Verstappen,21,1,0,1
25368,1072,822,131,2,3,15.0,50,1,2021,21,77,Saudi Arabian Grand Prix,2021-12-05,Mercedes,German,Valtteri,Bottas,Finnish,Finished,Jeddah Corniche Circuit,Jeddah,Saudi Arabia,21.6319,39.1044,-1,1,Valtteri Bottas,21,1,0,1
25369,1072,839,214,9,4,12.0,50,1,2021,21,77,Saudi Arabian Grand Prix,2021-12-05,Alpine F1 Team,French,Esteban,Ocon,French,Finished,Jeddah Corniche Circuit,Jeddah,Saudi Arabia,21.6319,39.1044,5,1,Esteban Ocon,21,0,0,1
25370,1072,817,1,11,5,10.0,50,1,2021,21,77,Saudi Arabian Grand Prix,2021-12-05,McLaren,British,Daniel,Ricciardo,Australian,Finished,Jeddah Corniche Circuit,Jeddah,Saudi Arabia,21.6319,39.1044,6,1,Daniel Ricciardo,21,0,0,1
25371,1072,842,213,6,6,8.0,50,1,2021,21,77,Saudi Arabian Grand Prix,2021-12-05,AlphaTauri,Italian,Pierre,Gasly,French,Finished,Jeddah Corniche Circuit,Jeddah,Saudi Arabia,21.6319,39.1044,0,1,Pierre Gasly,21,0,0,1
25372,1072,844,6,4,7,6.0,50,1,2021,21,77,Saudi Arabian Grand Prix,2021-12-05,Ferrari,Italian,Charles,Leclerc,Monegasque,Finished,Jeddah Corniche Circuit,Jeddah,Saudi Arabia,21.6319,39.1044,-3,1,Charles Leclerc,21,0,0,1
25373,1072,832,6,15,8,4.0,50,1,2021,21,77,Saudi Arabian Grand Prix,2021-12-05,Ferrari,Italian,Carlos,Sainz,Spanish,Finished,Jeddah Corniche Circuit,Jeddah,Saudi Arabia,21.6319,39.1044,7,1,Carlos Sainz,21,0,0,1
25374,1072,841,51,10,9,2.0,50,1,2021,21,77,Saudi Arabian Grand Prix,2021-12-05,Alfa Romeo,Swiss,Antonio,Giovinazzi,Italian,Finished,Jeddah Corniche Circuit,Jeddah,Saudi Arabia,21.6319,39.1044,1,1,Antonio Giovinazzi,21,0,0,1
25375,1072,846,1,7,10,1.0,50,1,2021,21,77,Saudi Arabian Grand Prix,2021-12-05,McLaren,British,Lando,Norris,British,Finished,Jeddah Corniche Circuit,Jeddah,Saudi Arabia,21.6319,39.1044,-3,1,Lando Norris,21,0,0,1
25376,1072,840,117,18,11,0.0,50,1,2021,21,77,Saudi Arabian Grand Prix,2021-12-05,Aston Martin,British,Lance,Stroll,Canadian,Finished,Jeddah Corniche Circuit,Jeddah,Saudi Arabia,21.6319,39.1044,7,1,Lance Stroll,21,0,0,0
25377,1072,849,3,16,12,0.0,50,1,2021,21,77,Saudi Arabian Grand Prix,2021-12-05,Williams,British,Nicholas,Latifi,Canadian,Finished,Jeddah Corniche Circuit,Jeddah,Saudi Arabia,21.6319,39.1044,4,1,Nicholas Latifi,21,0,0,0
25378,1072,4,214,13,13,0.0,49,11,2021,21,77,Saudi Arabian Grand Prix,2021-12-05,Alpine F1 Team,French,Fernando,Alonso,Spanish,+1 Lap,Jeddah Corniche Circuit,Jeddah,Saudi Arabia,21.6319,39.1044,0,1,Fernando Alonso,21,0,0,0
25379,1072,852,213,8,14,0.0,49,11,2021,21,77,Saudi Arabian Grand Prix,2021-12-05,AlphaTauri,Italian,Yuki,Tsunoda,Japanese,+1 Lap,Jeddah Corniche Circuit,Jeddah,Saudi Arabia,21.6319,39.1044,-6,1,Yuki Tsunoda,21,0,0,0
25380,1072,8,51,12,15,0.0,49,11,2021,21,77,Saudi Arabian Grand Prix,2021-12-05,Alfa Romeo,Swiss,Kimi,Räikkönen,Finnish,+1 Lap,Jeddah Corniche Circuit,Jeddah,Saudi Arabia,21.6319,39.1044,-3,1,Kimi Räikkönen,21,0,0,0
25381,1072,20,117,17,16,0.0,44,130,2021,21,77,Saudi Arabian Grand Prix,2021-12-05,Aston Martin,British,Sebastian,Vettel,German,Collision damage,Jeddah Corniche Circuit,Jeddah,Saudi Arabia,21.6319,39.1044,1,0,Sebastian Vettel,21,0,0,0
25382,1072,815,9,5,17,0.0,14,4,2021,21,77,Saudi Arabian Grand Prix,2021-12-05,Red Bull,Austrian,Sergio,Pérez,Mexican,Collision,Jeddah Corniche Circuit,Jeddah,Saudi Arabia,21.6319,39.1044,-12,0,Sergio Pérez,21,0,0,0
25383,1072,853,210,20,18,0.0,14,4,2021,21,77,Saudi Arabian Grand Prix,2021-12-05,Haas F1 Team,American,Nikita,Mazepin,Russian,Collision,Jeddah Corniche Circuit,Jeddah,Saudi Arabia,21.6319,39.1044,2,0,Nikita Mazepin,21,0,0,0
25384,1072,847,3,14,19,0.0,14,4,2021,21,77,Saudi Arabian Grand Prix,2021-12-05,Williams,British,George,Russell,British,Collision,Jeddah Corniche Circuit,Jeddah,Saudi Arabia,21.6319,39.1044,-5,0,George Russell,21,0,0,0
25385,1072,854,210,19,20,0.0,8,3,2021,21,77,Saudi Arabian Grand Prix,2021-12-05,Haas F1 Team,American,Mick,Schumacher,German,Accident,Jeddah Corniche Circuit,Jeddah,Saudi Arabia,21.6319,39.1044,-1,0,Mick Schumacher,21,0,0,0
25386,1073,830,9,1,1,26.0,58,1,2021,22,24,Abu Dhabi Grand Prix,2021-12-12,Red Bull,Austrian,Max,Verstappen,Dutch,Finished,Yas Marina Circuit,Abu Dhabi,UAE,24.4672,54.6031,0,1,Max Verstappen,22,1,1,1
25387,1073,1,131,2,2,18.0,58,1,2021,22,24,Abu Dhabi Grand Prix,2021-12-12,Mercedes,German,Lewis,Hamilton,British,Finished,Yas Marina Circuit,Abu Dhabi,UAE,24.4672,54.6031,0,1,Lewis Hamilton,22,1,0,1
25388,1073,832,6,5,3,15.0,58,1,2021,22,24,Abu Dhabi Grand Prix,2021-12-12,Ferrari,Italian,Carlos,Sainz,Spanish,Finished,Yas Marina Circuit,Abu Dhabi,UAE,24.4672,54.6031,2,1,Carlos Sainz,22,1,0,1
25389,1073,852,213,8,4,12.0,58,1,2021,22,24,Abu Dhabi Grand Prix,2021-12-12,AlphaTauri,Italian,Yuki,Tsunoda,Japanese,Finished,Yas Marina Circuit,Abu Dhabi,UAE,24.4672,54.6031,4,1,Yuki Tsunoda,22,0,0,1
25390,1073,842,213,12,5,10.0,58,1,2021,22,24,Abu Dhabi Grand Prix,2021-12-12,AlphaTauri,Italian,Pierre,Gasly,French,Finished,Yas Marina Circuit,Abu Dhabi,UAE,24.4672,54.6031,7,1,Pierre Gasly,22,0,0,1
25391,1073,822,131,6,6,8.0,58,1,2021,22,24,Abu Dhabi Grand Prix,2021-12-12,Mercedes,German,Valtteri,Bottas,Finnish,Finished,Yas Marina Circuit,Abu Dhabi,UAE,24.4672,54.6031,0,1,Valtteri Bottas,22,0,0,1
25392,1073,846,1,3,7,6.0,58,1,2021,22,24,Abu Dhabi Grand Prix,2021-12-12,McLaren,British,Lando,Norris,British,Finished,Yas Marina Circuit,Abu Dhabi,UAE,24.4672,54.6031,-4,1,Lando Norris,22,0,0,1
25393,1073,4,214,11,8,4.0,58,1,2021,22,24,Abu Dhabi Grand Prix,2021-12-12,Alpine F1 Team,French,Fernando,Alonso,Spanish,Finished,Yas Marina Circuit,Abu Dhabi,UAE,24.4672,54.6031,3,1,Fernando Alonso,22,0,0,1
25394,1073,839,214,9,9,2.0,58,1,2021,22,24,Abu Dhabi Grand Prix,2021-12-12,Alpine F1 Team,French,Esteban,Ocon,French,Finished,Yas Marina Circuit,Abu Dhabi,UAE,24.4672,54.6031,0,1,Esteban Ocon,22,0,0,1
25395,1073,844,6,7,10,1.0,58,1,2021,22,24,Abu Dhabi Grand Prix,2021-12-12,Ferrari,Italian,Charles,Leclerc,Monegasque,Finished,Yas Marina Circuit,Abu Dhabi,UAE,24.4672,54.6031,-3,1,Charles Leclerc,22,0,0,1
25396,1073,20,117,15,11,0.0,58,1,2021,22,24,Abu Dhabi Grand Prix,2021-12-12,Aston Martin,British,Sebastian,Vettel,German,Finished,Yas Marina Circuit,Abu Dhabi,UAE,24.4672,54.6031,4,1,Sebastian Vettel,22,0,0,0
25397,1073,817,1,10,12,0.0,57,11,2021,22,24,Abu Dhabi Grand Prix,2021-12-12,McLaren,British,Daniel,Ricciardo,Australian,+1 Lap,Yas Marina Circuit,Abu Dhabi,UAE,24.4672,54.6031,-2,1,Daniel Ricciardo,22,0,0,0
25398,1073,840,117,13,13,0.0,57,11,2021,22,24,Abu Dhabi Grand Prix,2021-12-12,Aston Martin,British,Lance,Stroll,Canadian,+1 Lap,Yas Marina Circuit,Abu Dhabi,UAE,24.4672,54.6031,0,1,Lance Stroll,22,0,0,0
25399,1073,854,210,19,14,0.0,57,11,2021,22,24,Abu Dhabi Grand Prix,2021-12-12,Haas F1 Team,American,Mick,Schumacher,German,+1 Lap,Yas Marina Circuit,Abu Dhabi,UAE,24.4672,54.6031,5,1,Mick Schumacher,22,0,0,0
25400,1073,815,9,4,15,0.0,55,5,2021,22,24,Abu Dhabi Grand Prix,2021-12-12,Red Bull,Austrian,Sergio,Pérez,Mexican,Engine,Yas Marina Circuit,Abu Dhabi,UAE,24.4672,54.6031,-11,0,Sergio Pérez,22,0,0,0
25401,1073,849,3,16,16,0.0,50,3,2021,22,24,Abu Dhabi Grand Prix,2021-12-12,Williams,British,Nicholas,Latifi,Canadian,Accident,Yas Marina Circuit,Abu Dhabi,UAE,24.4672,54.6031,0,0,Nicholas Latifi,22,0,0,0
25402,1073,841,51,14,17,0.0,33,6,2021,22,24,Abu Dhabi Grand Prix,2021-12-12,Alfa Romeo,Swiss,Antonio,Giovinazzi,Italian,Gearbox,Yas Marina Circuit,Abu Dhabi,UAE,24.4672,54.6031,-3,0,Antonio Giovinazzi,22,0,0,0
25403,1073,847,3,17,18,0.0,26,6,2021,22,24,Abu Dhabi Grand Prix,2021-12-12,Williams,British,George,Russell,British,Gearbox,Yas Marina Circuit,Abu Dhabi,UAE,24.4672,54.6031,-1,0,George Russell,22,0,0,0
25404,1073,8,51,18,19,0.0,25,23,2021,22,24,Abu Dhabi Grand Prix,2021-12-12,Alfa Romeo,Swiss,Kimi,Räikkönen,Finnish,Brakes,Yas Marina Circuit,Abu Dhabi,UAE,24.4672,54.6031,-1,0,Kimi Räikkönen,22,0,0,0
25405,1073,853,210,20,20,0.0,0,139,2021,22,24,Abu Dhabi Grand Prix,2021-12-12,Haas F1 Team,American,Nikita,Mazepin,Russian,Illness,Yas Marina Circuit,Abu Dhabi,UAE,24.4672,54.6031,0,0,Nikita Mazepin,22,0,0,0
25406,1074,844,6,1,1,26.0,57,1,2022,1,3,Bahrain Grand Prix,2022-03-20,Ferrari,Italian,Charles,Leclerc,Monegasque,Finished,Bahrain International Circuit,Sakhir,Bahrain,26.0325,50.5106,0,1,Charles Leclerc,1,1,1,1
25407,1074,832,6,3,2,18.0,57,1,2022,1,3,Bahrain Grand Prix,2022-03-20,Ferrari,Italian,Carlos,Sainz,Spanish,Finished,Bahrain International Circuit,Sakhir,Bahrain,26.0325,50.5106,1,1,Carlos Sainz,1,1,0,1
25408,1074,1,131,5,3,15.0,57,1,2022,1,3,Bahrain Grand Prix,2022-03-20,Mercedes,German,Lewis,Hamilton,British,Finished,Bahrain International Circuit,Sakhir,Bahrain,26.0325,50.5106,2,1,Lewis Hamilton,1,1,0,1
25409,1074,847,131,9,4,12.0,57,1,2022,1,3,Bahrain Grand Prix,2022-03-20,Mercedes,German,George,Russell,British,Finished,Bahrain International Circuit,Sakhir,Bahrain,26.0325,50.5106,5,1,George Russell,1,0,0,1
25410,1074,825,210,7,5,10.0,57,1,2022,1,3,Bahrain Grand Prix,2022-03-20,Haas F1 Team,American,Kevin,Magnussen,Danish,Finished,Bahrain International Circuit,Sakhir,Bahrain,26.0325,50.5106,2,1,Kevin Magnussen,1,0,0,1
25411,1074,822,51,6,6,8.0,57,1,2022,1,3,Bahrain Grand Prix,2022-03-20,Alfa Romeo,Swiss,Valtteri,Bottas,Finnish,Finished,Bahrain International Circuit,Sakhir,Bahrain,26.0325,50.5106,0,1,Valtteri Bottas,1,0,0,1
25412,1074,839,214,11,7,6.0,57,1,2022,1,3,Bahrain Grand Prix,2022-03-20,Alpine F1 Team,French,Esteban,Ocon,French,Finished,Bahrain International Circuit,Sakhir,Bahrain,26.0325,50.5106,4,1,Esteban Ocon,1,0,0,1
25413,1074,852,213,16,8,4.0,57,1,2022,1,3,Bahrain Grand Prix,2022-03-20,AlphaTauri,Italian,Yuki,Tsunoda,Japanese,Finished,Bahrain International Circuit,Sakhir,Bahrain,26.0325,50.5106,8,1,Yuki Tsunoda,1,0,0,1
25414,1074,4,214,8,9,2.0,57,1,2022,1,3,Bahrain Grand Prix,2022-03-20,Alpine F1 Team,French,Fernando,Alonso,Spanish,Finished,Bahrain International Circuit,Sakhir,Bahrain,26.0325,50.5106,-1,1,Fernando Alonso,1,0,0,1
25415,1074,855,51,15,10,1.0,57,1,2022,1,3,Bahrain Grand Prix,2022-03-20,Alfa Romeo,Swiss,Guanyu,Zhou,Chinese,Finished,Bahrain International Circuit,Sakhir,Bahrain,26.0325,50.5106,5,1,Guanyu Zhou,1,0,0,1
25416,1074,854,210,12,11,0.0,57,1,2022,1,3,Bahrain Grand Prix,2022-03-20,Haas F1 Team,American,Mick,Schumacher,German,Finished,Bahrain International Circuit,Sakhir,Bahrain,26.0325,50.5106,1,1,Mick Schumacher,1,0,0,0
25417,1074,840,117,19,12,0.0,57,1,2022,1,3,Bahrain Grand Prix,2022-03-20,Aston Martin,British,Lance,Stroll,Canadian,Finished,Bahrain International Circuit,Sakhir,Bahrain,26.0325,50.5106,7,1,Lance Stroll,1,0,0,0
25418,1074,848,3,14,13,0.0,57,1,2022,1,3,Bahrain Grand Prix,2022-03-20,Williams,British,Alexander,Albon,Thai,Finished,Bahrain International Circuit,Sakhir,Bahrain,26.0325,50.5106,1,1,Alexander Albon,1,0,0,0
25419,1074,817,1,18,14,0.0,57,1,2022,1,3,Bahrain Grand Prix,2022-03-20,McLaren,British,Daniel,Ricciardo,Australian,Finished,Bahrain International Circuit,Sakhir,Bahrain,26.0325,50.5106,4,1,Daniel Ricciardo,1,0,0,0
25420,1074,846,1,13,15,0.0,57,1,2022,1,3,Bahrain Grand Prix,2022-03-20,McLaren,British,Lando,Norris,British,Finished,Bahrain International Circuit,Sakhir,Bahrain,26.0325,50.5106,-2,1,Lando Norris,1,0,0,0
25421,1074,849,3,20,16,0.0,57,1,2022,1,3,Bahrain Grand Prix,2022-03-20,Williams,British,Nicholas,Latifi,Canadian,Finished,Bahrain International Circuit,Sakhir,Bahrain,26.0325,50.5106,4,1,Nicholas Latifi,1,0,0,0
25422,1074,807,117,17,17,0.0,57,1,2022,1,3,Bahrain Grand Prix,2022-03-20,Aston Martin,British,Nico,Hülkenberg,German,Finished,Bahrain International Circuit,Sakhir,Bahrain,26.0325,50.5106,0,1,Nico Hülkenberg,1,0,0,0
25423,1074,815,9,4,18,0.0,56,32,2022,1,3,Bahrain Grand Prix,2022-03-20,Red Bull,Austrian,Sergio,Pérez,Mexican,Fuel pressure,Bahrain International Circuit,Sakhir,Bahrain,26.0325,50.5106,-14,0,Sergio Pérez,1,0,0,0
25424,1074,830,9,2,19,0.0,54,32,2022,1,3,Bahrain Grand Prix,2022-03-20,Red Bull,Austrian,Max,Verstappen,Dutch,Fuel pressure,Bahrain International Circuit,Sakhir,Bahrain,26.0325,50.5106,-17,0,Max Verstappen,1,0,0,0
25425,1074,842,213,10,20,0.0,44,131,2022,1,3,Bahrain Grand Prix,2022-03-20,AlphaTauri,Italian,Pierre,Gasly,French,Power Unit,Bahrain International Circuit,Sakhir,Bahrain,26.0325,50.5106,-10,0,Pierre Gasly,1,0,0,0
25426,1075,830,9,4,1,25.0,50,1,2022,2,77,Saudi Arabian Grand Prix,2022-03-27,Red Bull,Austrian,Max,Verstappen,Dutch,Finished,Jeddah Corniche Circuit,Jeddah,Saudi Arabia,21.6319,39.1044,3,1,Max Verstappen,2,1,1,1
25427,1075,844,6,2,2,19.0,50,1,2022,2,77,Saudi Arabian Grand Prix,2022-03-27,Ferrari,Italian,Charles,Leclerc,Monegasque,Finished,Jeddah Corniche Circuit,Jeddah,Saudi Arabia,21.6319,39.1044,0,1,Charles Leclerc,2,1,0,1
25428,1075,832,6,3,3,15.0,50,1,2022,2,77,Saudi Arabian Grand Prix,2022-03-27,Ferrari,Italian,Carlos,Sainz,Spanish,Finished,Jeddah Corniche Circuit,Jeddah,Saudi Arabia,21.6319,39.1044,0,1,Carlos Sainz,2,1,0,1
25429,1075,815,9,1,4,12.0,50,1,2022,2,77,Saudi Arabian Grand Prix,2022-03-27,Red Bull,Austrian,Sergio,Pérez,Mexican,Finished,Jeddah Corniche Circuit,Jeddah,Saudi Arabia,21.6319,39.1044,-3,1,Sergio Pérez,2,0,0,1
25430,1075,847,131,6,5,10.0,50,1,2022,2,77,Saudi Arabian Grand Prix,2022-03-27,Mercedes,German,George,Russell,British,Finished,Jeddah Corniche Circuit,Jeddah,Saudi Arabia,21.6319,39.1044,1,1,George Russell,2,0,0,1
25431,1075,839,214,5,6,8.0,50,1,2022,2,77,Saudi Arabian Grand Prix,2022-03-27,Alpine F1 Team,French,Esteban,Ocon,French,Finished,Jeddah Corniche Circuit,Jeddah,Saudi Arabia,21.6319,39.1044,-1,1,Esteban Ocon,2,0,0,1
25432,1075,846,1,11,7,6.0,50,1,2022,2,77,Saudi Arabian Grand Prix,2022-03-27,McLaren,British,Lando,Norris,British,Finished,Jeddah Corniche Circuit,Jeddah,Saudi Arabia,21.6319,39.1044,4,1,Lando Norris,2,0,0,1
25433,1075,842,213,9,8,4.0,50,1,2022,2,77,Saudi Arabian Grand Prix,2022-03-27,AlphaTauri,Italian,Pierre,Gasly,French,Finished,Jeddah Corniche Circuit,Jeddah,Saudi Arabia,21.6319,39.1044,1,1,Pierre Gasly,2,0,0,1
25434,1075,825,210,10,9,2.0,50,1,2022,2,77,Saudi Arabian Grand Prix,2022-03-27,Haas F1 Team,American,Kevin,Magnussen,Danish,Finished,Jeddah Corniche Circuit,Jeddah,Saudi Arabia,21.6319,39.1044,1,1,Kevin Magnussen,2,0,0,1
25435,1075,1,131,15,10,1.0,50,1,2022,2,77,Saudi Arabian Grand Prix,2022-03-27,Mercedes,German,Lewis,Hamilton,British,Finished,Jeddah Corniche Circuit,Jeddah,Saudi Arabia,21.6319,39.1044,5,1,Lewis Hamilton,2,0,0,1
25436,1075,855,51,12,11,0.0,50,1,2022,2,77,Saudi Arabian Grand Prix,2022-03-27,Alfa Romeo,Swiss,Guanyu,Zhou,Chinese,Finished,Jeddah Corniche Circuit,Jeddah,Saudi Arabia,21.6319,39.1044,1,1,Guanyu Zhou,2,0,0,0
25437,1075,807,117,17,12,0.0,50,1,2022,2,77,Saudi Arabian Grand Prix,2022-03-27,Aston Martin,British,Nico,Hülkenberg,German,Finished,Jeddah Corniche Circuit,Jeddah,Saudi Arabia,21.6319,39.1044,5,1,Nico Hülkenberg,2,0,0,0
25438,1075,840,117,13,13,0.0,49,11,2022,2,77,Saudi Arabian Grand Prix,2022-03-27,Aston Martin,British,Lance,Stroll,Canadian,+1 Lap,Jeddah Corniche Circuit,Jeddah,Saudi Arabia,21.6319,39.1044,0,1,Lance Stroll,2,0,0,0
25439,1075,848,3,16,14,0.0,47,130,2022,2,77,Saudi Arabian Grand Prix,2022-03-27,Williams,British,Alexander,Albon,Thai,Collision damage,Jeddah Corniche Circuit,Jeddah,Saudi Arabia,21.6319,39.1044,2,0,Alexander Albon,2,0,0,0
25440,1075,822,51,8,15,0.0,36,141,2022,2,77,Saudi Arabian Grand Prix,2022-03-27,Alfa Romeo,Swiss,Valtteri,Bottas,Finnish,Cooling system,Jeddah Corniche Circuit,Jeddah,Saudi Arabia,21.6319,39.1044,-7,0,Valtteri Bottas,2,0,0,0
25441,1075,4,214,7,16,0.0,35,103,2022,2,77,Saudi Arabian Grand Prix,2022-03-27,Alpine F1 Team,French,Fernando,Alonso,Spanish,Water pump,Jeddah Corniche Circuit,Jeddah,Saudi Arabia,21.6319,39.1044,-9,0,Fernando Alonso,2,0,0,0
25442,1075,817,1,14,17,0.0,35,6,2022,2,77,Saudi Arabian Grand Prix,2022-03-27,McLaren,British,Daniel,Ricciardo,Australian,Gearbox,Jeddah Corniche Circuit,Jeddah,Saudi Arabia,21.6319,39.1044,-3,0,Daniel Ricciardo,2,0,0,0
25443,1075,849,3,18,18,0.0,14,3,2022,2,77,Saudi Arabian Grand Prix,2022-03-27,Williams,British,Nicholas,Latifi,Canadian,Accident,Jeddah Corniche Circuit,Jeddah,Saudi Arabia,21.6319,39.1044,0,0,Nicholas Latifi,2,0,0,0
25444,1075,852,213,19,19,0.0,0,131,2022,2,77,Saudi Arabian Grand Prix,2022-03-27,AlphaTauri,Italian,Yuki,Tsunoda,Japanese,Power Unit,Jeddah Corniche Circuit,Jeddah,Saudi Arabia,21.6319,39.1044,0,0,Yuki Tsunoda,2,0,0,0
25445,1075,854,210,0,20,0.0,0,54,2022,2,77,Saudi Arabian Grand Prix,2022-03-27,Haas F1 Team,American,Mick,Schumacher,German,Withdrew,Jeddah Corniche Circuit,Jeddah,Saudi Arabia,21.6319,39.1044,-20,0,Mick Schumacher,2,0,0,0
25446,1076,844,6,1,1,26.0,58,1,2022,3,1,Australian Grand Prix,2022-04-10,Ferrari,Italian,Charles,Leclerc,Monegasque,Finished,Albert Park Grand Prix Circuit,Melbourne,Australia,-37.8497,144.968,0,1,Charles Leclerc,3,1,1,1
25447,1076,815,9,3,2,18.0,58,1,2022,3,1,Australian Grand Prix,2022-04-10,Red Bull,Austrian,Sergio,Pérez,Mexican,Finished,Albert Park Grand Prix Circuit,Melbourne,Australia,-37.8497,144.968,1,1,Sergio Pérez,3,1,0,1
25448,1076,847,131,6,3,15.0,58,1,2022,3,1,Australian Grand Prix,2022-04-10,Mercedes,German,George,Russell,British,Finished,Albert Park Grand Prix Circuit,Melbourne,Australia,-37.8497,144.968,3,1,George Russell,3,1,0,1
25449,1076,1,131,5,4,12.0,58,1,2022,3,1,Australian Grand Prix,2022-04-10,Mercedes,German,Lewis,Hamilton,British,Finished,Albert Park Grand Prix Circuit,Melbourne,Australia,-37.8497,144.968,1,1,Lewis Hamilton,3,0,0,1
25450,1076,846,1,4,5,10.0,58,1,2022,3,1,Australian Grand Prix,2022-04-10,McLaren,British,Lando,Norris,British,Finished,Albert Park Grand Prix Circuit,Melbourne,Australia,-37.8497,144.968,-1,1,Lando Norris,3,0,0,1
25451,1076,817,1,7,6,8.0,58,1,2022,3,1,Australian Grand Prix,2022-04-10,McLaren,British,Daniel,Ricciardo,Australian,Finished,Albert Park Grand Prix Circuit,Melbourne,Australia,-37.8497,144.968,1,1,Daniel Ricciardo,3,0,0,1
25452,1076,839,214,8,7,6.0,58,1,2022,3,1,Australian Grand Prix,2022-04-10,Alpine F1 Team,French,Esteban,Ocon,French,Finished,Albert Park Grand Prix Circuit,Melbourne,Australia,-37.8497,144.968,1,1,Esteban Ocon,3,0,0,1
25453,1076,822,51,12,8,4.0,58,1,2022,3,1,Australian Grand Prix,2022-04-10,Alfa Romeo,Swiss,Valtteri,Bottas,Finnish,Finished,Albert Park Grand Prix Circuit,Melbourne,Australia,-37.8497,144.968,4,1,Valtteri Bottas,3,0,0,1
25454,1076,842,213,11,9,2.0,58,1,2022,3,1,Australian Grand Prix,2022-04-10,AlphaTauri,Italian,Pierre,Gasly,French,Finished,Albert Park Grand Prix Circuit,Melbourne,Australia,-37.8497,144.968,2,1,Pierre Gasly,3,0,0,1
25455,1076,848,3,20,10,1.0,58,1,2022,3,1,Australian Grand Prix,2022-04-10,Williams,British,Alexander,Albon,Thai,Finished,Albert Park Grand Prix Circuit,Melbourne,Australia,-37.8497,144.968,10,1,Alexander Albon,3,0,0,1
25456,1076,855,51,14,11,0.0,58,1,2022,3,1,Australian Grand Prix,2022-04-10,Alfa Romeo,Swiss,Guanyu,Zhou,Chinese,Finished,Albert Park Grand Prix Circuit,Melbourne,Australia,-37.8497,144.968,3,1,Guanyu Zhou,3,0,0,0
25457,1076,840,117,19,12,0.0,58,1,2022,3,1,Australian Grand Prix,2022-04-10,Aston Martin,British,Lance,Stroll,Canadian,Finished,Albert Park Grand Prix Circuit,Melbourne,Australia,-37.8497,144.968,7,1,Lance Stroll,3,0,0,0
25458,1076,854,210,15,13,0.0,57,11,2022,3,1,Australian Grand Prix,2022-04-10,Haas F1 Team,American,Mick,Schumacher,German,+1 Lap,Albert Park Grand Prix Circuit,Melbourne,Australia,-37.8497,144.968,2,1,Mick Schumacher,3,0,0,0
25459,1076,825,210,16,14,0.0,57,11,2022,3,1,Australian Grand Prix,2022-04-10,Haas F1 Team,American,Kevin,Magnussen,Danish,+1 Lap,Albert Park Grand Prix Circuit,Melbourne,Australia,-37.8497,144.968,2,1,Kevin Magnussen,3,0,0,0
25460,1076,852,213,13,15,0.0,57,11,2022,3,1,Australian Grand Prix,2022-04-10,AlphaTauri,Italian,Yuki,Tsunoda,Japanese,+1 Lap,Albert Park Grand Prix Circuit,Melbourne,Australia,-37.8497,144.968,-2,1,Yuki Tsunoda,3,0,0,0
25461,1076,849,3,18,16,0.0,57,11,2022,3,1,Australian Grand Prix,2022-04-10,Williams,British,Nicholas,Latifi,Canadian,+1 Lap,Albert Park Grand Prix Circuit,Melbourne,Australia,-37.8497,144.968,2,1,Nicholas Latifi,3,0,0,0
25462,1076,4,214,10,17,0.0,57,11,2022,3,1,Australian Grand Prix,2022-04-10,Alpine F1 Team,French,Fernando,Alonso,Spanish,+1 Lap,Albert Park Grand Prix Circuit,Melbourne,Australia,-37.8497,144.968,-7,1,Fernando Alonso,3,0,0,0
25463,1076,830,9,2,18,0.0,38,95,2022,3,1,Australian Grand Prix,2022-04-10,Red Bull,Austrian,Max,Verstappen,Dutch,Fuel leak,Albert Park Grand Prix Circuit,Melbourne,Australia,-37.8497,144.968,-16,0,Max Verstappen,3,0,0,0
25464,1076,20,117,17,19,0.0,22,3,2022,3,1,Australian Grand Prix,2022-04-10,Aston Martin,British,Sebastian,Vettel,German,Accident,Albert Park Grand Prix Circuit,Melbourne,Australia,-37.8497,144.968,-2,0,Sebastian Vettel,3,0,0,0
25465,1076,832,6,9,20,0.0,1,20,2022,3,1,Australian Grand Prix,2022-04-10,Ferrari,Italian,Carlos,Sainz,Spanish,Spun off,Albert Park Grand Prix Circuit,Melbourne,Australia,-37.8497,144.968,-11,0,Carlos Sainz,3,0,0,0
25466,1077,830,9,1,1,26.0,63,1,2022,4,21,Emilia Romagna Grand Prix,2022-04-24,Red Bull,Austrian,Max,Verstappen,Dutch,Finished,Autodromo Enzo e Dino Ferrari,Imola,Italy,44.3439,11.7167,0,1,Max Verstappen,4,1,1,1
25467,1077,815,9,3,2,18.0,63,1,2022,4,21,Emilia Romagna Grand Prix,2022-04-24,Red Bull,Austrian,Sergio,Pérez,Mexican,Finished,Autodromo Enzo e Dino Ferrari,Imola,Italy,44.3439,11.7167,1,1,Sergio Pérez,4,1,0,1
25468,1077,846,1,5,3,15.0,63,1,2022,4,21,Emilia Romagna Grand Prix,2022-04-24,McLaren,British,Lando,Norris,British,Finished,Autodromo Enzo e Dino Ferrari,Imola,Italy,44.3439,11.7167,2,1,Lando Norris,4,1,0,1
25469,1077,847,131,11,4,12.0,63,1,2022,4,21,Emilia Romagna Grand Prix,2022-04-24,Mercedes,German,George,Russell,British,Finished,Autodromo Enzo e Dino Ferrari,Imola,Italy,44.3439,11.7167,7,1,George Russell,4,0,0,1
25470,1077,822,51,7,5,10.0,63,1,2022,4,21,Emilia Romagna Grand Prix,2022-04-24,Alfa Romeo,Swiss,Valtteri,Bottas,Finnish,Finished,Autodromo Enzo e Dino Ferrari,Imola,Italy,44.3439,11.7167,2,1,Valtteri Bottas,4,0,0,1
25471,1077,844,6,2,6,8.0,63,1,2022,4,21,Emilia Romagna Grand Prix,2022-04-24,Ferrari,Italian,Charles,Leclerc,Monegasque,Finished,Autodromo Enzo e Dino Ferrari,Imola,Italy,44.3439,11.7167,-4,1,Charles Leclerc,4,0,0,1
25472,1077,852,213,12,7,6.0,63,1,2022,4,21,Emilia Romagna Grand Prix,2022-04-24,AlphaTauri,Italian,Yuki,Tsunoda,Japanese,Finished,Autodromo Enzo e Dino Ferrari,Imola,Italy,44.3439,11.7167,5,1,Yuki Tsunoda,4,0,0,1
25473,1077,20,117,13,8,4.0,63,1,2022,4,21,Emilia Romagna Grand Prix,2022-04-24,Aston Martin,British,Sebastian,Vettel,German,Finished,Autodromo Enzo e Dino Ferrari,Imola,Italy,44.3439,11.7167,5,1,Sebastian Vettel,4,0,0,1
25474,1077,825,210,8,9,2.0,63,1,2022,4,21,Emilia Romagna Grand Prix,2022-04-24,Haas F1 Team,American,Kevin,Magnussen,Danish,Finished,Autodromo Enzo e Dino Ferrari,Imola,Italy,44.3439,11.7167,-1,1,Kevin Magnussen,4,0,0,1
25475,1077,840,117,15,10,1.0,62,11,2022,4,21,Emilia Romagna Grand Prix,2022-04-24,Aston Martin,British,Lance,Stroll,Canadian,+1 Lap,Autodromo Enzo e Dino Ferrari,Imola,Italy,44.3439,11.7167,5,1,Lance Stroll,4,0,0,1
25476,1077,848,3,18,11,0.0,62,11,2022,4,21,Emilia Romagna Grand Prix,2022-04-24,Williams,British,Alexander,Albon,Thai,+1 Lap,Autodromo Enzo e Dino Ferrari,Imola,Italy,44.3439,11.7167,7,1,Alexander Albon,4,0,0,0
25477,1077,842,213,17,12,0.0,62,11,2022,4,21,Emilia Romagna Grand Prix,2022-04-24,AlphaTauri,Italian,Pierre,Gasly,French,+1 Lap,Autodromo Enzo e Dino Ferrari,Imola,Italy,44.3439,11.7167,5,1,Pierre Gasly,4,0,0,0
25478,1077,1,131,14,13,0.0,62,11,2022,4,21,Emilia Romagna Grand Prix,2022-04-24,Mercedes,German,Lewis,Hamilton,British,+1 Lap,Autodromo Enzo e Dino Ferrari,Imola,Italy,44.3439,11.7167,1,1,Lewis Hamilton,4,0,0,0
25479,1077,839,214,16,14,0.0,62,11,2022,4,21,Emilia Romagna Grand Prix,2022-04-24,Alpine F1 Team,French,Esteban,Ocon,French,+1 Lap,Autodromo Enzo e Dino Ferrari,Imola,Italy,44.3439,11.7167,2,1,Esteban Ocon,4,0,0,0
25480,1077,855,51,0,15,0.0,62,11,2022,4,21,Emilia Romagna Grand Prix,2022-04-24,Alfa Romeo,Swiss,Guanyu,Zhou,Chinese,+1 Lap,Autodromo Enzo e Dino Ferrari,Imola,Italy,44.3439,11.7167,-15,1,Guanyu Zhou,4,0,0,0
25481,1077,849,3,19,16,0.0,62,11,2022,4,21,Emilia Romagna Grand Prix,2022-04-24,Williams,British,Nicholas,Latifi,Canadian,+1 Lap,Autodromo Enzo e Dino Ferrari,Imola,Italy,44.3439,11.7167,3,1,Nicholas Latifi,4,0,0,0
25482,1077,854,210,10,17,0.0,62,11,2022,4,21,Emilia Romagna Grand Prix,2022-04-24,Haas F1 Team,American,Mick,Schumacher,German,+1 Lap,Autodromo Enzo e Dino Ferrari,Imola,Italy,44.3439,11.7167,-7,1,Mick Schumacher,4,0,0,0
25483,1077,817,1,6,18,0.0,62,11,2022,4,21,Emilia Romagna Grand Prix,2022-04-24,McLaren,British,Daniel,Ricciardo,Australian,+1 Lap,Autodromo Enzo e Dino Ferrari,Imola,Italy,44.3439,11.7167,-12,1,Daniel Ricciardo,4,0,0,0
25484,1077,4,214,9,19,0.0,6,130,2022,4,21,Emilia Romagna Grand Prix,2022-04-24,Alpine F1 Team,French,Fernando,Alonso,Spanish,Collision damage,Autodromo Enzo e Dino Ferrari,Imola,Italy,44.3439,11.7167,-10,0,Fernando Alonso,4,0,0,0
25485,1077,832,6,4,20,0.0,0,4,2022,4,21,Emilia Romagna Grand Prix,2022-04-24,Ferrari,Italian,Carlos,Sainz,Spanish,Collision,Autodromo Enzo e Dino Ferrari,Imola,Italy,44.3439,11.7167,-16,0,Carlos Sainz,4,0,0,0
25486,1078,830,9,3,1,26.0,57,1,2022,5,79,Miami Grand Prix,2022-05-08,Red Bull,Austrian,Max,Verstappen,Dutch,Finished,Miami International Autodrome,Miami,USA,25.9581,-80.2389,2,1,Max Verstappen,5,1,1,1
25487,1078,844,6,1,2,18.0,57,1,2022,5,79,Miami Grand Prix,2022-05-08,Ferrari,Italian,Charles,Leclerc,Monegasque,Finished,Miami International Autodrome,Miami,USA,25.9581,-80.2389,-1,1,Charles Leclerc,5,1,0,1
25488,1078,832,6,2,3,15.0,57,1,2022,5,79,Miami Grand Prix,2022-05-08,Ferrari,Italian,Carlos,Sainz,Spanish,Finished,Miami International Autodrome,Miami,USA,25.9581,-80.2389,-1,1,Carlos Sainz,5,1,0,1
25489,1078,815,9,4,4,12.0,57,1,2022,5,79,Miami Grand Prix,2022-05-08,Red Bull,Austrian,Sergio,Pérez,Mexican,Finished,Miami International Autodrome,Miami,USA,25.9581,-80.2389,0,1,Sergio Pérez,5,0,0,1
25490,1078,847,131,12,5,10.0,57,1,2022,5,79,Miami Grand Prix,2022-05-08,Mercedes,German,George,Russell,British,Finished,Miami International Autodrome,Miami,USA,25.9581,-80.2389,7,1,George Russell,5,0,0,1
25491,1078,1,131,6,6,8.0,57,1,2022,5,79,Miami Grand Prix,2022-05-08,Mercedes,German,Lewis,Hamilton,British,Finished,Miami International Autodrome,Miami,USA,25.9581,-80.2389,0,1,Lewis Hamilton,5,0,0,1
25492,1078,822,51,5,7,6.0,57,1,2022,5,79,Miami Grand Prix,2022-05-08,Alfa Romeo,Swiss,Valtteri,Bottas,Finnish,Finished,Miami International Autodrome,Miami,USA,25.9581,-80.2389,-2,1,Valtteri Bottas,5,0,0,1
25493,1078,839,214,20,8,4.0,57,1,2022,5,79,Miami Grand Prix,2022-05-08,Alpine F1 Team,French,Esteban,Ocon,French,Finished,Miami International Autodrome,Miami,USA,25.9581,-80.2389,12,1,Esteban Ocon,5,0,0,1
25494,1078,848,3,18,9,2.0,57,1,2022,5,79,Miami Grand Prix,2022-05-08,Williams,British,Alexander,Albon,Thai,Finished,Miami International Autodrome,Miami,USA,25.9581,-80.2389,9,1,Alexander Albon,5,0,0,1
25495,1078,840,117,0,10,1.0,57,1,2022,5,79,Miami Grand Prix,2022-05-08,Aston Martin,British,Lance,Stroll,Canadian,Finished,Miami International Autodrome,Miami,USA,25.9581,-80.2389,-10,1,Lance Stroll,5,0,0,1
25496,1078,4,214,11,11,0.0,57,1,2022,5,79,Miami Grand Prix,2022-05-08,Alpine F1 Team,French,Fernando,Alonso,Spanish,Finished,Miami International Autodrome,Miami,USA,25.9581,-80.2389,0,1,Fernando Alonso,5,0,0,0
25497,1078,852,213,9,12,0.0,57,1,2022,5,79,Miami Grand Prix,2022-05-08,AlphaTauri,Italian,Yuki,Tsunoda,Japanese,Finished,Miami International Autodrome,Miami,USA,25.9581,-80.2389,-3,1,Yuki Tsunoda,5,0,0,0
25498,1078,817,1,14,13,0.0,57,1,2022,5,79,Miami Grand Prix,2022-05-08,McLaren,British,Daniel,Ricciardo,Australian,Finished,Miami International Autodrome,Miami,USA,25.9581,-80.2389,1,1,Daniel Ricciardo,5,0,0,0
25499,1078,849,3,19,14,0.0,57,1,2022,5,79,Miami Grand Prix,2022-05-08,Williams,British,Nicholas,Latifi,Canadian,Finished,Miami International Autodrome,Miami,USA,25.9581,-80.2389,5,1,Nicholas Latifi,5,0,0,0
25500,1078,854,210,15,15,0.0,57,1,2022,5,79,Miami Grand Prix,2022-05-08,Haas F1 Team,American,Mick,Schumacher,German,Finished,Miami International Autodrome,Miami,USA,25.9581,-80.2389,0,1,Mick Schumacher,5,0,0,0
25501,1078,825,210,16,16,0.0,56,33,2022,5,79,Miami Grand Prix,2022-05-08,Haas F1 Team,American,Kevin,Magnussen,Danish,Front wing,Miami International Autodrome,Miami,USA,25.9581,-80.2389,0,0,Kevin Magnussen,5,0,0,0
25502,1078,20,117,0,17,0.0,54,4,2022,5,79,Miami Grand Prix,2022-05-08,Aston Martin,British,Sebastian,Vettel,German,Collision,Miami International Autodrome,Miami,USA,25.9581,-80.2389,-17,0,Sebastian Vettel,5,0,0,0
25503,1078,842,213,7,18,0.0,45,22,2022,5,79,Miami Grand Prix,2022-05-08,AlphaTauri,Italian,Pierre,Gasly,French,Suspension,Miami International Autodrome,Miami,USA,25.9581,-80.2389,-11,0,Pierre Gasly,5,0,0,0
25504,1078,846,1,8,19,0.0,39,4,2022,5,79,Miami Grand Prix,2022-05-08,McLaren,British,Lando,Norris,British,Collision,Miami International Autodrome,Miami,USA,25.9581,-80.2389,-11,0,Lando Norris,5,0,0,0
25505,1078,855,51,17,20,0.0,6,47,2022,5,79,Miami Grand Prix,2022-05-08,Alfa Romeo,Swiss,Guanyu,Zhou,Chinese,Water leak,Miami International Autodrome,Miami,USA,25.9581,-80.2389,-3,0,Guanyu Zhou,5,0,0,0
25506,1079,830,9,2,1,25.0,66,1,2022,6,4,Spanish Grand Prix,2022-05-22,Red Bull,Austrian,Max,Verstappen,Dutch,Finished,Circuit de Barcelona-Catalunya,Montmeló,Spain,41.57,2.26111,1,1,Max Verstappen,6,1,1,1
25507,1079,815,9,5,2,19.0,66,1,2022,6,4,Spanish Grand Prix,2022-05-22,Red Bull,Austrian,Sergio,Pérez,Mexican,Finished,Circuit de Barcelona-Catalunya,Montmeló,Spain,41.57,2.26111,3,1,Sergio Pérez,6,1,0,1
25508,1079,847,131,4,3,15.0,66,1,2022,6,4,Spanish Grand Prix,2022-05-22,Mercedes,German,George,Russell,British,Finished,Circuit de Barcelona-Catalunya,Montmeló,Spain,41.57,2.26111,1,1,George Russell,6,1,0,1
25509,1079,832,6,3,4,12.0,66,1,2022,6,4,Spanish Grand Prix,2022-05-22,Ferrari,Italian,Carlos,Sainz,Spanish,Finished,Circuit de Barcelona-Catalunya,Montmeló,Spain,41.57,2.26111,-1,1,Carlos Sainz,6,0,0,1
25510,1079,1,131,6,5,10.0,66,1,2022,6,4,Spanish Grand Prix,2022-05-22,Mercedes,German,Lewis,Hamilton,British,Finished,Circuit de Barcelona-Catalunya,Montmeló,Spain,41.57,2.26111,1,1,Lewis Hamilton,6,0,0,1
25511,1079,822,51,7,6,8.0,66,1,2022,6,4,Spanish Grand Prix,2022-05-22,Alfa Romeo,Swiss,Valtteri,Bottas,Finnish,Finished,Circuit de Barcelona-Catalunya,Montmeló,Spain,41.57,2.26111,1,1,Valtteri Bottas,6,0,0,1
25512,1079,839,214,12,7,6.0,66,1,2022,6,4,Spanish Grand Prix,2022-05-22,Alpine F1 Team,French,Esteban,Ocon,French,Finished,Circuit de Barcelona-Catalunya,Montmeló,Spain,41.57,2.26111,5,1,Esteban Ocon,6,0,0,1
25513,1079,846,1,11,8,4.0,66,1,2022,6,4,Spanish Grand Prix,2022-05-22,McLaren,British,Lando,Norris,British,Finished,Circuit de Barcelona-Catalunya,Montmeló,Spain,41.57,2.26111,3,1,Lando Norris,6,0,0,1
25514,1079,4,214,20,9,2.0,65,11,2022,6,4,Spanish Grand Prix,2022-05-22,Alpine F1 Team,French,Fernando,Alonso,Spanish,+1 Lap,Circuit de Barcelona-Catalunya,Montmeló,Spain,41.57,2.26111,11,1,Fernando Alonso,6,0,0,1
25515,1079,852,213,13,10,1.0,65,11,2022,6,4,Spanish Grand Prix,2022-05-22,AlphaTauri,Italian,Yuki,Tsunoda,Japanese,+1 Lap,Circuit de Barcelona-Catalunya,Montmeló,Spain,41.57,2.26111,3,1,Yuki Tsunoda,6,0,0,1
25516,1079,20,117,16,11,0.0,65,11,2022,6,4,Spanish Grand Prix,2022-05-22,Aston Martin,British,Sebastian,Vettel,German,+1 Lap,Circuit de Barcelona-Catalunya,Montmeló,Spain,41.57,2.26111,5,1,Sebastian Vettel,6,0,0,0
25517,1079,817,1,9,12,0.0,65,11,2022,6,4,Spanish Grand Prix,2022-05-22,McLaren,British,Daniel,Ricciardo,Australian,+1 Lap,Circuit de Barcelona-Catalunya,Montmeló,Spain,41.57,2.26111,-3,1,Daniel Ricciardo,6,0,0,0
25518,1079,842,213,14,13,0.0,65,11,2022,6,4,Spanish Grand Prix,2022-05-22,AlphaTauri,Italian,Pierre,Gasly,French,+1 Lap,Circuit de Barcelona-Catalunya,Montmeló,Spain,41.57,2.26111,1,1,Pierre Gasly,6,0,0,0
25519,1079,854,210,10,14,0.0,65,11,2022,6,4,Spanish Grand Prix,2022-05-22,Haas F1 Team,American,Mick,Schumacher,German,+1 Lap,Circuit de Barcelona-Catalunya,Montmeló,Spain,41.57,2.26111,-4,1,Mick Schumacher,6,0,0,0
25520,1079,840,117,17,15,0.0,65,11,2022,6,4,Spanish Grand Prix,2022-05-22,Aston Martin,British,Lance,Stroll,Canadian,+1 Lap,Circuit de Barcelona-Catalunya,Montmeló,Spain,41.57,2.26111,2,1,Lance Stroll,6,0,0,0
25521,1079,849,3,19,16,0.0,64,12,2022,6,4,Spanish Grand Prix,2022-05-22,Williams,British,Nicholas,Latifi,Canadian,+2 Laps,Circuit de Barcelona-Catalunya,Montmeló,Spain,41.57,2.26111,3,1,Nicholas Latifi,6,0,0,0
25522,1079,825,210,8,17,0.0,64,12,2022,6,4,Spanish Grand Prix,2022-05-22,Haas F1 Team,American,Kevin,Magnussen,Danish,+2 Laps,Circuit de Barcelona-Catalunya,Montmeló,Spain,41.57,2.26111,-9,1,Kevin Magnussen,6,0,0,0
25523,1079,848,3,18,18,0.0,64,12,2022,6,4,Spanish Grand Prix,2022-05-22,Williams,British,Alexander,Albon,Thai,+2 Laps,Circuit de Barcelona-Catalunya,Montmeló,Spain,41.57,2.26111,0,1,Alexander Albon,6,0,0,0
25524,1079,855,51,15,19,0.0,28,75,2022,6,4,Spanish Grand Prix,2022-05-22,Alfa Romeo,Swiss,Guanyu,Zhou,Chinese,Power loss,Circuit de Barcelona-Catalunya,Montmeló,Spain,41.57,2.26111,-4,0,Guanyu Zhou,6,0,0,0
25525,1079,844,6,1,20,0.0,27,101,2022,6,4,Spanish Grand Prix,2022-05-22,Ferrari,Italian,Charles,Leclerc,Monegasque,Turbo,Circuit de Barcelona-Catalunya,Montmeló,Spain,41.57,2.26111,-19,0,Charles Leclerc,6,0,0,0
25526,1080,815,9,3,1,25.0,64,1,2022,7,6,Monaco Grand Prix,2022-05-29,Red Bull,Austrian,Sergio,Pérez,Mexican,Finished,Circuit de Monaco,Monte-Carlo,Monaco,43.7347,7.42056,2,1,Sergio Pérez,7,1,1,1
25527,1080,832,6,2,2,18.0,64,1,2022,7,6,Monaco Grand Prix,2022-05-29,Ferrari,Italian,Carlos,Sainz,Spanish,Finished,Circuit de Monaco,Monte-Carlo,Monaco,43.7347,7.42056,0,1,Carlos Sainz,7,1,0,1
25528,1080,830,9,4,3,15.0,64,1,2022,7,6,Monaco Grand Prix,2022-05-29,Red Bull,Austrian,Max,Verstappen,Dutch,Finished,Circuit de Monaco,Monte-Carlo,Monaco,43.7347,7.42056,1,1,Max Verstappen,7,1,0,1
25529,1080,844,6,1,4,12.0,64,1,2022,7,6,Monaco Grand Prix,2022-05-29,Ferrari,Italian,Charles,Leclerc,Monegasque,Finished,Circuit de Monaco,Monte-Carlo,Monaco,43.7347,7.42056,-3,1,Charles Leclerc,7,0,0,1
25530,1080,847,131,6,5,10.0,64,1,2022,7,6,Monaco Grand Prix,2022-05-29,Mercedes,German,George,Russell,British,Finished,Circuit de Monaco,Monte-Carlo,Monaco,43.7347,7.42056,1,1,George Russell,7,0,0,1
25531,1080,846,1,5,6,9.0,64,1,2022,7,6,Monaco Grand Prix,2022-05-29,McLaren,British,Lando,Norris,British,Finished,Circuit de Monaco,Monte-Carlo,Monaco,43.7347,7.42056,-1,1,Lando Norris,7,0,0,1
25532,1080,4,214,7,7,6.0,64,1,2022,7,6,Monaco Grand Prix,2022-05-29,Alpine F1 Team,French,Fernando,Alonso,Spanish,Finished,Circuit de Monaco,Monte-Carlo,Monaco,43.7347,7.42056,0,1,Fernando Alonso,7,0,0,1
25533,1080,1,131,8,8,4.0,64,1,2022,7,6,Monaco Grand Prix,2022-05-29,Mercedes,German,Lewis,Hamilton,British,Finished,Circuit de Monaco,Monte-Carlo,Monaco,43.7347,7.42056,0,1,Lewis Hamilton,7,0,0,1
25534,1080,822,51,12,9,2.0,64,1,2022,7,6,Monaco Grand Prix,2022-05-29,Alfa Romeo,Swiss,Valtteri,Bottas,Finnish,Finished,Circuit de Monaco,Monte-Carlo,Monaco,43.7347,7.42056,3,1,Valtteri Bottas,7,0,0,1
25535,1080,20,117,9,10,1.0,64,1,2022,7,6,Monaco Grand Prix,2022-05-29,Aston Martin,British,Sebastian,Vettel,German,Finished,Circuit de Monaco,Monte-Carlo,Monaco,43.7347,7.42056,-1,1,Sebastian Vettel,7,0,0,1
25536,1080,842,213,17,11,0.0,64,1,2022,7,6,Monaco Grand Prix,2022-05-29,AlphaTauri,Italian,Pierre,Gasly,French,Finished,Circuit de Monaco,Monte-Carlo,Monaco,43.7347,7.42056,6,1,Pierre Gasly,7,0,0,0
25537,1080,839,214,10,12,0.0,64,1,2022,7,6,Monaco Grand Prix,2022-05-29,Alpine F1 Team,French,Esteban,Ocon,French,Finished,Circuit de Monaco,Monte-Carlo,Monaco,43.7347,7.42056,-2,1,Esteban Ocon,7,0,0,0
25538,1080,817,1,14,13,0.0,64,1,2022,7,6,Monaco Grand Prix,2022-05-29,McLaren,British,Daniel,Ricciardo,Australian,Finished,Circuit de Monaco,Monte-Carlo,Monaco,43.7347,7.42056,1,1,Daniel Ricciardo,7,0,0,0
25539,1080,840,117,18,14,0.0,64,1,2022,7,6,Monaco Grand Prix,2022-05-29,Aston Martin,British,Lance,Stroll,Canadian,Finished,Circuit de Monaco,Monte-Carlo,Monaco,43.7347,7.42056,4,1,Lance Stroll,7,0,0,0
25540,1080,849,3,19,15,0.0,63,11,2022,7,6,Monaco Grand Prix,2022-05-29,Williams,British,Nicholas,Latifi,Canadian,+1 Lap,Circuit de Monaco,Monte-Carlo,Monaco,43.7347,7.42056,4,1,Nicholas Latifi,7,0,0,0
25541,1080,855,51,20,16,0.0,63,11,2022,7,6,Monaco Grand Prix,2022-05-29,Alfa Romeo,Swiss,Guanyu,Zhou,Chinese,+1 Lap,Circuit de Monaco,Monte-Carlo,Monaco,43.7347,7.42056,4,1,Guanyu Zhou,7,0,0,0
25542,1080,852,213,11,17,0.0,63,11,2022,7,6,Monaco Grand Prix,2022-05-29,AlphaTauri,Italian,Yuki,Tsunoda,Japanese,+1 Lap,Circuit de Monaco,Monte-Carlo,Monaco,43.7347,7.42056,-6,1,Yuki Tsunoda,7,0,0,0
25543,1080,848,3,16,18,0.0,48,26,2022,7,6,Monaco Grand Prix,2022-05-29,Williams,British,Alexander,Albon,Thai,Mechanical,Circuit de Monaco,Monte-Carlo,Monaco,43.7347,7.42056,-2,0,Alexander Albon,7,0,0,0
25544,1080,854,210,15,19,0.0,24,3,2022,7,6,Monaco Grand Prix,2022-05-29,Haas F1 Team,American,Mick,Schumacher,German,Accident,Circuit de Monaco,Monte-Carlo,Monaco,43.7347,7.42056,-4,0,Mick Schumacher,7,0,0,0
25545,1080,825,210,13,20,0.0,19,34,2022,7,6,Monaco Grand Prix,2022-05-29,Haas F1 Team,American,Kevin,Magnussen,Danish,Water pressure,Circuit de Monaco,Monte-Carlo,Monaco,43.7347,7.42056,-7,0,Kevin Magnussen,7,0,0,0
25546,1081,830,9,3,1,25.0,51,1,2022,8,73,Azerbaijan Grand Prix,2022-06-12,Red Bull,Austrian,Max,Verstappen,Dutch,Finished,Baku City Circuit,Baku,Azerbaijan,40.3725,49.8533,2,1,Max Verstappen,8,1,1,1
25547,1081,815,9,2,2,19.0,51,1,2022,8,73,Azerbaijan Grand Prix,2022-06-12,Red Bull,Austrian,Sergio,Pérez,Mexican,Finished,Baku City Circuit,Baku,Azerbaijan,40.3725,49.8533,0,1,Sergio Pérez,8,1,0,1
25548,1081,847,131,5,3,15.0,51,1,2022,8,73,Azerbaijan Grand Prix,2022-06-12,Mercedes,German,George,Russell,British,Finished,Baku City Circuit,Baku,Azerbaijan,40.3725,49.8533,2,1,George Russell,8,1,0,1
25549,1081,1,131,7,4,12.0,51,1,2022,8,73,Azerbaijan Grand Prix,2022-06-12,Mercedes,German,Lewis,Hamilton,British,Finished,Baku City Circuit,Baku,Azerbaijan,40.3725,49.8533,3,1,Lewis Hamilton,8,0,0,1
25550,1081,842,213,6,5,10.0,51,1,2022,8,73,Azerbaijan Grand Prix,2022-06-12,AlphaTauri,Italian,Pierre,Gasly,French,Finished,Baku City Circuit,Baku,Azerbaijan,40.3725,49.8533,1,1,Pierre Gasly,8,0,0,1
25551,1081,20,117,9,6,8.0,51,1,2022,8,73,Azerbaijan Grand Prix,2022-06-12,Aston Martin,British,Sebastian,Vettel,German,Finished,Baku City Circuit,Baku,Azerbaijan,40.3725,49.8533,3,1,Sebastian Vettel,8,0,0,1
25552,1081,4,214,10,7,6.0,51,1,2022,8,73,Azerbaijan Grand Prix,2022-06-12,Alpine F1 Team,French,Fernando,Alonso,Spanish,Finished,Baku City Circuit,Baku,Azerbaijan,40.3725,49.8533,3,1,Fernando Alonso,8,0,0,1
25553,1081,817,1,12,8,4.0,51,1,2022,8,73,Azerbaijan Grand Prix,2022-06-12,McLaren,British,Daniel,Ricciardo,Australian,Finished,Baku City Circuit,Baku,Azerbaijan,40.3725,49.8533,4,1,Daniel Ricciardo,8,0,0,1
25554,1081,846,1,11,9,2.0,51,1,2022,8,73,Azerbaijan Grand Prix,2022-06-12,McLaren,British,Lando,Norris,British,Finished,Baku City Circuit,Baku,Azerbaijan,40.3725,49.8533,2,1,Lando Norris,8,0,0,1
25555,1081,839,214,13,10,1.0,51,1,2022,8,73,Azerbaijan Grand Prix,2022-06-12,Alpine F1 Team,French,Esteban,Ocon,French,Finished,Baku City Circuit,Baku,Azerbaijan,40.3725,49.8533,3,1,Esteban Ocon,8,0,0,1
25556,1081,822,51,15,11,0.0,50,11,2022,8,73,Azerbaijan Grand Prix,2022-06-12,Alfa Romeo,Swiss,Valtteri,Bottas,Finnish,+1 Lap,Baku City Circuit,Baku,Azerbaijan,40.3725,49.8533,4,1,Valtteri Bottas,8,0,0,0
25557,1081,848,3,17,12,0.0,50,11,2022,8,73,Azerbaijan Grand Prix,2022-06-12,Williams,British,Alexander,Albon,Thai,+1 Lap,Baku City Circuit,Baku,Azerbaijan,40.3725,49.8533,5,1,Alexander Albon,8,0,0,0
25558,1081,852,213,8,13,0.0,50,11,2022,8,73,Azerbaijan Grand Prix,2022-06-12,AlphaTauri,Italian,Yuki,Tsunoda,Japanese,+1 Lap,Baku City Circuit,Baku,Azerbaijan,40.3725,49.8533,-5,1,Yuki Tsunoda,8,0,0,0
25559,1081,854,210,20,14,0.0,50,11,2022,8,73,Azerbaijan Grand Prix,2022-06-12,Haas F1 Team,American,Mick,Schumacher,German,+1 Lap,Baku City Circuit,Baku,Azerbaijan,40.3725,49.8533,6,1,Mick Schumacher,8,0,0,0
25560,1081,849,3,18,15,0.0,50,11,2022,8,73,Azerbaijan Grand Prix,2022-06-12,Williams,British,Nicholas,Latifi,Canadian,+1 Lap,Baku City Circuit,Baku,Azerbaijan,40.3725,49.8533,3,1,Nicholas Latifi,8,0,0,0
25561,1081,840,117,19,16,0.0,46,76,2022,8,73,Azerbaijan Grand Prix,2022-06-12,Aston Martin,British,Lance,Stroll,Canadian,Vibrations,Baku City Circuit,Baku,Azerbaijan,40.3725,49.8533,3,0,Lance Stroll,8,0,0,0
25562,1081,825,210,16,17,0.0,31,131,2022,8,73,Azerbaijan Grand Prix,2022-06-12,Haas F1 Team,American,Kevin,Magnussen,Danish,Power Unit,Baku City Circuit,Baku,Azerbaijan,40.3725,49.8533,-1,0,Kevin Magnussen,8,0,0,0
25563,1081,855,51,14,18,0.0,23,9,2022,8,73,Azerbaijan Grand Prix,2022-06-12,Alfa Romeo,Swiss,Guanyu,Zhou,Chinese,Hydraulics,Baku City Circuit,Baku,Azerbaijan,40.3725,49.8533,-4,0,Guanyu Zhou,8,0,0,0
25564,1081,844,6,1,19,0.0,21,131,2022,8,73,Azerbaijan Grand Prix,2022-06-12,Ferrari,Italian,Charles,Leclerc,Monegasque,Power Unit,Baku City Circuit,Baku,Azerbaijan,40.3725,49.8533,-18,0,Charles Leclerc,8,0,0,0
25565,1081,832,6,4,20,0.0,8,9,2022,8,73,Azerbaijan Grand Prix,2022-06-12,Ferrari,Italian,Carlos,Sainz,Spanish,Hydraulics,Baku City Circuit,Baku,Azerbaijan,40.3725,49.8533,-16,0,Carlos Sainz,8,0,0,0
25566,1082,830,9,1,1,25.0,70,1,2022,9,7,Canadian Grand Prix,2022-06-19,Red Bull,Austrian,Max,Verstappen,Dutch,Finished,Circuit Gilles Villeneuve,Montreal,Canada,45.5,-73.5228,0,1,Max Verstappen,9,1,1,1
25567,1082,832,6,3,2,19.0,70,1,2022,9,7,Canadian Grand Prix,2022-06-19,Ferrari,Italian,Carlos,Sainz,Spanish,Finished,Circuit Gilles Villeneuve,Montreal,Canada,45.5,-73.5228,1,1,Carlos Sainz,9,1,0,1
25568,1082,1,131,4,3,15.0,70,1,2022,9,7,Canadian Grand Prix,2022-06-19,Mercedes,German,Lewis,Hamilton,British,Finished,Circuit Gilles Villeneuve,Montreal,Canada,45.5,-73.5228,1,1,Lewis Hamilton,9,1,0,1
25569,1082,847,131,8,4,12.0,70,1,2022,9,7,Canadian Grand Prix,2022-06-19,Mercedes,German,George,Russell,British,Finished,Circuit Gilles Villeneuve,Montreal,Canada,45.5,-73.5228,4,1,George Russell,9,0,0,1
25570,1082,844,6,19,5,10.0,70,1,2022,9,7,Canadian Grand Prix,2022-06-19,Ferrari,Italian,Charles,Leclerc,Monegasque,Finished,Circuit Gilles Villeneuve,Montreal,Canada,45.5,-73.5228,14,1,Charles Leclerc,9,0,0,1
25571,1082,839,214,7,6,8.0,70,1,2022,9,7,Canadian Grand Prix,2022-06-19,Alpine F1 Team,French,Esteban,Ocon,French,Finished,Circuit Gilles Villeneuve,Montreal,Canada,45.5,-73.5228,1,1,Esteban Ocon,9,0,0,1
25572,1082,822,51,11,7,6.0,70,1,2022,9,7,Canadian Grand Prix,2022-06-19,Alfa Romeo,Swiss,Valtteri,Bottas,Finnish,Finished,Circuit Gilles Villeneuve,Montreal,Canada,45.5,-73.5228,4,1,Valtteri Bottas,9,0,0,1
25573,1082,855,51,10,8,4.0,70,1,2022,9,7,Canadian Grand Prix,2022-06-19,Alfa Romeo,Swiss,Guanyu,Zhou,Chinese,Finished,Circuit Gilles Villeneuve,Montreal,Canada,45.5,-73.5228,2,1,Guanyu Zhou,9,0,0,1
25574,1082,4,214,2,9,2.0,70,1,2022,9,7,Canadian Grand Prix,2022-06-19,Alpine F1 Team,French,Fernando,Alonso,Spanish,Finished,Circuit Gilles Villeneuve,Montreal,Canada,45.5,-73.5228,-7,1,Fernando Alonso,9,0,0,1
25575,1082,840,117,17,10,1.0,70,1,2022,9,7,Canadian Grand Prix,2022-06-19,Aston Martin,British,Lance,Stroll,Canadian,Finished,Circuit Gilles Villeneuve,Montreal,Canada,45.5,-73.5228,7,1,Lance Stroll,9,0,0,1
25576,1082,817,1,9,11,0.0,70,1,2022,9,7,Canadian Grand Prix,2022-06-19,McLaren,British,Daniel,Ricciardo,Australian,Finished,Circuit Gilles Villeneuve,Montreal,Canada,45.5,-73.5228,-2,1,Daniel Ricciardo,9,0,0,0
25577,1082,20,117,16,12,0.0,70,1,2022,9,7,Canadian Grand Prix,2022-06-19,Aston Martin,British,Sebastian,Vettel,German,Finished,Circuit Gilles Villeneuve,Montreal,Canada,45.5,-73.5228,4,1,Sebastian Vettel,9,0,0,0
25578,1082,848,3,12,13,0.0,70,1,2022,9,7,Canadian Grand Prix,2022-06-19,Williams,British,Alexander,Albon,Thai,Finished,Circuit Gilles Villeneuve,Montreal,Canada,45.5,-73.5228,-1,1,Alexander Albon,9,0,0,0
25579,1082,842,213,15,14,0.0,70,1,2022,9,7,Canadian Grand Prix,2022-06-19,AlphaTauri,Italian,Pierre,Gasly,French,Finished,Circuit Gilles Villeneuve,Montreal,Canada,45.5,-73.5228,1,1,Pierre Gasly,9,0,0,0
25580,1082,846,1,14,15,0.0,70,1,2022,9,7,Canadian Grand Prix,2022-06-19,McLaren,British,Lando,Norris,British,Finished,Circuit Gilles Villeneuve,Montreal,Canada,45.5,-73.5228,-1,1,Lando Norris,9,0,0,0
25581,1082,849,3,18,16,0.0,70,1,2022,9,7,Canadian Grand Prix,2022-06-19,Williams,British,Nicholas,Latifi,Canadian,Finished,Circuit Gilles Villeneuve,Montreal,Canada,45.5,-73.5228,2,1,Nicholas Latifi,9,0,0,0
25582,1082,825,210,5,17,0.0,70,1,2022,9,7,Canadian Grand Prix,2022-06-19,Haas F1 Team,American,Kevin,Magnussen,Danish,Finished,Circuit Gilles Villeneuve,Montreal,Canada,45.5,-73.5228,-12,1,Kevin Magnussen,9,0,0,0
25583,1082,852,213,20,18,0.0,47,3,2022,9,7,Canadian Grand Prix,2022-06-19,AlphaTauri,Italian,Yuki,Tsunoda,Japanese,Accident,Circuit Gilles Villeneuve,Montreal,Canada,45.5,-73.5228,2,0,Yuki Tsunoda,9,0,0,0
25584,1082,854,210,6,19,0.0,18,5,2022,9,7,Canadian Grand Prix,2022-06-19,Haas F1 Team,American,Mick,Schumacher,German,Engine,Circuit Gilles Villeneuve,Montreal,Canada,45.5,-73.5228,-13,0,Mick Schumacher,9,0,0,0
25585,1082,815,9,13,20,0.0,7,6,2022,9,7,Canadian Grand Prix,2022-06-19,Red Bull,Austrian,Sergio,Pérez,Mexican,Gearbox,Circuit Gilles Villeneuve,Montreal,Canada,45.5,-73.5228,-7,0,Sergio Pérez,9,0,0,0
25586,1083,832,6,1,1,25.0,52,1,2022,10,9,British Grand Prix,2022-07-03,Ferrari,Italian,Carlos,Sainz,Spanish,Finished,Silverstone Circuit,Silverstone,UK,52.0786,-1.01694,0,1,Carlos Sainz,10,1,1,1
25587,1083,815,9,4,2,18.0,52,1,2022,10,9,British Grand Prix,2022-07-03,Red Bull,Austrian,Sergio,Pérez,Mexican,Finished,Silverstone Circuit,Silverstone,UK,52.0786,-1.01694,2,1,Sergio Pérez,10,1,0,1
25588,1083,1,131,5,3,16.0,52,1,2022,10,9,British Grand Prix,2022-07-03,Mercedes,German,Lewis,Hamilton,British,Finished,Silverstone Circuit,Silverstone,UK,52.0786,-1.01694,2,1,Lewis Hamilton,10,1,0,1
25589,1083,844,6,3,4,12.0,52,1,2022,10,9,British Grand Prix,2022-07-03,Ferrari,Italian,Charles,Leclerc,Monegasque,Finished,Silverstone Circuit,Silverstone,UK,52.0786,-1.01694,-1,1,Charles Leclerc,10,0,0,1
25590,1083,4,214,7,5,10.0,52,1,2022,10,9,British Grand Prix,2022-07-03,Alpine F1 Team,French,Fernando,Alonso,Spanish,Finished,Silverstone Circuit,Silverstone,UK,52.0786,-1.01694,2,1,Fernando Alonso,10,0,0,1
25591,1083,846,1,6,6,8.0,52,1,2022,10,9,British Grand Prix,2022-07-03,McLaren,British,Lando,Norris,British,Finished,Silverstone Circuit,Silverstone,UK,52.0786,-1.01694,0,1,Lando Norris,10,0,0,1
25592,1083,830,9,2,7,6.0,52,1,2022,10,9,British Grand Prix,2022-07-03,Red Bull,Austrian,Max,Verstappen,Dutch,Finished,Silverstone Circuit,Silverstone,UK,52.0786,-1.01694,-5,1,Max Verstappen,10,0,0,1
25593,1083,854,210,19,8,4.0,52,1,2022,10,9,British Grand Prix,2022-07-03,Haas F1 Team,American,Mick,Schumacher,German,Finished,Silverstone Circuit,Silverstone,UK,52.0786,-1.01694,11,1,Mick Schumacher,10,0,0,1
25594,1083,20,117,18,9,2.0,52,1,2022,10,9,British Grand Prix,2022-07-03,Aston Martin,British,Sebastian,Vettel,German,Finished,Silverstone Circuit,Silverstone,UK,52.0786,-1.01694,9,1,Sebastian Vettel,10,0,0,1
25595,1083,825,210,17,10,1.0,52,1,2022,10,9,British Grand Prix,2022-07-03,Haas F1 Team,American,Kevin,Magnussen,Danish,Finished,Silverstone Circuit,Silverstone,UK,52.0786,-1.01694,7,1,Kevin Magnussen,10,0,0,1
25596,1083,840,117,20,11,0.0,52,1,2022,10,9,British Grand Prix,2022-07-03,Aston Martin,British,Lance,Stroll,Canadian,Finished,Silverstone Circuit,Silverstone,UK,52.0786,-1.01694,9,1,Lance Stroll,10,0,0,0
25597,1083,849,3,10,12,0.0,52,1,2022,10,9,British Grand Prix,2022-07-03,Williams,British,Nicholas,Latifi,Canadian,Finished,Silverstone Circuit,Silverstone,UK,52.0786,-1.01694,-2,1,Nicholas Latifi,10,0,0,0
25598,1083,817,1,14,13,0.0,52,1,2022,10,9,British Grand Prix,2022-07-03,McLaren,British,Daniel,Ricciardo,Australian,Finished,Silverstone Circuit,Silverstone,UK,52.0786,-1.01694,1,1,Daniel Ricciardo,10,0,0,0
25599,1083,852,213,13,14,0.0,52,1,2022,10,9,British Grand Prix,2022-07-03,AlphaTauri,Italian,Yuki,Tsunoda,Japanese,Finished,Silverstone Circuit,Silverstone,UK,52.0786,-1.01694,-1,1,Yuki Tsunoda,10,0,0,0
25600,1083,839,214,15,15,0.0,37,48,2022,10,9,British Grand Prix,2022-07-03,Alpine F1 Team,French,Esteban,Ocon,French,Fuel pump,Silverstone Circuit,Silverstone,UK,52.0786,-1.01694,0,0,Esteban Ocon,10,0,0,0
25601,1083,842,213,11,16,0.0,26,130,2022,10,9,British Grand Prix,2022-07-03,AlphaTauri,Italian,Pierre,Gasly,French,Collision damage,Silverstone Circuit,Silverstone,UK,52.0786,-1.01694,-5,0,Pierre Gasly,10,0,0,0
25602,1083,822,51,12,17,0.0,20,6,2022,10,9,British Grand Prix,2022-07-03,Alfa Romeo,Swiss,Valtteri,Bottas,Finnish,Gearbox,Silverstone Circuit,Silverstone,UK,52.0786,-1.01694,-5,0,Valtteri Bottas,10,0,0,0
25603,1083,847,131,8,18,0.0,0,4,2022,10,9,British Grand Prix,2022-07-03,Mercedes,German,George,Russell,British,Collision,Silverstone Circuit,Silverstone,UK,52.0786,-1.01694,-10,0,George Russell,10,0,0,0
25604,1083,855,51,9,19,0.0,0,4,2022,10,9,British Grand Prix,2022-07-03,Alfa Romeo,Swiss,Guanyu,Zhou,Chinese,Collision,Silverstone Circuit,Silverstone,UK,52.0786,-1.01694,-10,0,Guanyu Zhou,10,0,0,0
25605,1083,848,3,16,20,0.0,0,4,2022,10,9,British Grand Prix,2022-07-03,Williams,British,Alexander,Albon,Thai,Collision,Silverstone Circuit,Silverstone,UK,52.0786,-1.01694,-4,0,Alexander Albon,10,0,0,0
25606,1084,844,6,2,1,25.0,71,1,2022,11,70,Austrian Grand Prix,2022-07-10,Ferrari,Italian,Charles,Leclerc,Monegasque,Finished,Red Bull Ring,Spielberg,Austria,47.2197,14.7647,1,1,Charles Leclerc,11,1,1,1
25607,1084,830,9,1,2,19.0,71,1,2022,11,70,Austrian Grand Prix,2022-07-10,Red Bull,Austrian,Max,Verstappen,Dutch,Finished,Red Bull Ring,Spielberg,Austria,47.2197,14.7647,-1,1,Max Verstappen,11,1,0,1
25608,1084,1,131,8,3,15.0,71,1,2022,11,70,Austrian Grand Prix,2022-07-10,Mercedes,German,Lewis,Hamilton,British,Finished,Red Bull Ring,Spielberg,Austria,47.2197,14.7647,5,1,Lewis Hamilton,11,1,0,1
25609,1084,847,131,4,4,12.0,71,1,2022,11,70,Austrian Grand Prix,2022-07-10,Mercedes,German,George,Russell,British,Finished,Red Bull Ring,Spielberg,Austria,47.2197,14.7647,0,1,George Russell,11,0,0,1
25610,1084,839,214,6,5,10.0,71,1,2022,11,70,Austrian Grand Prix,2022-07-10,Alpine F1 Team,French,Esteban,Ocon,French,Finished,Red Bull Ring,Spielberg,Austria,47.2197,14.7647,1,1,Esteban Ocon,11,0,0,1
25611,1084,854,210,9,6,8.0,70,11,2022,11,70,Austrian Grand Prix,2022-07-10,Haas F1 Team,American,Mick,Schumacher,German,+1 Lap,Red Bull Ring,Spielberg,Austria,47.2197,14.7647,3,1,Mick Schumacher,11,0,0,1
25612,1084,846,1,10,7,6.0,70,11,2022,11,70,Austrian Grand Prix,2022-07-10,McLaren,British,Lando,Norris,British,+1 Lap,Red Bull Ring,Spielberg,Austria,47.2197,14.7647,3,1,Lando Norris,11,0,0,1
25613,1084,825,210,7,8,4.0,70,11,2022,11,70,Austrian Grand Prix,2022-07-10,Haas F1 Team,American,Kevin,Magnussen,Danish,+1 Lap,Red Bull Ring,Spielberg,Austria,47.2197,14.7647,-1,1,Kevin Magnussen,11,0,0,1
25614,1084,817,1,11,9,2.0,70,11,2022,11,70,Austrian Grand Prix,2022-07-10,McLaren,British,Daniel,Ricciardo,Australian,+1 Lap,Red Bull Ring,Spielberg,Austria,47.2197,14.7647,2,1,Daniel Ricciardo,11,0,0,1
25615,1084,4,214,19,10,1.0,70,11,2022,11,70,Austrian Grand Prix,2022-07-10,Alpine F1 Team,French,Fernando,Alonso,Spanish,+1 Lap,Red Bull Ring,Spielberg,Austria,47.2197,14.7647,9,1,Fernando Alonso,11,0,0,1
25616,1084,822,51,0,11,0.0,70,11,2022,11,70,Austrian Grand Prix,2022-07-10,Alfa Romeo,Swiss,Valtteri,Bottas,Finnish,+1 Lap,Red Bull Ring,Spielberg,Austria,47.2197,14.7647,-11,1,Valtteri Bottas,11,0,0,0
25617,1084,848,3,15,12,0.0,70,11,2022,11,70,Austrian Grand Prix,2022-07-10,Williams,British,Alexander,Albon,Thai,+1 Lap,Red Bull Ring,Spielberg,Austria,47.2197,14.7647,3,1,Alexander Albon,11,0,0,0
25618,1084,840,117,12,13,0.0,70,11,2022,11,70,Austrian Grand Prix,2022-07-10,Aston Martin,British,Lance,Stroll,Canadian,+1 Lap,Red Bull Ring,Spielberg,Austria,47.2197,14.7647,-1,1,Lance Stroll,11,0,0,0
25619,1084,855,51,13,14,0.0,70,11,2022,11,70,Austrian Grand Prix,2022-07-10,Alfa Romeo,Swiss,Guanyu,Zhou,Chinese,+1 Lap,Red Bull Ring,Spielberg,Austria,47.2197,14.7647,-1,1,Guanyu Zhou,11,0,0,0
25620,1084,842,213,14,15,0.0,70,11,2022,11,70,Austrian Grand Prix,2022-07-10,AlphaTauri,Italian,Pierre,Gasly,French,+1 Lap,Red Bull Ring,Spielberg,Austria,47.2197,14.7647,-1,1,Pierre Gasly,11,0,0,0
25621,1084,852,213,16,16,0.0,70,11,2022,11,70,Austrian Grand Prix,2022-07-10,AlphaTauri,Italian,Yuki,Tsunoda,Japanese,+1 Lap,Red Bull Ring,Spielberg,Austria,47.2197,14.7647,0,1,Yuki Tsunoda,11,0,0,0
25622,1084,20,117,18,17,0.0,70,11,2022,11,70,Austrian Grand Prix,2022-07-10,Aston Martin,British,Sebastian,Vettel,German,+1 Lap,Red Bull Ring,Spielberg,Austria,47.2197,14.7647,1,1,Sebastian Vettel,11,0,0,0
25623,1084,832,6,3,18,0.0,56,131,2022,11,70,Austrian Grand Prix,2022-07-10,Ferrari,Italian,Carlos,Sainz,Spanish,Power Unit,Red Bull Ring,Spielberg,Austria,47.2197,14.7647,-15,0,Carlos Sainz,11,0,0,0
25624,1084,849,3,17,19,0.0,48,140,2022,11,70,Austrian Grand Prix,2022-07-10,Williams,British,Nicholas,Latifi,Canadian,Undertray,Red Bull Ring,Spielberg,Austria,47.2197,14.7647,-2,0,Nicholas Latifi,11,0,0,0
25625,1084,815,9,5,20,0.0,24,130,2022,11,70,Austrian Grand Prix,2022-07-10,Red Bull,Austrian,Sergio,Pérez,Mexican,Collision damage,Red Bull Ring,Spielberg,Austria,47.2197,14.7647,-15,0,Sergio Pérez,11,0,0,0
25626,1085,830,9,2,1,25.0,53,1,2022,12,34,French Grand Prix,2022-07-24,Red Bull,Austrian,Max,Verstappen,Dutch,Finished,Circuit Paul Ricard,Le Castellet,France,43.2506,5.79167,1,1,Max Verstappen,12,1,1,1
25627,1085,1,131,4,2,18.0,53,1,2022,12,34,French Grand Prix,2022-07-24,Mercedes,German,Lewis,Hamilton,British,Finished,Circuit Paul Ricard,Le Castellet,France,43.2506,5.79167,2,1,Lewis Hamilton,12,1,0,1
25628,1085,847,131,6,3,15.0,53,1,2022,12,34,French Grand Prix,2022-07-24,Mercedes,German,George,Russell,British,Finished,Circuit Paul Ricard,Le Castellet,France,43.2506,5.79167,3,1,George Russell,12,1,0,1
25629,1085,815,9,3,4,12.0,53,1,2022,12,34,French Grand Prix,2022-07-24,Red Bull,Austrian,Sergio,Pérez,Mexican,Finished,Circuit Paul Ricard,Le Castellet,France,43.2506,5.79167,-1,1,Sergio Pérez,12,0,0,1
25630,1085,832,6,19,5,11.0,53,1,2022,12,34,French Grand Prix,2022-07-24,Ferrari,Italian,Carlos,Sainz,Spanish,Finished,Circuit Paul Ricard,Le Castellet,France,43.2506,5.79167,14,1,Carlos Sainz,12,0,0,1
25631,1085,4,214,7,6,8.0,53,1,2022,12,34,French Grand Prix,2022-07-24,Alpine F1 Team,French,Fernando,Alonso,Spanish,Finished,Circuit Paul Ricard,Le Castellet,France,43.2506,5.79167,1,1,Fernando Alonso,12,0,0,1
25632,1085,846,1,5,7,6.0,53,1,2022,12,34,French Grand Prix,2022-07-24,McLaren,British,Lando,Norris,British,Finished,Circuit Paul Ricard,Le Castellet,France,43.2506,5.79167,-2,1,Lando Norris,12,0,0,1
25633,1085,839,214,10,8,4.0,53,1,2022,12,34,French Grand Prix,2022-07-24,Alpine F1 Team,French,Esteban,Ocon,French,Finished,Circuit Paul Ricard,Le Castellet,France,43.2506,5.79167,2,1,Esteban Ocon,12,0,0,1
25634,1085,817,1,9,9,2.0,53,1,2022,12,34,French Grand Prix,2022-07-24,McLaren,British,Daniel,Ricciardo,Australian,Finished,Circuit Paul Ricard,Le Castellet,France,43.2506,5.79167,0,1,Daniel Ricciardo,12,0,0,1
25635,1085,840,117,15,10,1.0,53,1,2022,12,34,French Grand Prix,2022-07-24,Aston Martin,British,Lance,Stroll,Canadian,Finished,Circuit Paul Ricard,Le Castellet,France,43.2506,5.79167,5,1,Lance Stroll,12,0,0,1
25636,1085,20,117,12,11,0.0,53,1,2022,12,34,French Grand Prix,2022-07-24,Aston Martin,British,Sebastian,Vettel,German,Finished,Circuit Paul Ricard,Le Castellet,France,43.2506,5.79167,1,1,Sebastian Vettel,12,0,0,0
25637,1085,842,213,14,12,0.0,53,1,2022,12,34,French Grand Prix,2022-07-24,AlphaTauri,Italian,Pierre,Gasly,French,Finished,Circuit Paul Ricard,Le Castellet,France,43.2506,5.79167,2,1,Pierre Gasly,12,0,0,0
25638,1085,848,3,13,13,0.0,53,1,2022,12,34,French Grand Prix,2022-07-24,Williams,British,Alexander,Albon,Thai,Finished,Circuit Paul Ricard,Le Castellet,France,43.2506,5.79167,0,1,Alexander Albon,12,0,0,0
25639,1085,822,51,11,14,0.0,53,1,2022,12,34,French Grand Prix,2022-07-24,Alfa Romeo,Swiss,Valtteri,Bottas,Finnish,Finished,Circuit Paul Ricard,Le Castellet,France,43.2506,5.79167,-3,1,Valtteri Bottas,12,0,0,0
25640,1085,854,210,17,15,0.0,53,1,2022,12,34,French Grand Prix,2022-07-24,Haas F1 Team,American,Mick,Schumacher,German,Finished,Circuit Paul Ricard,Le Castellet,France,43.2506,5.79167,2,1,Mick Schumacher,12,0,0,0
25641,1085,855,51,16,16,0.0,47,16,2022,12,34,French Grand Prix,2022-07-24,Alfa Romeo,Swiss,Guanyu,Zhou,Chinese,+6 Laps,Circuit Paul Ricard,Le Castellet,France,43.2506,5.79167,0,1,Guanyu Zhou,12,0,0,0
25642,1085,849,3,18,17,0.0,40,130,2022,12,34,French Grand Prix,2022-07-24,Williams,British,Nicholas,Latifi,Canadian,Collision damage,Circuit Paul Ricard,Le Castellet,France,43.2506,5.79167,1,0,Nicholas Latifi,12,0,0,0
25643,1085,825,210,20,18,0.0,37,130,2022,12,34,French Grand Prix,2022-07-24,Haas F1 Team,American,Kevin,Magnussen,Danish,Collision damage,Circuit Paul Ricard,Le Castellet,France,43.2506,5.79167,2,0,Kevin Magnussen,12,0,0,0
25644,1085,844,6,1,19,0.0,17,3,2022,12,34,French Grand Prix,2022-07-24,Ferrari,Italian,Charles,Leclerc,Monegasque,Accident,Circuit Paul Ricard,Le Castellet,France,43.2506,5.79167,-18,0,Charles Leclerc,12,0,0,0
25645,1085,852,213,8,20,0.0,17,140,2022,12,34,French Grand Prix,2022-07-24,AlphaTauri,Italian,Yuki,Tsunoda,Japanese,Undertray,Circuit Paul Ricard,Le Castellet,France,43.2506,5.79167,-12,0,Yuki Tsunoda,12,0,0,0
25646,1086,830,9,10,1,25.0,70,1,2022,13,11,Hungarian Grand Prix,2022-07-31,Red Bull,Austrian,Max,Verstappen,Dutch,Finished,Hungaroring,Budapest,Hungary,47.5789,19.2486,9,1,Max Verstappen,13,1,1,1
25647,1086,1,131,7,2,19.0,70,1,2022,13,11,Hungarian Grand Prix,2022-07-31,Mercedes,German,Lewis,Hamilton,British,Finished,Hungaroring,Budapest,Hungary,47.5789,19.2486,5,1,Lewis Hamilton,13,1,0,1
25648,1086,847,131,1,3,15.0,70,1,2022,13,11,Hungarian Grand Prix,2022-07-31,Mercedes,German,George,Russell,British,Finished,Hungaroring,Budapest,Hungary,47.5789,19.2486,-2,1,George Russell,13,1,0,1
25649,1086,832,6,2,4,12.0,70,1,2022,13,11,Hungarian Grand Prix,2022-07-31,Ferrari,Italian,Carlos,Sainz,Spanish,Finished,Hungaroring,Budapest,Hungary,47.5789,19.2486,-2,1,Carlos Sainz,13,0,0,1
25650,1086,815,9,11,5,10.0,70,1,2022,13,11,Hungarian Grand Prix,2022-07-31,Red Bull,Austrian,Sergio,Pérez,Mexican,Finished,Hungaroring,Budapest,Hungary,47.5789,19.2486,6,1,Sergio Pérez,13,0,0,1
25651,1086,844,6,3,6,8.0,70,1,2022,13,11,Hungarian Grand Prix,2022-07-31,Ferrari,Italian,Charles,Leclerc,Monegasque,Finished,Hungaroring,Budapest,Hungary,47.5789,19.2486,-3,1,Charles Leclerc,13,0,0,1
25652,1086,846,1,4,7,6.0,70,1,2022,13,11,Hungarian Grand Prix,2022-07-31,McLaren,British,Lando,Norris,British,Finished,Hungaroring,Budapest,Hungary,47.5789,19.2486,-3,1,Lando Norris,13,0,0,1
25653,1086,4,214,6,8,4.0,69,11,2022,13,11,Hungarian Grand Prix,2022-07-31,Alpine F1 Team,French,Fernando,Alonso,Spanish,+1 Lap,Hungaroring,Budapest,Hungary,47.5789,19.2486,-2,1,Fernando Alonso,13,0,0,1
25654,1086,839,214,5,9,2.0,69,11,2022,13,11,Hungarian Grand Prix,2022-07-31,Alpine F1 Team,French,Esteban,Ocon,French,+1 Lap,Hungaroring,Budapest,Hungary,47.5789,19.2486,-4,1,Esteban Ocon,13,0,0,1
25655,1086,20,117,18,10,1.0,69,11,2022,13,11,Hungarian Grand Prix,2022-07-31,Aston Martin,British,Sebastian,Vettel,German,+1 Lap,Hungaroring,Budapest,Hungary,47.5789,19.2486,8,1,Sebastian Vettel,13,0,0,1
25656,1086,840,117,14,11,0.0,69,11,2022,13,11,Hungarian Grand Prix,2022-07-31,Aston Martin,British,Lance,Stroll,Canadian,+1 Lap,Hungaroring,Budapest,Hungary,47.5789,19.2486,3,1,Lance Stroll,13,0,0,0
25657,1086,842,213,0,12,0.0,69,11,2022,13,11,Hungarian Grand Prix,2022-07-31,AlphaTauri,Italian,Pierre,Gasly,French,+1 Lap,Hungaroring,Budapest,Hungary,47.5789,19.2486,-12,1,Pierre Gasly,13,0,0,0
25658,1086,855,51,12,13,0.0,69,11,2022,13,11,Hungarian Grand Prix,2022-07-31,Alfa Romeo,Swiss,Guanyu,Zhou,Chinese,+1 Lap,Hungaroring,Budapest,Hungary,47.5789,19.2486,-1,1,Guanyu Zhou,13,0,0,0
25659,1086,854,210,15,14,0.0,69,11,2022,13,11,Hungarian Grand Prix,2022-07-31,Haas F1 Team,American,Mick,Schumacher,German,+1 Lap,Hungaroring,Budapest,Hungary,47.5789,19.2486,1,1,Mick Schumacher,13,0,0,0
25660,1086,817,1,9,15,0.0,69,11,2022,13,11,Hungarian Grand Prix,2022-07-31,McLaren,British,Daniel,Ricciardo,Australian,+1 Lap,Hungaroring,Budapest,Hungary,47.5789,19.2486,-6,1,Daniel Ricciardo,13,0,0,0
25661,1086,825,210,13,16,0.0,69,11,2022,13,11,Hungarian Grand Prix,2022-07-31,Haas F1 Team,American,Kevin,Magnussen,Danish,+1 Lap,Hungaroring,Budapest,Hungary,47.5789,19.2486,-3,1,Kevin Magnussen,13,0,0,0
25662,1086,848,3,17,17,0.0,69,11,2022,13,11,Hungarian Grand Prix,2022-07-31,Williams,British,Alexander,Albon,Thai,+1 Lap,Hungaroring,Budapest,Hungary,47.5789,19.2486,0,1,Alexander Albon,13,0,0,0
25663,1086,849,3,19,18,0.0,69,11,2022,13,11,Hungarian Grand Prix,2022-07-31,Williams,British,Nicholas,Latifi,Canadian,+1 Lap,Hungaroring,Budapest,Hungary,47.5789,19.2486,1,1,Nicholas Latifi,13,0,0,0
25664,1086,852,213,16,19,0.0,68,12,2022,13,11,Hungarian Grand Prix,2022-07-31,AlphaTauri,Italian,Yuki,Tsunoda,Japanese,+2 Laps,Hungaroring,Budapest,Hungary,47.5789,19.2486,-3,1,Yuki Tsunoda,13,0,0,0
25665,1086,822,51,8,20,0.0,65,131,2022,13,11,Hungarian Grand Prix,2022-07-31,Alfa Romeo,Swiss,Valtteri,Bottas,Finnish,Power Unit,Hungaroring,Budapest,Hungary,47.5789,19.2486,-12,0,Valtteri Bottas,13,0,0,0
25666,1087,830,9,14,1,26.0,44,1,2022,14,13,Belgian Grand Prix,2022-08-28,Red Bull,Austrian,Max,Verstappen,Dutch,Finished,Circuit de Spa-Francorchamps,Spa,Belgium,50.4372,5.97139,13,1,Max Verstappen,14,1,1,1
25667,1087,815,9,2,2,18.0,44,1,2022,14,13,Belgian Grand Prix,2022-08-28,Red Bull,Austrian,Sergio,Pérez,Mexican,Finished,Circuit de Spa-Francorchamps,Spa,Belgium,50.4372,5.97139,0,1,Sergio Pérez,14,1,0,1
25668,1087,832,6,1,3,15.0,44,1,2022,14,13,Belgian Grand Prix,2022-08-28,Ferrari,Italian,Carlos,Sainz,Spanish,Finished,Circuit de Spa-Francorchamps,Spa,Belgium,50.4372,5.97139,-2,1,Carlos Sainz,14,1,0,1
25669,1087,847,131,5,4,12.0,44,1,2022,14,13,Belgian Grand Prix,2022-08-28,Mercedes,German,George,Russell,British,Finished,Circuit de Spa-Francorchamps,Spa,Belgium,50.4372,5.97139,1,1,George Russell,14,0,0,1
25670,1087,4,214,3,5,10.0,44,1,2022,14,13,Belgian Grand Prix,2022-08-28,Alpine F1 Team,French,Fernando,Alonso,Spanish,Finished,Circuit de Spa-Francorchamps,Spa,Belgium,50.4372,5.97139,-2,1,Fernando Alonso,14,0,0,1
25671,1087,844,6,15,6,8.0,44,1,2022,14,13,Belgian Grand Prix,2022-08-28,Ferrari,Italian,Charles,Leclerc,Monegasque,Finished,Circuit de Spa-Francorchamps,Spa,Belgium,50.4372,5.97139,9,1,Charles Leclerc,14,0,0,1
25672,1087,839,214,16,7,6.0,44,1,2022,14,13,Belgian Grand Prix,2022-08-28,Alpine F1 Team,French,Esteban,Ocon,French,Finished,Circuit de Spa-Francorchamps,Spa,Belgium,50.4372,5.97139,9,1,Esteban Ocon,14,0,0,1
25673,1087,20,117,10,8,4.0,44,1,2022,14,13,Belgian Grand Prix,2022-08-28,Aston Martin,British,Sebastian,Vettel,German,Finished,Circuit de Spa-Francorchamps,Spa,Belgium,50.4372,5.97139,2,1,Sebastian Vettel,14,0,0,1
25674,1087,842,213,0,9,2.0,44,1,2022,14,13,Belgian Grand Prix,2022-08-28,AlphaTauri,Italian,Pierre,Gasly,French,Finished,Circuit de Spa-Francorchamps,Spa,Belgium,50.4372,5.97139,-9,1,Pierre Gasly,14,0,0,1
25675,1087,848,3,6,10,1.0,44,1,2022,14,13,Belgian Grand Prix,2022-08-28,Williams,British,Alexander,Albon,Thai,Finished,Circuit de Spa-Francorchamps,Spa,Belgium,50.4372,5.97139,-4,1,Alexander Albon,14,0,0,1
25676,1087,840,117,9,11,0.0,44,1,2022,14,13,Belgian Grand Prix,2022-08-28,Aston Martin,British,Lance,Stroll,Canadian,Finished,Circuit de Spa-Francorchamps,Spa,Belgium,50.4372,5.97139,-2,1,Lance Stroll,14,0,0,0
25677,1087,846,1,17,12,0.0,44,1,2022,14,13,Belgian Grand Prix,2022-08-28,McLaren,British,Lando,Norris,British,Finished,Circuit de Spa-Francorchamps,Spa,Belgium,50.4372,5.97139,5,1,Lando Norris,14,0,0,0
25678,1087,852,213,0,13,0.0,44,1,2022,14,13,Belgian Grand Prix,2022-08-28,AlphaTauri,Italian,Yuki,Tsunoda,Japanese,Finished,Circuit de Spa-Francorchamps,Spa,Belgium,50.4372,5.97139,-13,1,Yuki Tsunoda,14,0,0,0
25679,1087,855,51,18,14,0.0,44,1,2022,14,13,Belgian Grand Prix,2022-08-28,Alfa Romeo,Swiss,Guanyu,Zhou,Chinese,Finished,Circuit de Spa-Francorchamps,Spa,Belgium,50.4372,5.97139,4,1,Guanyu Zhou,14,0,0,0
25680,1087,817,1,7,15,0.0,44,1,2022,14,13,Belgian Grand Prix,2022-08-28,McLaren,British,Daniel,Ricciardo,Australian,Finished,Circuit de Spa-Francorchamps,Spa,Belgium,50.4372,5.97139,-8,1,Daniel Ricciardo,14,0,0,0
25681,1087,825,210,12,16,0.0,43,11,2022,14,13,Belgian Grand Prix,2022-08-28,Haas F1 Team,American,Kevin,Magnussen,Danish,+1 Lap,Circuit de Spa-Francorchamps,Spa,Belgium,50.4372,5.97139,-4,1,Kevin Magnussen,14,0,0,0
25682,1087,854,210,19,17,0.0,43,11,2022,14,13,Belgian Grand Prix,2022-08-28,Haas F1 Team,American,Mick,Schumacher,German,+1 Lap,Circuit de Spa-Francorchamps,Spa,Belgium,50.4372,5.97139,2,1,Mick Schumacher,14,0,0,0
25683,1087,849,3,11,18,0.0,43,11,2022,14,13,Belgian Grand Prix,2022-08-28,Williams,British,Nicholas,Latifi,Canadian,+1 Lap,Circuit de Spa-Francorchamps,Spa,Belgium,50.4372,5.97139,-7,1,Nicholas Latifi,14,0,0,0
25684,1087,822,51,13,19,0.0,1,3,2022,14,13,Belgian Grand Prix,2022-08-28,Alfa Romeo,Swiss,Valtteri,Bottas,Finnish,Accident,Circuit de Spa-Francorchamps,Spa,Belgium,50.4372,5.97139,-6,0,Valtteri Bottas,14,0,0,0
25685,1087,1,131,4,20,0.0,0,130,2022,14,13,Belgian Grand Prix,2022-08-28,Mercedes,German,Lewis,Hamilton,British,Collision damage,Circuit de Spa-Francorchamps,Spa,Belgium,50.4372,5.97139,-16,0,Lewis Hamilton,14,0,0,0
25686,1088,830,9,1,1,26.0,72,1,2022,15,39,Dutch Grand Prix,2022-09-04,Red Bull,Austrian,Max,Verstappen,Dutch,Finished,Circuit Park Zandvoort,Zandvoort,Netherlands,52.3888,4.54092,0,1,Max Verstappen,15,1,1,1
25687,1088,847,131,6,2,18.0,72,1,2022,15,39,Dutch Grand Prix,2022-09-04,Mercedes,German,George,Russell,British,Finished,Circuit Park Zandvoort,Zandvoort,Netherlands,52.3888,4.54092,4,1,George Russell,15,1,0,1
25688,1088,844,6,2,3,15.0,72,1,2022,15,39,Dutch Grand Prix,2022-09-04,Ferrari,Italian,Charles,Leclerc,Monegasque,Finished,Circuit Park Zandvoort,Zandvoort,Netherlands,52.3888,4.54092,-1,1,Charles Leclerc,15,1,0,1
25689,1088,1,131,4,4,12.0,72,1,2022,15,39,Dutch Grand Prix,2022-09-04,Mercedes,German,Lewis,Hamilton,British,Finished,Circuit Park Zandvoort,Zandvoort,Netherlands,52.3888,4.54092,0,1,Lewis Hamilton,15,0,0,1
25690,1088,815,9,5,5,10.0,72,1,2022,15,39,Dutch Grand Prix,2022-09-04,Red Bull,Austrian,Sergio,Pérez,Mexican,Finished,Circuit Park Zandvoort,Zandvoort,Netherlands,52.3888,4.54092,0,1,Sergio Pérez,15,0,0,1
25691,1088,4,214,13,6,8.0,72,1,2022,15,39,Dutch Grand Prix,2022-09-04,Alpine F1 Team,French,Fernando,Alonso,Spanish,Finished,Circuit Park Zandvoort,Zandvoort,Netherlands,52.3888,4.54092,7,1,Fernando Alonso,15,0,0,1
25692,1088,846,1,7,7,6.0,72,1,2022,15,39,Dutch Grand Prix,2022-09-04,McLaren,British,Lando,Norris,British,Finished,Circuit Park Zandvoort,Zandvoort,Netherlands,52.3888,4.54092,0,1,Lando Norris,15,0,0,1
25693,1088,832,6,3,8,4.0,72,1,2022,15,39,Dutch Grand Prix,2022-09-04,Ferrari,Italian,Carlos,Sainz,Spanish,Finished,Circuit Park Zandvoort,Zandvoort,Netherlands,52.3888,4.54092,-5,1,Carlos Sainz,15,0,0,1
25694,1088,839,214,12,9,2.0,72,1,2022,15,39,Dutch Grand Prix,2022-09-04,Alpine F1 Team,French,Esteban,Ocon,French,Finished,Circuit Park Zandvoort,Zandvoort,Netherlands,52.3888,4.54092,3,1,Esteban Ocon,15,0,0,1
25695,1088,840,117,10,10,1.0,72,1,2022,15,39,Dutch Grand Prix,2022-09-04,Aston Martin,British,Lance,Stroll,Canadian,Finished,Circuit Park Zandvoort,Zandvoort,Netherlands,52.3888,4.54092,0,1,Lance Stroll,15,0,0,1
25696,1088,842,213,11,11,0.0,72,1,2022,15,39,Dutch Grand Prix,2022-09-04,AlphaTauri,Italian,Pierre,Gasly,French,Finished,Circuit Park Zandvoort,Zandvoort,Netherlands,52.3888,4.54092,0,1,Pierre Gasly,15,0,0,0
25697,1088,848,3,15,12,0.0,72,1,2022,15,39,Dutch Grand Prix,2022-09-04,Williams,British,Alexander,Albon,Thai,Finished,Circuit Park Zandvoort,Zandvoort,Netherlands,52.3888,4.54092,3,1,Alexander Albon,15,0,0,0
25698,1088,854,210,8,13,0.0,72,1,2022,15,39,Dutch Grand Prix,2022-09-04,Haas F1 Team,American,Mick,Schumacher,German,Finished,Circuit Park Zandvoort,Zandvoort,Netherlands,52.3888,4.54092,-5,1,Mick Schumacher,15,0,0,0
25699,1088,20,117,19,14,0.0,72,1,2022,15,39,Dutch Grand Prix,2022-09-04,Aston Martin,British,Sebastian,Vettel,German,Finished,Circuit Park Zandvoort,Zandvoort,Netherlands,52.3888,4.54092,5,1,Sebastian Vettel,15,0,0,0
25700,1088,825,210,18,15,0.0,72,1,2022,15,39,Dutch Grand Prix,2022-09-04,Haas F1 Team,American,Kevin,Magnussen,Danish,Finished,Circuit Park Zandvoort,Zandvoort,Netherlands,52.3888,4.54092,3,1,Kevin Magnussen,15,0,0,0
25701,1088,855,51,14,16,0.0,72,1,2022,15,39,Dutch Grand Prix,2022-09-04,Alfa Romeo,Swiss,Guanyu,Zhou,Chinese,Finished,Circuit Park Zandvoort,Zandvoort,Netherlands,52.3888,4.54092,-2,1,Guanyu Zhou,15,0,0,0
25702,1088,817,1,17,17,0.0,72,1,2022,15,39,Dutch Grand Prix,2022-09-04,McLaren,British,Daniel,Ricciardo,Australian,Finished,Circuit Park Zandvoort,Zandvoort,Netherlands,52.3888,4.54092,0,1,Daniel Ricciardo,15,0,0,0
25703,1088,849,3,20,18,0.0,71,11,2022,15,39,Dutch Grand Prix,2022-09-04,Williams,British,Nicholas,Latifi,Canadian,+1 Lap,Circuit Park Zandvoort,Zandvoort,Netherlands,52.3888,4.54092,2,1,Nicholas Latifi,15,0,0,0
25704,1088,822,51,16,19,0.0,53,5,2022,15,39,Dutch Grand Prix,2022-09-04,Alfa Romeo,Swiss,Valtteri,Bottas,Finnish,Engine,Circuit Park Zandvoort,Zandvoort,Netherlands,52.3888,4.54092,-3,0,Valtteri Bottas,15,0,0,0
25705,1088,852,213,9,20,0.0,43,24,2022,15,39,Dutch Grand Prix,2022-09-04,AlphaTauri,Italian,Yuki,Tsunoda,Japanese,Differential,Circuit Park Zandvoort,Zandvoort,Netherlands,52.3888,4.54092,-11,0,Yuki Tsunoda,15,0,0,0
25706,1089,830,9,7,1,25.0,53,1,2022,16,14,Italian Grand Prix,2022-09-11,Red Bull,Austrian,Max,Verstappen,Dutch,Finished,Autodromo Nazionale di Monza,Monza,Italy,45.6156,9.28111,6,1,Max Verstappen,16,1,1,1
25707,1089,844,6,1,2,18.0,53,1,2022,16,14,Italian Grand Prix,2022-09-11,Ferrari,Italian,Charles,Leclerc,Monegasque,Finished,Autodromo Nazionale di Monza,Monza,Italy,45.6156,9.28111,-1,1,Charles Leclerc,16,1,0,1
25708,1089,847,131,2,3,15.0,53,1,2022,16,14,Italian Grand Prix,2022-09-11,Mercedes,German,George,Russell,British,Finished,Autodromo Nazionale di Monza,Monza,Italy,45.6156,9.28111,-1,1,George Russell,16,1,0,1
25709,1089,832,6,18,4,12.0,53,1,2022,16,14,Italian Grand Prix,2022-09-11,Ferrari,Italian,Carlos,Sainz,Spanish,Finished,Autodromo Nazionale di Monza,Monza,Italy,45.6156,9.28111,14,1,Carlos Sainz,16,0,0,1
25710,1089,1,131,19,5,10.0,53,1,2022,16,14,Italian Grand Prix,2022-09-11,Mercedes,German,Lewis,Hamilton,British,Finished,Autodromo Nazionale di Monza,Monza,Italy,45.6156,9.28111,14,1,Lewis Hamilton,16,0,0,1
25711,1089,815,9,13,6,9.0,53,1,2022,16,14,Italian Grand Prix,2022-09-11,Red Bull,Austrian,Sergio,Pérez,Mexican,Finished,Autodromo Nazionale di Monza,Monza,Italy,45.6156,9.28111,7,1,Sergio Pérez,16,0,0,1
25712,1089,846,1,3,7,6.0,53,1,2022,16,14,Italian Grand Prix,2022-09-11,McLaren,British,Lando,Norris,British,Finished,Autodromo Nazionale di Monza,Monza,Italy,45.6156,9.28111,-4,1,Lando Norris,16,0,0,1
25713,1089,842,213,5,8,4.0,53,1,2022,16,14,Italian Grand Prix,2022-09-11,AlphaTauri,Italian,Pierre,Gasly,French,Finished,Autodromo Nazionale di Monza,Monza,Italy,45.6156,9.28111,-3,1,Pierre Gasly,16,0,0,1
25714,1089,856,3,8,9,2.0,53,1,2022,16,14,Italian Grand Prix,2022-09-11,Williams,British,Nyck,de Vries,Dutch,Finished,Autodromo Nazionale di Monza,Monza,Italy,45.6156,9.28111,-1,1,Nyck de Vries,16,0,0,1
25715,1089,855,51,9,10,1.0,53,1,2022,16,14,Italian Grand Prix,2022-09-11,Alfa Romeo,Swiss,Guanyu,Zhou,Chinese,Finished,Autodromo Nazionale di Monza,Monza,Italy,45.6156,9.28111,-1,1,Guanyu Zhou,16,0,0,1
25716,1089,839,214,14,11,0.0,53,1,2022,16,14,Italian Grand Prix,2022-09-11,Alpine F1 Team,French,Esteban,Ocon,French,Finished,Autodromo Nazionale di Monza,Monza,Italy,45.6156,9.28111,3,1,Esteban Ocon,16,0,0,0
25717,1089,854,210,17,12,0.0,53,1,2022,16,14,Italian Grand Prix,2022-09-11,Haas F1 Team,American,Mick,Schumacher,German,Finished,Autodromo Nazionale di Monza,Monza,Italy,45.6156,9.28111,5,1,Mick Schumacher,16,0,0,0
25718,1089,822,51,15,13,0.0,52,11,2022,16,14,Italian Grand Prix,2022-09-11,Alfa Romeo,Swiss,Valtteri,Bottas,Finnish,+1 Lap,Autodromo Nazionale di Monza,Monza,Italy,45.6156,9.28111,2,1,Valtteri Bottas,16,0,0,0
25719,1089,852,213,20,14,0.0,52,11,2022,16,14,Italian Grand Prix,2022-09-11,AlphaTauri,Italian,Yuki,Tsunoda,Japanese,+1 Lap,Autodromo Nazionale di Monza,Monza,Italy,45.6156,9.28111,6,1,Yuki Tsunoda,16,0,0,0
25720,1089,849,3,10,15,0.0,52,11,2022,16,14,Italian Grand Prix,2022-09-11,Williams,British,Nicholas,Latifi,Canadian,+1 Lap,Autodromo Nazionale di Monza,Monza,Italy,45.6156,9.28111,-5,1,Nicholas Latifi,16,0,0,0
25721,1089,825,210,16,16,0.0,52,11,2022,16,14,Italian Grand Prix,2022-09-11,Haas F1 Team,American,Kevin,Magnussen,Danish,+1 Lap,Autodromo Nazionale di Monza,Monza,Italy,45.6156,9.28111,0,1,Kevin Magnussen,16,0,0,0
25722,1089,817,1,4,17,0.0,45,44,2022,16,14,Italian Grand Prix,2022-09-11,McLaren,British,Daniel,Ricciardo,Australian,Oil leak,Autodromo Nazionale di Monza,Monza,Italy,45.6156,9.28111,-13,0,Daniel Ricciardo,16,0,0,0
25723,1089,840,117,12,18,0.0,39,5,2022,16,14,Italian Grand Prix,2022-09-11,Aston Martin,British,Lance,Stroll,Canadian,Engine,Autodromo Nazionale di Monza,Monza,Italy,45.6156,9.28111,-6,0,Lance Stroll,16,0,0,0
25724,1089,4,214,6,19,0.0,31,34,2022,16,14,Italian Grand Prix,2022-09-11,Alpine F1 Team,French,Fernando,Alonso,Spanish,Water pressure,Autodromo Nazionale di Monza,Monza,Italy,45.6156,9.28111,-13,0,Fernando Alonso,16,0,0,0
25725,1089,20,117,11,20,0.0,10,5,2022,16,14,Italian Grand Prix,2022-09-11,Aston Martin,British,Sebastian,Vettel,German,Engine,Autodromo Nazionale di Monza,Monza,Italy,45.6156,9.28111,-9,0,Sebastian Vettel,16,0,0,0
25726,1091,815,9,2,1,25.0,59,1,2022,17,15,Singapore Grand Prix,2022-10-02,Red Bull,Austrian,Sergio,Pérez,Mexican,Finished,Marina Bay Street Circuit,Marina Bay,Singapore,1.2914,103.864,1,1,Sergio Pérez,17,1,1,1
25727,1091,844,6,1,2,18.0,59,1,2022,17,15,Singapore Grand Prix,2022-10-02,Ferrari,Italian,Charles,Leclerc,Monegasque,Finished,Marina Bay Street Circuit,Marina Bay,Singapore,1.2914,103.864,-1,1,Charles Leclerc,17,1,0,1
25728,1091,832,6,4,3,15.0,59,1,2022,17,15,Singapore Grand Prix,2022-10-02,Ferrari,Italian,Carlos,Sainz,Spanish,Finished,Marina Bay Street Circuit,Marina Bay,Singapore,1.2914,103.864,1,1,Carlos Sainz,17,1,0,1
25729,1091,846,1,6,4,12.0,59,1,2022,17,15,Singapore Grand Prix,2022-10-02,McLaren,British,Lando,Norris,British,Finished,Marina Bay Street Circuit,Marina Bay,Singapore,1.2914,103.864,2,1,Lando Norris,17,0,0,1
25730,1091,817,1,16,5,10.0,59,1,2022,17,15,Singapore Grand Prix,2022-10-02,McLaren,British,Daniel,Ricciardo,Australian,Finished,Marina Bay Street Circuit,Marina Bay,Singapore,1.2914,103.864,11,1,Daniel Ricciardo,17,0,0,1
25731,1091,840,117,11,6,8.0,59,1,2022,17,15,Singapore Grand Prix,2022-10-02,Aston Martin,British,Lance,Stroll,Canadian,Finished,Marina Bay Street Circuit,Marina Bay,Singapore,1.2914,103.864,5,1,Lance Stroll,17,0,0,1
25732,1091,830,9,8,7,6.0,59,1,2022,17,15,Singapore Grand Prix,2022-10-02,Red Bull,Austrian,Max,Verstappen,Dutch,Finished,Marina Bay Street Circuit,Marina Bay,Singapore,1.2914,103.864,1,1,Max Verstappen,17,0,0,1
25733,1091,20,117,13,8,4.0,59,1,2022,17,15,Singapore Grand Prix,2022-10-02,Aston Martin,British,Sebastian,Vettel,German,Finished,Marina Bay Street Circuit,Marina Bay,Singapore,1.2914,103.864,5,1,Sebastian Vettel,17,0,0,1
25734,1091,1,131,3,9,2.0,59,1,2022,17,15,Singapore Grand Prix,2022-10-02,Mercedes,German,Lewis,Hamilton,British,Finished,Marina Bay Street Circuit,Marina Bay,Singapore,1.2914,103.864,-6,1,Lewis Hamilton,17,0,0,1
25735,1091,842,213,7,10,1.0,59,1,2022,17,15,Singapore Grand Prix,2022-10-02,AlphaTauri,Italian,Pierre,Gasly,French,Finished,Marina Bay Street Circuit,Marina Bay,Singapore,1.2914,103.864,-3,1,Pierre Gasly,17,0,0,1
25736,1091,822,51,15,11,0.0,59,1,2022,17,15,Singapore Grand Prix,2022-10-02,Alfa Romeo,Swiss,Valtteri,Bottas,Finnish,Finished,Marina Bay Street Circuit,Marina Bay,Singapore,1.2914,103.864,4,1,Valtteri Bottas,17,0,0,0
25737,1091,825,210,9,12,0.0,59,1,2022,17,15,Singapore Grand Prix,2022-10-02,Haas F1 Team,American,Kevin,Magnussen,Danish,Finished,Marina Bay Street Circuit,Marina Bay,Singapore,1.2914,103.864,-3,1,Kevin Magnussen,17,0,0,0
25738,1091,854,210,12,13,0.0,58,11,2022,17,15,Singapore Grand Prix,2022-10-02,Haas F1 Team,American,Mick,Schumacher,German,+1 Lap,Marina Bay Street Circuit,Marina Bay,Singapore,1.2914,103.864,-1,1,Mick Schumacher,17,0,0,0
25739,1091,847,131,0,14,0.0,57,12,2022,17,15,Singapore Grand Prix,2022-10-02,Mercedes,German,George,Russell,British,+2 Laps,Marina Bay Street Circuit,Marina Bay,Singapore,1.2914,103.864,-14,1,George Russell,17,0,0,0
25740,1091,852,213,10,15,0.0,34,3,2022,17,15,Singapore Grand Prix,2022-10-02,AlphaTauri,Italian,Yuki,Tsunoda,Japanese,Accident,Marina Bay Street Circuit,Marina Bay,Singapore,1.2914,103.864,-5,0,Yuki Tsunoda,17,0,0,0
25741,1091,839,214,17,16,0.0,26,5,2022,17,15,Singapore Grand Prix,2022-10-02,Alpine F1 Team,French,Esteban,Ocon,French,Engine,Marina Bay Street Circuit,Marina Bay,Singapore,1.2914,103.864,1,0,Esteban Ocon,17,0,0,0
25742,1091,848,3,18,17,0.0,25,130,2022,17,15,Singapore Grand Prix,2022-10-02,Williams,British,Alexander,Albon,Thai,Collision damage,Marina Bay Street Circuit,Marina Bay,Singapore,1.2914,103.864,1,0,Alexander Albon,17,0,0,0
25743,1091,4,214,5,18,0.0,20,5,2022,17,15,Singapore Grand Prix,2022-10-02,Alpine F1 Team,French,Fernando,Alonso,Spanish,Engine,Marina Bay Street Circuit,Marina Bay,Singapore,1.2914,103.864,-13,0,Fernando Alonso,17,0,0,0
25744,1091,849,3,19,19,0.0,7,130,2022,17,15,Singapore Grand Prix,2022-10-02,Williams,British,Nicholas,Latifi,Canadian,Collision damage,Marina Bay Street Circuit,Marina Bay,Singapore,1.2914,103.864,0,0,Nicholas Latifi,17,0,0,0
25745,1091,855,51,14,20,0.0,6,4,2022,17,15,Singapore Grand Prix,2022-10-02,Alfa Romeo,Swiss,Guanyu,Zhou,Chinese,Collision,Marina Bay Street Circuit,Marina Bay,Singapore,1.2914,103.864,-6,0,Guanyu Zhou,17,0,0,0
25746,1092,830,9,1,1,25.0,28,1,2022,18,22,Japanese Grand Prix,2022-10-09,Red Bull,Austrian,Max,Verstappen,Dutch,Finished,Suzuka Circuit,Suzuka,Japan,34.8431,136.541,0,1,Max Verstappen,18,1,1,1
25747,1092,815,9,4,2,18.0,28,1,2022,18,22,Japanese Grand Prix,2022-10-09,Red Bull,Austrian,Sergio,Pérez,Mexican,Finished,Suzuka Circuit,Suzuka,Japan,34.8431,136.541,2,1,Sergio Pérez,18,1,0,1
25748,1092,844,6,2,3,15.0,28,1,2022,18,22,Japanese Grand Prix,2022-10-09,Ferrari,Italian,Charles,Leclerc,Monegasque,Finished,Suzuka Circuit,Suzuka,Japan,34.8431,136.541,-1,1,Charles Leclerc,18,1,0,1
25749,1092,839,214,5,4,12.0,28,1,2022,18,22,Japanese Grand Prix,2022-10-09,Alpine F1 Team,French,Esteban,Ocon,French,Finished,Suzuka Circuit,Suzuka,Japan,34.8431,136.541,1,1,Esteban Ocon,18,0,0,1
25750,1092,1,131,6,5,10.0,28,1,2022,18,22,Japanese Grand Prix,2022-10-09,Mercedes,German,Lewis,Hamilton,British,Finished,Suzuka Circuit,Suzuka,Japan,34.8431,136.541,1,1,Lewis Hamilton,18,0,0,1
25751,1092,20,117,9,6,8.0,28,1,2022,18,22,Japanese Grand Prix,2022-10-09,Aston Martin,British,Sebastian,Vettel,German,Finished,Suzuka Circuit,Suzuka,Japan,34.8431,136.541,3,1,Sebastian Vettel,18,0,0,1
25752,1092,4,214,7,7,6.0,28,1,2022,18,22,Japanese Grand Prix,2022-10-09,Alpine F1 Team,French,Fernando,Alonso,Spanish,Finished,Suzuka Circuit,Suzuka,Japan,34.8431,136.541,0,1,Fernando Alonso,18,0,0,1
25753,1092,847,131,8,8,4.0,28,1,2022,18,22,Japanese Grand Prix,2022-10-09,Mercedes,German,George,Russell,British,Finished,Suzuka Circuit,Suzuka,Japan,34.8431,136.541,0,1,George Russell,18,0,0,1
25754,1092,849,3,20,9,2.0,28,1,2022,18,22,Japanese Grand Prix,2022-10-09,Williams,British,Nicholas,Latifi,Canadian,Finished,Suzuka Circuit,Suzuka,Japan,34.8431,136.541,11,1,Nicholas Latifi,18,0,0,1
25755,1092,846,1,10,10,1.0,28,1,2022,18,22,Japanese Grand Prix,2022-10-09,McLaren,British,Lando,Norris,British,Finished,Suzuka Circuit,Suzuka,Japan,34.8431,136.541,0,1,Lando Norris,18,0,0,1
25756,1092,817,1,11,11,0.0,28,1,2022,18,22,Japanese Grand Prix,2022-10-09,McLaren,British,Daniel,Ricciardo,Australian,Finished,Suzuka Circuit,Suzuka,Japan,34.8431,136.541,0,1,Daniel Ricciardo,18,0,0,0
25757,1092,840,117,19,12,0.0,28,1,2022,18,22,Japanese Grand Prix,2022-10-09,Aston Martin,British,Lance,Stroll,Canadian,Finished,Suzuka Circuit,Suzuka,Japan,34.8431,136.541,7,1,Lance Stroll,18,0,0,0
25758,1092,852,213,13,13,0.0,28,1,2022,18,22,Japanese Grand Prix,2022-10-09,AlphaTauri,Italian,Yuki,Tsunoda,Japanese,Finished,Suzuka Circuit,Suzuka,Japan,34.8431,136.541,0,1,Yuki Tsunoda,18,0,0,0
25759,1092,825,210,18,14,0.0,28,1,2022,18,22,Japanese Grand Prix,2022-10-09,Haas F1 Team,American,Kevin,Magnussen,Danish,Finished,Suzuka Circuit,Suzuka,Japan,34.8431,136.541,4,1,Kevin Magnussen,18,0,0,0
25760,1092,822,51,12,15,0.0,28,1,2022,18,22,Japanese Grand Prix,2022-10-09,Alfa Romeo,Swiss,Valtteri,Bottas,Finnish,Finished,Suzuka Circuit,Suzuka,Japan,34.8431,136.541,-3,1,Valtteri Bottas,18,0,0,0
25761,1092,855,51,14,16,0.0,28,1,2022,18,22,Japanese Grand Prix,2022-10-09,Alfa Romeo,Swiss,Guanyu,Zhou,Chinese,Finished,Suzuka Circuit,Suzuka,Japan,34.8431,136.541,-2,1,Guanyu Zhou,18,0,0,0
25762,1092,854,210,15,17,0.0,28,1,2022,18,22,Japanese Grand Prix,2022-10-09,Haas F1 Team,American,Mick,Schumacher,German,Finished,Suzuka Circuit,Suzuka,Japan,34.8431,136.541,-2,1,Mick Schumacher,18,0,0,0
25763,1092,842,213,17,18,0.0,28,1,2022,18,22,Japanese Grand Prix,2022-10-09,AlphaTauri,Italian,Pierre,Gasly,French,Finished,Suzuka Circuit,Suzuka,Japan,34.8431,136.541,-1,1,Pierre Gasly,18,0,0,0
25764,1092,832,6,3,19,0.0,0,3,2022,18,22,Japanese Grand Prix,2022-10-09,Ferrari,Italian,Carlos,Sainz,Spanish,Accident,Suzuka Circuit,Suzuka,Japan,34.8431,136.541,-16,0,Carlos Sainz,18,0,0,0
25765,1092,848,3,16,20,0.0,0,9,2022,18,22,Japanese Grand Prix,2022-10-09,Williams,British,Alexander,Albon,Thai,Hydraulics,Suzuka Circuit,Suzuka,Japan,34.8431,136.541,-4,0,Alexander Albon,18,0,0,0
25766,1093,830,9,2,1,25.0,56,1,2022,19,69,United States Grand Prix,2022-10-23,Red Bull,Austrian,Max,Verstappen,Dutch,Finished,Circuit of the Americas,Austin,USA,30.1328,-97.6411,1,1,Max Verstappen,19,1,1,1
25767,1093,1,131,3,2,18.0,56,1,2022,19,69,United States Grand Prix,2022-10-23,Mercedes,German,Lewis,Hamilton,British,Finished,Circuit of the Americas,Austin,USA,30.1328,-97.6411,1,1,Lewis Hamilton,19,1,0,1
25768,1093,844,6,12,3,15.0,56,1,2022,19,69,United States Grand Prix,2022-10-23,Ferrari,Italian,Charles,Leclerc,Monegasque,Finished,Circuit of the Americas,Austin,USA,30.1328,-97.6411,9,1,Charles Leclerc,19,1,0,1
25769,1093,815,9,9,4,12.0,56,1,2022,19,69,United States Grand Prix,2022-10-23,Red Bull,Austrian,Sergio,Pérez,Mexican,Finished,Circuit of the Americas,Austin,USA,30.1328,-97.6411,5,1,Sergio Pérez,19,0,0,1
25770,1093,847,131,4,5,11.0,56,1,2022,19,69,United States Grand Prix,2022-10-23,Mercedes,German,George,Russell,British,Finished,Circuit of the Americas,Austin,USA,30.1328,-97.6411,-1,1,George Russell,19,0,0,1
25771,1093,846,1,6,6,8.0,56,1,2022,19,69,United States Grand Prix,2022-10-23,McLaren,British,Lando,Norris,British,Finished,Circuit of the Americas,Austin,USA,30.1328,-97.6411,0,1,Lando Norris,19,0,0,1
25772,1093,4,214,14,7,6.0,56,1,2022,19,69,United States Grand Prix,2022-10-23,Alpine F1 Team,French,Fernando,Alonso,Spanish,Finished,Circuit of the Americas,Austin,USA,30.1328,-97.6411,7,1,Fernando Alonso,19,0,0,1
25773,1093,20,117,10,8,4.0,56,1,2022,19,69,United States Grand Prix,2022-10-23,Aston Martin,British,Sebastian,Vettel,German,Finished,Circuit of the Americas,Austin,USA,30.1328,-97.6411,2,1,Sebastian Vettel,19,0,0,1
25774,1093,825,210,13,9,2.0,56,1,2022,19,69,United States Grand Prix,2022-10-23,Haas F1 Team,American,Kevin,Magnussen,Danish,Finished,Circuit of the Americas,Austin,USA,30.1328,-97.6411,4,1,Kevin Magnussen,19,0,0,1
25775,1093,852,213,19,10,1.0,56,1,2022,19,69,United States Grand Prix,2022-10-23,AlphaTauri,Italian,Yuki,Tsunoda,Japanese,Finished,Circuit of the Americas,Austin,USA,30.1328,-97.6411,9,1,Yuki Tsunoda,19,0,0,1
25776,1093,839,214,0,11,0.0,56,1,2022,19,69,United States Grand Prix,2022-10-23,Alpine F1 Team,French,Esteban,Ocon,French,Finished,Circuit of the Americas,Austin,USA,30.1328,-97.6411,-11,1,Esteban Ocon,19,0,0,0
25777,1093,855,51,18,12,0.0,56,1,2022,19,69,United States Grand Prix,2022-10-23,Alfa Romeo,Swiss,Guanyu,Zhou,Chinese,Finished,Circuit of the Americas,Austin,USA,30.1328,-97.6411,6,1,Guanyu Zhou,19,0,0,0
25778,1093,848,3,8,13,0.0,56,1,2022,19,69,United States Grand Prix,2022-10-23,Williams,British,Alexander,Albon,Thai,Finished,Circuit of the Americas,Austin,USA,30.1328,-97.6411,-5,1,Alexander Albon,19,0,0,0
25779,1093,842,213,11,14,0.0,56,1,2022,19,69,United States Grand Prix,2022-10-23,AlphaTauri,Italian,Pierre,Gasly,French,Finished,Circuit of the Americas,Austin,USA,30.1328,-97.6411,-3,1,Pierre Gasly,19,0,0,0
25780,1093,854,210,16,15,0.0,56,1,2022,19,69,United States Grand Prix,2022-10-23,Haas F1 Team,American,Mick,Schumacher,German,Finished,Circuit of the Americas,Austin,USA,30.1328,-97.6411,1,1,Mick Schumacher,19,0,0,0
25781,1093,817,1,15,16,0.0,56,1,2022,19,69,United States Grand Prix,2022-10-23,McLaren,British,Daniel,Ricciardo,Australian,Finished,Circuit of the Americas,Austin,USA,30.1328,-97.6411,-1,1,Daniel Ricciardo,19,0,0,0
25782,1093,849,3,17,17,0.0,56,1,2022,19,69,United States Grand Prix,2022-10-23,Williams,British,Nicholas,Latifi,Canadian,Finished,Circuit of the Americas,Austin,USA,30.1328,-97.6411,0,1,Nicholas Latifi,19,0,0,0
25783,1093,840,117,5,18,0.0,21,4,2022,19,69,United States Grand Prix,2022-10-23,Aston Martin,British,Lance,Stroll,Canadian,Collision,Circuit of the Americas,Austin,USA,30.1328,-97.6411,-13,0,Lance Stroll,19,0,0,0
25784,1093,822,51,7,19,0.0,16,20,2022,19,69,United States Grand Prix,2022-10-23,Alfa Romeo,Swiss,Valtteri,Bottas,Finnish,Spun off,Circuit of the Americas,Austin,USA,30.1328,-97.6411,-12,0,Valtteri Bottas,19,0,0,0
25785,1093,832,6,1,20,0.0,1,130,2022,19,69,United States Grand Prix,2022-10-23,Ferrari,Italian,Carlos,Sainz,Spanish,Collision damage,Circuit of the Americas,Austin,USA,30.1328,-97.6411,-19,0,Carlos Sainz,19,0,0,0
25786,1094,830,9,1,1,25.0,71,1,2022,20,32,Mexico City Grand Prix,2022-10-30,Red Bull,Austrian,Max,Verstappen,Dutch,Finished,Autódromo Hermanos Rodríguez,Mexico City,Mexico,19.4042,-99.0907,0,1,Max Verstappen,20,1,1,1
25787,1094,1,131,3,2,18.0,71,1,2022,20,32,Mexico City Grand Prix,2022-10-30,Mercedes,German,Lewis,Hamilton,British,Finished,Autódromo Hermanos Rodríguez,Mexico City,Mexico,19.4042,-99.0907,1,1,Lewis Hamilton,20,1,0,1
25788,1094,815,9,4,3,15.0,71,1,2022,20,32,Mexico City Grand Prix,2022-10-30,Red Bull,Austrian,Sergio,Pérez,Mexican,Finished,Autódromo Hermanos Rodríguez,Mexico City,Mexico,19.4042,-99.0907,1,1,Sergio Pérez,20,1,0,1
25789,1094,847,131,2,4,13.0,71,1,2022,20,32,Mexico City Grand Prix,2022-10-30,Mercedes,German,George,Russell,British,Finished,Autódromo Hermanos Rodríguez,Mexico City,Mexico,19.4042,-99.0907,-2,1,George Russell,20,0,0,1
25790,1094,832,6,5,5,10.0,71,1,2022,20,32,Mexico City Grand Prix,2022-10-30,Ferrari,Italian,Carlos,Sainz,Spanish,Finished,Autódromo Hermanos Rodríguez,Mexico City,Mexico,19.4042,-99.0907,0,1,Carlos Sainz,20,0,0,1
25791,1094,844,6,7,6,8.0,71,1,2022,20,32,Mexico City Grand Prix,2022-10-30,Ferrari,Italian,Charles,Leclerc,Monegasque,Finished,Autódromo Hermanos Rodríguez,Mexico City,Mexico,19.4042,-99.0907,1,1,Charles Leclerc,20,0,0,1
25792,1094,817,1,11,7,6.0,70,11,2022,20,32,Mexico City Grand Prix,2022-10-30,McLaren,British,Daniel,Ricciardo,Australian,+1 Lap,Autódromo Hermanos Rodríguez,Mexico City,Mexico,19.4042,-99.0907,4,1,Daniel Ricciardo,20,0,0,1
25793,1094,839,214,10,8,4.0,70,11,2022,20,32,Mexico City Grand Prix,2022-10-30,Alpine F1 Team,French,Esteban,Ocon,French,+1 Lap,Autódromo Hermanos Rodríguez,Mexico City,Mexico,19.4042,-99.0907,2,1,Esteban Ocon,20,0,0,1
25794,1094,846,1,8,9,2.0,70,11,2022,20,32,Mexico City Grand Prix,2022-10-30,McLaren,British,Lando,Norris,British,+1 Lap,Autódromo Hermanos Rodríguez,Mexico City,Mexico,19.4042,-99.0907,-1,1,Lando Norris,20,0,0,1
25795,1094,822,51,6,10,1.0,70,11,2022,20,32,Mexico City Grand Prix,2022-10-30,Alfa Romeo,Swiss,Valtteri,Bottas,Finnish,+1 Lap,Autódromo Hermanos Rodríguez,Mexico City,Mexico,19.4042,-99.0907,-4,1,Valtteri Bottas,20,0,0,1
25796,1094,842,213,14,11,0.0,70,11,2022,20,32,Mexico City Grand Prix,2022-10-30,AlphaTauri,Italian,Pierre,Gasly,French,+1 Lap,Autódromo Hermanos Rodríguez,Mexico City,Mexico,19.4042,-99.0907,3,1,Pierre Gasly,20,0,0,0
25797,1094,848,3,17,12,0.0,70,11,2022,20,32,Mexico City Grand Prix,2022-10-30,Williams,British,Alexander,Albon,Thai,+1 Lap,Autódromo Hermanos Rodríguez,Mexico City,Mexico,19.4042,-99.0907,5,1,Alexander Albon,20,0,0,0
25798,1094,855,51,12,13,0.0,70,11,2022,20,32,Mexico City Grand Prix,2022-10-30,Alfa Romeo,Swiss,Guanyu,Zhou,Chinese,+1 Lap,Autódromo Hermanos Rodríguez,Mexico City,Mexico,19.4042,-99.0907,-1,1,Guanyu Zhou,20,0,0,0
25799,1094,20,117,16,14,0.0,70,11,2022,20,32,Mexico City Grand Prix,2022-10-30,Aston Martin,British,Sebastian,Vettel,German,+1 Lap,Autódromo Hermanos Rodríguez,Mexico City,Mexico,19.4042,-99.0907,2,1,Sebastian Vettel,20,0,0,0
25800,1094,840,117,20,15,0.0,70,11,2022,20,32,Mexico City Grand Prix,2022-10-30,Aston Martin,British,Lance,Stroll,Canadian,+1 Lap,Autódromo Hermanos Rodríguez,Mexico City,Mexico,19.4042,-99.0907,5,1,Lance Stroll,20,0,0,0
25801,1094,854,210,15,16,0.0,70,11,2022,20,32,Mexico City Grand Prix,2022-10-30,Haas F1 Team,American,Mick,Schumacher,German,+1 Lap,Autódromo Hermanos Rodríguez,Mexico City,Mexico,19.4042,-99.0907,-1,1,Mick Schumacher,20,0,0,0
25802,1094,825,210,19,17,0.0,70,11,2022,20,32,Mexico City Grand Prix,2022-10-30,Haas F1 Team,American,Kevin,Magnussen,Danish,+1 Lap,Autódromo Hermanos Rodríguez,Mexico City,Mexico,19.4042,-99.0907,2,1,Kevin Magnussen,20,0,0,0
25803,1094,849,3,18,18,0.0,69,12,2022,20,32,Mexico City Grand Prix,2022-10-30,Williams,British,Nicholas,Latifi,Canadian,+2 Laps,Autódromo Hermanos Rodríguez,Mexico City,Mexico,19.4042,-99.0907,0,1,Nicholas Latifi,20,0,0,0
25804,1094,4,214,9,19,0.0,63,5,2022,20,32,Mexico City Grand Prix,2022-10-30,Alpine F1 Team,French,Fernando,Alonso,Spanish,Engine,Autódromo Hermanos Rodríguez,Mexico City,Mexico,19.4042,-99.0907,-10,0,Fernando Alonso,20,0,0,0
25805,1094,852,213,13,20,0.0,50,130,2022,20,32,Mexico City Grand Prix,2022-10-30,AlphaTauri,Italian,Yuki,Tsunoda,Japanese,Collision damage,Autódromo Hermanos Rodríguez,Mexico City,Mexico,19.4042,-99.0907,-7,0,Yuki Tsunoda,20,0,0,0
25806,1095,847,131,1,1,26.0,71,1,2022,21,18,São Paulo Grand Prix,2022-11-13,Mercedes,German,George,Russell,British,Finished,Autódromo José Carlos Pace,São Paulo,Brazil,-23.7036,-46.6997,0,1,George Russell,21,1,1,1
25807,1095,1,131,2,2,18.0,71,1,2022,21,18,São Paulo Grand Prix,2022-11-13,Mercedes,German,Lewis,Hamilton,British,Finished,Autódromo José Carlos Pace,São Paulo,Brazil,-23.7036,-46.6997,0,1,Lewis Hamilton,21,1,0,1
25808,1095,832,6,7,3,15.0,71,1,2022,21,18,São Paulo Grand Prix,2022-11-13,Ferrari,Italian,Carlos,Sainz,Spanish,Finished,Autódromo José Carlos Pace,São Paulo,Brazil,-23.7036,-46.6997,4,1,Carlos Sainz,21,1,0,1
25809,1095,844,6,5,4,12.0,71,1,2022,21,18,São Paulo Grand Prix,2022-11-13,Ferrari,Italian,Charles,Leclerc,Monegasque,Finished,Autódromo José Carlos Pace,São Paulo,Brazil,-23.7036,-46.6997,1,1,Charles Leclerc,21,0,0,1
25810,1095,4,214,17,5,10.0,71,1,2022,21,18,São Paulo Grand Prix,2022-11-13,Alpine F1 Team,French,Fernando,Alonso,Spanish,Finished,Autódromo José Carlos Pace,São Paulo,Brazil,-23.7036,-46.6997,12,1,Fernando Alonso,21,0,0,1
25811,1095,830,9,3,6,8.0,71,1,2022,21,18,São Paulo Grand Prix,2022-11-13,Red Bull,Austrian,Max,Verstappen,Dutch,Finished,Autódromo José Carlos Pace,São Paulo,Brazil,-23.7036,-46.6997,-3,1,Max Verstappen,21,0,0,1
25812,1095,815,9,4,7,6.0,71,1,2022,21,18,São Paulo Grand Prix,2022-11-13,Red Bull,Austrian,Sergio,Pérez,Mexican,Finished,Autódromo José Carlos Pace,São Paulo,Brazil,-23.7036,-46.6997,-3,1,Sergio Pérez,21,0,0,1
25813,1095,839,214,16,8,4.0,71,1,2022,21,18,São Paulo Grand Prix,2022-11-13,Alpine F1 Team,French,Esteban,Ocon,French,Finished,Autódromo José Carlos Pace,São Paulo,Brazil,-23.7036,-46.6997,8,1,Esteban Ocon,21,0,0,1
25814,1095,822,51,14,9,2.0,71,1,2022,21,18,São Paulo Grand Prix,2022-11-13,Alfa Romeo,Swiss,Valtteri,Bottas,Finnish,Finished,Autódromo José Carlos Pace,São Paulo,Brazil,-23.7036,-46.6997,5,1,Valtteri Bottas,21,0,0,1
25815,1095,840,117,15,10,1.0,71,1,2022,21,18,São Paulo Grand Prix,2022-11-13,Aston Martin,British,Lance,Stroll,Canadian,Finished,Autódromo José Carlos Pace,São Paulo,Brazil,-23.7036,-46.6997,5,1,Lance Stroll,21,0,0,1
25816,1095,20,117,9,11,0.0,71,1,2022,21,18,São Paulo Grand Prix,2022-11-13,Aston Martin,British,Sebastian,Vettel,German,Finished,Autódromo José Carlos Pace,São Paulo,Brazil,-23.7036,-46.6997,-2,1,Sebastian Vettel,21,0,0,0
25817,1095,855,51,13,12,0.0,71,1,2022,21,18,São Paulo Grand Prix,2022-11-13,Alfa Romeo,Swiss,Guanyu,Zhou,Chinese,Finished,Autódromo José Carlos Pace,São Paulo,Brazil,-23.7036,-46.6997,1,1,Guanyu Zhou,21,0,0,0
25818,1095,854,210,12,13,0.0,71,1,2022,21,18,São Paulo Grand Prix,2022-11-13,Haas F1 Team,American,Mick,Schumacher,German,Finished,Autódromo José Carlos Pace,São Paulo,Brazil,-23.7036,-46.6997,-1,1,Mick Schumacher,21,0,0,0
25819,1095,842,213,10,14,0.0,71,1,2022,21,18,São Paulo Grand Prix,2022-11-13,AlphaTauri,Italian,Pierre,Gasly,French,Finished,Autódromo José Carlos Pace,São Paulo,Brazil,-23.7036,-46.6997,-4,1,Pierre Gasly,21,0,0,0
25820,1095,848,3,19,15,0.0,71,1,2022,21,18,São Paulo Grand Prix,2022-11-13,Williams,British,Alexander,Albon,Thai,Finished,Autódromo José Carlos Pace,São Paulo,Brazil,-23.7036,-46.6997,4,1,Alexander Albon,21,0,0,0
25821,1095,849,3,18,16,0.0,71,1,2022,21,18,São Paulo Grand Prix,2022-11-13,Williams,British,Nicholas,Latifi,Canadian,Finished,Autódromo José Carlos Pace,São Paulo,Brazil,-23.7036,-46.6997,2,1,Nicholas Latifi,21,0,0,0
25822,1095,852,213,0,17,0.0,70,11,2022,21,18,São Paulo Grand Prix,2022-11-13,AlphaTauri,Italian,Yuki,Tsunoda,Japanese,+1 Lap,Autódromo José Carlos Pace,São Paulo,Brazil,-23.7036,-46.6997,-17,1,Yuki Tsunoda,21,0,0,0
25823,1095,846,1,6,18,0.0,50,6,2022,21,18,São Paulo Grand Prix,2022-11-13,McLaren,British,Lando,Norris,British,Gearbox,Autódromo José Carlos Pace,São Paulo,Brazil,-23.7036,-46.6997,-12,0,Lando Norris,21,0,0,0
25824,1095,825,210,8,19,0.0,0,4,2022,21,18,São Paulo Grand Prix,2022-11-13,Haas F1 Team,American,Kevin,Magnussen,Danish,Collision,Autódromo José Carlos Pace,São Paulo,Brazil,-23.7036,-46.6997,-11,0,Kevin Magnussen,21,0,0,0
25825,1095,817,1,11,20,0.0,0,4,2022,21,18,São Paulo Grand Prix,2022-11-13,McLaren,British,Daniel,Ricciardo,Australian,Collision,Autódromo José Carlos Pace,São Paulo,Brazil,-23.7036,-46.6997,-9,0,Daniel Ricciardo,21,0,0,0
25826,1096,830,9,1,1,25.0,58,1,2022,22,24,Abu Dhabi Grand Prix,2022-11-20,Red Bull,Austrian,Max,Verstappen,Dutch,Finished,Yas Marina Circuit,Abu Dhabi,UAE,24.4672,54.6031,0,1,Max Verstappen,22,1,1,1
25827,1096,844,6,3,2,18.0,58,1,2022,22,24,Abu Dhabi Grand Prix,2022-11-20,Ferrari,Italian,Charles,Leclerc,Monegasque,Finished,Yas Marina Circuit,Abu Dhabi,UAE,24.4672,54.6031,1,1,Charles Leclerc,22,1,0,1
25828,1096,815,9,2,3,15.0,58,1,2022,22,24,Abu Dhabi Grand Prix,2022-11-20,Red Bull,Austrian,Sergio,Pérez,Mexican,Finished,Yas Marina Circuit,Abu Dhabi,UAE,24.4672,54.6031,-1,1,Sergio Pérez,22,1,0,1
25829,1096,832,6,4,4,12.0,58,1,2022,22,24,Abu Dhabi Grand Prix,2022-11-20,Ferrari,Italian,Carlos,Sainz,Spanish,Finished,Yas Marina Circuit,Abu Dhabi,UAE,24.4672,54.6031,0,1,Carlos Sainz,22,0,0,1
25830,1096,847,131,6,5,10.0,58,1,2022,22,24,Abu Dhabi Grand Prix,2022-11-20,Mercedes,German,George,Russell,British,Finished,Yas Marina Circuit,Abu Dhabi,UAE,24.4672,54.6031,1,1,George Russell,22,0,0,1
25831,1096,846,1,7,6,9.0,58,1,2022,22,24,Abu Dhabi Grand Prix,2022-11-20,McLaren,British,Lando,Norris,British,Finished,Yas Marina Circuit,Abu Dhabi,UAE,24.4672,54.6031,1,1,Lando Norris,22,0,0,1
25832,1096,839,214,8,7,6.0,58,1,2022,22,24,Abu Dhabi Grand Prix,2022-11-20,Alpine F1 Team,French,Esteban,Ocon,French,Finished,Yas Marina Circuit,Abu Dhabi,UAE,24.4672,54.6031,1,1,Esteban Ocon,22,0,0,1
25833,1096,840,117,14,8,4.0,58,1,2022,22,24,Abu Dhabi Grand Prix,2022-11-20,Aston Martin,British,Lance,Stroll,Canadian,Finished,Yas Marina Circuit,Abu Dhabi,UAE,24.4672,54.6031,6,1,Lance Stroll,22,0,0,1
25834,1096,817,1,13,9,2.0,58,1,2022,22,24,Abu Dhabi Grand Prix,2022-11-20,McLaren,British,Daniel,Ricciardo,Australian,Finished,Yas Marina Circuit,Abu Dhabi,UAE,24.4672,54.6031,4,1,Daniel Ricciardo,22,0,0,1
25835,1096,20,117,9,10,1.0,58,1,2022,22,24,Abu Dhabi Grand Prix,2022-11-20,Aston Martin,British,Sebastian,Vettel,German,Finished,Yas Marina Circuit,Abu Dhabi,UAE,24.4672,54.6031,-1,1,Sebastian Vettel,22,0,0,1
25836,1096,852,213,11,11,0.0,58,1,2022,22,24,Abu Dhabi Grand Prix,2022-11-20,AlphaTauri,Italian,Yuki,Tsunoda,Japanese,Finished,Yas Marina Circuit,Abu Dhabi,UAE,24.4672,54.6031,0,1,Yuki Tsunoda,22,0,0,0
25837,1096,855,51,15,12,0.0,57,11,2022,22,24,Abu Dhabi Grand Prix,2022-11-20,Alfa Romeo,Swiss,Guanyu,Zhou,Chinese,+1 Lap,Yas Marina Circuit,Abu Dhabi,UAE,24.4672,54.6031,3,1,Guanyu Zhou,22,0,0,0
25838,1096,848,3,19,13,0.0,57,11,2022,22,24,Abu Dhabi Grand Prix,2022-11-20,Williams,British,Alexander,Albon,Thai,+1 Lap,Yas Marina Circuit,Abu Dhabi,UAE,24.4672,54.6031,6,1,Alexander Albon,22,0,0,0
25839,1096,842,213,17,14,0.0,57,11,2022,22,24,Abu Dhabi Grand Prix,2022-11-20,AlphaTauri,Italian,Pierre,Gasly,French,+1 Lap,Yas Marina Circuit,Abu Dhabi,UAE,24.4672,54.6031,3,1,Pierre Gasly,22,0,0,0
25840,1096,822,51,18,15,0.0,57,11,2022,22,24,Abu Dhabi Grand Prix,2022-11-20,Alfa Romeo,Swiss,Valtteri,Bottas,Finnish,+1 Lap,Yas Marina Circuit,Abu Dhabi,UAE,24.4672,54.6031,3,1,Valtteri Bottas,22,0,0,0
25841,1096,854,210,12,16,0.0,57,11,2022,22,24,Abu Dhabi Grand Prix,2022-11-20,Haas F1 Team,American,Mick,Schumacher,German,+1 Lap,Yas Marina Circuit,Abu Dhabi,UAE,24.4672,54.6031,-4,1,Mick Schumacher,22,0,0,0
25842,1096,825,210,16,17,0.0,57,11,2022,22,24,Abu Dhabi Grand Prix,2022-11-20,Haas F1 Team,American,Kevin,Magnussen,Danish,+1 Lap,Yas Marina Circuit,Abu Dhabi,UAE,24.4672,54.6031,-1,1,Kevin Magnussen,22,0,0,0
25843,1096,1,131,5,18,0.0,55,9,2022,22,24,Abu Dhabi Grand Prix,2022-11-20,Mercedes,German,Lewis,Hamilton,British,Hydraulics,Yas Marina Circuit,Abu Dhabi,UAE,24.4672,54.6031,-13,0,Lewis Hamilton,22,0,0,0
25844,1096,849,3,20,19,0.0,55,130,2022,22,24,Abu Dhabi Grand Prix,2022-11-20,Williams,British,Nicholas,Latifi,Canadian,Collision damage,Yas Marina Circuit,Abu Dhabi,UAE,24.4672,54.6031,1,0,Nicholas Latifi,22,0,0,0
25845,1096,4,214,10,20,0.0,27,47,2022,22,24,Abu Dhabi Grand Prix,2022-11-20,Alpine F1 Team,French,Fernando,Alonso,Spanish,Water leak,Yas Marina Circuit,Abu Dhabi,UAE,24.4672,54.6031,-10,0,Fernando Alonso,22,0,0,0
25846,1098,830,9,1,1,25.0,57,1,2023,1,3,Bahrain Grand Prix,2023-03-05,Red Bull,Austrian,Max,Verstappen,Dutch,Finished,Bahrain International Circuit,Sakhir,Bahrain,26.0325,50.5106,0,1,Max Verstappen,1,1,1,1
25847,1098,815,9,2,2,18.0,57,1,2023,1,3,Bahrain Grand Prix,2023-03-05,Red Bull,Austrian,Sergio,Pérez,Mexican,Finished,Bahrain International Circuit,Sakhir,Bahrain,26.0325,50.5106,0,1,Sergio Pérez,1,1,0,1
25848,1098,4,117,5,3,15.0,57,1,2023,1,3,Bahrain Grand Prix,2023-03-05,Aston Martin,British,Fernando,Alonso,Spanish,Finished,Bahrain International Circuit,Sakhir,Bahrain,26.0325,50.5106,2,1,Fernando Alonso,1,1,0,1
25849,1098,832,6,4,4,12.0,57,1,2023,1,3,Bahrain Grand Prix,2023-03-05,Ferrari,Italian,Carlos,Sainz,Spanish,Finished,Bahrain International Circuit,Sakhir,Bahrain,26.0325,50.5106,0,1,Carlos Sainz,1,0,0,1
25850,1098,1,131,7,5,10.0,57,1,2023,1,3,Bahrain Grand Prix,2023-03-05,Mercedes,German,Lewis,Hamilton,British,Finished,Bahrain International Circuit,Sakhir,Bahrain,26.0325,50.5106,2,1,Lewis Hamilton,1,0,0,1
25851,1098,840,117,8,6,8.0,57,1,2023,1,3,Bahrain Grand Prix,2023-03-05,Aston Martin,British,Lance,Stroll,Canadian,Finished,Bahrain International Circuit,Sakhir,Bahrain,26.0325,50.5106,2,1,Lance Stroll,1,0,0,1
25852,1098,847,131,6,7,6.0,57,1,2023,1,3,Bahrain Grand Prix,2023-03-05,Mercedes,German,George,Russell,British,Finished,Bahrain International Circuit,Sakhir,Bahrain,26.0325,50.5106,-1,1,George Russell,1,0,0,1
25853,1098,822,51,12,8,4.0,57,1,2023,1,3,Bahrain Grand Prix,2023-03-05,Alfa Romeo,Swiss,Valtteri,Bottas,Finnish,Finished,Bahrain International Circuit,Sakhir,Bahrain,26.0325,50.5106,4,1,Valtteri Bottas,1,0,0,1
25854,1098,842,214,20,9,2.0,57,1,2023,1,3,Bahrain Grand Prix,2023-03-05,Alpine F1 Team,French,Pierre,Gasly,French,Finished,Bahrain International Circuit,Sakhir,Bahrain,26.0325,50.5106,11,1,Pierre Gasly,1,0,0,1
25855,1098,848,3,15,10,1.0,57,1,2023,1,3,Bahrain Grand Prix,2023-03-05,Williams,British,Alexander,Albon,Thai,Finished,Bahrain International Circuit,Sakhir,Bahrain,26.0325,50.5106,5,1,Alexander Albon,1,0,0,1
25856,1098,852,213,14,11,0.0,57,1,2023,1,3,Bahrain Grand Prix,2023-03-05,AlphaTauri,Italian,Yuki,Tsunoda,Japanese,Finished,Bahrain International Circuit,Sakhir,Bahrain,26.0325,50.5106,3,1,Yuki Tsunoda,1,0,0,0
25857,1098,858,3,16,12,0.0,56,11,2023,1,3,Bahrain Grand Prix,2023-03-05,Williams,British,Logan,Sargeant,American,+1 Lap,Bahrain International Circuit,Sakhir,Bahrain,26.0325,50.5106,4,1,Logan Sargeant,1,0,0,0
25858,1098,825,210,17,13,0.0,56,11,2023,1,3,Bahrain Grand Prix,2023-03-05,Haas F1 Team,American,Kevin,Magnussen,Danish,+1 Lap,Bahrain International Circuit,Sakhir,Bahrain,26.0325,50.5106,4,1,Kevin Magnussen,1,0,0,0
25859,1098,856,213,19,14,0.0,56,11,2023,1,3,Bahrain Grand Prix,2023-03-05,AlphaTauri,Italian,Nyck,de Vries,Dutch,+1 Lap,Bahrain International Circuit,Sakhir,Bahrain,26.0325,50.5106,5,1,Nyck de Vries,1,0,0,0
25860,1098,807,210,10,15,0.0,56,11,2023,1,3,Bahrain Grand Prix,2023-03-05,Haas F1 Team,American,Nico,Hülkenberg,German,+1 Lap,Bahrain International Circuit,Sakhir,Bahrain,26.0325,50.5106,-5,1,Nico Hülkenberg,1,0,0,0
25861,1098,855,51,13,16,0.0,56,11,2023,1,3,Bahrain Grand Prix,2023-03-05,Alfa Romeo,Swiss,Guanyu,Zhou,Chinese,+1 Lap,Bahrain International Circuit,Sakhir,Bahrain,26.0325,50.5106,-3,1,Guanyu Zhou,1,0,0,0
25862,1098,846,1,11,17,0.0,55,12,2023,1,3,Bahrain Grand Prix,2023-03-05,McLaren,British,Lando,Norris,British,+2 Laps,Bahrain International Circuit,Sakhir,Bahrain,26.0325,50.5106,-6,1,Lando Norris,1,0,0,0
25863,1098,839,214,9,18,0.0,41,26,2023,1,3,Bahrain Grand Prix,2023-03-05,Alpine F1 Team,French,Esteban,Ocon,French,Mechanical,Bahrain International Circuit,Sakhir,Bahrain,26.0325,50.5106,-9,0,Esteban Ocon,1,0,0,0
25864,1098,844,6,3,19,0.0,39,5,2023,1,3,Bahrain Grand Prix,2023-03-05,Ferrari,Italian,Charles,Leclerc,Monegasque,Engine,Bahrain International Circuit,Sakhir,Bahrain,26.0325,50.5106,-16,0,Charles Leclerc,1,0,0,0
25865,1098,857,1,18,20,0.0,13,10,2023,1,3,Bahrain Grand Prix,2023-03-05,McLaren,British,Oscar,Piastri,Australian,Electrical,Bahrain International Circuit,Sakhir,Bahrain,26.0325,50.5106,-2,0,Oscar Piastri,1,0,0,0
25866,1099,815,9,1,1,25.0,50,1,2023,2,77,Saudi Arabian Grand Prix,2023-03-19,Red Bull,Austrian,Sergio,Pérez,Mexican,Finished,Jeddah Corniche Circuit,Jeddah,Saudi Arabia,21.6319,39.1044,0,1,Sergio Pérez,2,1,1,1
25867,1099,830,9,15,2,19.0,50,1,2023,2,77,Saudi Arabian Grand Prix,2023-03-19,Red Bull,Austrian,Max,Verstappen,Dutch,Finished,Jeddah Corniche Circuit,Jeddah,Saudi Arabia,21.6319,39.1044,13,1,Max Verstappen,2,1,0,1
25868,1099,4,117,2,3,15.0,50,1,2023,2,77,Saudi Arabian Grand Prix,2023-03-19,Aston Martin,British,Fernando,Alonso,Spanish,Finished,Jeddah Corniche Circuit,Jeddah,Saudi Arabia,21.6319,39.1044,-1,1,Fernando Alonso,2,1,0,1
25869,1099,847,131,3,4,12.0,50,1,2023,2,77,Saudi Arabian Grand Prix,2023-03-19,Mercedes,German,George,Russell,British,Finished,Jeddah Corniche Circuit,Jeddah,Saudi Arabia,21.6319,39.1044,-1,1,George Russell,2,0,0,1
25870,1099,1,131,7,5,10.0,50,1,2023,2,77,Saudi Arabian Grand Prix,2023-03-19,Mercedes,German,Lewis,Hamilton,British,Finished,Jeddah Corniche Circuit,Jeddah,Saudi Arabia,21.6319,39.1044,2,1,Lewis Hamilton,2,0,0,1
25871,1099,832,6,4,6,8.0,50,1,2023,2,77,Saudi Arabian Grand Prix,2023-03-19,Ferrari,Italian,Carlos,Sainz,Spanish,Finished,Jeddah Corniche Circuit,Jeddah,Saudi Arabia,21.6319,39.1044,-2,1,Carlos Sainz,2,0,0,1
25872,1099,844,6,12,7,6.0,50,1,2023,2,77,Saudi Arabian Grand Prix,2023-03-19,Ferrari,Italian,Charles,Leclerc,Monegasque,Finished,Jeddah Corniche Circuit,Jeddah,Saudi Arabia,21.6319,39.1044,5,1,Charles Leclerc,2,0,0,1
25873,1099,839,214,6,8,4.0,50,1,2023,2,77,Saudi Arabian Grand Prix,2023-03-19,Alpine F1 Team,French,Esteban,Ocon,French,Finished,Jeddah Corniche Circuit,Jeddah,Saudi Arabia,21.6319,39.1044,-2,1,Esteban Ocon,2,0,0,1
25874,1099,842,214,9,9,2.0,50,1,2023,2,77,Saudi Arabian Grand Prix,2023-03-19,Alpine F1 Team,French,Pierre,Gasly,French,Finished,Jeddah Corniche Circuit,Jeddah,Saudi Arabia,21.6319,39.1044,0,1,Pierre Gasly,2,0,0,1
25875,1099,825,210,13,10,1.0,50,1,2023,2,77,Saudi Arabian Grand Prix,2023-03-19,Haas F1 Team,American,Kevin,Magnussen,Danish,Finished,Jeddah Corniche Circuit,Jeddah,Saudi Arabia,21.6319,39.1044,3,1,Kevin Magnussen,2,0,0,1
25876,1099,852,213,16,11,0.0,50,1,2023,2,77,Saudi Arabian Grand Prix,2023-03-19,AlphaTauri,Italian,Yuki,Tsunoda,Japanese,Finished,Jeddah Corniche Circuit,Jeddah,Saudi Arabia,21.6319,39.1044,5,1,Yuki Tsunoda,2,0,0,0
25877,1099,807,210,10,12,0.0,50,1,2023,2,77,Saudi Arabian Grand Prix,2023-03-19,Haas F1 Team,American,Nico,Hülkenberg,German,Finished,Jeddah Corniche Circuit,Jeddah,Saudi Arabia,21.6319,39.1044,-2,1,Nico Hülkenberg,2,0,0,0
25878,1099,855,51,11,13,0.0,50,1,2023,2,77,Saudi Arabian Grand Prix,2023-03-19,Alfa Romeo,Swiss,Guanyu,Zhou,Chinese,Finished,Jeddah Corniche Circuit,Jeddah,Saudi Arabia,21.6319,39.1044,-2,1,Guanyu Zhou,2,0,0,0
25879,1099,856,213,18,14,0.0,50,1,2023,2,77,Saudi Arabian Grand Prix,2023-03-19,AlphaTauri,Italian,Nyck,de Vries,Dutch,Finished,Jeddah Corniche Circuit,Jeddah,Saudi Arabia,21.6319,39.1044,4,1,Nyck de Vries,2,0,0,0
25880,1099,857,1,8,15,0.0,50,1,2023,2,77,Saudi Arabian Grand Prix,2023-03-19,McLaren,British,Oscar,Piastri,Australian,Finished,Jeddah Corniche Circuit,Jeddah,Saudi Arabia,21.6319,39.1044,-7,1,Oscar Piastri,2,0,0,0
25881,1099,858,3,20,16,0.0,50,1,2023,2,77,Saudi Arabian Grand Prix,2023-03-19,Williams,British,Logan,Sargeant,American,Finished,Jeddah Corniche Circuit,Jeddah,Saudi Arabia,21.6319,39.1044,4,1,Logan Sargeant,2,0,0,0
25882,1099,846,1,19,17,0.0,50,1,2023,2,77,Saudi Arabian Grand Prix,2023-03-19,McLaren,British,Lando,Norris,British,Finished,Jeddah Corniche Circuit,Jeddah,Saudi Arabia,21.6319,39.1044,2,1,Lando Norris,2,0,0,0
25883,1099,822,51,14,18,0.0,49,11,2023,2,77,Saudi Arabian Grand Prix,2023-03-19,Alfa Romeo,Swiss,Valtteri,Bottas,Finnish,+1 Lap,Jeddah Corniche Circuit,Jeddah,Saudi Arabia,21.6319,39.1044,-4,1,Valtteri Bottas,2,0,0,0
25884,1099,848,3,17,19,0.0,27,23,2023,2,77,Saudi Arabian Grand Prix,2023-03-19,Williams,British,Alexander,Albon,Thai,Brakes,Jeddah Corniche Circuit,Jeddah,Saudi Arabia,21.6319,39.1044,-2,0,Alexander Albon,2,0,0,0
25885,1099,840,117,5,20,0.0,16,5,2023,2,77,Saudi Arabian Grand Prix,2023-03-19,Aston Martin,British,Lance,Stroll,Canadian,Engine,Jeddah Corniche Circuit,Jeddah,Saudi Arabia,21.6319,39.1044,-15,0,Lance Stroll,2,0,0,0
25886,1100,830,9,1,1,25.0,58,1,2023,3,1,Australian Grand Prix,2023-04-02,Red Bull,Austrian,Max,Verstappen,Dutch,Finished,Albert Park Grand Prix Circuit,Melbourne,Australia,-37.8497,144.968,0,1,Max Verstappen,3,1,1,1
25887,1100,1,131,3,2,18.0,58,1,2023,3,1,Australian Grand Prix,2023-04-02,Mercedes,German,Lewis,Hamilton,British,Finished,Albert Park Grand Prix Circuit,Melbourne,Australia,-37.8497,144.968,1,1,Lewis Hamilton,3,1,0,1
25888,1100,4,117,4,3,15.0,58,1,2023,3,1,Australian Grand Prix,2023-04-02,Aston Martin,British,Fernando,Alonso,Spanish,Finished,Albert Park Grand Prix Circuit,Melbourne,Australia,-37.8497,144.968,1,1,Fernando Alonso,3,1,0,1
25889,1100,840,117,6,4,12.0,58,1,2023,3,1,Australian Grand Prix,2023-04-02,Aston Martin,British,Lance,Stroll,Canadian,Finished,Albert Park Grand Prix Circuit,Melbourne,Australia,-37.8497,144.968,2,1,Lance Stroll,3,0,0,1
25890,1100,815,9,0,5,11.0,58,1,2023,3,1,Australian Grand Prix,2023-04-02,Red Bull,Austrian,Sergio,Pérez,Mexican,Finished,Albert Park Grand Prix Circuit,Melbourne,Australia,-37.8497,144.968,-5,1,Sergio Pérez,3,0,0,1
25891,1100,846,1,13,6,8.0,58,1,2023,3,1,Australian Grand Prix,2023-04-02,McLaren,British,Lando,Norris,British,Finished,Albert Park Grand Prix Circuit,Melbourne,Australia,-37.8497,144.968,7,1,Lando Norris,3,0,0,1
25892,1100,807,210,10,7,6.0,58,1,2023,3,1,Australian Grand Prix,2023-04-02,Haas F1 Team,American,Nico,Hülkenberg,German,Finished,Albert Park Grand Prix Circuit,Melbourne,Australia,-37.8497,144.968,3,1,Nico Hülkenberg,3,0,0,1
25893,1100,857,1,16,8,4.0,58,1,2023,3,1,Australian Grand Prix,2023-04-02,McLaren,British,Oscar,Piastri,Australian,Finished,Albert Park Grand Prix Circuit,Melbourne,Australia,-37.8497,144.968,8,1,Oscar Piastri,3,0,0,1
25894,1100,855,51,17,9,2.0,58,1,2023,3,1,Australian Grand Prix,2023-04-02,Alfa Romeo,Swiss,Guanyu,Zhou,Chinese,Finished,Albert Park Grand Prix Circuit,Melbourne,Australia,-37.8497,144.968,8,1,Guanyu Zhou,3,0,0,1
25895,1100,852,213,12,10,1.0,58,1,2023,3,1,Australian Grand Prix,2023-04-02,AlphaTauri,Italian,Yuki,Tsunoda,Japanese,Finished,Albert Park Grand Prix Circuit,Melbourne,Australia,-37.8497,144.968,2,1,Yuki Tsunoda,3,0,0,1
25896,1100,822,51,0,11,0.0,58,1,2023,3,1,Australian Grand Prix,2023-04-02,Alfa Romeo,Swiss,Valtteri,Bottas,Finnish,Finished,Albert Park Grand Prix Circuit,Melbourne,Australia,-37.8497,144.968,-11,1,Valtteri Bottas,3,0,0,0
25897,1100,832,6,5,12,0.0,58,1,2023,3,1,Australian Grand Prix,2023-04-02,Ferrari,Italian,Carlos,Sainz,Spanish,Finished,Albert Park Grand Prix Circuit,Melbourne,Australia,-37.8497,144.968,-7,1,Carlos Sainz,3,0,0,0
25898,1100,842,214,9,13,0.0,56,4,2023,3,1,Australian Grand Prix,2023-04-02,Alpine F1 Team,French,Pierre,Gasly,French,Collision,Albert Park Grand Prix Circuit,Melbourne,Australia,-37.8497,144.968,-4,0,Pierre Gasly,3,0,0,0
25899,1100,839,214,11,14,0.0,56,4,2023,3,1,Australian Grand Prix,2023-04-02,Alpine F1 Team,French,Esteban,Ocon,French,Collision,Albert Park Grand Prix Circuit,Melbourne,Australia,-37.8497,144.968,-3,0,Esteban Ocon,3,0,0,0
25900,1100,856,213,15,15,0.0,56,4,2023,3,1,Australian Grand Prix,2023-04-02,AlphaTauri,Italian,Nyck,de Vries,Dutch,Collision,Albert Park Grand Prix Circuit,Melbourne,Australia,-37.8497,144.968,0,0,Nyck de Vries,3,0,0,0
25901,1100,858,3,18,16,0.0,56,4,2023,3,1,Australian Grand Prix,2023-04-02,Williams,British,Logan,Sargeant,American,Collision,Albert Park Grand Prix Circuit,Melbourne,Australia,-37.8497,144.968,2,0,Logan Sargeant,3,0,0,0
25902,1100,825,210,14,17,0.0,52,3,2023,3,1,Australian Grand Prix,2023-04-02,Haas F1 Team,American,Kevin,Magnussen,Danish,Accident,Albert Park Grand Prix Circuit,Melbourne,Australia,-37.8497,144.968,-3,0,Kevin Magnussen,3,0,0,0
25903,1100,847,131,2,18,0.0,17,5,2023,3,1,Australian Grand Prix,2023-04-02,Mercedes,German,George,Russell,British,Engine,Albert Park Grand Prix Circuit,Melbourne,Australia,-37.8497,144.968,-16,0,George Russell,3,0,0,0
25904,1100,848,3,8,19,0.0,6,3,2023,3,1,Australian Grand Prix,2023-04-02,Williams,British,Alexander,Albon,Thai,Accident,Albert Park Grand Prix Circuit,Melbourne,Australia,-37.8497,144.968,-11,0,Alexander Albon,3,0,0,0
25905,1100,844,6,7,20,0.0,0,4,2023,3,1,Australian Grand Prix,2023-04-02,Ferrari,Italian,Charles,Leclerc,Monegasque,Collision,Albert Park Grand Prix Circuit,Melbourne,Australia,-37.8497,144.968,-13,0,Charles Leclerc,3,0,0,0
25906,1101,815,9,3,1,25.0,51,1,2023,4,73,Azerbaijan Grand Prix,2023-04-30,Red Bull,Austrian,Sergio,Pérez,Mexican,Finished,Baku City Circuit,Baku,Azerbaijan,40.3725,49.8533,2,1,Sergio Pérez,4,1,1,1
25907,1101,830,9,2,2,18.0,51,1,2023,4,73,Azerbaijan Grand Prix,2023-04-30,Red Bull,Austrian,Max,Verstappen,Dutch,Finished,Baku City Circuit,Baku,Azerbaijan,40.3725,49.8533,0,1,Max Verstappen,4,1,0,1
25908,1101,844,6,1,3,15.0,51,1,2023,4,73,Azerbaijan Grand Prix,2023-04-30,Ferrari,Italian,Charles,Leclerc,Monegasque,Finished,Baku City Circuit,Baku,Azerbaijan,40.3725,49.8533,-2,1,Charles Leclerc,4,1,0,1
25909,1101,4,117,6,4,12.0,51,1,2023,4,73,Azerbaijan Grand Prix,2023-04-30,Aston Martin,British,Fernando,Alonso,Spanish,Finished,Baku City Circuit,Baku,Azerbaijan,40.3725,49.8533,2,1,Fernando Alonso,4,0,0,1
25910,1101,832,6,4,5,10.0,51,1,2023,4,73,Azerbaijan Grand Prix,2023-04-30,Ferrari,Italian,Carlos,Sainz,Spanish,Finished,Baku City Circuit,Baku,Azerbaijan,40.3725,49.8533,-1,1,Carlos Sainz,4,0,0,1
25911,1101,1,131,5,6,8.0,51,1,2023,4,73,Azerbaijan Grand Prix,2023-04-30,Mercedes,German,Lewis,Hamilton,British,Finished,Baku City Circuit,Baku,Azerbaijan,40.3725,49.8533,-1,1,Lewis Hamilton,4,0,0,1
25912,1101,840,117,9,7,6.0,51,1,2023,4,73,Azerbaijan Grand Prix,2023-04-30,Aston Martin,British,Lance,Stroll,Canadian,Finished,Baku City Circuit,Baku,Azerbaijan,40.3725,49.8533,2,1,Lance Stroll,4,0,0,1
25913,1101,847,131,11,8,5.0,51,1,2023,4,73,Azerbaijan Grand Prix,2023-04-30,Mercedes,German,George,Russell,British,Finished,Baku City Circuit,Baku,Azerbaijan,40.3725,49.8533,3,1,George Russell,4,0,0,1
25914,1101,846,1,7,9,2.0,51,1,2023,4,73,Azerbaijan Grand Prix,2023-04-30,McLaren,British,Lando,Norris,British,Finished,Baku City Circuit,Baku,Azerbaijan,40.3725,49.8533,-2,1,Lando Norris,4,0,0,1
25915,1101,852,213,8,10,1.0,51,1,2023,4,73,Azerbaijan Grand Prix,2023-04-30,AlphaTauri,Italian,Yuki,Tsunoda,Japanese,Finished,Baku City Circuit,Baku,Azerbaijan,40.3725,49.8533,-2,1,Yuki Tsunoda,4,0,0,1
25916,1101,857,1,10,11,0.0,51,1,2023,4,73,Azerbaijan Grand Prix,2023-04-30,McLaren,British,Oscar,Piastri,Australian,Finished,Baku City Circuit,Baku,Azerbaijan,40.3725,49.8533,-1,1,Oscar Piastri,4,0,0,0
25917,1101,848,3,12,12,0.0,51,1,2023,4,73,Azerbaijan Grand Prix,2023-04-30,Williams,British,Alexander,Albon,Thai,Finished,Baku City Circuit,Baku,Azerbaijan,40.3725,49.8533,0,1,Alexander Albon,4,0,0,0
25918,1101,825,210,16,13,0.0,51,1,2023,4,73,Azerbaijan Grand Prix,2023-04-30,Haas F1 Team,American,Kevin,Magnussen,Danish,Finished,Baku City Circuit,Baku,Azerbaijan,40.3725,49.8533,3,1,Kevin Magnussen,4,0,0,0
25919,1101,842,214,17,14,0.0,51,1,2023,4,73,Azerbaijan Grand Prix,2023-04-30,Alpine F1 Team,French,Pierre,Gasly,French,Finished,Baku City Circuit,Baku,Azerbaijan,40.3725,49.8533,3,1,Pierre Gasly,4,0,0,0
25920,1101,839,214,0,15,0.0,51,1,2023,4,73,Azerbaijan Grand Prix,2023-04-30,Alpine F1 Team,French,Esteban,Ocon,French,Finished,Baku City Circuit,Baku,Azerbaijan,40.3725,49.8533,-15,1,Esteban Ocon,4,0,0,0
25921,1101,858,3,14,16,0.0,51,1,2023,4,73,Azerbaijan Grand Prix,2023-04-30,Williams,British,Logan,Sargeant,American,Finished,Baku City Circuit,Baku,Azerbaijan,40.3725,49.8533,-2,1,Logan Sargeant,4,0,0,0
25922,1101,807,210,0,17,0.0,50,11,2023,4,73,Azerbaijan Grand Prix,2023-04-30,Haas F1 Team,American,Nico,Hülkenberg,German,+1 Lap,Baku City Circuit,Baku,Azerbaijan,40.3725,49.8533,-17,1,Nico Hülkenberg,4,0,0,0
25923,1101,822,51,13,18,0.0,50,11,2023,4,73,Azerbaijan Grand Prix,2023-04-30,Alfa Romeo,Swiss,Valtteri,Bottas,Finnish,+1 Lap,Baku City Circuit,Baku,Azerbaijan,40.3725,49.8533,-5,1,Valtteri Bottas,4,0,0,0
25924,1101,855,51,15,19,0.0,36,25,2023,4,73,Azerbaijan Grand Prix,2023-04-30,Alfa Romeo,Swiss,Guanyu,Zhou,Chinese,Overheating,Baku City Circuit,Baku,Azerbaijan,40.3725,49.8533,-4,0,Guanyu Zhou,4,0,0,0
25925,1101,856,213,18,20,0.0,9,3,2023,4,73,Azerbaijan Grand Prix,2023-04-30,AlphaTauri,Italian,Nyck,de Vries,Dutch,Accident,Baku City Circuit,Baku,Azerbaijan,40.3725,49.8533,-2,0,Nyck de Vries,4,0,0,0
25926,1102,830,9,9,1,26.0,57,1,2023,5,79,Miami Grand Prix,2023-05-07,Red Bull,Austrian,Max,Verstappen,Dutch,Finished,Miami International Autodrome,Miami,USA,25.9581,-80.2389,8,1,Max Verstappen,5,1,1,1
25927,1102,815,9,1,2,18.0,57,1,2023,5,79,Miami Grand Prix,2023-05-07,Red Bull,Austrian,Sergio,Pérez,Mexican,Finished,Miami International Autodrome,Miami,USA,25.9581,-80.2389,-1,1,Sergio Pérez,5,1,0,1
25928,1102,4,117,2,3,15.0,57,1,2023,5,79,Miami Grand Prix,2023-05-07,Aston Martin,British,Fernando,Alonso,Spanish,Finished,Miami International Autodrome,Miami,USA,25.9581,-80.2389,-1,1,Fernando Alonso,5,1,0,1
25929,1102,847,131,6,4,12.0,57,1,2023,5,79,Miami Grand Prix,2023-05-07,Mercedes,German,George,Russell,British,Finished,Miami International Autodrome,Miami,USA,25.9581,-80.2389,2,1,George Russell,5,0,0,1
25930,1102,832,6,3,5,10.0,57,1,2023,5,79,Miami Grand Prix,2023-05-07,Ferrari,Italian,Carlos,Sainz,Spanish,Finished,Miami International Autodrome,Miami,USA,25.9581,-80.2389,-2,1,Carlos Sainz,5,0,0,1
25931,1102,1,131,13,6,8.0,57,1,2023,5,79,Miami Grand Prix,2023-05-07,Mercedes,German,Lewis,Hamilton,British,Finished,Miami International Autodrome,Miami,USA,25.9581,-80.2389,7,1,Lewis Hamilton,5,0,0,1
25932,1102,844,6,7,7,6.0,57,1,2023,5,79,Miami Grand Prix,2023-05-07,Ferrari,Italian,Charles,Leclerc,Monegasque,Finished,Miami International Autodrome,Miami,USA,25.9581,-80.2389,0,1,Charles Leclerc,5,0,0,1
25933,1102,842,214,5,8,4.0,57,1,2023,5,79,Miami Grand Prix,2023-05-07,Alpine F1 Team,French,Pierre,Gasly,French,Finished,Miami International Autodrome,Miami,USA,25.9581,-80.2389,-3,1,Pierre Gasly,5,0,0,1
25934,1102,839,214,8,9,2.0,57,1,2023,5,79,Miami Grand Prix,2023-05-07,Alpine F1 Team,French,Esteban,Ocon,French,Finished,Miami International Autodrome,Miami,USA,25.9581,-80.2389,-1,1,Esteban Ocon,5,0,0,1
25935,1102,825,210,4,10,1.0,57,1,2023,5,79,Miami Grand Prix,2023-05-07,Haas F1 Team,American,Kevin,Magnussen,Danish,Finished,Miami International Autodrome,Miami,USA,25.9581,-80.2389,-6,1,Kevin Magnussen,5,0,0,1
25936,1102,852,213,17,11,0.0,57,1,2023,5,79,Miami Grand Prix,2023-05-07,AlphaTauri,Italian,Yuki,Tsunoda,Japanese,Finished,Miami International Autodrome,Miami,USA,25.9581,-80.2389,6,1,Yuki Tsunoda,5,0,0,0
25937,1102,840,117,18,12,0.0,57,1,2023,5,79,Miami Grand Prix,2023-05-07,Aston Martin,British,Lance,Stroll,Canadian,Finished,Miami International Autodrome,Miami,USA,25.9581,-80.2389,6,1,Lance Stroll,5,0,0,0
25938,1102,822,51,10,13,0.0,57,1,2023,5,79,Miami Grand Prix,2023-05-07,Alfa Romeo,Swiss,Valtteri,Bottas,Finnish,Finished,Miami International Autodrome,Miami,USA,25.9581,-80.2389,-3,1,Valtteri Bottas,5,0,0,0
25939,1102,848,3,11,14,0.0,57,1,2023,5,79,Miami Grand Prix,2023-05-07,Williams,British,Alexander,Albon,Thai,Finished,Miami International Autodrome,Miami,USA,25.9581,-80.2389,-3,1,Alexander Albon,5,0,0,0
25940,1102,807,210,12,15,0.0,57,1,2023,5,79,Miami Grand Prix,2023-05-07,Haas F1 Team,American,Nico,Hülkenberg,German,Finished,Miami International Autodrome,Miami,USA,25.9581,-80.2389,-3,1,Nico Hülkenberg,5,0,0,0
25941,1102,855,51,14,16,0.0,57,1,2023,5,79,Miami Grand Prix,2023-05-07,Alfa Romeo,Swiss,Guanyu,Zhou,Chinese,Finished,Miami International Autodrome,Miami,USA,25.9581,-80.2389,-2,1,Guanyu Zhou,5,0,0,0
25942,1102,846,1,16,17,0.0,57,1,2023,5,79,Miami Grand Prix,2023-05-07,McLaren,British,Lando,Norris,British,Finished,Miami International Autodrome,Miami,USA,25.9581,-80.2389,-1,1,Lando Norris,5,0,0,0
25943,1102,856,213,15,18,0.0,57,1,2023,5,79,Miami Grand Prix,2023-05-07,AlphaTauri,Italian,Nyck,de Vries,Dutch,Finished,Miami International Autodrome,Miami,USA,25.9581,-80.2389,-3,1,Nyck de Vries,5,0,0,0
25944,1102,857,1,19,19,0.0,56,11,2023,5,79,Miami Grand Prix,2023-05-07,McLaren,British,Oscar,Piastri,Australian,+1 Lap,Miami International Autodrome,Miami,USA,25.9581,-80.2389,0,1,Oscar Piastri,5,0,0,0
25945,1102,858,3,20,20,0.0,56,11,2023,5,79,Miami Grand Prix,2023-05-07,Williams,British,Logan,Sargeant,American,+1 Lap,Miami International Autodrome,Miami,USA,25.9581,-80.2389,0,1,Logan Sargeant,5,0,0,0
25946,1104,830,9,1,1,25.0,78,1,2023,6,6,Monaco Grand Prix,2023-05-28,Red Bull,Austrian,Max,Verstappen,Dutch,Finished,Circuit de Monaco,Monte-Carlo,Monaco,43.7347,7.42056,0,1,Max Verstappen,6,1,1,1
25947,1104,4,117,2,2,18.0,78,1,2023,6,6,Monaco Grand Prix,2023-05-28,Aston Martin,British,Fernando,Alonso,Spanish,Finished,Circuit de Monaco,Monte-Carlo,Monaco,43.7347,7.42056,0,1,Fernando Alonso,6,1,0,1
25948,1104,839,214,3,3,15.0,78,1,2023,6,6,Monaco Grand Prix,2023-05-28,Alpine F1 Team,French,Esteban,Ocon,French,Finished,Circuit de Monaco,Monte-Carlo,Monaco,43.7347,7.42056,0,1,Esteban Ocon,6,1,0,1
25949,1104,1,131,5,4,13.0,78,1,2023,6,6,Monaco Grand Prix,2023-05-28,Mercedes,German,Lewis,Hamilton,British,Finished,Circuit de Monaco,Monte-Carlo,Monaco,43.7347,7.42056,1,1,Lewis Hamilton,6,0,0,1
25950,1104,847,131,8,5,10.0,78,1,2023,6,6,Monaco Grand Prix,2023-05-28,Mercedes,German,George,Russell,British,Finished,Circuit de Monaco,Monte-Carlo,Monaco,43.7347,7.42056,3,1,George Russell,6,0,0,1
25951,1104,844,6,6,6,8.0,78,1,2023,6,6,Monaco Grand Prix,2023-05-28,Ferrari,Italian,Charles,Leclerc,Monegasque,Finished,Circuit de Monaco,Monte-Carlo,Monaco,43.7347,7.42056,0,1,Charles Leclerc,6,0,0,1
25952,1104,842,214,7,7,6.0,78,1,2023,6,6,Monaco Grand Prix,2023-05-28,Alpine F1 Team,French,Pierre,Gasly,French,Finished,Circuit de Monaco,Monte-Carlo,Monaco,43.7347,7.42056,0,1,Pierre Gasly,6,0,0,1
25953,1104,832,6,4,8,4.0,78,1,2023,6,6,Monaco Grand Prix,2023-05-28,Ferrari,Italian,Carlos,Sainz,Spanish,Finished,Circuit de Monaco,Monte-Carlo,Monaco,43.7347,7.42056,-4,1,Carlos Sainz,6,0,0,1
25954,1104,846,1,10,9,2.0,77,11,2023,6,6,Monaco Grand Prix,2023-05-28,McLaren,British,Lando,Norris,British,+1 Lap,Circuit de Monaco,Monte-Carlo,Monaco,43.7347,7.42056,1,1,Lando Norris,6,0,0,1
25955,1104,857,1,11,10,1.0,77,11,2023,6,6,Monaco Grand Prix,2023-05-28,McLaren,British,Oscar,Piastri,Australian,+1 Lap,Circuit de Monaco,Monte-Carlo,Monaco,43.7347,7.42056,1,1,Oscar Piastri,6,0,0,1
25956,1104,822,51,15,11,0.0,77,11,2023,6,6,Monaco Grand Prix,2023-05-28,Alfa Romeo,Swiss,Valtteri,Bottas,Finnish,+1 Lap,Circuit de Monaco,Monte-Carlo,Monaco,43.7347,7.42056,4,1,Valtteri Bottas,6,0,0,0
25957,1104,856,213,12,12,0.0,77,11,2023,6,6,Monaco Grand Prix,2023-05-28,AlphaTauri,Italian,Nyck,de Vries,Dutch,+1 Lap,Circuit de Monaco,Monte-Carlo,Monaco,43.7347,7.42056,0,1,Nyck de Vries,6,0,0,0
25958,1104,855,51,19,13,0.0,77,11,2023,6,6,Monaco Grand Prix,2023-05-28,Alfa Romeo,Swiss,Guanyu,Zhou,Chinese,+1 Lap,Circuit de Monaco,Monte-Carlo,Monaco,43.7347,7.42056,6,1,Guanyu Zhou,6,0,0,0
25959,1104,848,3,13,14,0.0,77,11,2023,6,6,Monaco Grand Prix,2023-05-28,Williams,British,Alexander,Albon,Thai,+1 Lap,Circuit de Monaco,Monte-Carlo,Monaco,43.7347,7.42056,-1,1,Alexander Albon,6,0,0,0
25960,1104,852,213,9,15,0.0,76,12,2023,6,6,Monaco Grand Prix,2023-05-28,AlphaTauri,Italian,Yuki,Tsunoda,Japanese,+2 Laps,Circuit de Monaco,Monte-Carlo,Monaco,43.7347,7.42056,-6,1,Yuki Tsunoda,6,0,0,0
25961,1104,815,9,20,16,0.0,76,12,2023,6,6,Monaco Grand Prix,2023-05-28,Red Bull,Austrian,Sergio,Pérez,Mexican,+2 Laps,Circuit de Monaco,Monte-Carlo,Monaco,43.7347,7.42056,4,1,Sergio Pérez,6,0,0,0
25962,1104,807,210,18,17,0.0,76,12,2023,6,6,Monaco Grand Prix,2023-05-28,Haas F1 Team,American,Nico,Hülkenberg,German,+2 Laps,Circuit de Monaco,Monte-Carlo,Monaco,43.7347,7.42056,1,1,Nico Hülkenberg,6,0,0,0
25963,1104,858,3,16,18,0.0,76,12,2023,6,6,Monaco Grand Prix,2023-05-28,Williams,British,Logan,Sargeant,American,+2 Laps,Circuit de Monaco,Monte-Carlo,Monaco,43.7347,7.42056,-2,1,Logan Sargeant,6,0,0,0
25964,1104,825,210,17,19,0.0,70,130,2023,6,6,Monaco Grand Prix,2023-05-28,Haas F1 Team,American,Kevin,Magnussen,Danish,Collision damage,Circuit de Monaco,Monte-Carlo,Monaco,43.7347,7.42056,-2,0,Kevin Magnussen,6,0,0,0
25965,1104,840,117,14,20,0.0,53,3,2023,6,6,Monaco Grand Prix,2023-05-28,Aston Martin,British,Lance,Stroll,Canadian,Accident,Circuit de Monaco,Monte-Carlo,Monaco,43.7347,7.42056,-6,0,Lance Stroll,6,0,0,0
25966,1105,830,9,1,1,26.0,66,1,2023,7,4,Spanish Grand Prix,2023-06-04,Red Bull,Austrian,Max,Verstappen,Dutch,Finished,Circuit de Barcelona-Catalunya,Montmeló,Spain,41.57,2.26111,0,1,Max Verstappen,7,1,1,1
25967,1105,1,131,4,2,18.0,66,1,2023,7,4,Spanish Grand Prix,2023-06-04,Mercedes,German,Lewis,Hamilton,British,Finished,Circuit de Barcelona-Catalunya,Montmeló,Spain,41.57,2.26111,2,1,Lewis Hamilton,7,1,0,1
25968,1105,847,131,12,3,15.0,66,1,2023,7,4,Spanish Grand Prix,2023-06-04,Mercedes,German,George,Russell,British,Finished,Circuit de Barcelona-Catalunya,Montmeló,Spain,41.57,2.26111,9,1,George Russell,7,1,0,1
25969,1105,815,9,11,4,12.0,66,1,2023,7,4,Spanish Grand Prix,2023-06-04,Red Bull,Austrian,Sergio,Pérez,Mexican,Finished,Circuit de Barcelona-Catalunya,Montmeló,Spain,41.57,2.26111,7,1,Sergio Pérez,7,0,0,1
25970,1105,832,6,2,5,10.0,66,1,2023,7,4,Spanish Grand Prix,2023-06-04,Ferrari,Italian,Carlos,Sainz,Spanish,Finished,Circuit de Barcelona-Catalunya,Montmeló,Spain,41.57,2.26111,-3,1,Carlos Sainz,7,0,0,1
25971,1105,840,117,5,6,8.0,66,1,2023,7,4,Spanish Grand Prix,2023-06-04,Aston Martin,British,Lance,Stroll,Canadian,Finished,Circuit de Barcelona-Catalunya,Montmeló,Spain,41.57,2.26111,-1,1,Lance Stroll,7,0,0,1
25972,1105,4,117,8,7,6.0,66,1,2023,7,4,Spanish Grand Prix,2023-06-04,Aston Martin,British,Fernando,Alonso,Spanish,Finished,Circuit de Barcelona-Catalunya,Montmeló,Spain,41.57,2.26111,1,1,Fernando Alonso,7,0,0,1
25973,1105,839,214,6,8,4.0,66,1,2023,7,4,Spanish Grand Prix,2023-06-04,Alpine F1 Team,French,Esteban,Ocon,French,Finished,Circuit de Barcelona-Catalunya,Montmeló,Spain,41.57,2.26111,-2,1,Esteban Ocon,7,0,0,1
25974,1105,855,51,13,9,2.0,66,1,2023,7,4,Spanish Grand Prix,2023-06-04,Alfa Romeo,Swiss,Guanyu,Zhou,Chinese,Finished,Circuit de Barcelona-Catalunya,Montmeló,Spain,41.57,2.26111,4,1,Guanyu Zhou,7,0,0,1
25975,1105,842,214,10,10,1.0,66,1,2023,7,4,Spanish Grand Prix,2023-06-04,Alpine F1 Team,French,Pierre,Gasly,French,Finished,Circuit de Barcelona-Catalunya,Montmeló,Spain,41.57,2.26111,0,1,Pierre Gasly,7,0,0,1
25976,1105,844,6,19,11,0.0,66,1,2023,7,4,Spanish Grand Prix,2023-06-04,Ferrari,Italian,Charles,Leclerc,Monegasque,Finished,Circuit de Barcelona-Catalunya,Montmeló,Spain,41.57,2.26111,8,1,Charles Leclerc,7,0,0,0
25977,1105,852,213,15,12,0.0,66,1,2023,7,4,Spanish Grand Prix,2023-06-04,AlphaTauri,Italian,Yuki,Tsunoda,Japanese,Finished,Circuit de Barcelona-Catalunya,Montmeló,Spain,41.57,2.26111,3,1,Yuki Tsunoda,7,0,0,0
25978,1105,857,1,9,13,0.0,65,11,2023,7,4,Spanish Grand Prix,2023-06-04,McLaren,British,Oscar,Piastri,Australian,+1 Lap,Circuit de Barcelona-Catalunya,Montmeló,Spain,41.57,2.26111,-4,1,Oscar Piastri,7,0,0,0
25979,1105,856,213,14,14,0.0,65,11,2023,7,4,Spanish Grand Prix,2023-06-04,AlphaTauri,Italian,Nyck,de Vries,Dutch,+1 Lap,Circuit de Barcelona-Catalunya,Montmeló,Spain,41.57,2.26111,0,1,Nyck de Vries,7,0,0,0
25980,1105,807,210,7,15,0.0,65,11,2023,7,4,Spanish Grand Prix,2023-06-04,Haas F1 Team,American,Nico,Hülkenberg,German,+1 Lap,Circuit de Barcelona-Catalunya,Montmeló,Spain,41.57,2.26111,-8,1,Nico Hülkenberg,7,0,0,0
25981,1105,848,3,18,16,0.0,65,11,2023,7,4,Spanish Grand Prix,2023-06-04,Williams,British,Alexander,Albon,Thai,+1 Lap,Circuit de Barcelona-Catalunya,Montmeló,Spain,41.57,2.26111,2,1,Alexander Albon,7,0,0,0
25982,1105,846,1,3,17,0.0,65,11,2023,7,4,Spanish Grand Prix,2023-06-04,McLaren,British,Lando,Norris,British,+1 Lap,Circuit de Barcelona-Catalunya,Montmeló,Spain,41.57,2.26111,-14,1,Lando Norris,7,0,0,0
25983,1105,825,210,17,18,0.0,65,11,2023,7,4,Spanish Grand Prix,2023-06-04,Haas F1 Team,American,Kevin,Magnussen,Danish,+1 Lap,Circuit de Barcelona-Catalunya,Montmeló,Spain,41.57,2.26111,-1,1,Kevin Magnussen,7,0,0,0
25984,1105,822,51,16,19,0.0,65,11,2023,7,4,Spanish Grand Prix,2023-06-04,Alfa Romeo,Swiss,Valtteri,Bottas,Finnish,+1 Lap,Circuit de Barcelona-Catalunya,Montmeló,Spain,41.57,2.26111,-3,1,Valtteri Bottas,7,0,0,0
25985,1105,858,3,20,20,0.0,65,11,2023,7,4,Spanish Grand Prix,2023-06-04,Williams,British,Logan,Sargeant,American,+1 Lap,Circuit de Barcelona-Catalunya,Montmeló,Spain,41.57,2.26111,0,1,Logan Sargeant,7,0,0,0
25986,1106,830,9,1,1,25.0,70,1,2023,8,7,Canadian Grand Prix,2023-06-18,Red Bull,Austrian,Max,Verstappen,Dutch,Finished,Circuit Gilles Villeneuve,Montreal,Canada,45.5,-73.5228,0,1,Max Verstappen,8,1,1,1
25987,1106,4,117,2,2,18.0,70,1,2023,8,7,Canadian Grand Prix,2023-06-18,Aston Martin,British,Fernando,Alonso,Spanish,Finished,Circuit Gilles Villeneuve,Montreal,Canada,45.5,-73.5228,0,1,Fernando Alonso,8,1,0,1
25988,1106,1,131,3,3,15.0,70,1,2023,8,7,Canadian Grand Prix,2023-06-18,Mercedes,German,Lewis,Hamilton,British,Finished,Circuit Gilles Villeneuve,Montreal,Canada,45.5,-73.5228,0,1,Lewis Hamilton,8,1,0,1
25989,1106,844,6,10,4,12.0,70,1,2023,8,7,Canadian Grand Prix,2023-06-18,Ferrari,Italian,Charles,Leclerc,Monegasque,Finished,Circuit Gilles Villeneuve,Montreal,Canada,45.5,-73.5228,6,1,Charles Leclerc,8,0,0,1
25990,1106,832,6,11,5,10.0,70,1,2023,8,7,Canadian Grand Prix,2023-06-18,Ferrari,Italian,Carlos,Sainz,Spanish,Finished,Circuit Gilles Villeneuve,Montreal,Canada,45.5,-73.5228,6,1,Carlos Sainz,8,0,0,1
25991,1106,815,9,12,6,9.0,70,1,2023,8,7,Canadian Grand Prix,2023-06-18,Red Bull,Austrian,Sergio,Pérez,Mexican,Finished,Circuit Gilles Villeneuve,Montreal,Canada,45.5,-73.5228,6,1,Sergio Pérez,8,0,0,1
25992,1106,848,3,9,7,6.0,70,1,2023,8,7,Canadian Grand Prix,2023-06-18,Williams,British,Alexander,Albon,Thai,Finished,Circuit Gilles Villeneuve,Montreal,Canada,45.5,-73.5228,2,1,Alexander Albon,8,0,0,1
25993,1106,839,214,6,8,4.0,70,1,2023,8,7,Canadian Grand Prix,2023-06-18,Alpine F1 Team,French,Esteban,Ocon,French,Finished,Circuit Gilles Villeneuve,Montreal,Canada,45.5,-73.5228,-2,1,Esteban Ocon,8,0,0,1
25994,1106,840,117,16,9,2.0,70,1,2023,8,7,Canadian Grand Prix,2023-06-18,Aston Martin,British,Lance,Stroll,Canadian,Finished,Circuit Gilles Villeneuve,Montreal,Canada,45.5,-73.5228,7,1,Lance Stroll,8,0,0,1
25995,1106,822,51,14,10,1.0,70,1,2023,8,7,Canadian Grand Prix,2023-06-18,Alfa Romeo,Swiss,Valtteri,Bottas,Finnish,Finished,Circuit Gilles Villeneuve,Montreal,Canada,45.5,-73.5228,4,1,Valtteri Bottas,8,0,0,1
25996,1106,857,1,8,11,0.0,70,1,2023,8,7,Canadian Grand Prix,2023-06-18,McLaren,British,Oscar,Piastri,Australian,Finished,Circuit Gilles Villeneuve,Montreal,Canada,45.5,-73.5228,-3,1,Oscar Piastri,8,0,0,0
25997,1106,842,214,15,12,0.0,70,1,2023,8,7,Canadian Grand Prix,2023-06-18,Alpine F1 Team,French,Pierre,Gasly,French,Finished,Circuit Gilles Villeneuve,Montreal,Canada,45.5,-73.5228,3,1,Pierre Gasly,8,0,0,0
25998,1106,846,1,7,13,0.0,70,1,2023,8,7,Canadian Grand Prix,2023-06-18,McLaren,British,Lando,Norris,British,Finished,Circuit Gilles Villeneuve,Montreal,Canada,45.5,-73.5228,-6,1,Lando Norris,8,0,0,0
25999,1106,852,213,19,14,0.0,70,1,2023,8,7,Canadian Grand Prix,2023-06-18,AlphaTauri,Italian,Yuki,Tsunoda,Japanese,Finished,Circuit Gilles Villeneuve,Montreal,Canada,45.5,-73.5228,5,1,Yuki Tsunoda,8,0,0,0
26000,1106,807,210,5,15,0.0,69,11,2023,8,7,Canadian Grand Prix,2023-06-18,Haas F1 Team,American,Nico,Hülkenberg,German,+1 Lap,Circuit Gilles Villeneuve,Montreal,Canada,45.5,-73.5228,-10,1,Nico Hülkenberg,8,0,0,0
26001,1106,855,51,20,16,0.0,69,11,2023,8,7,Canadian Grand Prix,2023-06-18,Alfa Romeo,Swiss,Guanyu,Zhou,Chinese,+1 Lap,Circuit Gilles Villeneuve,Montreal,Canada,45.5,-73.5228,4,1,Guanyu Zhou,8,0,0,0
26002,1106,825,210,13,17,0.0,69,11,2023,8,7,Canadian Grand Prix,2023-06-18,Haas F1 Team,American,Kevin,Magnussen,Danish,+1 Lap,Circuit Gilles Villeneuve,Montreal,Canada,45.5,-73.5228,-4,1,Kevin Magnussen,8,0,0,0
26003,1106,856,213,17,18,0.0,69,11,2023,8,7,Canadian Grand Prix,2023-06-18,AlphaTauri,Italian,Nyck,de Vries,Dutch,+1 Lap,Circuit Gilles Villeneuve,Montreal,Canada,45.5,-73.5228,-1,1,Nyck de Vries,8,0,0,0
26004,1106,847,131,4,19,0.0,53,23,2023,8,7,Canadian Grand Prix,2023-06-18,Mercedes,German,George,Russell,British,Brakes,Circuit Gilles Villeneuve,Montreal,Canada,45.5,-73.5228,-15,0,George Russell,8,0,0,0
26005,1106,858,3,18,20,0.0,6,5,2023,8,7,Canadian Grand Prix,2023-06-18,Williams,British,Logan,Sargeant,American,Engine,Circuit Gilles Villeneuve,Montreal,Canada,45.5,-73.5228,-2,0,Logan Sargeant,8,0,0,0
26006,1107,830,9,1,1,26.0,71,1,2023,9,70,Austrian Grand Prix,2023-07-02,Red Bull,Austrian,Max,Verstappen,Dutch,Finished,Red Bull Ring,Spielberg,Austria,47.2197,14.7647,0,1,Max Verstappen,9,1,1,1
26007,1107,844,6,2,2,18.0,71,1,2023,9,70,Austrian Grand Prix,2023-07-02,Ferrari,Italian,Charles,Leclerc,Monegasque,Finished,Red Bull Ring,Spielberg,Austria,47.2197,14.7647,0,1,Charles Leclerc,9,1,0,1
26008,1107,815,9,15,3,15.0,71,1,2023,9,70,Austrian Grand Prix,2023-07-02,Red Bull,Austrian,Sergio,Pérez,Mexican,Finished,Red Bull Ring,Spielberg,Austria,47.2197,14.7647,12,1,Sergio Pérez,9,1,0,1
26009,1107,846,1,4,4,12.0,71,1,2023,9,70,Austrian Grand Prix,2023-07-02,McLaren,British,Lando,Norris,British,Finished,Red Bull Ring,Spielberg,Austria,47.2197,14.7647,0,1,Lando Norris,9,0,0,1
26010,1107,4,117,7,5,10.0,71,1,2023,9,70,Austrian Grand Prix,2023-07-02,Aston Martin,British,Fernando,Alonso,Spanish,Finished,Red Bull Ring,Spielberg,Austria,47.2197,14.7647,2,1,Fernando Alonso,9,0,0,1
26011,1107,832,6,3,6,8.0,71,1,2023,9,70,Austrian Grand Prix,2023-07-02,Ferrari,Italian,Carlos,Sainz,Spanish,Finished,Red Bull Ring,Spielberg,Austria,47.2197,14.7647,-3,1,Carlos Sainz,9,0,0,1
26012,1107,847,131,11,7,6.0,71,1,2023,9,70,Austrian Grand Prix,2023-07-02,Mercedes,German,George,Russell,British,Finished,Red Bull Ring,Spielberg,Austria,47.2197,14.7647,4,1,George Russell,9,0,0,1
26013,1107,1,131,5,8,4.0,71,1,2023,9,70,Austrian Grand Prix,2023-07-02,Mercedes,German,Lewis,Hamilton,British,Finished,Red Bull Ring,Spielberg,Austria,47.2197,14.7647,-3,1,Lewis Hamilton,9,0,0,1
26014,1107,840,117,6,9,2.0,71,1,2023,9,70,Austrian Grand Prix,2023-07-02,Aston Martin,British,Lance,Stroll,Canadian,Finished,Red Bull Ring,Spielberg,Austria,47.2197,14.7647,-3,1,Lance Stroll,9,0,0,1
26015,1107,842,214,9,10,1.0,71,1,2023,9,70,Austrian Grand Prix,2023-07-02,Alpine F1 Team,French,Pierre,Gasly,French,Finished,Red Bull Ring,Spielberg,Austria,47.2197,14.7647,-1,1,Pierre Gasly,9,0,0,1
26016,1107,848,3,10,11,0.0,71,1,2023,9,70,Austrian Grand Prix,2023-07-02,Williams,British,Alexander,Albon,Thai,Finished,Red Bull Ring,Spielberg,Austria,47.2197,14.7647,-1,1,Alexander Albon,9,0,0,0
26017,1107,855,51,17,12,0.0,70,11,2023,9,70,Austrian Grand Prix,2023-07-02,Alfa Romeo,Swiss,Guanyu,Zhou,Chinese,+1 Lap,Red Bull Ring,Spielberg,Austria,47.2197,14.7647,5,1,Guanyu Zhou,9,0,0,0
26018,1107,858,3,18,13,0.0,70,11,2023,9,70,Austrian Grand Prix,2023-07-02,Williams,British,Logan,Sargeant,American,+1 Lap,Red Bull Ring,Spielberg,Austria,47.2197,14.7647,5,1,Logan Sargeant,9,0,0,0
26019,1107,839,214,12,14,0.0,70,11,2023,9,70,Austrian Grand Prix,2023-07-02,Alpine F1 Team,French,Esteban,Ocon,French,+1 Lap,Red Bull Ring,Spielberg,Austria,47.2197,14.7647,-2,1,Esteban Ocon,9,0,0,0
26020,1107,822,51,14,15,0.0,70,11,2023,9,70,Austrian Grand Prix,2023-07-02,Alfa Romeo,Swiss,Valtteri,Bottas,Finnish,+1 Lap,Red Bull Ring,Spielberg,Austria,47.2197,14.7647,-1,1,Valtteri Bottas,9,0,0,0
26021,1107,857,1,13,16,0.0,70,11,2023,9,70,Austrian Grand Prix,2023-07-02,McLaren,British,Oscar,Piastri,Australian,+1 Lap,Red Bull Ring,Spielberg,Austria,47.2197,14.7647,-3,1,Oscar Piastri,9,0,0,0
26022,1107,856,213,0,17,0.0,70,11,2023,9,70,Austrian Grand Prix,2023-07-02,AlphaTauri,Italian,Nyck,de Vries,Dutch,+1 Lap,Red Bull Ring,Spielberg,Austria,47.2197,14.7647,-17,1,Nyck de Vries,9,0,0,0
26023,1107,825,210,0,18,0.0,70,11,2023,9,70,Austrian Grand Prix,2023-07-02,Haas F1 Team,American,Kevin,Magnussen,Danish,+1 Lap,Red Bull Ring,Spielberg,Austria,47.2197,14.7647,-18,1,Kevin Magnussen,9,0,0,0
26024,1107,852,213,16,19,0.0,70,11,2023,9,70,Austrian Grand Prix,2023-07-02,AlphaTauri,Italian,Yuki,Tsunoda,Japanese,+1 Lap,Red Bull Ring,Spielberg,Austria,47.2197,14.7647,-3,1,Yuki Tsunoda,9,0,0,0
26025,1107,807,210,8,20,0.0,12,75,2023,9,70,Austrian Grand Prix,2023-07-02,Haas F1 Team,American,Nico,Hülkenberg,German,Power loss,Red Bull Ring,Spielberg,Austria,47.2197,14.7647,-12,0,Nico Hülkenberg,9,0,0,0
26026,1108,830,9,1,1,26.0,52,1,2023,10,9,British Grand Prix,2023-07-09,Red Bull,Austrian,Max,Verstappen,Dutch,Finished,Silverstone Circuit,Silverstone,UK,52.0786,-1.01694,0,1,Max Verstappen,10,1,1,1
26027,1108,846,1,2,2,18.0,52,1,2023,10,9,British Grand Prix,2023-07-09,McLaren,British,Lando,Norris,British,Finished,Silverstone Circuit,Silverstone,UK,52.0786,-1.01694,0,1,Lando Norris,10,1,0,1
26028,1108,1,131,7,3,15.0,52,1,2023,10,9,British Grand Prix,2023-07-09,Mercedes,German,Lewis,Hamilton,British,Finished,Silverstone Circuit,Silverstone,UK,52.0786,-1.01694,4,1,Lewis Hamilton,10,1,0,1
26029,1108,857,1,3,4,12.0,52,1,2023,10,9,British Grand Prix,2023-07-09,McLaren,British,Oscar,Piastri,Australian,Finished,Silverstone Circuit,Silverstone,UK,52.0786,-1.01694,-1,1,Oscar Piastri,10,0,0,1
26030,1108,847,131,6,5,10.0,52,1,2023,10,9,British Grand Prix,2023-07-09,Mercedes,German,George,Russell,British,Finished,Silverstone Circuit,Silverstone,UK,52.0786,-1.01694,1,1,George Russell,10,0,0,1
26031,1108,815,9,15,6,8.0,52,1,2023,10,9,British Grand Prix,2023-07-09,Red Bull,Austrian,Sergio,Pérez,Mexican,Finished,Silverstone Circuit,Silverstone,UK,52.0786,-1.01694,9,1,Sergio Pérez,10,0,0,1
26032,1108,4,117,9,7,6.0,52,1,2023,10,9,British Grand Prix,2023-07-09,Aston Martin,British,Fernando,Alonso,Spanish,Finished,Silverstone Circuit,Silverstone,UK,52.0786,-1.01694,2,1,Fernando Alonso,10,0,0,1
26033,1108,848,3,8,8,4.0,52,1,2023,10,9,British Grand Prix,2023-07-09,Williams,British,Alexander,Albon,Thai,Finished,Silverstone Circuit,Silverstone,UK,52.0786,-1.01694,0,1,Alexander Albon,10,0,0,1
26034,1108,844,6,4,9,2.0,52,1,2023,10,9,British Grand Prix,2023-07-09,Ferrari,Italian,Charles,Leclerc,Monegasque,Finished,Silverstone Circuit,Silverstone,UK,52.0786,-1.01694,-5,1,Charles Leclerc,10,0,0,1
26035,1108,832,6,5,10,1.0,52,1,2023,10,9,British Grand Prix,2023-07-09,Ferrari,Italian,Carlos,Sainz,Spanish,Finished,Silverstone Circuit,Silverstone,UK,52.0786,-1.01694,-5,1,Carlos Sainz,10,0,0,1
26036,1108,858,3,14,11,0.0,52,1,2023,10,9,British Grand Prix,2023-07-09,Williams,British,Logan,Sargeant,American,Finished,Silverstone Circuit,Silverstone,UK,52.0786,-1.01694,3,1,Logan Sargeant,10,0,0,0
26037,1108,822,51,20,12,0.0,52,1,2023,10,9,British Grand Prix,2023-07-09,Alfa Romeo,Swiss,Valtteri,Bottas,Finnish,Finished,Silverstone Circuit,Silverstone,UK,52.0786,-1.01694,8,1,Valtteri Bottas,10,0,0,0
26038,1108,807,210,11,13,0.0,52,1,2023,10,9,British Grand Prix,2023-07-09,Haas F1 Team,American,Nico,Hülkenberg,German,Finished,Silverstone Circuit,Silverstone,UK,52.0786,-1.01694,-2,1,Nico Hülkenberg,10,0,0,0
26039,1108,840,117,12,14,0.0,52,1,2023,10,9,British Grand Prix,2023-07-09,Aston Martin,British,Lance,Stroll,Canadian,Finished,Silverstone Circuit,Silverstone,UK,52.0786,-1.01694,-2,1,Lance Stroll,10,0,0,0
26040,1108,855,51,17,15,0.0,52,1,2023,10,9,British Grand Prix,2023-07-09,Alfa Romeo,Swiss,Guanyu,Zhou,Chinese,Finished,Silverstone Circuit,Silverstone,UK,52.0786,-1.01694,2,1,Guanyu Zhou,10,0,0,0
26041,1108,852,213,16,16,0.0,52,1,2023,10,9,British Grand Prix,2023-07-09,AlphaTauri,Italian,Yuki,Tsunoda,Japanese,Finished,Silverstone Circuit,Silverstone,UK,52.0786,-1.01694,0,1,Yuki Tsunoda,10,0,0,0
26042,1108,856,213,18,17,0.0,52,1,2023,10,9,British Grand Prix,2023-07-09,AlphaTauri,Italian,Nyck,de Vries,Dutch,Finished,Silverstone Circuit,Silverstone,UK,52.0786,-1.01694,1,1,Nyck de Vries,10,0,0,0
26043,1108,842,214,10,18,0.0,46,130,2023,10,9,British Grand Prix,2023-07-09,Alpine F1 Team,French,Pierre,Gasly,French,Collision damage,Silverstone Circuit,Silverstone,UK,52.0786,-1.01694,-8,0,Pierre Gasly,10,0,0,0
26044,1108,825,210,19,19,0.0,31,5,2023,10,9,British Grand Prix,2023-07-09,Haas F1 Team,American,Kevin,Magnussen,Danish,Engine,Silverstone Circuit,Silverstone,UK,52.0786,-1.01694,0,0,Kevin Magnussen,10,0,0,0
26045,1108,839,214,13,20,0.0,9,44,2023,10,9,British Grand Prix,2023-07-09,Alpine F1 Team,French,Esteban,Ocon,French,Oil leak,Silverstone Circuit,Silverstone,UK,52.0786,-1.01694,-7,0,Esteban Ocon,10,0,0,0
26046,1109,830,9,2,1,26.0,70,1,2023,11,11,Hungarian Grand Prix,2023-07-23,Red Bull,Austrian,Max,Verstappen,Dutch,Finished,Hungaroring,Budapest,Hungary,47.5789,19.2486,1,1,Max Verstappen,11,1,1,1
26047,1109,846,1,3,2,18.0,70,1,2023,11,11,Hungarian Grand Prix,2023-07-23,McLaren,British,Lando,Norris,British,Finished,Hungaroring,Budapest,Hungary,47.5789,19.2486,1,1,Lando Norris,11,1,0,1
26048,1109,815,9,9,3,15.0,70,1,2023,11,11,Hungarian Grand Prix,2023-07-23,Red Bull,Austrian,Sergio,Pérez,Mexican,Finished,Hungaroring,Budapest,Hungary,47.5789,19.2486,6,1,Sergio Pérez,11,1,0,1
26049,1109,1,131,1,4,12.0,70,1,2023,11,11,Hungarian Grand Prix,2023-07-23,Mercedes,German,Lewis,Hamilton,British,Finished,Hungaroring,Budapest,Hungary,47.5789,19.2486,-3,1,Lewis Hamilton,11,0,0,1
26050,1109,857,1,4,5,10.0,70,1,2023,11,11,Hungarian Grand Prix,2023-07-23,McLaren,British,Oscar,Piastri,Australian,Finished,Hungaroring,Budapest,Hungary,47.5789,19.2486,-1,1,Oscar Piastri,11,0,0,1
26051,1109,847,131,18,6,8.0,70,1,2023,11,11,Hungarian Grand Prix,2023-07-23,Mercedes,German,George,Russell,British,Finished,Hungaroring,Budapest,Hungary,47.5789,19.2486,12,1,George Russell,11,0,0,1
26052,1109,844,6,6,7,6.0,70,1,2023,11,11,Hungarian Grand Prix,2023-07-23,Ferrari,Italian,Charles,Leclerc,Monegasque,Finished,Hungaroring,Budapest,Hungary,47.5789,19.2486,-1,1,Charles Leclerc,11,0,0,1
26053,1109,832,6,11,8,4.0,70,1,2023,11,11,Hungarian Grand Prix,2023-07-23,Ferrari,Italian,Carlos,Sainz,Spanish,Finished,Hungaroring,Budapest,Hungary,47.5789,19.2486,3,1,Carlos Sainz,11,0,0,1
26054,1109,4,117,8,9,2.0,70,1,2023,11,11,Hungarian Grand Prix,2023-07-23,Aston Martin,British,Fernando,Alonso,Spanish,Finished,Hungaroring,Budapest,Hungary,47.5789,19.2486,-1,1,Fernando Alonso,11,0,0,1
26055,1109,840,117,14,10,1.0,69,11,2023,11,11,Hungarian Grand Prix,2023-07-23,Aston Martin,British,Lance,Stroll,Canadian,+1 Lap,Hungaroring,Budapest,Hungary,47.5789,19.2486,4,1,Lance Stroll,11,0,0,1
26056,1109,848,3,16,11,0.0,69,11,2023,11,11,Hungarian Grand Prix,2023-07-23,Williams,British,Alexander,Albon,Thai,+1 Lap,Hungaroring,Budapest,Hungary,47.5789,19.2486,5,1,Alexander Albon,11,0,0,0
26057,1109,822,51,7,12,0.0,69,11,2023,11,11,Hungarian Grand Prix,2023-07-23,Alfa Romeo,Swiss,Valtteri,Bottas,Finnish,+1 Lap,Hungaroring,Budapest,Hungary,47.5789,19.2486,-5,1,Valtteri Bottas,11,0,0,0
26058,1109,817,213,13,13,0.0,69,11,2023,11,11,Hungarian Grand Prix,2023-07-23,AlphaTauri,Italian,Daniel,Ricciardo,Australian,+1 Lap,Hungaroring,Budapest,Hungary,47.5789,19.2486,0,1,Daniel Ricciardo,11,0,0,0
26059,1109,807,210,10,14,0.0,69,11,2023,11,11,Hungarian Grand Prix,2023-07-23,Haas F1 Team,American,Nico,Hülkenberg,German,+1 Lap,Hungaroring,Budapest,Hungary,47.5789,19.2486,-4,1,Nico Hülkenberg,11,0,0,0
26060,1109,852,213,17,15,0.0,69,11,2023,11,11,Hungarian Grand Prix,2023-07-23,AlphaTauri,Italian,Yuki,Tsunoda,Japanese,+1 Lap,Hungaroring,Budapest,Hungary,47.5789,19.2486,2,1,Yuki Tsunoda,11,0,0,0
26061,1109,855,51,5,16,0.0,69,11,2023,11,11,Hungarian Grand Prix,2023-07-23,Alfa Romeo,Swiss,Guanyu,Zhou,Chinese,+1 Lap,Hungaroring,Budapest,Hungary,47.5789,19.2486,-11,1,Guanyu Zhou,11,0,0,0
26062,1109,825,210,19,17,0.0,69,11,2023,11,11,Hungarian Grand Prix,2023-07-23,Haas F1 Team,American,Kevin,Magnussen,Danish,+1 Lap,Hungaroring,Budapest,Hungary,47.5789,19.2486,2,1,Kevin Magnussen,11,0,0,0
26063,1109,858,3,20,18,0.0,67,31,2023,11,11,Hungarian Grand Prix,2023-07-23,Williams,British,Logan,Sargeant,American,Retired,Hungaroring,Budapest,Hungary,47.5789,19.2486,2,0,Logan Sargeant,11,0,0,0
26064,1109,839,214,12,19,0.0,2,130,2023,11,11,Hungarian Grand Prix,2023-07-23,Alpine F1 Team,French,Esteban,Ocon,French,Collision damage,Hungaroring,Budapest,Hungary,47.5789,19.2486,-7,0,Esteban Ocon,11,0,0,0
26065,1109,842,214,15,20,0.0,1,130,2023,11,11,Hungarian Grand Prix,2023-07-23,Alpine F1 Team,French,Pierre,Gasly,French,Collision damage,Hungaroring,Budapest,Hungary,47.5789,19.2486,-5,0,Pierre Gasly,11,0,0,0
26066,1110,830,9,6,1,25.0,44,1,2023,12,13,Belgian Grand Prix,2023-07-30,Red Bull,Austrian,Max,Verstappen,Dutch,Finished,Circuit de Spa-Francorchamps,Spa,Belgium,50.4372,5.97139,5,1,Max Verstappen,12,1,1,1
26067,1110,815,9,2,2,18.0,44,1,2023,12,13,Belgian Grand Prix,2023-07-30,Red Bull,Austrian,Sergio,Pérez,Mexican,Finished,Circuit de Spa-Francorchamps,Spa,Belgium,50.4372,5.97139,0,1,Sergio Pérez,12,1,0,1
26068,1110,844,6,1,3,15.0,44,1,2023,12,13,Belgian Grand Prix,2023-07-30,Ferrari,Italian,Charles,Leclerc,Monegasque,Finished,Circuit de Spa-Francorchamps,Spa,Belgium,50.4372,5.97139,-2,1,Charles Leclerc,12,1,0,1
26069,1110,1,131,3,4,13.0,44,1,2023,12,13,Belgian Grand Prix,2023-07-30,Mercedes,German,Lewis,Hamilton,British,Finished,Circuit de Spa-Francorchamps,Spa,Belgium,50.4372,5.97139,-1,1,Lewis Hamilton,12,0,0,1
26070,1110,4,117,9,5,10.0,44,1,2023,12,13,Belgian Grand Prix,2023-07-30,Aston Martin,British,Fernando,Alonso,Spanish,Finished,Circuit de Spa-Francorchamps,Spa,Belgium,50.4372,5.97139,4,1,Fernando Alonso,12,0,0,1
26071,1110,847,131,8,6,8.0,44,1,2023,12,13,Belgian Grand Prix,2023-07-30,Mercedes,German,George,Russell,British,Finished,Circuit de Spa-Francorchamps,Spa,Belgium,50.4372,5.97139,2,1,George Russell,12,0,0,1
26072,1110,846,1,7,7,6.0,44,1,2023,12,13,Belgian Grand Prix,2023-07-30,McLaren,British,Lando,Norris,British,Finished,Circuit de Spa-Francorchamps,Spa,Belgium,50.4372,5.97139,0,1,Lando Norris,12,0,0,1
26073,1110,839,214,14,8,4.0,44,1,2023,12,13,Belgian Grand Prix,2023-07-30,Alpine F1 Team,French,Esteban,Ocon,French,Finished,Circuit de Spa-Francorchamps,Spa,Belgium,50.4372,5.97139,6,1,Esteban Ocon,12,0,0,1
26074,1110,840,117,10,9,2.0,44,1,2023,12,13,Belgian Grand Prix,2023-07-30,Aston Martin,British,Lance,Stroll,Canadian,Finished,Circuit de Spa-Francorchamps,Spa,Belgium,50.4372,5.97139,1,1,Lance Stroll,12,0,0,1
26075,1110,852,213,11,10,1.0,44,1,2023,12,13,Belgian Grand Prix,2023-07-30,AlphaTauri,Italian,Yuki,Tsunoda,Japanese,Finished,Circuit de Spa-Francorchamps,Spa,Belgium,50.4372,5.97139,1,1,Yuki Tsunoda,12,0,0,1
26076,1110,842,214,12,11,0.0,44,1,2023,12,13,Belgian Grand Prix,2023-07-30,Alpine F1 Team,French,Pierre,Gasly,French,Finished,Circuit de Spa-Francorchamps,Spa,Belgium,50.4372,5.97139,1,1,Pierre Gasly,12,0,0,0
26077,1110,822,51,13,12,0.0,44,1,2023,12,13,Belgian Grand Prix,2023-07-30,Alfa Romeo,Swiss,Valtteri,Bottas,Finnish,Finished,Circuit de Spa-Francorchamps,Spa,Belgium,50.4372,5.97139,1,1,Valtteri Bottas,12,0,0,0
26078,1110,855,51,17,13,0.0,44,1,2023,12,13,Belgian Grand Prix,2023-07-30,Alfa Romeo,Swiss,Guanyu,Zhou,Chinese,Finished,Circuit de Spa-Francorchamps,Spa,Belgium,50.4372,5.97139,4,1,Guanyu Zhou,12,0,0,0
26079,1110,848,3,15,14,0.0,44,1,2023,12,13,Belgian Grand Prix,2023-07-30,Williams,British,Alexander,Albon,Thai,Finished,Circuit de Spa-Francorchamps,Spa,Belgium,50.4372,5.97139,1,1,Alexander Albon,12,0,0,0
26080,1110,825,210,16,15,0.0,44,1,2023,12,13,Belgian Grand Prix,2023-07-30,Haas F1 Team,American,Kevin,Magnussen,Danish,Finished,Circuit de Spa-Francorchamps,Spa,Belgium,50.4372,5.97139,1,1,Kevin Magnussen,12,0,0,0
26081,1110,817,213,19,16,0.0,44,1,2023,12,13,Belgian Grand Prix,2023-07-30,AlphaTauri,Italian,Daniel,Ricciardo,Australian,Finished,Circuit de Spa-Francorchamps,Spa,Belgium,50.4372,5.97139,3,1,Daniel Ricciardo,12,0,0,0
26082,1110,858,3,18,17,0.0,44,1,2023,12,13,Belgian Grand Prix,2023-07-30,Williams,British,Logan,Sargeant,American,Finished,Circuit de Spa-Francorchamps,Spa,Belgium,50.4372,5.97139,1,1,Logan Sargeant,12,0,0,0
26083,1110,807,210,0,18,0.0,44,1,2023,12,13,Belgian Grand Prix,2023-07-30,Haas F1 Team,American,Nico,Hülkenberg,German,Finished,Circuit de Spa-Francorchamps,Spa,Belgium,50.4372,5.97139,-18,1,Nico Hülkenberg,12,0,0,0
26084,1110,832,6,4,19,0.0,23,130,2023,12,13,Belgian Grand Prix,2023-07-30,Ferrari,Italian,Carlos,Sainz,Spanish,Collision damage,Circuit de Spa-Francorchamps,Spa,Belgium,50.4372,5.97139,-15,0,Carlos Sainz,12,0,0,0
26085,1110,857,1,5,20,0.0,0,130,2023,12,13,Belgian Grand Prix,2023-07-30,McLaren,British,Oscar,Piastri,Australian,Collision damage,Circuit de Spa-Francorchamps,Spa,Belgium,50.4372,5.97139,-15,0,Oscar Piastri,12,0,0,0
26086,1111,830,9,1,1,25.0,72,1,2023,13,39,Dutch Grand Prix,2023-08-27,Red Bull,Austrian,Max,Verstappen,Dutch,Finished,Circuit Park Zandvoort,Zandvoort,Netherlands,52.3888,4.54092,0,1,Max Verstappen,13,1,1,1
26087,1111,4,117,5,2,19.0,72,1,2023,13,39,Dutch Grand Prix,2023-08-27,Aston Martin,British,Fernando,Alonso,Spanish,Finished,Circuit Park Zandvoort,Zandvoort,Netherlands,52.3888,4.54092,3,1,Fernando Alonso,13,1,0,1
26088,1111,842,214,12,3,15.0,72,1,2023,13,39,Dutch Grand Prix,2023-08-27,Alpine F1 Team,French,Pierre,Gasly,French,Finished,Circuit Park Zandvoort,Zandvoort,Netherlands,52.3888,4.54092,9,1,Pierre Gasly,13,1,0,1
26089,1111,815,9,7,4,12.0,72,1,2023,13,39,Dutch Grand Prix,2023-08-27,Red Bull,Austrian,Sergio,Pérez,Mexican,Finished,Circuit Park Zandvoort,Zandvoort,Netherlands,52.3888,4.54092,3,1,Sergio Pérez,13,0,0,1
26090,1111,832,6,6,5,10.0,72,1,2023,13,39,Dutch Grand Prix,2023-08-27,Ferrari,Italian,Carlos,Sainz,Spanish,Finished,Circuit Park Zandvoort,Zandvoort,Netherlands,52.3888,4.54092,1,1,Carlos Sainz,13,0,0,1
26091,1111,1,131,13,6,8.0,72,1,2023,13,39,Dutch Grand Prix,2023-08-27,Mercedes,German,Lewis,Hamilton,British,Finished,Circuit Park Zandvoort,Zandvoort,Netherlands,52.3888,4.54092,7,1,Lewis Hamilton,13,0,0,1
26092,1111,846,1,2,7,6.0,72,1,2023,13,39,Dutch Grand Prix,2023-08-27,McLaren,British,Lando,Norris,British,Finished,Circuit Park Zandvoort,Zandvoort,Netherlands,52.3888,4.54092,-5,1,Lando Norris,13,0,0,1
26093,1111,848,3,4,8,4.0,72,1,2023,13,39,Dutch Grand Prix,2023-08-27,Williams,British,Alexander,Albon,Thai,Finished,Circuit Park Zandvoort,Zandvoort,Netherlands,52.3888,4.54092,-4,1,Alexander Albon,13,0,0,1
26094,1111,857,1,8,9,2.0,72,1,2023,13,39,Dutch Grand Prix,2023-08-27,McLaren,British,Oscar,Piastri,Australian,Finished,Circuit Park Zandvoort,Zandvoort,Netherlands,52.3888,4.54092,-1,1,Oscar Piastri,13,0,0,1
26095,1111,839,214,16,10,1.0,72,1,2023,13,39,Dutch Grand Prix,2023-08-27,Alpine F1 Team,French,Esteban,Ocon,French,Finished,Circuit Park Zandvoort,Zandvoort,Netherlands,52.3888,4.54092,6,1,Esteban Ocon,13,0,0,1
26096,1111,840,117,11,11,0.0,72,1,2023,13,39,Dutch Grand Prix,2023-08-27,Aston Martin,British,Lance,Stroll,Canadian,Finished,Circuit Park Zandvoort,Zandvoort,Netherlands,52.3888,4.54092,0,1,Lance Stroll,13,0,0,0
26097,1111,807,210,14,12,0.0,72,1,2023,13,39,Dutch Grand Prix,2023-08-27,Haas F1 Team,American,Nico,Hülkenberg,German,Finished,Circuit Park Zandvoort,Zandvoort,Netherlands,52.3888,4.54092,2,1,Nico Hülkenberg,13,0,0,0
26098,1111,859,213,19,13,0.0,72,1,2023,13,39,Dutch Grand Prix,2023-08-27,AlphaTauri,Italian,Liam,Lawson,New Zealander,Finished,Circuit Park Zandvoort,Zandvoort,Netherlands,52.3888,4.54092,6,1,Liam Lawson,13,0,0,0
26099,1111,822,51,18,14,0.0,72,1,2023,13,39,Dutch Grand Prix,2023-08-27,Alfa Romeo,Swiss,Valtteri,Bottas,Finnish,Finished,Circuit Park Zandvoort,Zandvoort,Netherlands,52.3888,4.54092,4,1,Valtteri Bottas,13,0,0,0
26100,1111,852,213,17,15,0.0,72,1,2023,13,39,Dutch Grand Prix,2023-08-27,AlphaTauri,Italian,Yuki,Tsunoda,Japanese,Finished,Circuit Park Zandvoort,Zandvoort,Netherlands,52.3888,4.54092,2,1,Yuki Tsunoda,13,0,0,0
26101,1111,825,210,0,16,0.0,72,1,2023,13,39,Dutch Grand Prix,2023-08-27,Haas F1 Team,American,Kevin,Magnussen,Danish,Finished,Circuit Park Zandvoort,Zandvoort,Netherlands,52.3888,4.54092,-16,1,Kevin Magnussen,13,0,0,0
26102,1111,847,131,3,17,0.0,72,1,2023,13,39,Dutch Grand Prix,2023-08-27,Mercedes,German,George,Russell,British,Finished,Circuit Park Zandvoort,Zandvoort,Netherlands,52.3888,4.54092,-14,1,George Russell,13,0,0,0
26103,1111,855,51,15,18,0.0,62,3,2023,13,39,Dutch Grand Prix,2023-08-27,Alfa Romeo,Swiss,Guanyu,Zhou,Chinese,Accident,Circuit Park Zandvoort,Zandvoort,Netherlands,52.3888,4.54092,-3,0,Guanyu Zhou,13,0,0,0
26104,1111,844,6,9,19,0.0,41,140,2023,13,39,Dutch Grand Prix,2023-08-27,Ferrari,Italian,Charles,Leclerc,Monegasque,Undertray,Circuit Park Zandvoort,Zandvoort,Netherlands,52.3888,4.54092,-10,0,Charles Leclerc,13,0,0,0
26105,1111,858,3,10,20,0.0,14,3,2023,13,39,Dutch Grand Prix,2023-08-27,Williams,British,Logan,Sargeant,American,Accident,Circuit Park Zandvoort,Zandvoort,Netherlands,52.3888,4.54092,-10,0,Logan Sargeant,13,0,0,0
26106,1112,830,9,2,1,25.0,51,1,2023,14,14,Italian Grand Prix,2023-09-03,Red Bull,Austrian,Max,Verstappen,Dutch,Finished,Autodromo Nazionale di Monza,Monza,Italy,45.6156,9.28111,1,1,Max Verstappen,14,1,1,1
26107,1112,815,9,5,2,18.0,51,1,2023,14,14,Italian Grand Prix,2023-09-03,Red Bull,Austrian,Sergio,Pérez,Mexican,Finished,Autodromo Nazionale di Monza,Monza,Italy,45.6156,9.28111,3,1,Sergio Pérez,14,1,0,1
26108,1112,832,6,1,3,15.0,51,1,2023,14,14,Italian Grand Prix,2023-09-03,Ferrari,Italian,Carlos,Sainz,Spanish,Finished,Autodromo Nazionale di Monza,Monza,Italy,45.6156,9.28111,-2,1,Carlos Sainz,14,1,0,1
26109,1112,844,6,3,4,12.0,51,1,2023,14,14,Italian Grand Prix,2023-09-03,Ferrari,Italian,Charles,Leclerc,Monegasque,Finished,Autodromo Nazionale di Monza,Monza,Italy,45.6156,9.28111,-1,1,Charles Leclerc,14,0,0,1
26110,1112,847,131,4,5,10.0,51,1,2023,14,14,Italian Grand Prix,2023-09-03,Mercedes,German,George,Russell,British,Finished,Autodromo Nazionale di Monza,Monza,Italy,45.6156,9.28111,-1,1,George Russell,14,0,0,1
26111,1112,1,131,8,6,8.0,51,1,2023,14,14,Italian Grand Prix,2023-09-03,Mercedes,German,Lewis,Hamilton,British,Finished,Autodromo Nazionale di Monza,Monza,Italy,45.6156,9.28111,2,1,Lewis Hamilton,14,0,0,1
26112,1112,848,3,6,7,6.0,51,1,2023,14,14,Italian Grand Prix,2023-09-03,Williams,British,Alexander,Albon,Thai,Finished,Autodromo Nazionale di Monza,Monza,Italy,45.6156,9.28111,-1,1,Alexander Albon,14,0,0,1
26113,1112,846,1,9,8,4.0,51,1,2023,14,14,Italian Grand Prix,2023-09-03,McLaren,British,Lando,Norris,British,Finished,Autodromo Nazionale di Monza,Monza,Italy,45.6156,9.28111,1,1,Lando Norris,14,0,0,1
26114,1112,4,117,10,9,2.0,51,1,2023,14,14,Italian Grand Prix,2023-09-03,Aston Martin,British,Fernando,Alonso,Spanish,Finished,Autodromo Nazionale di Monza,Monza,Italy,45.6156,9.28111,1,1,Fernando Alonso,14,0,0,1
26115,1112,822,51,14,10,1.0,51,1,2023,14,14,Italian Grand Prix,2023-09-03,Alfa Romeo,Swiss,Valtteri,Bottas,Finnish,Finished,Autodromo Nazionale di Monza,Monza,Italy,45.6156,9.28111,4,1,Valtteri Bottas,14,0,0,1
26116,1112,859,213,12,11,0.0,51,1,2023,14,14,Italian Grand Prix,2023-09-03,AlphaTauri,Italian,Liam,Lawson,New Zealander,Finished,Autodromo Nazionale di Monza,Monza,Italy,45.6156,9.28111,1,1,Liam Lawson,14,0,0,0
26117,1112,857,1,7,12,0.0,51,1,2023,14,14,Italian Grand Prix,2023-09-03,McLaren,British,Oscar,Piastri,Australian,Finished,Autodromo Nazionale di Monza,Monza,Italy,45.6156,9.28111,-5,1,Oscar Piastri,14,0,0,0
26118,1112,858,3,15,13,0.0,51,1,2023,14,14,Italian Grand Prix,2023-09-03,Williams,British,Logan,Sargeant,American,Finished,Autodromo Nazionale di Monza,Monza,Italy,45.6156,9.28111,2,1,Logan Sargeant,14,0,0,0
26119,1112,855,51,16,14,0.0,51,1,2023,14,14,Italian Grand Prix,2023-09-03,Alfa Romeo,Swiss,Guanyu,Zhou,Chinese,Finished,Autodromo Nazionale di Monza,Monza,Italy,45.6156,9.28111,2,1,Guanyu Zhou,14,0,0,0
26120,1112,842,214,17,15,0.0,51,1,2023,14,14,Italian Grand Prix,2023-09-03,Alpine F1 Team,French,Pierre,Gasly,French,Finished,Autodromo Nazionale di Monza,Monza,Italy,45.6156,9.28111,2,1,Pierre Gasly,14,0,0,0
26121,1112,840,117,20,16,0.0,51,1,2023,14,14,Italian Grand Prix,2023-09-03,Aston Martin,British,Lance,Stroll,Canadian,Finished,Autodromo Nazionale di Monza,Monza,Italy,45.6156,9.28111,4,1,Lance Stroll,14,0,0,0
26122,1112,807,210,13,17,0.0,50,11,2023,14,14,Italian Grand Prix,2023-09-03,Haas F1 Team,American,Nico,Hülkenberg,German,+1 Lap,Autodromo Nazionale di Monza,Monza,Italy,45.6156,9.28111,-4,1,Nico Hülkenberg,14,0,0,0
26123,1112,825,210,19,18,0.0,50,11,2023,14,14,Italian Grand Prix,2023-09-03,Haas F1 Team,American,Kevin,Magnussen,Danish,+1 Lap,Autodromo Nazionale di Monza,Monza,Italy,45.6156,9.28111,1,1,Kevin Magnussen,14,0,0,0
26124,1112,839,214,18,19,0.0,39,38,2023,14,14,Italian Grand Prix,2023-09-03,Alpine F1 Team,French,Esteban,Ocon,French,Steering,Autodromo Nazionale di Monza,Monza,Italy,45.6156,9.28111,-1,0,Esteban Ocon,14,0,0,0
26125,1112,852,213,11,20,0.0,0,5,2023,14,14,Italian Grand Prix,2023-09-03,AlphaTauri,Italian,Yuki,Tsunoda,Japanese,Engine,Autodromo Nazionale di Monza,Monza,Italy,45.6156,9.28111,-9,0,Yuki Tsunoda,14,0,0,0
26126,1113,832,6,1,1,25.0,62,1,2023,15,15,Singapore Grand Prix,2023-09-17,Ferrari,Italian,Carlos,Sainz,Spanish,Finished,Marina Bay Street Circuit,Marina Bay,Singapore,1.2914,103.864,0,1,Carlos Sainz,15,1,1,1
26127,1113,846,1,4,2,18.0,62,1,2023,15,15,Singapore Grand Prix,2023-09-17,McLaren,British,Lando,Norris,British,Finished,Marina Bay Street Circuit,Marina Bay,Singapore,1.2914,103.864,2,1,Lando Norris,15,1,0,1
26128,1113,1,131,5,3,16.0,62,1,2023,15,15,Singapore Grand Prix,2023-09-17,Mercedes,German,Lewis,Hamilton,British,Finished,Marina Bay Street Circuit,Marina Bay,Singapore,1.2914,103.864,2,1,Lewis Hamilton,15,1,0,1
26129,1113,844,6,3,4,12.0,62,1,2023,15,15,Singapore Grand Prix,2023-09-17,Ferrari,Italian,Charles,Leclerc,Monegasque,Finished,Marina Bay Street Circuit,Marina Bay,Singapore,1.2914,103.864,-1,1,Charles Leclerc,15,0,0,1
26130,1113,830,9,11,5,10.0,62,1,2023,15,15,Singapore Grand Prix,2023-09-17,Red Bull,Austrian,Max,Verstappen,Dutch,Finished,Marina Bay Street Circuit,Marina Bay,Singapore,1.2914,103.864,6,1,Max Verstappen,15,0,0,1
26131,1113,842,214,12,6,8.0,62,1,2023,15,15,Singapore Grand Prix,2023-09-17,Alpine F1 Team,French,Pierre,Gasly,French,Finished,Marina Bay Street Circuit,Marina Bay,Singapore,1.2914,103.864,6,1,Pierre Gasly,15,0,0,1
26132,1113,857,1,17,7,6.0,62,1,2023,15,15,Singapore Grand Prix,2023-09-17,McLaren,British,Oscar,Piastri,Australian,Finished,Marina Bay Street Circuit,Marina Bay,Singapore,1.2914,103.864,10,1,Oscar Piastri,15,0,0,1
26133,1113,815,9,13,8,4.0,62,1,2023,15,15,Singapore Grand Prix,2023-09-17,Red Bull,Austrian,Sergio,Pérez,Mexican,Finished,Marina Bay Street Circuit,Marina Bay,Singapore,1.2914,103.864,5,1,Sergio Pérez,15,0,0,1
26134,1113,859,213,10,9,2.0,62,1,2023,15,15,Singapore Grand Prix,2023-09-17,AlphaTauri,Italian,Liam,Lawson,New Zealander,Finished,Marina Bay Street Circuit,Marina Bay,Singapore,1.2914,103.864,1,1,Liam Lawson,15,0,0,1
26135,1113,825,210,6,10,1.0,62,1,2023,15,15,Singapore Grand Prix,2023-09-17,Haas F1 Team,American,Kevin,Magnussen,Danish,Finished,Marina Bay Street Circuit,Marina Bay,Singapore,1.2914,103.864,-4,1,Kevin Magnussen,15,0,0,1
26136,1113,848,3,14,11,0.0,62,1,2023,15,15,Singapore Grand Prix,2023-09-17,Williams,British,Alexander,Albon,Thai,Finished,Marina Bay Street Circuit,Marina Bay,Singapore,1.2914,103.864,3,1,Alexander Albon,15,0,0,0
26137,1113,855,51,0,12,0.0,62,1,2023,15,15,Singapore Grand Prix,2023-09-17,Alfa Romeo,Swiss,Guanyu,Zhou,Chinese,Finished,Marina Bay Street Circuit,Marina Bay,Singapore,1.2914,103.864,-12,1,Guanyu Zhou,15,0,0,0
26138,1113,807,210,9,13,0.0,62,1,2023,15,15,Singapore Grand Prix,2023-09-17,Haas F1 Team,American,Nico,Hülkenberg,German,Finished,Marina Bay Street Circuit,Marina Bay,Singapore,1.2914,103.864,-4,1,Nico Hülkenberg,15,0,0,0
26139,1113,858,3,18,14,0.0,62,1,2023,15,15,Singapore Grand Prix,2023-09-17,Williams,British,Logan,Sargeant,American,Finished,Marina Bay Street Circuit,Marina Bay,Singapore,1.2914,103.864,4,1,Logan Sargeant,15,0,0,0
26140,1113,4,117,7,15,0.0,62,1,2023,15,15,Singapore Grand Prix,2023-09-17,Aston Martin,British,Fernando,Alonso,Spanish,Finished,Marina Bay Street Circuit,Marina Bay,Singapore,1.2914,103.864,-8,1,Fernando Alonso,15,0,0,0
26141,1113,847,131,2,16,0.0,61,3,2023,15,15,Singapore Grand Prix,2023-09-17,Mercedes,German,George,Russell,British,Accident,Marina Bay Street Circuit,Marina Bay,Singapore,1.2914,103.864,-14,0,George Russell,15,0,0,0
26142,1113,822,51,16,17,0.0,51,39,2023,15,15,Singapore Grand Prix,2023-09-17,Alfa Romeo,Swiss,Valtteri,Bottas,Finnish,Technical,Marina Bay Street Circuit,Marina Bay,Singapore,1.2914,103.864,-1,0,Valtteri Bottas,15,0,0,0
26143,1113,839,214,8,18,0.0,42,6,2023,15,15,Singapore Grand Prix,2023-09-17,Alpine F1 Team,French,Esteban,Ocon,French,Gearbox,Marina Bay Street Circuit,Marina Bay,Singapore,1.2914,103.864,-10,0,Esteban Ocon,15,0,0,0
26144,1113,852,213,15,19,0.0,0,4,2023,15,15,Singapore Grand Prix,2023-09-17,AlphaTauri,Italian,Yuki,Tsunoda,Japanese,Collision,Marina Bay Street Circuit,Marina Bay,Singapore,1.2914,103.864,-4,0,Yuki Tsunoda,15,0,0,0
26145,1113,840,117,0,20,0.0,0,54,2023,15,15,Singapore Grand Prix,2023-09-17,Aston Martin,British,Lance,Stroll,Canadian,Withdrew,Marina Bay Street Circuit,Marina Bay,Singapore,1.2914,103.864,-20,0,Lance Stroll,15,0,0,0
26146,1114,830,9,1,1,26.0,53,1,2023,16,22,Japanese Grand Prix,2023-09-24,Red Bull,Austrian,Max,Verstappen,Dutch,Finished,Suzuka Circuit,Suzuka,Japan,34.8431,136.541,0,1,Max Verstappen,16,1,1,1
26147,1114,846,1,3,2,18.0,53,1,2023,16,22,Japanese Grand Prix,2023-09-24,McLaren,British,Lando,Norris,British,Finished,Suzuka Circuit,Suzuka,Japan,34.8431,136.541,1,1,Lando Norris,16,1,0,1
26148,1114,857,1,2,3,15.0,53,1,2023,16,22,Japanese Grand Prix,2023-09-24,McLaren,British,Oscar,Piastri,Australian,Finished,Suzuka Circuit,Suzuka,Japan,34.8431,136.541,-1,1,Oscar Piastri,16,1,0,1
26149,1114,844,6,4,4,12.0,53,1,2023,16,22,Japanese Grand Prix,2023-09-24,Ferrari,Italian,Charles,Leclerc,Monegasque,Finished,Suzuka Circuit,Suzuka,Japan,34.8431,136.541,0,1,Charles Leclerc,16,0,0,1
26150,1114,1,131,7,5,10.0,53,1,2023,16,22,Japanese Grand Prix,2023-09-24,Mercedes,German,Lewis,Hamilton,British,Finished,Suzuka Circuit,Suzuka,Japan,34.8431,136.541,2,1,Lewis Hamilton,16,0,0,1
26151,1114,832,6,6,6,8.0,53,1,2023,16,22,Japanese Grand Prix,2023-09-24,Ferrari,Italian,Carlos,Sainz,Spanish,Finished,Suzuka Circuit,Suzuka,Japan,34.8431,136.541,0,1,Carlos Sainz,16,0,0,1
26152,1114,847,131,8,7,6.0,53,1,2023,16,22,Japanese Grand Prix,2023-09-24,Mercedes,German,George,Russell,British,Finished,Suzuka Circuit,Suzuka,Japan,34.8431,136.541,1,1,George Russell,16,0,0,1
26153,1114,4,117,10,8,4.0,53,1,2023,16,22,Japanese Grand Prix,2023-09-24,Aston Martin,British,Fernando,Alonso,Spanish,Finished,Suzuka Circuit,Suzuka,Japan,34.8431,136.541,2,1,Fernando Alonso,16,0,0,1
26154,1114,839,214,14,9,2.0,53,1,2023,16,22,Japanese Grand Prix,2023-09-24,Alpine F1 Team,French,Esteban,Ocon,French,Finished,Suzuka Circuit,Suzuka,Japan,34.8431,136.541,5,1,Esteban Ocon,16,0,0,1
26155,1114,842,214,12,10,1.0,53,1,2023,16,22,Japanese Grand Prix,2023-09-24,Alpine F1 Team,French,Pierre,Gasly,French,Finished,Suzuka Circuit,Suzuka,Japan,34.8431,136.541,2,1,Pierre Gasly,16,0,0,1
26156,1114,859,213,11,11,0.0,52,11,2023,16,22,Japanese Grand Prix,2023-09-24,AlphaTauri,Italian,Liam,Lawson,New Zealander,+1 Lap,Suzuka Circuit,Suzuka,Japan,34.8431,136.541,0,1,Liam Lawson,16,0,0,0
26157,1114,852,213,9,12,0.0,52,11,2023,16,22,Japanese Grand Prix,2023-09-24,AlphaTauri,Italian,Yuki,Tsunoda,Japanese,+1 Lap,Suzuka Circuit,Suzuka,Japan,34.8431,136.541,-3,1,Yuki Tsunoda,16,0,0,0
26158,1114,855,51,19,13,0.0,52,11,2023,16,22,Japanese Grand Prix,2023-09-24,Alfa Romeo,Swiss,Guanyu,Zhou,Chinese,+1 Lap,Suzuka Circuit,Suzuka,Japan,34.8431,136.541,6,1,Guanyu Zhou,16,0,0,0
26159,1114,807,210,18,14,0.0,52,11,2023,16,22,Japanese Grand Prix,2023-09-24,Haas F1 Team,American,Nico,Hülkenberg,German,+1 Lap,Suzuka Circuit,Suzuka,Japan,34.8431,136.541,4,1,Nico Hülkenberg,16,0,0,0
26160,1114,825,210,15,15,0.0,52,11,2023,16,22,Japanese Grand Prix,2023-09-24,Haas F1 Team,American,Kevin,Magnussen,Danish,+1 Lap,Suzuka Circuit,Suzuka,Japan,34.8431,136.541,0,1,Kevin Magnussen,16,0,0,0
26161,1114,848,3,13,16,0.0,26,130,2023,16,22,Japanese Grand Prix,2023-09-24,Williams,British,Alexander,Albon,Thai,Collision damage,Suzuka Circuit,Suzuka,Japan,34.8431,136.541,-3,0,Alexander Albon,16,0,0,0
26162,1114,858,3,0,17,0.0,22,130,2023,16,22,Japanese Grand Prix,2023-09-24,Williams,British,Logan,Sargeant,American,Collision damage,Suzuka Circuit,Suzuka,Japan,34.8431,136.541,-17,0,Logan Sargeant,16,0,0,0
26163,1114,840,117,17,18,0.0,20,65,2023,16,22,Japanese Grand Prix,2023-09-24,Aston Martin,British,Lance,Stroll,Canadian,Rear wing,Suzuka Circuit,Suzuka,Japan,34.8431,136.541,-1,0,Lance Stroll,16,0,0,0
26164,1114,815,9,5,19,0.0,15,130,2023,16,22,Japanese Grand Prix,2023-09-24,Red Bull,Austrian,Sergio,Pérez,Mexican,Collision damage,Suzuka Circuit,Suzuka,Japan,34.8431,136.541,-14,0,Sergio Pérez,16,0,0,0
26165,1114,822,51,16,20,0.0,7,130,2023,16,22,Japanese Grand Prix,2023-09-24,Alfa Romeo,Swiss,Valtteri,Bottas,Finnish,Collision damage,Suzuka Circuit,Suzuka,Japan,34.8431,136.541,-4,0,Valtteri Bottas,16,0,0,0
26166,1115,830,9,1,1,26.0,57,1,2023,17,78,Qatar Grand Prix,2023-10-08,Red Bull,Austrian,Max,Verstappen,Dutch,Finished,Losail International Circuit,Al Daayen,Qatar,25.49,51.4542,0,1,Max Verstappen,17,1,1,1
26167,1115,857,1,6,2,18.0,57,1,2023,17,78,Qatar Grand Prix,2023-10-08,McLaren,British,Oscar,Piastri,Australian,Finished,Losail International Circuit,Al Daayen,Qatar,25.49,51.4542,4,1,Oscar Piastri,17,1,0,1
26168,1115,846,1,10,3,15.0,57,1,2023,17,78,Qatar Grand Prix,2023-10-08,McLaren,British,Lando,Norris,British,Finished,Losail International Circuit,Al Daayen,Qatar,25.49,51.4542,7,1,Lando Norris,17,1,0,1
26169,1115,847,131,2,4,12.0,57,1,2023,17,78,Qatar Grand Prix,2023-10-08,Mercedes,German,George,Russell,British,Finished,Losail International Circuit,Al Daayen,Qatar,25.49,51.4542,-2,1,George Russell,17,0,0,1
26170,1115,844,6,5,5,10.0,57,1,2023,17,78,Qatar Grand Prix,2023-10-08,Ferrari,Italian,Charles,Leclerc,Monegasque,Finished,Losail International Circuit,Al Daayen,Qatar,25.49,51.4542,0,1,Charles Leclerc,17,0,0,1
26171,1115,4,117,4,6,8.0,57,1,2023,17,78,Qatar Grand Prix,2023-10-08,Aston Martin,British,Fernando,Alonso,Spanish,Finished,Losail International Circuit,Al Daayen,Qatar,25.49,51.4542,-2,1,Fernando Alonso,17,0,0,1
26172,1115,839,214,8,7,6.0,57,1,2023,17,78,Qatar Grand Prix,2023-10-08,Alpine F1 Team,French,Esteban,Ocon,French,Finished,Losail International Circuit,Al Daayen,Qatar,25.49,51.4542,1,1,Esteban Ocon,17,0,0,1
26173,1115,822,51,9,8,4.0,57,1,2023,17,78,Qatar Grand Prix,2023-10-08,Alfa Romeo,Swiss,Valtteri,Bottas,Finnish,Finished,Losail International Circuit,Al Daayen,Qatar,25.49,51.4542,1,1,Valtteri Bottas,17,0,0,1
26174,1115,855,51,19,9,2.0,57,1,2023,17,78,Qatar Grand Prix,2023-10-08,Alfa Romeo,Swiss,Guanyu,Zhou,Chinese,Finished,Losail International Circuit,Al Daayen,Qatar,25.49,51.4542,10,1,Guanyu Zhou,17,0,0,1
26175,1115,815,9,0,10,1.0,57,1,2023,17,78,Qatar Grand Prix,2023-10-08,Red Bull,Austrian,Sergio,Pérez,Mexican,Finished,Losail International Circuit,Al Daayen,Qatar,25.49,51.4542,-10,1,Sergio Pérez,17,0,0,1
26176,1115,840,117,16,11,0.0,57,1,2023,17,78,Qatar Grand Prix,2023-10-08,Aston Martin,British,Lance,Stroll,Canadian,Finished,Losail International Circuit,Al Daayen,Qatar,25.49,51.4542,5,1,Lance Stroll,17,0,0,0
26177,1115,842,214,7,12,0.0,57,1,2023,17,78,Qatar Grand Prix,2023-10-08,Alpine F1 Team,French,Pierre,Gasly,French,Finished,Losail International Circuit,Al Daayen,Qatar,25.49,51.4542,-5,1,Pierre Gasly,17,0,0,0
26178,1115,848,3,13,13,0.0,57,1,2023,17,78,Qatar Grand Prix,2023-10-08,Williams,British,Alexander,Albon,Thai,Finished,Losail International Circuit,Al Daayen,Qatar,25.49,51.4542,0,1,Alexander Albon,17,0,0,0
26179,1115,825,210,18,14,0.0,56,11,2023,17,78,Qatar Grand Prix,2023-10-08,Haas F1 Team,American,Kevin,Magnussen,Danish,+1 Lap,Losail International Circuit,Al Daayen,Qatar,25.49,51.4542,4,1,Kevin Magnussen,17,0,0,0
26180,1115,852,213,11,15,0.0,56,11,2023,17,78,Qatar Grand Prix,2023-10-08,AlphaTauri,Italian,Yuki,Tsunoda,Japanese,+1 Lap,Losail International Circuit,Al Daayen,Qatar,25.49,51.4542,-4,1,Yuki Tsunoda,17,0,0,0
26181,1115,807,210,14,16,0.0,56,11,2023,17,78,Qatar Grand Prix,2023-10-08,Haas F1 Team,American,Nico,Hülkenberg,German,+1 Lap,Losail International Circuit,Al Daayen,Qatar,25.49,51.4542,-2,1,Nico Hülkenberg,17,0,0,0
26182,1115,859,213,17,17,0.0,56,11,2023,17,78,Qatar Grand Prix,2023-10-08,AlphaTauri,Italian,Liam,Lawson,New Zealander,+1 Lap,Losail International Circuit,Al Daayen,Qatar,25.49,51.4542,0,1,Liam Lawson,17,0,0,0
26183,1115,858,3,15,18,0.0,40,139,2023,17,78,Qatar Grand Prix,2023-10-08,Williams,British,Logan,Sargeant,American,Illness,Losail International Circuit,Al Daayen,Qatar,25.49,51.4542,-3,0,Logan Sargeant,17,0,0,0
26184,1115,1,131,3,19,0.0,0,4,2023,17,78,Qatar Grand Prix,2023-10-08,Mercedes,German,Lewis,Hamilton,British,Collision,Losail International Circuit,Al Daayen,Qatar,25.49,51.4542,-16,0,Lewis Hamilton,17,0,0,0
26185,1115,832,6,12,20,0.0,0,95,2023,17,78,Qatar Grand Prix,2023-10-08,Ferrari,Italian,Carlos,Sainz,Spanish,Fuel leak,Losail International Circuit,Al Daayen,Qatar,25.49,51.4542,-8,0,Carlos Sainz,17,0,0,0
26186,1116,830,9,6,1,25.0,56,1,2023,18,69,United States Grand Prix,2023-10-22,Red Bull,Austrian,Max,Verstappen,Dutch,Finished,Circuit of the Americas,Austin,USA,30.1328,-97.6411,5,1,Max Verstappen,18,1,1,1
26187,1116,846,1,2,2,18.0,56,1,2023,18,69,United States Grand Prix,2023-10-22,McLaren,British,Lando,Norris,British,Finished,Circuit of the Americas,Austin,USA,30.1328,-97.6411,0,1,Lando Norris,18,1,0,1
26188,1116,832,6,4,3,15.0,56,1,2023,18,69,United States Grand Prix,2023-10-22,Ferrari,Italian,Carlos,Sainz,Spanish,Finished,Circuit of the Americas,Austin,USA,30.1328,-97.6411,1,1,Carlos Sainz,18,1,0,1
26189,1116,815,9,9,4,12.0,56,1,2023,18,69,United States Grand Prix,2023-10-22,Red Bull,Austrian,Sergio,Pérez,Mexican,Finished,Circuit of the Americas,Austin,USA,30.1328,-97.6411,5,1,Sergio Pérez,18,0,0,1
26190,1116,847,131,5,5,10.0,56,1,2023,18,69,United States Grand Prix,2023-10-22,Mercedes,German,George,Russell,British,Finished,Circuit of the Americas,Austin,USA,30.1328,-97.6411,0,1,George Russell,18,0,0,1
26191,1116,842,214,7,6,8.0,56,1,2023,18,69,United States Grand Prix,2023-10-22,Alpine F1 Team,French,Pierre,Gasly,French,Finished,Circuit of the Americas,Austin,USA,30.1328,-97.6411,1,1,Pierre Gasly,18,0,0,1
26192,1116,840,117,0,7,6.0,56,1,2023,18,69,United States Grand Prix,2023-10-22,Aston Martin,British,Lance,Stroll,Canadian,Finished,Circuit of the Americas,Austin,USA,30.1328,-97.6411,-7,1,Lance Stroll,18,0,0,1
26193,1116,852,213,11,8,5.0,56,1,2023,18,69,United States Grand Prix,2023-10-22,AlphaTauri,Italian,Yuki,Tsunoda,Japanese,Finished,Circuit of the Americas,Austin,USA,30.1328,-97.6411,3,1,Yuki Tsunoda,18,0,0,1
26194,1116,848,3,15,9,2.0,56,1,2023,18,69,United States Grand Prix,2023-10-22,Williams,British,Alexander,Albon,Thai,Finished,Circuit of the Americas,Austin,USA,30.1328,-97.6411,6,1,Alexander Albon,18,0,0,1
26195,1116,858,3,16,10,1.0,56,1,2023,18,69,United States Grand Prix,2023-10-22,Williams,British,Logan,Sargeant,American,Finished,Circuit of the Americas,Austin,USA,30.1328,-97.6411,6,1,Logan Sargeant,18,0,0,1
26196,1116,807,210,0,11,0.0,56,1,2023,18,69,United States Grand Prix,2023-10-22,Haas F1 Team,American,Nico,Hülkenberg,German,Finished,Circuit of the Americas,Austin,USA,30.1328,-97.6411,-11,1,Nico Hülkenberg,18,0,0,0
26197,1116,822,51,13,12,0.0,56,1,2023,18,69,United States Grand Prix,2023-10-22,Alfa Romeo,Swiss,Valtteri,Bottas,Finnish,Finished,Circuit of the Americas,Austin,USA,30.1328,-97.6411,1,1,Valtteri Bottas,18,0,0,0
26198,1116,855,51,12,13,0.0,55,11,2023,18,69,United States Grand Prix,2023-10-22,Alfa Romeo,Swiss,Guanyu,Zhou,Chinese,+1 Lap,Circuit of the Americas,Austin,USA,30.1328,-97.6411,-1,1,Guanyu Zhou,18,0,0,0
26199,1116,825,210,0,14,0.0,55,11,2023,18,69,United States Grand Prix,2023-10-22,Haas F1 Team,American,Kevin,Magnussen,Danish,+1 Lap,Circuit of the Americas,Austin,USA,30.1328,-97.6411,-14,1,Kevin Magnussen,18,0,0,0
26200,1116,817,213,14,15,0.0,55,11,2023,18,69,United States Grand Prix,2023-10-22,AlphaTauri,Italian,Daniel,Ricciardo,Australian,+1 Lap,Circuit of the Americas,Austin,USA,30.1328,-97.6411,-1,1,Daniel Ricciardo,18,0,0,0
26201,1116,4,117,0,16,0.0,49,140,2023,18,69,United States Grand Prix,2023-10-22,Aston Martin,British,Fernando,Alonso,Spanish,Undertray,Circuit of the Americas,Austin,USA,30.1328,-97.6411,-16,0,Fernando Alonso,18,0,0,0
26202,1116,857,1,10,17,0.0,10,21,2023,18,69,United States Grand Prix,2023-10-22,McLaren,British,Oscar,Piastri,Australian,Radiator,Circuit of the Americas,Austin,USA,30.1328,-97.6411,-7,0,Oscar Piastri,18,0,0,0
26203,1116,839,214,8,18,0.0,6,130,2023,18,69,United States Grand Prix,2023-10-22,Alpine F1 Team,French,Esteban,Ocon,French,Collision damage,Circuit of the Americas,Austin,USA,30.1328,-97.6411,-10,0,Esteban Ocon,18,0,0,0
26204,1116,1,131,3,19,0.0,56,2,2023,18,69,United States Grand Prix,2023-10-22,Mercedes,German,Lewis,Hamilton,British,Disqualified,Circuit of the Americas,Austin,USA,30.1328,-97.6411,-16,0,Lewis Hamilton,18,0,0,0
26205,1116,844,6,1,20,0.0,56,2,2023,18,69,United States Grand Prix,2023-10-22,Ferrari,Italian,Charles,Leclerc,Monegasque,Disqualified,Circuit of the Americas,Austin,USA,30.1328,-97.6411,-19,0,Charles Leclerc,18,0,0,0
26206,1117,830,9,3,1,25.0,71,1,2023,19,32,Mexico City Grand Prix,2023-10-29,Red Bull,Austrian,Max,Verstappen,Dutch,Finished,Autódromo Hermanos Rodríguez,Mexico City,Mexico,19.4042,-99.0907,2,1,Max Verstappen,19,1,1,1
26207,1117,1,131,6,2,19.0,71,1,2023,19,32,Mexico City Grand Prix,2023-10-29,Mercedes,German,Lewis,Hamilton,British,Finished,Autódromo Hermanos Rodríguez,Mexico City,Mexico,19.4042,-99.0907,4,1,Lewis Hamilton,19,1,0,1
26208,1117,844,6,1,3,15.0,71,1,2023,19,32,Mexico City Grand Prix,2023-10-29,Ferrari,Italian,Charles,Leclerc,Monegasque,Finished,Autódromo Hermanos Rodríguez,Mexico City,Mexico,19.4042,-99.0907,-2,1,Charles Leclerc,19,1,0,1
26209,1117,832,6,2,4,12.0,71,1,2023,19,32,Mexico City Grand Prix,2023-10-29,Ferrari,Italian,Carlos,Sainz,Spanish,Finished,Autódromo Hermanos Rodríguez,Mexico City,Mexico,19.4042,-99.0907,-2,1,Carlos Sainz,19,0,0,1
26210,1117,846,1,17,5,10.0,71,1,2023,19,32,Mexico City Grand Prix,2023-10-29,McLaren,British,Lando,Norris,British,Finished,Autódromo Hermanos Rodríguez,Mexico City,Mexico,19.4042,-99.0907,12,1,Lando Norris,19,0,0,1
26211,1117,847,131,8,6,8.0,71,1,2023,19,32,Mexico City Grand Prix,2023-10-29,Mercedes,German,George,Russell,British,Finished,Autódromo Hermanos Rodríguez,Mexico City,Mexico,19.4042,-99.0907,2,1,George Russell,19,0,0,1
26212,1117,817,213,4,7,6.0,71,1,2023,19,32,Mexico City Grand Prix,2023-10-29,AlphaTauri,Italian,Daniel,Ricciardo,Australian,Finished,Autódromo Hermanos Rodríguez,Mexico City,Mexico,19.4042,-99.0907,-3,1,Daniel Ricciardo,19,0,0,1
26213,1117,857,1,7,8,4.0,71,1,2023,19,32,Mexico City Grand Prix,2023-10-29,McLaren,British,Oscar,Piastri,Australian,Finished,Autódromo Hermanos Rodríguez,Mexico City,Mexico,19.4042,-99.0907,-1,1,Oscar Piastri,19,0,0,1
26214,1117,848,3,14,9,2.0,71,1,2023,19,32,Mexico City Grand Prix,2023-10-29,Williams,British,Alexander,Albon,Thai,Finished,Autódromo Hermanos Rodríguez,Mexico City,Mexico,19.4042,-99.0907,5,1,Alexander Albon,19,0,0,1
26215,1117,839,214,15,10,1.0,71,1,2023,19,32,Mexico City Grand Prix,2023-10-29,Alpine F1 Team,French,Esteban,Ocon,French,Finished,Autódromo Hermanos Rodríguez,Mexico City,Mexico,19.4042,-99.0907,5,1,Esteban Ocon,19,0,0,1
26216,1117,842,214,11,11,0.0,71,1,2023,19,32,Mexico City Grand Prix,2023-10-29,Alpine F1 Team,French,Pierre,Gasly,French,Finished,Autódromo Hermanos Rodríguez,Mexico City,Mexico,19.4042,-99.0907,0,1,Pierre Gasly,19,0,0,0
26217,1117,852,213,18,12,0.0,71,1,2023,19,32,Mexico City Grand Prix,2023-10-29,AlphaTauri,Italian,Yuki,Tsunoda,Japanese,Finished,Autódromo Hermanos Rodríguez,Mexico City,Mexico,19.4042,-99.0907,6,1,Yuki Tsunoda,19,0,0,0
26218,1117,807,210,12,13,0.0,71,1,2023,19,32,Mexico City Grand Prix,2023-10-29,Haas F1 Team,American,Nico,Hülkenberg,German,Finished,Autódromo Hermanos Rodríguez,Mexico City,Mexico,19.4042,-99.0907,-1,1,Nico Hülkenberg,19,0,0,0
26219,1117,855,51,10,14,0.0,71,1,2023,19,32,Mexico City Grand Prix,2023-10-29,Alfa Romeo,Swiss,Guanyu,Zhou,Chinese,Finished,Autódromo Hermanos Rodríguez,Mexico City,Mexico,19.4042,-99.0907,-4,1,Guanyu Zhou,19,0,0,0
26220,1117,822,51,9,15,0.0,71,1,2023,19,32,Mexico City Grand Prix,2023-10-29,Alfa Romeo,Swiss,Valtteri,Bottas,Finnish,Finished,Autódromo Hermanos Rodríguez,Mexico City,Mexico,19.4042,-99.0907,-6,1,Valtteri Bottas,19,0,0,0
26221,1117,858,3,19,16,0.0,70,31,2023,19,32,Mexico City Grand Prix,2023-10-29,Williams,British,Logan,Sargeant,American,Retired,Autódromo Hermanos Rodríguez,Mexico City,Mexico,19.4042,-99.0907,3,0,Logan Sargeant,19,0,0,0
26222,1117,840,117,0,17,0.0,66,130,2023,19,32,Mexico City Grand Prix,2023-10-29,Aston Martin,British,Lance,Stroll,Canadian,Collision damage,Autódromo Hermanos Rodríguez,Mexico City,Mexico,19.4042,-99.0907,-17,0,Lance Stroll,19,0,0,0
26223,1117,4,117,13,18,0.0,47,54,2023,19,32,Mexico City Grand Prix,2023-10-29,Aston Martin,British,Fernando,Alonso,Spanish,Withdrew,Autódromo Hermanos Rodríguez,Mexico City,Mexico,19.4042,-99.0907,-5,0,Fernando Alonso,19,0,0,0
26224,1117,825,210,16,19,0.0,31,3,2023,19,32,Mexico City Grand Prix,2023-10-29,Haas F1 Team,American,Kevin,Magnussen,Danish,Accident,Autódromo Hermanos Rodríguez,Mexico City,Mexico,19.4042,-99.0907,-3,0,Kevin Magnussen,19,0,0,0
26225,1117,815,9,5,20,0.0,1,130,2023,19,32,Mexico City Grand Prix,2023-10-29,Red Bull,Austrian,Sergio,Pérez,Mexican,Collision damage,Autódromo Hermanos Rodríguez,Mexico City,Mexico,19.4042,-99.0907,-15,0,Sergio Pérez,19,0,0,0
26226,1118,830,9,1,1,25.0,71,1,2023,20,18,São Paulo Grand Prix,2023-11-05,Red Bull,Austrian,Max,Verstappen,Dutch,Finished,Autódromo José Carlos Pace,São Paulo,Brazil,-23.7036,-46.6997,0,1,Max Verstappen,20,1,1,1
26227,1118,846,1,6,2,19.0,71,1,2023,20,18,São Paulo Grand Prix,2023-11-05,McLaren,British,Lando,Norris,British,Finished,Autódromo José Carlos Pace,São Paulo,Brazil,-23.7036,-46.6997,4,1,Lando Norris,20,1,0,1
26228,1118,4,117,4,3,15.0,71,1,2023,20,18,São Paulo Grand Prix,2023-11-05,Aston Martin,British,Fernando,Alonso,Spanish,Finished,Autódromo José Carlos Pace,São Paulo,Brazil,-23.7036,-46.6997,1,1,Fernando Alonso,20,1,0,1
26229,1118,815,9,9,4,12.0,71,1,2023,20,18,São Paulo Grand Prix,2023-11-05,Red Bull,Austrian,Sergio,Pérez,Mexican,Finished,Autódromo José Carlos Pace,São Paulo,Brazil,-23.7036,-46.6997,5,1,Sergio Pérez,20,0,0,1
26230,1118,840,117,3,5,10.0,71,1,2023,20,18,São Paulo Grand Prix,2023-11-05,Aston Martin,British,Lance,Stroll,Canadian,Finished,Autódromo José Carlos Pace,São Paulo,Brazil,-23.7036,-46.6997,-2,1,Lance Stroll,20,0,0,1
26231,1118,832,6,7,6,8.0,71,1,2023,20,18,São Paulo Grand Prix,2023-11-05,Ferrari,Italian,Carlos,Sainz,Spanish,Finished,Autódromo José Carlos Pace,São Paulo,Brazil,-23.7036,-46.6997,1,1,Carlos Sainz,20,0,0,1
26232,1118,842,214,15,7,6.0,71,1,2023,20,18,São Paulo Grand Prix,2023-11-05,Alpine F1 Team,French,Pierre,Gasly,French,Finished,Autódromo José Carlos Pace,São Paulo,Brazil,-23.7036,-46.6997,8,1,Pierre Gasly,20,0,0,1
26233,1118,1,131,5,8,4.0,71,1,2023,20,18,São Paulo Grand Prix,2023-11-05,Mercedes,German,Lewis,Hamilton,British,Finished,Autódromo José Carlos Pace,São Paulo,Brazil,-23.7036,-46.6997,-3,1,Lewis Hamilton,20,0,0,1
26234,1118,852,213,16,9,2.0,71,1,2023,20,18,São Paulo Grand Prix,2023-11-05,AlphaTauri,Italian,Yuki,Tsunoda,Japanese,Finished,Autódromo José Carlos Pace,São Paulo,Brazil,-23.7036,-46.6997,7,1,Yuki Tsunoda,20,0,0,1
26235,1118,839,214,14,10,1.0,70,11,2023,20,18,São Paulo Grand Prix,2023-11-05,Alpine F1 Team,French,Esteban,Ocon,French,+1 Lap,Autódromo José Carlos Pace,São Paulo,Brazil,-23.7036,-46.6997,4,1,Esteban Ocon,20,0,0,1
26236,1118,858,3,19,11,0.0,70,11,2023,20,18,São Paulo Grand Prix,2023-11-05,Williams,British,Logan,Sargeant,American,+1 Lap,Autódromo José Carlos Pace,São Paulo,Brazil,-23.7036,-46.6997,8,1,Logan Sargeant,20,0,0,0
26237,1118,807,210,11,12,0.0,70,11,2023,20,18,São Paulo Grand Prix,2023-11-05,Haas F1 Team,American,Nico,Hülkenberg,German,+1 Lap,Autódromo José Carlos Pace,São Paulo,Brazil,-23.7036,-46.6997,-1,1,Nico Hülkenberg,20,0,0,0
26238,1118,817,213,17,13,0.0,70,11,2023,20,18,São Paulo Grand Prix,2023-11-05,AlphaTauri,Italian,Daniel,Ricciardo,Australian,+1 Lap,Autódromo José Carlos Pace,São Paulo,Brazil,-23.7036,-46.6997,4,1,Daniel Ricciardo,20,0,0,0
26239,1118,857,1,10,14,0.0,69,12,2023,20,18,São Paulo Grand Prix,2023-11-05,McLaren,British,Oscar,Piastri,Australian,+2 Laps,Autódromo José Carlos Pace,São Paulo,Brazil,-23.7036,-46.6997,-4,1,Oscar Piastri,20,0,0,0
26240,1118,847,131,8,15,0.0,57,25,2023,20,18,São Paulo Grand Prix,2023-11-05,Mercedes,German,George,Russell,British,Overheating,Autódromo José Carlos Pace,São Paulo,Brazil,-23.7036,-46.6997,-7,0,George Russell,20,0,0,0
26241,1118,822,51,18,16,0.0,39,5,2023,20,18,São Paulo Grand Prix,2023-11-05,Alfa Romeo,Swiss,Valtteri,Bottas,Finnish,Engine,Autódromo José Carlos Pace,São Paulo,Brazil,-23.7036,-46.6997,2,0,Valtteri Bottas,20,0,0,0
26242,1118,855,51,20,17,0.0,22,5,2023,20,18,São Paulo Grand Prix,2023-11-05,Alfa Romeo,Swiss,Guanyu,Zhou,Chinese,Engine,Autódromo José Carlos Pace,São Paulo,Brazil,-23.7036,-46.6997,3,0,Guanyu Zhou,20,0,0,0
26243,1118,825,210,12,18,0.0,0,4,2023,20,18,São Paulo Grand Prix,2023-11-05,Haas F1 Team,American,Kevin,Magnussen,Danish,Collision,Autódromo José Carlos Pace,São Paulo,Brazil,-23.7036,-46.6997,-6,0,Kevin Magnussen,20,0,0,0
26244,1118,848,3,13,19,0.0,0,4,2023,20,18,São Paulo Grand Prix,2023-11-05,Williams,British,Alexander,Albon,Thai,Collision,Autódromo José Carlos Pace,São Paulo,Brazil,-23.7036,-46.6997,-6,0,Alexander Albon,20,0,0,0
26245,1118,844,6,0,20,0.0,0,5,2023,20,18,São Paulo Grand Prix,2023-11-05,Ferrari,Italian,Charles,Leclerc,Monegasque,Engine,Autódromo José Carlos Pace,São Paulo,Brazil,-23.7036,-46.6997,-20,0,Charles Leclerc,20,0,0,0
26246,1119,830,9,2,1,25.0,50,1,2023,21,80,Las Vegas Grand Prix,2023-11-19,Red Bull,Austrian,Max,Verstappen,Dutch,Finished,Las Vegas Strip Street Circuit,Las Vegas,United States,36.1147,-115.173,1,1,Max Verstappen,21,1,1,1
26247,1119,844,6,1,2,18.0,50,1,2023,21,80,Las Vegas Grand Prix,2023-11-19,Ferrari,Italian,Charles,Leclerc,Monegasque,Finished,Las Vegas Strip Street Circuit,Las Vegas,United States,36.1147,-115.173,-1,1,Charles Leclerc,21,1,0,1
26248,1119,815,9,11,3,15.0,50,1,2023,21,80,Las Vegas Grand Prix,2023-11-19,Red Bull,Austrian,Sergio,Pérez,Mexican,Finished,Las Vegas Strip Street Circuit,Las Vegas,United States,36.1147,-115.173,8,1,Sergio Pérez,21,1,0,1
26249,1119,839,214,16,4,12.0,50,1,2023,21,80,Las Vegas Grand Prix,2023-11-19,Alpine F1 Team,French,Esteban,Ocon,French,Finished,Las Vegas Strip Street Circuit,Las Vegas,United States,36.1147,-115.173,12,1,Esteban Ocon,21,0,0,1
26250,1119,840,117,19,5,10.0,50,1,2023,21,80,Las Vegas Grand Prix,2023-11-19,Aston Martin,British,Lance,Stroll,Canadian,Finished,Las Vegas Strip Street Circuit,Las Vegas,United States,36.1147,-115.173,14,1,Lance Stroll,21,0,0,1
26251,1119,832,6,12,6,8.0,50,1,2023,21,80,Las Vegas Grand Prix,2023-11-19,Ferrari,Italian,Carlos,Sainz,Spanish,Finished,Las Vegas Strip Street Circuit,Las Vegas,United States,36.1147,-115.173,6,1,Carlos Sainz,21,0,0,1
26252,1119,1,131,10,7,6.0,50,1,2023,21,80,Las Vegas Grand Prix,2023-11-19,Mercedes,German,Lewis,Hamilton,British,Finished,Las Vegas Strip Street Circuit,Las Vegas,United States,36.1147,-115.173,3,1,Lewis Hamilton,21,0,0,1
26253,1119,847,131,3,8,4.0,50,1,2023,21,80,Las Vegas Grand Prix,2023-11-19,Mercedes,German,George,Russell,British,Finished,Las Vegas Strip Street Circuit,Las Vegas,United States,36.1147,-115.173,-5,1,George Russell,21,0,0,1
26254,1119,4,117,9,9,2.0,50,1,2023,21,80,Las Vegas Grand Prix,2023-11-19,Aston Martin,British,Fernando,Alonso,Spanish,Finished,Las Vegas Strip Street Circuit,Las Vegas,United States,36.1147,-115.173,0,1,Fernando Alonso,21,0,0,1
26255,1119,857,1,18,10,2.0,50,1,2023,21,80,Las Vegas Grand Prix,2023-11-19,McLaren,British,Oscar,Piastri,Australian,Finished,Las Vegas Strip Street Circuit,Las Vegas,United States,36.1147,-115.173,8,1,Oscar Piastri,21,0,0,1
26256,1119,842,214,4,11,0.0,50,1,2023,21,80,Las Vegas Grand Prix,2023-11-19,Alpine F1 Team,French,Pierre,Gasly,French,Finished,Las Vegas Strip Street Circuit,Las Vegas,United States,36.1147,-115.173,-7,1,Pierre Gasly,21,0,0,0
26257,1119,848,3,5,12,0.0,50,1,2023,21,80,Las Vegas Grand Prix,2023-11-19,Williams,British,Alexander,Albon,Thai,Finished,Las Vegas Strip Street Circuit,Las Vegas,United States,36.1147,-115.173,-7,1,Alexander Albon,21,0,0,0
26258,1119,825,210,8,13,0.0,50,1,2023,21,80,Las Vegas Grand Prix,2023-11-19,Haas F1 Team,American,Kevin,Magnussen,Danish,Finished,Las Vegas Strip Street Circuit,Las Vegas,United States,36.1147,-115.173,-5,1,Kevin Magnussen,21,0,0,0
26259,1119,817,213,14,14,0.0,50,1,2023,21,80,Las Vegas Grand Prix,2023-11-19,AlphaTauri,Italian,Daniel,Ricciardo,Australian,Finished,Las Vegas Strip Street Circuit,Las Vegas,United States,36.1147,-115.173,0,1,Daniel Ricciardo,21,0,0,0
26260,1119,855,51,17,15,0.0,50,1,2023,21,80,Las Vegas Grand Prix,2023-11-19,Alfa Romeo,Swiss,Guanyu,Zhou,Chinese,Finished,Las Vegas Strip Street Circuit,Las Vegas,United States,36.1147,-115.173,2,1,Guanyu Zhou,21,0,0,0
26261,1119,858,3,6,16,0.0,50,1,2023,21,80,Las Vegas Grand Prix,2023-11-19,Williams,British,Logan,Sargeant,American,Finished,Las Vegas Strip Street Circuit,Las Vegas,United States,36.1147,-115.173,-10,1,Logan Sargeant,21,0,0,0
26262,1119,822,51,7,17,0.0,50,1,2023,21,80,Las Vegas Grand Prix,2023-11-19,Alfa Romeo,Swiss,Valtteri,Bottas,Finnish,Finished,Las Vegas Strip Street Circuit,Las Vegas,United States,36.1147,-115.173,-10,1,Valtteri Bottas,21,0,0,0
26263,1119,852,213,20,18,0.0,46,6,2023,21,80,Las Vegas Grand Prix,2023-11-19,AlphaTauri,Italian,Yuki,Tsunoda,Japanese,Gearbox,Las Vegas Strip Street Circuit,Las Vegas,United States,36.1147,-115.173,2,0,Yuki Tsunoda,21,0,0,0
26264,1119,807,210,13,19,0.0,45,5,2023,21,80,Las Vegas Grand Prix,2023-11-19,Haas F1 Team,American,Nico,Hülkenberg,German,Engine,Las Vegas Strip Street Circuit,Las Vegas,United States,36.1147,-115.173,-6,0,Nico Hülkenberg,21,0,0,0
26265,1119,846,1,15,20,0.0,2,3,2023,21,80,Las Vegas Grand Prix,2023-11-19,McLaren,British,Lando,Norris,British,Accident,Las Vegas Strip Street Circuit,Las Vegas,United States,36.1147,-115.173,-5,0,Lando Norris,21,0,0,0
26266,1120,830,9,1,1,26.0,58,1,2023,22,24,Abu Dhabi Grand Prix,2023-11-26,Red Bull,Austrian,Max,Verstappen,Dutch,Finished,Yas Marina Circuit,Abu Dhabi,UAE,24.4672,54.6031,0,1,Max Verstappen,22,1,1,1
26267,1120,844,6,2,2,18.0,58,1,2023,22,24,Abu Dhabi Grand Prix,2023-11-26,Ferrari,Italian,Charles,Leclerc,Monegasque,Finished,Yas Marina Circuit,Abu Dhabi,UAE,24.4672,54.6031,0,1,Charles Leclerc,22,1,0,1
26268,1120,847,131,4,3,15.0,58,1,2023,22,24,Abu Dhabi Grand Prix,2023-11-26,Mercedes,German,George,Russell,British,Finished,Yas Marina Circuit,Abu Dhabi,UAE,24.4672,54.6031,1,1,George Russell,22,1,0,1
26269,1120,815,9,9,4,12.0,58,1,2023,22,24,Abu Dhabi Grand Prix,2023-11-26,Red Bull,Austrian,Sergio,Pérez,Mexican,Finished,Yas Marina Circuit,Abu Dhabi,UAE,24.4672,54.6031,5,1,Sergio Pérez,22,0,0,1
26270,1120,846,1,5,5,10.0,58,1,2023,22,24,Abu Dhabi Grand Prix,2023-11-26,McLaren,British,Lando,Norris,British,Finished,Yas Marina Circuit,Abu Dhabi,UAE,24.4672,54.6031,0,1,Lando Norris,22,0,0,1
26271,1120,857,1,3,6,8.0,58,1,2023,22,24,Abu Dhabi Grand Prix,2023-11-26,McLaren,British,Oscar,Piastri,Australian,Finished,Yas Marina Circuit,Abu Dhabi,UAE,24.4672,54.6031,-3,1,Oscar Piastri,22,0,0,1
26272,1120,4,117,7,7,6.0,58,1,2023,22,24,Abu Dhabi Grand Prix,2023-11-26,Aston Martin,British,Fernando,Alonso,Spanish,Finished,Yas Marina Circuit,Abu Dhabi,UAE,24.4672,54.6031,0,1,Fernando Alonso,22,0,0,1
26273,1120,852,213,6,8,4.0,58,1,2023,22,24,Abu Dhabi Grand Prix,2023-11-26,AlphaTauri,Italian,Yuki,Tsunoda,Japanese,Finished,Yas Marina Circuit,Abu Dhabi,UAE,24.4672,54.6031,-2,1,Yuki Tsunoda,22,0,0,1
26274,1120,1,131,11,9,2.0,58,1,2023,22,24,Abu Dhabi Grand Prix,2023-11-26,Mercedes,German,Lewis,Hamilton,British,Finished,Yas Marina Circuit,Abu Dhabi,UAE,24.4672,54.6031,2,1,Lewis Hamilton,22,0,0,1
26275,1120,840,117,13,10,1.0,58,1,2023,22,24,Abu Dhabi Grand Prix,2023-11-26,Aston Martin,British,Lance,Stroll,Canadian,Finished,Yas Marina Circuit,Abu Dhabi,UAE,24.4672,54.6031,3,1,Lance Stroll,22,0,0,1
26276,1120,817,213,15,11,0.0,58,1,2023,22,24,Abu Dhabi Grand Prix,2023-11-26,AlphaTauri,Italian,Daniel,Ricciardo,Australian,Finished,Yas Marina Circuit,Abu Dhabi,UAE,24.4672,54.6031,4,1,Daniel Ricciardo,22,0,0,0
26277,1120,839,214,12,12,0.0,58,1,2023,22,24,Abu Dhabi Grand Prix,2023-11-26,Alpine F1 Team,French,Esteban,Ocon,French,Finished,Yas Marina Circuit,Abu Dhabi,UAE,24.4672,54.6031,0,1,Esteban Ocon,22,0,0,0
26278,1120,842,214,10,13,0.0,58,1,2023,22,24,Abu Dhabi Grand Prix,2023-11-26,Alpine F1 Team,French,Pierre,Gasly,French,Finished,Yas Marina Circuit,Abu Dhabi,UAE,24.4672,54.6031,-3,1,Pierre Gasly,22,0,0,0
26279,1120,848,3,14,14,0.0,58,1,2023,22,24,Abu Dhabi Grand Prix,2023-11-26,Williams,British,Alexander,Albon,Thai,Finished,Yas Marina Circuit,Abu Dhabi,UAE,24.4672,54.6031,0,1,Alexander Albon,22,0,0,0
26280,1120,807,210,8,15,0.0,58,1,2023,22,24,Abu Dhabi Grand Prix,2023-11-26,Haas F1 Team,American,Nico,Hülkenberg,German,Finished,Yas Marina Circuit,Abu Dhabi,UAE,24.4672,54.6031,-7,1,Nico Hülkenberg,22,0,0,0
26281,1120,858,3,20,16,0.0,58,1,2023,22,24,Abu Dhabi Grand Prix,2023-11-26,Williams,British,Logan,Sargeant,American,Finished,Yas Marina Circuit,Abu Dhabi,UAE,24.4672,54.6031,4,1,Logan Sargeant,22,0,0,0
26282,1120,855,51,19,17,0.0,58,1,2023,22,24,Abu Dhabi Grand Prix,2023-11-26,Alfa Romeo,Swiss,Guanyu,Zhou,Chinese,Finished,Yas Marina Circuit,Abu Dhabi,UAE,24.4672,54.6031,2,1,Guanyu Zhou,22,0,0,0
26283,1120,832,6,16,18,0.0,57,31,2023,22,24,Abu Dhabi Grand Prix,2023-11-26,Ferrari,Italian,Carlos,Sainz,Spanish,Retired,Yas Marina Circuit,Abu Dhabi,UAE,24.4672,54.6031,-2,0,Carlos Sainz,22,0,0,0
26284,1120,822,51,18,19,0.0,57,11,2023,22,24,Abu Dhabi Grand Prix,2023-11-26,Alfa Romeo,Swiss,Valtteri,Bottas,Finnish,+1 Lap,Yas Marina Circuit,Abu Dhabi,UAE,24.4672,54.6031,-1,1,Valtteri Bottas,22,0,0,0
26285,1120,825,210,17,20,0.0,57,11,2023,22,24,Abu Dhabi Grand Prix,2023-11-26,Haas F1 Team,American,Kevin,Magnussen,Danish,+1 Lap,Yas Marina Circuit,Abu Dhabi,UAE,24.4672,54.6031,-3,1,Kevin Magnussen,22,0,0,0
26286,1121,830,9,1,1,26.0,57,1,2024,1,3,Bahrain Grand Prix,2024-03-02,Red Bull,Austrian,Max,Verstappen,Dutch,Finished,Bahrain International Circuit,Sakhir,Bahrain,26.0325,50.5106,0,1,Max Verstappen,1,1,1,1
26287,1121,815,9,5,2,18.0,57,1,2024,1,3,Bahrain Grand Prix,2024-03-02,Red Bull,Austrian,Sergio,Pérez,Mexican,Finished,Bahrain International Circuit,Sakhir,Bahrain,26.0325,50.5106,3,1,Sergio Pérez,1,1,0,1
26288,1121,832,6,4,3,15.0,57,1,2024,1,3,Bahrain Grand Prix,2024-03-02,Ferrari,Italian,Carlos,Sainz,Spanish,Finished,Bahrain International Circuit,Sakhir,Bahrain,26.0325,50.5106,1,1,Carlos Sainz,1,1,0,1
26289,1121,844,6,2,4,12.0,57,1,2024,1,3,Bahrain Grand Prix,2024-03-02,Ferrari,Italian,Charles,Leclerc,Monegasque,Finished,Bahrain International Circuit,Sakhir,Bahrain,26.0325,50.5106,-2,1,Charles Leclerc,1,0,0,1
26290,1121,847,131,3,5,10.0,57,1,2024,1,3,Bahrain Grand Prix,2024-03-02,Mercedes,German,George,Russell,British,Finished,Bahrain International Circuit,Sakhir,Bahrain,26.0325,50.5106,-2,1,George Russell,1,0,0,1
26291,1121,846,1,7,6,8.0,57,1,2024,1,3,Bahrain Grand Prix,2024-03-02,McLaren,British,Lando,Norris,British,Finished,Bahrain International Circuit,Sakhir,Bahrain,26.0325,50.5106,1,1,Lando Norris,1,0,0,1
26292,1121,1,131,9,7,6.0,57,1,2024,1,3,Bahrain Grand Prix,2024-03-02,Mercedes,German,Lewis,Hamilton,British,Finished,Bahrain International Circuit,Sakhir,Bahrain,26.0325,50.5106,2,1,Lewis Hamilton,1,0,0,1
26293,1121,857,1,8,8,4.0,57,1,2024,1,3,Bahrain Grand Prix,2024-03-02,McLaren,British,Oscar,Piastri,Australian,Finished,Bahrain International Circuit,Sakhir,Bahrain,26.0325,50.5106,0,1,Oscar Piastri,1,0,0,1
26294,1121,4,117,6,9,2.0,57,1,2024,1,3,Bahrain Grand Prix,2024-03-02,Aston Martin,British,Fernando,Alonso,Spanish,Finished,Bahrain International Circuit,Sakhir,Bahrain,26.0325,50.5106,-3,1,Fernando Alonso,1,0,0,1
26295,1121,840,117,12,10,1.0,57,1,2024,1,3,Bahrain Grand Prix,2024-03-02,Aston Martin,British,Lance,Stroll,Canadian,Finished,Bahrain International Circuit,Sakhir,Bahrain,26.0325,50.5106,2,1,Lance Stroll,1,0,0,1
26296,1121,855,15,17,11,0.0,56,11,2024,1,3,Bahrain Grand Prix,2024-03-02,Sauber,Swiss,Guanyu,Zhou,Chinese,+1 Lap,Bahrain International Circuit,Sakhir,Bahrain,26.0325,50.5106,6,1,Guanyu Zhou,1,0,0,0
26297,1121,825,210,15,12,0.0,56,11,2024,1,3,Bahrain Grand Prix,2024-03-02,Haas F1 Team,American,Kevin,Magnussen,Danish,+1 Lap,Bahrain International Circuit,Sakhir,Bahrain,26.0325,50.5106,3,1,Kevin Magnussen,1,0,0,0
26298,1121,817,215,14,13,0.0,56,11,2024,1,3,Bahrain Grand Prix,2024-03-02,RB F1 Team,Italian,Daniel,Ricciardo,Australian,+1 Lap,Bahrain International Circuit,Sakhir,Bahrain,26.0325,50.5106,1,1,Daniel Ricciardo,1,0,0,0
26299,1121,852,215,11,14,0.0,56,11,2024,1,3,Bahrain Grand Prix,2024-03-02,RB F1 Team,Italian,Yuki,Tsunoda,Japanese,+1 Lap,Bahrain International Circuit,Sakhir,Bahrain,26.0325,50.5106,-3,1,Yuki Tsunoda,1,0,0,0
26300,1121,848,3,13,15,0.0,56,11,2024,1,3,Bahrain Grand Prix,2024-03-02,Williams,British,Alexander,Albon,Thai,+1 Lap,Bahrain International Circuit,Sakhir,Bahrain,26.0325,50.5106,-2,1,Alexander Albon,1,0,0,0
26301,1121,807,210,10,16,0.0,56,11,2024,1,3,Bahrain Grand Prix,2024-03-02,Haas F1 Team,American,Nico,Hülkenberg,German,+1 Lap,Bahrain International Circuit,Sakhir,Bahrain,26.0325,50.5106,-6,1,Nico Hülkenberg,1,0,0,0
26302,1121,839,214,19,17,0.0,56,11,2024,1,3,Bahrain Grand Prix,2024-03-02,Alpine F1 Team,French,Esteban,Ocon,French,+1 Lap,Bahrain International Circuit,Sakhir,Bahrain,26.0325,50.5106,2,1,Esteban Ocon,1,0,0,0
26303,1121,842,214,20,18,0.0,56,11,2024,1,3,Bahrain Grand Prix,2024-03-02,Alpine F1 Team,French,Pierre,Gasly,French,+1 Lap,Bahrain International Circuit,Sakhir,Bahrain,26.0325,50.5106,2,1,Pierre Gasly,1,0,0,0
26304,1121,822,15,16,19,0.0,56,11,2024,1,3,Bahrain Grand Prix,2024-03-02,Sauber,Swiss,Valtteri,Bottas,Finnish,+1 Lap,Bahrain International Circuit,Sakhir,Bahrain,26.0325,50.5106,-3,1,Valtteri Bottas,1,0,0,0
26305,1121,858,3,18,20,0.0,55,12,2024,1,3,Bahrain Grand Prix,2024-03-02,Williams,British,Logan,Sargeant,American,+2 Laps,Bahrain International Circuit,Sakhir,Bahrain,26.0325,50.5106,-2,1,Logan Sargeant,1,0,0,0
26306,1122,830,9,1,1,25.0,50,1,2024,2,77,Saudi Arabian Grand Prix,2024-03-09,Red Bull,Austrian,Max,Verstappen,Dutch,Finished,Jeddah Corniche Circuit,Jeddah,Saudi Arabia,21.6319,39.1044,0,1,Max Verstappen,2,1,1,1
26307,1122,815,9,3,2,18.0,50,1,2024,2,77,Saudi Arabian Grand Prix,2024-03-09,Red Bull,Austrian,Sergio,Pérez,Mexican,Finished,Jeddah Corniche Circuit,Jeddah,Saudi Arabia,21.6319,39.1044,1,1,Sergio Pérez,2,1,0,1
26308,1122,844,6,2,3,16.0,50,1,2024,2,77,Saudi Arabian Grand Prix,2024-03-09,Ferrari,Italian,Charles,Leclerc,Monegasque,Finished,Jeddah Corniche Circuit,Jeddah,Saudi Arabia,21.6319,39.1044,-1,1,Charles Leclerc,2,1,0,1
26309,1122,857,1,5,4,12.0,50,1,2024,2,77,Saudi Arabian Grand Prix,2024-03-09,McLaren,British,Oscar,Piastri,Australian,Finished,Jeddah Corniche Circuit,Jeddah,Saudi Arabia,21.6319,39.1044,1,1,Oscar Piastri,2,0,0,1
26310,1122,4,117,4,5,10.0,50,1,2024,2,77,Saudi Arabian Grand Prix,2024-03-09,Aston Martin,British,Fernando,Alonso,Spanish,Finished,Jeddah Corniche Circuit,Jeddah,Saudi Arabia,21.6319,39.1044,-1,1,Fernando Alonso,2,0,0,1
26311,1122,847,131,7,6,8.0,50,1,2024,2,77,Saudi Arabian Grand Prix,2024-03-09,Mercedes,German,George,Russell,British,Finished,Jeddah Corniche Circuit,Jeddah,Saudi Arabia,21.6319,39.1044,1,1,George Russell,2,0,0,1
26312,1122,860,6,11,7,6.0,50,1,2024,2,77,Saudi Arabian Grand Prix,2024-03-09,Ferrari,Italian,Oliver,Bearman,British,Finished,Jeddah Corniche Circuit,Jeddah,Saudi Arabia,21.6319,39.1044,4,1,Oliver Bearman,2,0,0,1
26313,1122,846,1,6,8,4.0,50,1,2024,2,77,Saudi Arabian Grand Prix,2024-03-09,McLaren,British,Lando,Norris,British,Finished,Jeddah Corniche Circuit,Jeddah,Saudi Arabia,21.6319,39.1044,-2,1,Lando Norris,2,0,0,1
26314,1122,1,131,8,9,2.0,50,1,2024,2,77,Saudi Arabian Grand Prix,2024-03-09,Mercedes,German,Lewis,Hamilton,British,Finished,Jeddah Corniche Circuit,Jeddah,Saudi Arabia,21.6319,39.1044,-1,1,Lewis Hamilton,2,0,0,1
26315,1122,807,210,15,10,1.0,50,1,2024,2,77,Saudi Arabian Grand Prix,2024-03-09,Haas F1 Team,American,Nico,Hülkenberg,German,Finished,Jeddah Corniche Circuit,Jeddah,Saudi Arabia,21.6319,39.1044,5,1,Nico Hülkenberg,2,0,0,1
26316,1122,848,3,12,11,0.0,50,1,2024,2,77,Saudi Arabian Grand Prix,2024-03-09,Williams,British,Alexander,Albon,Thai,Finished,Jeddah Corniche Circuit,Jeddah,Saudi Arabia,21.6319,39.1044,1,1,Alexander Albon,2,0,0,0
26317,1122,825,210,13,12,0.0,50,1,2024,2,77,Saudi Arabian Grand Prix,2024-03-09,Haas F1 Team,American,Kevin,Magnussen,Danish,Finished,Jeddah Corniche Circuit,Jeddah,Saudi Arabia,21.6319,39.1044,1,1,Kevin Magnussen,2,0,0,0
26318,1122,839,214,17,13,0.0,49,11,2024,2,77,Saudi Arabian Grand Prix,2024-03-09,Alpine F1 Team,French,Esteban,Ocon,French,+1 Lap,Jeddah Corniche Circuit,Jeddah,Saudi Arabia,21.6319,39.1044,4,1,Esteban Ocon,2,0,0,0
26319,1122,858,3,19,14,0.0,49,11,2024,2,77,Saudi Arabian Grand Prix,2024-03-09,Williams,British,Logan,Sargeant,American,+1 Lap,Jeddah Corniche Circuit,Jeddah,Saudi Arabia,21.6319,39.1044,5,1,Logan Sargeant,2,0,0,0
26320,1122,852,215,9,15,0.0,49,11,2024,2,77,Saudi Arabian Grand Prix,2024-03-09,RB F1 Team,Italian,Yuki,Tsunoda,Japanese,+1 Lap,Jeddah Corniche Circuit,Jeddah,Saudi Arabia,21.6319,39.1044,-6,1,Yuki Tsunoda,2,0,0,0
26321,1122,817,215,14,16,0.0,49,11,2024,2,77,Saudi Arabian Grand Prix,2024-03-09,RB F1 Team,Italian,Daniel,Ricciardo,Australian,+1 Lap,Jeddah Corniche Circuit,Jeddah,Saudi Arabia,21.6319,39.1044,-2,1,Daniel Ricciardo,2,0,0,0
26322,1122,822,15,16,17,0.0,49,11,2024,2,77,Saudi Arabian Grand Prix,2024-03-09,Sauber,Swiss,Valtteri,Bottas,Finnish,+1 Lap,Jeddah Corniche Circuit,Jeddah,Saudi Arabia,21.6319,39.1044,-1,1,Valtteri Bottas,2,0,0,0
26323,1122,855,15,20,18,0.0,49,11,2024,2,77,Saudi Arabian Grand Prix,2024-03-09,Sauber,Swiss,Guanyu,Zhou,Chinese,+1 Lap,Jeddah Corniche Circuit,Jeddah,Saudi Arabia,21.6319,39.1044,2,1,Guanyu Zhou,2,0,0,0
26324,1122,840,117,10,19,0.0,5,3,2024,2,77,Saudi Arabian Grand Prix,2024-03-09,Aston Martin,British,Lance,Stroll,Canadian,Accident,Jeddah Corniche Circuit,Jeddah,Saudi Arabia,21.6319,39.1044,-9,0,Lance Stroll,2,0,0,0
26325,1122,842,214,18,20,0.0,1,6,2024,2,77,Saudi Arabian Grand Prix,2024-03-09,Alpine F1 Team,French,Pierre,Gasly,French,Gearbox,Jeddah Corniche Circuit,Jeddah,Saudi Arabia,21.6319,39.1044,-2,0,Pierre Gasly,2,0,0,0
26326,1123,832,6,2,1,25.0,58,1,2024,3,1,Australian Grand Prix,2024-03-24,Ferrari,Italian,Carlos,Sainz,Spanish,Finished,Albert Park Grand Prix Circuit,Melbourne,Australia,-37.8497,144.968,1,1,Carlos Sainz,3,1,1,1
26327,1123,844,6,4,2,19.0,58,1,2024,3,1,Australian Grand Prix,2024-03-24,Ferrari,Italian,Charles,Leclerc,Monegasque,Finished,Albert Park Grand Prix Circuit,Melbourne,Australia,-37.8497,144.968,2,1,Charles Leclerc,3,1,0,1
26328,1123,846,1,3,3,15.0,58,1,2024,3,1,Australian Grand Prix,2024-03-24,McLaren,British,Lando,Norris,British,Finished,Albert Park Grand Prix Circuit,Melbourne,Australia,-37.8497,144.968,0,1,Lando Norris,3,1,0,1
26329,1123,857,1,5,4,12.0,58,1,2024,3,1,Australian Grand Prix,2024-03-24,McLaren,British,Oscar,Piastri,Australian,Finished,Albert Park Grand Prix Circuit,Melbourne,Australia,-37.8497,144.968,1,1,Oscar Piastri,3,0,0,1
26330,1123,815,9,6,5,10.0,58,1,2024,3,1,Australian Grand Prix,2024-03-24,Red Bull,Austrian,Sergio,Pérez,Mexican,Finished,Albert Park Grand Prix Circuit,Melbourne,Australia,-37.8497,144.968,1,1,Sergio Pérez,3,0,0,1
26331,1123,840,117,9,6,8.0,58,1,2024,3,1,Australian Grand Prix,2024-03-24,Aston Martin,British,Lance,Stroll,Canadian,Finished,Albert Park Grand Prix Circuit,Melbourne,Australia,-37.8497,144.968,3,1,Lance Stroll,3,0,0,1
26332,1123,852,215,8,7,6.0,58,1,2024,3,1,Australian Grand Prix,2024-03-24,RB F1 Team,Italian,Yuki,Tsunoda,Japanese,Finished,Albert Park Grand Prix Circuit,Melbourne,Australia,-37.8497,144.968,1,1,Yuki Tsunoda,3,0,0,1
26333,1123,4,117,10,8,4.0,58,1,2024,3,1,Australian Grand Prix,2024-03-24,Aston Martin,British,Fernando,Alonso,Spanish,Finished,Albert Park Grand Prix Circuit,Melbourne,Australia,-37.8497,144.968,2,1,Fernando Alonso,3,0,0,1
26334,1123,807,210,16,9,2.0,58,1,2024,3,1,Australian Grand Prix,2024-03-24,Haas F1 Team,American,Nico,Hülkenberg,German,Finished,Albert Park Grand Prix Circuit,Melbourne,Australia,-37.8497,144.968,7,1,Nico Hülkenberg,3,0,0,1
26335,1123,825,210,14,10,1.0,57,11,2024,3,1,Australian Grand Prix,2024-03-24,Haas F1 Team,American,Kevin,Magnussen,Danish,+1 Lap,Albert Park Grand Prix Circuit,Melbourne,Australia,-37.8497,144.968,4,1,Kevin Magnussen,3,0,0,1
26336,1123,848,3,12,11,0.0,57,11,2024,3,1,Australian Grand Prix,2024-03-24,Williams,British,Alexander,Albon,Thai,+1 Lap,Albert Park Grand Prix Circuit,Melbourne,Australia,-37.8497,144.968,1,1,Alexander Albon,3,0,0,0
26337,1123,817,215,18,12,0.0,57,11,2024,3,1,Australian Grand Prix,2024-03-24,RB F1 Team,Italian,Daniel,Ricciardo,Australian,+1 Lap,Albert Park Grand Prix Circuit,Melbourne,Australia,-37.8497,144.968,6,1,Daniel Ricciardo,3,0,0,0
26338,1123,842,214,17,13,0.0,57,11,2024,3,1,Australian Grand Prix,2024-03-24,Alpine F1 Team,French,Pierre,Gasly,French,+1 Lap,Albert Park Grand Prix Circuit,Melbourne,Australia,-37.8497,144.968,4,1,Pierre Gasly,3,0,0,0
26339,1123,822,15,13,14,0.0,57,11,2024,3,1,Australian Grand Prix,2024-03-24,Sauber,Swiss,Valtteri,Bottas,Finnish,+1 Lap,Albert Park Grand Prix Circuit,Melbourne,Australia,-37.8497,144.968,-1,1,Valtteri Bottas,3,0,0,0
26340,1123,855,15,19,15,0.0,57,11,2024,3,1,Australian Grand Prix,2024-03-24,Sauber,Swiss,Guanyu,Zhou,Chinese,+1 Lap,Albert Park Grand Prix Circuit,Melbourne,Australia,-37.8497,144.968,4,1,Guanyu Zhou,3,0,0,0
26341,1123,839,214,15,16,0.0,57,11,2024,3,1,Australian Grand Prix,2024-03-24,Alpine F1 Team,French,Esteban,Ocon,French,+1 Lap,Albert Park Grand Prix Circuit,Melbourne,Australia,-37.8497,144.968,-1,1,Esteban Ocon,3,0,0,0
26342,1123,847,131,7,17,0.0,56,3,2024,3,1,Australian Grand Prix,2024-03-24,Mercedes,German,George,Russell,British,Accident,Albert Park Grand Prix Circuit,Melbourne,Australia,-37.8497,144.968,-10,0,George Russell,3,0,0,0
26343,1123,1,131,11,18,0.0,15,5,2024,3,1,Australian Grand Prix,2024-03-24,Mercedes,German,Lewis,Hamilton,British,Engine,Albert Park Grand Prix Circuit,Melbourne,Australia,-37.8497,144.968,-7,0,Lewis Hamilton,3,0,0,0
26344,1123,830,9,1,19,0.0,3,23,2024,3,1,Australian Grand Prix,2024-03-24,Red Bull,Austrian,Max,Verstappen,Dutch,Brakes,Albert Park Grand Prix Circuit,Melbourne,Australia,-37.8497,144.968,-18,0,Max Verstappen,3,0,0,0
26345,1124,830,9,1,1,26.0,53,1,2024,4,22,Japanese Grand Prix,2024-04-07,Red Bull,Austrian,Max,Verstappen,Dutch,Finished,Suzuka Circuit,Suzuka,Japan,34.8431,136.541,0,1,Max Verstappen,4,1,1,1
26346,1124,815,9,2,2,18.0,53,1,2024,4,22,Japanese Grand Prix,2024-04-07,Red Bull,Austrian,Sergio,Pérez,Mexican,Finished,Suzuka Circuit,Suzuka,Japan,34.8431,136.541,0,1,Sergio Pérez,4,1,0,1
26347,1124,832,6,4,3,15.0,53,1,2024,4,22,Japanese Grand Prix,2024-04-07,Ferrari,Italian,Carlos,Sainz,Spanish,Finished,Suzuka Circuit,Suzuka,Japan,34.8431,136.541,1,1,Carlos Sainz,4,1,0,1
26348,1124,844,6,8,4,12.0,53,1,2024,4,22,Japanese Grand Prix,2024-04-07,Ferrari,Italian,Charles,Leclerc,Monegasque,Finished,Suzuka Circuit,Suzuka,Japan,34.8431,136.541,4,1,Charles Leclerc,4,0,0,1
26349,1124,846,1,3,5,10.0,53,1,2024,4,22,Japanese Grand Prix,2024-04-07,McLaren,British,Lando,Norris,British,Finished,Suzuka Circuit,Suzuka,Japan,34.8431,136.541,-2,1,Lando Norris,4,0,0,1
26350,1124,4,117,5,6,8.0,53,1,2024,4,22,Japanese Grand Prix,2024-04-07,Aston Martin,British,Fernando,Alonso,Spanish,Finished,Suzuka Circuit,Suzuka,Japan,34.8431,136.541,-1,1,Fernando Alonso,4,0,0,1
26351,1124,847,131,9,7,6.0,53,1,2024,4,22,Japanese Grand Prix,2024-04-07,Mercedes,German,George,Russell,British,Finished,Suzuka Circuit,Suzuka,Japan,34.8431,136.541,2,1,George Russell,4,0,0,1
26352,1124,857,1,6,8,4.0,53,1,2024,4,22,Japanese Grand Prix,2024-04-07,McLaren,British,Oscar,Piastri,Australian,Finished,Suzuka Circuit,Suzuka,Japan,34.8431,136.541,-2,1,Oscar Piastri,4,0,0,1
26353,1124,1,131,7,9,2.0,53,1,2024,4,22,Japanese Grand Prix,2024-04-07,Mercedes,German,Lewis,Hamilton,British,Finished,Suzuka Circuit,Suzuka,Japan,34.8431,136.541,-2,1,Lewis Hamilton,4,0,0,1
26354,1124,852,215,10,10,1.0,52,11,2024,4,22,Japanese Grand Prix,2024-04-07,RB F1 Team,Italian,Yuki,Tsunoda,Japanese,+1 Lap,Suzuka Circuit,Suzuka,Japan,34.8431,136.541,0,1,Yuki Tsunoda,4,0,0,1
26355,1124,807,210,12,11,0.0,52,11,2024,4,22,Japanese Grand Prix,2024-04-07,Haas F1 Team,American,Nico,Hülkenberg,German,+1 Lap,Suzuka Circuit,Suzuka,Japan,34.8431,136.541,1,1,Nico Hülkenberg,4,0,0,0
26356,1124,840,117,16,12,0.0,52,11,2024,4,22,Japanese Grand Prix,2024-04-07,Aston Martin,British,Lance,Stroll,Canadian,+1 Lap,Suzuka Circuit,Suzuka,Japan,34.8431,136.541,4,1,Lance Stroll,4,0,0,0
26357,1124,825,210,18,13,0.0,52,11,2024,4,22,Japanese Grand Prix,2024-04-07,Haas F1 Team,American,Kevin,Magnussen,Danish,+1 Lap,Suzuka Circuit,Suzuka,Japan,34.8431,136.541,5,1,Kevin Magnussen,4,0,0,0
26358,1124,822,15,13,14,0.0,52,11,2024,4,22,Japanese Grand Prix,2024-04-07,Sauber,Swiss,Valtteri,Bottas,Finnish,+1 Lap,Suzuka Circuit,Suzuka,Japan,34.8431,136.541,-1,1,Valtteri Bottas,4,0,0,0
26359,1124,839,214,15,15,0.0,52,11,2024,4,22,Japanese Grand Prix,2024-04-07,Alpine F1 Team,French,Esteban,Ocon,French,+1 Lap,Suzuka Circuit,Suzuka,Japan,34.8431,136.541,0,1,Esteban Ocon,4,0,0,0
26360,1124,842,214,17,16,0.0,52,11,2024,4,22,Japanese Grand Prix,2024-04-07,Alpine F1 Team,French,Pierre,Gasly,French,+1 Lap,Suzuka Circuit,Suzuka,Japan,34.8431,136.541,1,1,Pierre Gasly,4,0,0,0
26361,1124,858,3,19,17,0.0,52,11,2024,4,22,Japanese Grand Prix,2024-04-07,Williams,British,Logan,Sargeant,American,+1 Lap,Suzuka Circuit,Suzuka,Japan,34.8431,136.541,2,1,Logan Sargeant,4,0,0,0
26362,1124,855,15,20,18,0.0,12,6,2024,4,22,Japanese Grand Prix,2024-04-07,Sauber,Swiss,Guanyu,Zhou,Chinese,Gearbox,Suzuka Circuit,Suzuka,Japan,34.8431,136.541,2,0,Guanyu Zhou,4,0,0,0
26363,1124,817,215,11,19,0.0,0,3,2024,4,22,Japanese Grand Prix,2024-04-07,RB F1 Team,Italian,Daniel,Ricciardo,Australian,Accident,Suzuka Circuit,Suzuka,Japan,34.8431,136.541,-8,0,Daniel Ricciardo,4,0,0,0
26364,1124,848,3,14,20,0.0,0,3,2024,4,22,Japanese Grand Prix,2024-04-07,Williams,British,Alexander,Albon,Thai,Accident,Suzuka Circuit,Suzuka,Japan,34.8431,136.541,-6,0,Alexander Albon,4,0,0,0
26365,1125,830,9,1,1,25.0,56,1,2024,5,17,Chinese Grand Prix,2024-04-21,Red Bull,Austrian,Max,Verstappen,Dutch,Finished,Shanghai International Circuit,Shanghai,China,31.3389,121.22,0,1,Max Verstappen,5,1,1,1
26366,1125,846,1,4,2,18.0,56,1,2024,5,17,Chinese Grand Prix,2024-04-21,McLaren,British,Lando,Norris,British,Finished,Shanghai International Circuit,Shanghai,China,31.3389,121.22,2,1,Lando Norris,5,1,0,1
26367,1125,815,9,2,3,15.0,56,1,2024,5,17,Chinese Grand Prix,2024-04-21,Red Bull,Austrian,Sergio,Pérez,Mexican,Finished,Shanghai International Circuit,Shanghai,China,31.3389,121.22,-1,1,Sergio Pérez,5,1,0,1
26368,1125,844,6,6,4,12.0,56,1,2024,5,17,Chinese Grand Prix,2024-04-21,Ferrari,Italian,Charles,Leclerc,Monegasque,Finished,Shanghai International Circuit,Shanghai,China,31.3389,121.22,2,1,Charles Leclerc,5,0,0,1
26369,1125,832,6,7,5,10.0,56,1,2024,5,17,Chinese Grand Prix,2024-04-21,Ferrari,Italian,Carlos,Sainz,Spanish,Finished,Shanghai International Circuit,Shanghai,China,31.3389,121.22,2,1,Carlos Sainz,5,0,0,1
26370,1125,847,131,8,6,8.0,56,1,2024,5,17,Chinese Grand Prix,2024-04-21,Mercedes,German,George,Russell,British,Finished,Shanghai International Circuit,Shanghai,China,31.3389,121.22,2,1,George Russell,5,0,0,1
26371,1125,4,117,3,7,7.0,56,1,2024,5,17,Chinese Grand Prix,2024-04-21,Aston Martin,British,Fernando,Alonso,Spanish,Finished,Shanghai International Circuit,Shanghai,China,31.3389,121.22,-4,1,Fernando Alonso,5,0,0,1
26372,1125,857,1,5,8,4.0,56,1,2024,5,17,Chinese Grand Prix,2024-04-21,McLaren,British,Oscar,Piastri,Australian,Finished,Shanghai International Circuit,Shanghai,China,31.3389,121.22,-3,1,Oscar Piastri,5,0,0,1
26373,1125,1,131,18,9,2.0,56,1,2024,5,17,Chinese Grand Prix,2024-04-21,Mercedes,German,Lewis,Hamilton,British,Finished,Shanghai International Circuit,Shanghai,China,31.3389,121.22,9,1,Lewis Hamilton,5,0,0,1
26374,1125,807,210,9,10,1.0,56,1,2024,5,17,Chinese Grand Prix,2024-04-21,Haas F1 Team,American,Nico,Hülkenberg,German,Finished,Shanghai International Circuit,Shanghai,China,31.3389,121.22,-1,1,Nico Hülkenberg,5,0,0,1
26375,1125,839,214,13,11,0.0,56,1,2024,5,17,Chinese Grand Prix,2024-04-21,Alpine F1 Team,French,Esteban,Ocon,French,Finished,Shanghai International Circuit,Shanghai,China,31.3389,121.22,2,1,Esteban Ocon,5,0,0,0
26376,1125,848,3,14,12,0.0,56,1,2024,5,17,Chinese Grand Prix,2024-04-21,Williams,British,Alexander,Albon,Thai,Finished,Shanghai International Circuit,Shanghai,China,31.3389,121.22,2,1,Alexander Albon,5,0,0,0
26377,1125,842,214,15,13,0.0,56,1,2024,5,17,Chinese Grand Prix,2024-04-21,Alpine F1 Team,French,Pierre,Gasly,French,Finished,Shanghai International Circuit,Shanghai,China,31.3389,121.22,2,1,Pierre Gasly,5,0,0,0
26378,1125,855,15,16,14,0.0,56,1,2024,5,17,Chinese Grand Prix,2024-04-21,Sauber,Swiss,Guanyu,Zhou,Chinese,Finished,Shanghai International Circuit,Shanghai,China,31.3389,121.22,2,1,Guanyu Zhou,5,0,0,0
26379,1125,840,117,11,15,0.0,56,1,2024,5,17,Chinese Grand Prix,2024-04-21,Aston Martin,British,Lance,Stroll,Canadian,Finished,Shanghai International Circuit,Shanghai,China,31.3389,121.22,-4,1,Lance Stroll,5,0,0,0
26380,1125,825,210,17,16,0.0,56,1,2024,5,17,Chinese Grand Prix,2024-04-21,Haas F1 Team,American,Kevin,Magnussen,Danish,Finished,Shanghai International Circuit,Shanghai,China,31.3389,121.22,1,1,Kevin Magnussen,5,0,0,0
26381,1125,858,3,20,17,0.0,56,1,2024,5,17,Chinese Grand Prix,2024-04-21,Williams,British,Logan,Sargeant,American,Finished,Shanghai International Circuit,Shanghai,China,31.3389,121.22,3,1,Logan Sargeant,5,0,0,0
26382,1125,817,215,12,18,0.0,33,31,2024,5,17,Chinese Grand Prix,2024-04-21,RB F1 Team,Italian,Daniel,Ricciardo,Australian,Retired,Shanghai International Circuit,Shanghai,China,31.3389,121.22,-6,0,Daniel Ricciardo,5,0,0,0
26383,1125,852,215,19,19,0.0,26,31,2024,5,17,Chinese Grand Prix,2024-04-21,RB F1 Team,Italian,Yuki,Tsunoda,Japanese,Retired,Shanghai International Circuit,Shanghai,China,31.3389,121.22,0,0,Yuki Tsunoda,5,0,0,0
26384,1125,822,15,10,20,0.0,19,31,2024,5,17,Chinese Grand Prix,2024-04-21,Sauber,Swiss,Valtteri,Bottas,Finnish,Retired,Shanghai International Circuit,Shanghai,China,31.3389,121.22,-10,0,Valtteri Bottas,5,0,0,0
26385,1126,846,1,5,1,25.0,57,1,2024,6,79,Miami Grand Prix,2024-05-05,McLaren,British,Lando,Norris,British,Finished,Miami International Autodrome,Miami,USA,25.9581,-80.2389,4,1,Lando Norris,6,1,1,1
26386,1126,830,9,1,2,18.0,57,1,2024,6,79,Miami Grand Prix,2024-05-05,Red Bull,Austrian,Max,Verstappen,Dutch,Finished,Miami International Autodrome,Miami,USA,25.9581,-80.2389,-1,1,Max Verstappen,6,1,0,1
26387,1126,844,6,2,3,15.0,57,1,2024,6,79,Miami Grand Prix,2024-05-05,Ferrari,Italian,Charles,Leclerc,Monegasque,Finished,Miami International Autodrome,Miami,USA,25.9581,-80.2389,-1,1,Charles Leclerc,6,1,0,1
26388,1126,815,9,4,4,12.0,57,1,2024,6,79,Miami Grand Prix,2024-05-05,Red Bull,Austrian,Sergio,Pérez,Mexican,Finished,Miami International Autodrome,Miami,USA,25.9581,-80.2389,0,1,Sergio Pérez,6,0,0,1
26389,1126,832,6,3,5,10.0,57,1,2024,6,79,Miami Grand Prix,2024-05-05,Ferrari,Italian,Carlos,Sainz,Spanish,Finished,Miami International Autodrome,Miami,USA,25.9581,-80.2389,-2,1,Carlos Sainz,6,0,0,1
26390,1126,1,131,8,6,8.0,57,1,2024,6,79,Miami Grand Prix,2024-05-05,Mercedes,German,Lewis,Hamilton,British,Finished,Miami International Autodrome,Miami,USA,25.9581,-80.2389,2,1,Lewis Hamilton,6,0,0,1
26391,1126,852,215,10,7,6.0,57,1,2024,6,79,Miami Grand Prix,2024-05-05,RB F1 Team,Italian,Yuki,Tsunoda,Japanese,Finished,Miami International Autodrome,Miami,USA,25.9581,-80.2389,3,1,Yuki Tsunoda,6,0,0,1
26392,1126,847,131,7,8,4.0,57,1,2024,6,79,Miami Grand Prix,2024-05-05,Mercedes,German,George,Russell,British,Finished,Miami International Autodrome,Miami,USA,25.9581,-80.2389,-1,1,George Russell,6,0,0,1
26393,1126,4,117,15,9,2.0,57,1,2024,6,79,Miami Grand Prix,2024-05-05,Aston Martin,British,Fernando,Alonso,Spanish,Finished,Miami International Autodrome,Miami,USA,25.9581,-80.2389,6,1,Fernando Alonso,6,0,0,1
26394,1126,839,214,13,10,1.0,57,1,2024,6,79,Miami Grand Prix,2024-05-05,Alpine F1 Team,French,Esteban,Ocon,French,Finished,Miami International Autodrome,Miami,USA,25.9581,-80.2389,3,1,Esteban Ocon,6,0,0,1
26395,1126,807,210,9,11,0.0,57,1,2024,6,79,Miami Grand Prix,2024-05-05,Haas F1 Team,American,Nico,Hülkenberg,German,Finished,Miami International Autodrome,Miami,USA,25.9581,-80.2389,-2,1,Nico Hülkenberg,6,0,0,0
26396,1126,842,214,12,12,0.0,57,1,2024,6,79,Miami Grand Prix,2024-05-05,Alpine F1 Team,French,Pierre,Gasly,French,Finished,Miami International Autodrome,Miami,USA,25.9581,-80.2389,0,1,Pierre Gasly,6,0,0,0
26397,1126,857,1,6,13,0.0,57,1,2024,6,79,Miami Grand Prix,2024-05-05,McLaren,British,Oscar,Piastri,Australian,Finished,Miami International Autodrome,Miami,USA,25.9581,-80.2389,-7,1,Oscar Piastri,6,0,0,0
26398,1126,855,15,19,14,0.0,57,1,2024,6,79,Miami Grand Prix,2024-05-05,Sauber,Swiss,Guanyu,Zhou,Chinese,Finished,Miami International Autodrome,Miami,USA,25.9581,-80.2389,5,1,Guanyu Zhou,6,0,0,0
26399,1126,817,215,20,15,0.0,57,1,2024,6,79,Miami Grand Prix,2024-05-05,RB F1 Team,Italian,Daniel,Ricciardo,Australian,Finished,Miami International Autodrome,Miami,USA,25.9581,-80.2389,5,1,Daniel Ricciardo,6,0,0,0
26400,1126,822,15,16,16,0.0,57,1,2024,6,79,Miami Grand Prix,2024-05-05,Sauber,Swiss,Valtteri,Bottas,Finnish,Finished,Miami International Autodrome,Miami,USA,25.9581,-80.2389,0,1,Valtteri Bottas,6,0,0,0
26401,1126,840,117,11,17,0.0,57,1,2024,6,79,Miami Grand Prix,2024-05-05,Aston Martin,British,Lance,Stroll,Canadian,Finished,Miami International Autodrome,Miami,USA,25.9581,-80.2389,-6,1,Lance Stroll,6,0,0,0
26402,1126,848,3,14,18,0.0,57,1,2024,6,79,Miami Grand Prix,2024-05-05,Williams,British,Alexander,Albon,Thai,Finished,Miami International Autodrome,Miami,USA,25.9581,-80.2389,-4,1,Alexander Albon,6,0,0,0
26403,1126,825,210,18,19,0.0,57,1,2024,6,79,Miami Grand Prix,2024-05-05,Haas F1 Team,American,Kevin,Magnussen,Danish,Finished,Miami International Autodrome,Miami,USA,25.9581,-80.2389,-1,1,Kevin Magnussen,6,0,0,0
26404,1126,858,3,17,20,0.0,27,4,2024,6,79,Miami Grand Prix,2024-05-05,Williams,British,Logan,Sargeant,American,Collision,Miami International Autodrome,Miami,USA,25.9581,-80.2389,-3,0,Logan Sargeant,6,0,0,0
26405,1127,830,9,1,1,25.0,63,1,2024,7,21,Emilia Romagna Grand Prix,2024-05-19,Red Bull,Austrian,Max,Verstappen,Dutch,Finished,Autodromo Enzo e Dino Ferrari,Imola,Italy,44.3439,11.7167,0,1,Max Verstappen,7,1,1,1
26406,1127,846,1,2,2,18.0,63,1,2024,7,21,Emilia Romagna Grand Prix,2024-05-19,McLaren,British,Lando,Norris,British,Finished,Autodromo Enzo e Dino Ferrari,Imola,Italy,44.3439,11.7167,0,1,Lando Norris,7,1,0,1
26407,1127,844,6,3,3,15.0,63,1,2024,7,21,Emilia Romagna Grand Prix,2024-05-19,Ferrari,Italian,Charles,Leclerc,Monegasque,Finished,Autodromo Enzo e Dino Ferrari,Imola,Italy,44.3439,11.7167,0,1,Charles Leclerc,7,1,0,1
26408,1127,857,1,5,4,12.0,63,1,2024,7,21,Emilia Romagna Grand Prix,2024-05-19,McLaren,British,Oscar,Piastri,Australian,Finished,Autodromo Enzo e Dino Ferrari,Imola,Italy,44.3439,11.7167,1,1,Oscar Piastri,7,0,0,1
26409,1127,832,6,4,5,10.0,63,1,2024,7,21,Emilia Romagna Grand Prix,2024-05-19,Ferrari,Italian,Carlos,Sainz,Spanish,Finished,Autodromo Enzo e Dino Ferrari,Imola,Italy,44.3439,11.7167,-1,1,Carlos Sainz,7,0,0,1
26410,1127,1,131,8,6,8.0,63,1,2024,7,21,Emilia Romagna Grand Prix,2024-05-19,Mercedes,German,Lewis,Hamilton,British,Finished,Autodromo Enzo e Dino Ferrari,Imola,Italy,44.3439,11.7167,2,1,Lewis Hamilton,7,0,0,1
26411,1127,847,131,6,7,7.0,63,1,2024,7,21,Emilia Romagna Grand Prix,2024-05-19,Mercedes,German,George,Russell,British,Finished,Autodromo Enzo e Dino Ferrari,Imola,Italy,44.3439,11.7167,-1,1,George Russell,7,0,0,1
26412,1127,815,9,11,8,4.0,63,1,2024,7,21,Emilia Romagna Grand Prix,2024-05-19,Red Bull,Austrian,Sergio,Pérez,Mexican,Finished,Autodromo Enzo e Dino Ferrari,Imola,Italy,44.3439,11.7167,3,1,Sergio Pérez,7,0,0,1
26413,1127,840,117,13,9,2.0,63,1,2024,7,21,Emilia Romagna Grand Prix,2024-05-19,Aston Martin,British,Lance,Stroll,Canadian,Finished,Autodromo Enzo e Dino Ferrari,Imola,Italy,44.3439,11.7167,4,1,Lance Stroll,7,0,0,1
26414,1127,852,215,7,10,1.0,62,11,2024,7,21,Emilia Romagna Grand Prix,2024-05-19,RB F1 Team,Italian,Yuki,Tsunoda,Japanese,+1 Lap,Autodromo Enzo e Dino Ferrari,Imola,Italy,44.3439,11.7167,-3,1,Yuki Tsunoda,7,0,0,1
26415,1127,807,210,10,11,0.0,62,11,2024,7,21,Emilia Romagna Grand Prix,2024-05-19,Haas F1 Team,American,Nico,Hülkenberg,German,+1 Lap,Autodromo Enzo e Dino Ferrari,Imola,Italy,44.3439,11.7167,-1,1,Nico Hülkenberg,7,0,0,0
26416,1127,825,210,18,12,0.0,62,11,2024,7,21,Emilia Romagna Grand Prix,2024-05-19,Haas F1 Team,American,Kevin,Magnussen,Danish,+1 Lap,Autodromo Enzo e Dino Ferrari,Imola,Italy,44.3439,11.7167,6,1,Kevin Magnussen,7,0,0,0
26417,1127,817,215,9,13,0.0,62,11,2024,7,21,Emilia Romagna Grand Prix,2024-05-19,RB F1 Team,Italian,Daniel,Ricciardo,Australian,+1 Lap,Autodromo Enzo e Dino Ferrari,Imola,Italy,44.3439,11.7167,-4,1,Daniel Ricciardo,7,0,0,0
26418,1127,839,214,12,14,0.0,62,11,2024,7,21,Emilia Romagna Grand Prix,2024-05-19,Alpine F1 Team,French,Esteban,Ocon,French,+1 Lap,Autodromo Enzo e Dino Ferrari,Imola,Italy,44.3439,11.7167,-2,1,Esteban Ocon,7,0,0,0
26419,1127,855,15,17,15,0.0,62,11,2024,7,21,Emilia Romagna Grand Prix,2024-05-19,Sauber,Swiss,Guanyu,Zhou,Chinese,+1 Lap,Autodromo Enzo e Dino Ferrari,Imola,Italy,44.3439,11.7167,2,1,Guanyu Zhou,7,0,0,0
26420,1127,842,214,15,16,0.0,62,11,2024,7,21,Emilia Romagna Grand Prix,2024-05-19,Alpine F1 Team,French,Pierre,Gasly,French,+1 Lap,Autodromo Enzo e Dino Ferrari,Imola,Italy,44.3439,11.7167,-1,1,Pierre Gasly,7,0,0,0
26421,1127,858,3,19,17,0.0,62,11,2024,7,21,Emilia Romagna Grand Prix,2024-05-19,Williams,British,Logan,Sargeant,American,+1 Lap,Autodromo Enzo e Dino Ferrari,Imola,Italy,44.3439,11.7167,2,1,Logan Sargeant,7,0,0,0
26422,1127,822,15,16,18,0.0,62,11,2024,7,21,Emilia Romagna Grand Prix,2024-05-19,Sauber,Swiss,Valtteri,Bottas,Finnish,+1 Lap,Autodromo Enzo e Dino Ferrari,Imola,Italy,44.3439,11.7167,-2,1,Valtteri Bottas,7,0,0,0
26423,1127,4,117,20,19,0.0,62,11,2024,7,21,Emilia Romagna Grand Prix,2024-05-19,Aston Martin,British,Fernando,Alonso,Spanish,+1 Lap,Autodromo Enzo e Dino Ferrari,Imola,Italy,44.3439,11.7167,1,1,Fernando Alonso,7,0,0,0
26424,1127,848,3,14,20,0.0,51,31,2024,7,21,Emilia Romagna Grand Prix,2024-05-19,Williams,British,Alexander,Albon,Thai,Retired,Autodromo Enzo e Dino Ferrari,Imola,Italy,44.3439,11.7167,-6,0,Alexander Albon,7,0,0,0
26425,1128,844,6,1,1,25.0,78,1,2024,8,6,Monaco Grand Prix,2024-05-26,Ferrari,Italian,Charles,Leclerc,Monegasque,Finished,Circuit de Monaco,Monte-Carlo,Monaco,43.7347,7.42056,0,1,Charles Leclerc,8,1,1,1
26426,1128,857,1,2,2,18.0,78,1,2024,8,6,Monaco Grand Prix,2024-05-26,McLaren,British,Oscar,Piastri,Australian,Finished,Circuit de Monaco,Monte-Carlo,Monaco,43.7347,7.42056,0,1,Oscar Piastri,8,1,0,1
26427,1128,832,6,3,3,15.0,78,1,2024,8,6,Monaco Grand Prix,2024-05-26,Ferrari,Italian,Carlos,Sainz,Spanish,Finished,Circuit de Monaco,Monte-Carlo,Monaco,43.7347,7.42056,0,1,Carlos Sainz,8,1,0,1
26428,1128,846,1,4,4,12.0,78,1,2024,8,6,Monaco Grand Prix,2024-05-26,McLaren,British,Lando,Norris,British,Finished,Circuit de Monaco,Monte-Carlo,Monaco,43.7347,7.42056,0,1,Lando Norris,8,0,0,1
26429,1128,847,131,5,5,10.0,78,1,2024,8,6,Monaco Grand Prix,2024-05-26,Mercedes,German,George,Russell,British,Finished,Circuit de Monaco,Monte-Carlo,Monaco,43.7347,7.42056,0,1,George Russell,8,0,0,1
26430,1128,830,9,6,6,8.0,78,1,2024,8,6,Monaco Grand Prix,2024-05-26,Red Bull,Austrian,Max,Verstappen,Dutch,Finished,Circuit de Monaco,Monte-Carlo,Monaco,43.7347,7.42056,0,1,Max Verstappen,8,0,0,1
26431,1128,1,131,7,7,7.0,78,1,2024,8,6,Monaco Grand Prix,2024-05-26,Mercedes,German,Lewis,Hamilton,British,Finished,Circuit de Monaco,Monte-Carlo,Monaco,43.7347,7.42056,0,1,Lewis Hamilton,8,0,0,1
26432,1128,852,215,8,8,4.0,77,11,2024,8,6,Monaco Grand Prix,2024-05-26,RB F1 Team,Italian,Yuki,Tsunoda,Japanese,+1 Lap,Circuit de Monaco,Monte-Carlo,Monaco,43.7347,7.42056,0,1,Yuki Tsunoda,8,0,0,1
26433,1128,848,3,9,9,2.0,77,11,2024,8,6,Monaco Grand Prix,2024-05-26,Williams,British,Alexander,Albon,Thai,+1 Lap,Circuit de Monaco,Monte-Carlo,Monaco,43.7347,7.42056,0,1,Alexander Albon,8,0,0,1
26434,1128,842,214,10,10,1.0,77,11,2024,8,6,Monaco Grand Prix,2024-05-26,Alpine F1 Team,French,Pierre,Gasly,French,+1 Lap,Circuit de Monaco,Monte-Carlo,Monaco,43.7347,7.42056,0,1,Pierre Gasly,8,0,0,1
26435,1128,4,117,14,11,0.0,76,12,2024,8,6,Monaco Grand Prix,2024-05-26,Aston Martin,British,Fernando,Alonso,Spanish,+2 Laps,Circuit de Monaco,Monte-Carlo,Monaco,43.7347,7.42056,3,1,Fernando Alonso,8,0,0,0
26436,1128,817,215,12,12,0.0,76,12,2024,8,6,Monaco Grand Prix,2024-05-26,RB F1 Team,Italian,Daniel,Ricciardo,Australian,+2 Laps,Circuit de Monaco,Monte-Carlo,Monaco,43.7347,7.42056,0,1,Daniel Ricciardo,8,0,0,0
26437,1128,822,15,17,13,0.0,76,12,2024,8,6,Monaco Grand Prix,2024-05-26,Sauber,Swiss,Valtteri,Bottas,Finnish,+2 Laps,Circuit de Monaco,Monte-Carlo,Monaco,43.7347,7.42056,4,1,Valtteri Bottas,8,0,0,0
26438,1128,840,117,13,14,0.0,76,12,2024,8,6,Monaco Grand Prix,2024-05-26,Aston Martin,British,Lance,Stroll,Canadian,+2 Laps,Circuit de Monaco,Monte-Carlo,Monaco,43.7347,7.42056,-1,1,Lance Stroll,8,0,0,0
26439,1128,858,3,15,15,0.0,76,12,2024,8,6,Monaco Grand Prix,2024-05-26,Williams,British,Logan,Sargeant,American,+2 Laps,Circuit de Monaco,Monte-Carlo,Monaco,43.7347,7.42056,0,1,Logan Sargeant,8,0,0,0
26440,1128,855,15,18,16,0.0,76,12,2024,8,6,Monaco Grand Prix,2024-05-26,Sauber,Swiss,Guanyu,Zhou,Chinese,+2 Laps,Circuit de Monaco,Monte-Carlo,Monaco,43.7347,7.42056,2,1,Guanyu Zhou,8,0,0,0
26441,1128,839,214,11,17,0.0,0,4,2024,8,6,Monaco Grand Prix,2024-05-26,Alpine F1 Team,French,Esteban,Ocon,French,Collision,Circuit de Monaco,Monte-Carlo,Monaco,43.7347,7.42056,-6,0,Esteban Ocon,8,0,0,0
26442,1128,815,9,16,18,0.0,0,4,2024,8,6,Monaco Grand Prix,2024-05-26,Red Bull,Austrian,Sergio,Pérez,Mexican,Collision,Circuit de Monaco,Monte-Carlo,Monaco,43.7347,7.42056,-2,0,Sergio Pérez,8,0,0,0
26443,1128,807,210,19,19,0.0,0,4,2024,8,6,Monaco Grand Prix,2024-05-26,Haas F1 Team,American,Nico,Hülkenberg,German,Collision,Circuit de Monaco,Monte-Carlo,Monaco,43.7347,7.42056,0,0,Nico Hülkenberg,8,0,0,0
26444,1128,825,210,20,20,0.0,0,4,2024,8,6,Monaco Grand Prix,2024-05-26,Haas F1 Team,American,Kevin,Magnussen,Danish,Collision,Circuit de Monaco,Monte-Carlo,Monaco,43.7347,7.42056,0,0,Kevin Magnussen,8,0,0,0
26445,1129,830,9,2,1,25.0,70,1,2024,9,7,Canadian Grand Prix,2024-06-09,Red Bull,Austrian,Max,Verstappen,Dutch,Finished,Circuit Gilles Villeneuve,Montreal,Canada,45.5,-73.5228,1,1,Max Verstappen,9,1,1,1
26446,1129,846,1,3,2,18.0,70,1,2024,9,7,Canadian Grand Prix,2024-06-09,McLaren,British,Lando,Norris,British,Finished,Circuit Gilles Villeneuve,Montreal,Canada,45.5,-73.5228,1,1,Lando Norris,9,1,0,1
26447,1129,847,131,1,3,15.0,70,1,2024,9,7,Canadian Grand Prix,2024-06-09,Mercedes,German,George,Russell,British,Finished,Circuit Gilles Villeneuve,Montreal,Canada,45.5,-73.5228,-2,1,George Russell,9,1,0,1
26448,1129,1,131,7,4,13.0,70,1,2024,9,7,Canadian Grand Prix,2024-06-09,Mercedes,German,Lewis,Hamilton,British,Finished,Circuit Gilles Villeneuve,Montreal,Canada,45.5,-73.5228,3,1,Lewis Hamilton,9,0,0,1
26449,1129,857,1,4,5,10.0,70,1,2024,9,7,Canadian Grand Prix,2024-06-09,McLaren,British,Oscar,Piastri,Australian,Finished,Circuit Gilles Villeneuve,Montreal,Canada,45.5,-73.5228,-1,1,Oscar Piastri,9,0,0,1
26450,1129,4,117,6,6,8.0,70,1,2024,9,7,Canadian Grand Prix,2024-06-09,Aston Martin,British,Fernando,Alonso,Spanish,Finished,Circuit Gilles Villeneuve,Montreal,Canada,45.5,-73.5228,0,1,Fernando Alonso,9,0,0,1
26451,1129,840,117,9,7,6.0,70,1,2024,9,7,Canadian Grand Prix,2024-06-09,Aston Martin,British,Lance,Stroll,Canadian,Finished,Circuit Gilles Villeneuve,Montreal,Canada,45.5,-73.5228,2,1,Lance Stroll,9,0,0,1
26452,1129,817,215,5,8,4.0,70,1,2024,9,7,Canadian Grand Prix,2024-06-09,RB F1 Team,Italian,Daniel,Ricciardo,Australian,Finished,Circuit Gilles Villeneuve,Montreal,Canada,45.5,-73.5228,-3,1,Daniel Ricciardo,9,0,0,1
26453,1129,842,214,15,9,2.0,70,1,2024,9,7,Canadian Grand Prix,2024-06-09,Alpine F1 Team,French,Pierre,Gasly,French,Finished,Circuit Gilles Villeneuve,Montreal,Canada,45.5,-73.5228,6,1,Pierre Gasly,9,0,0,1
26454,1129,839,214,18,10,1.0,70,1,2024,9,7,Canadian Grand Prix,2024-06-09,Alpine F1 Team,French,Esteban,Ocon,French,Finished,Circuit Gilles Villeneuve,Montreal,Canada,45.5,-73.5228,8,1,Esteban Ocon,9,0,0,1
26455,1129,807,210,17,11,0.0,70,1,2024,9,7,Canadian Grand Prix,2024-06-09,Haas F1 Team,American,Nico,Hülkenberg,German,Finished,Circuit Gilles Villeneuve,Montreal,Canada,45.5,-73.5228,6,1,Nico Hülkenberg,9,0,0,0
26456,1129,825,210,14,12,0.0,70,1,2024,9,7,Canadian Grand Prix,2024-06-09,Haas F1 Team,American,Kevin,Magnussen,Danish,Finished,Circuit Gilles Villeneuve,Montreal,Canada,45.5,-73.5228,2,1,Kevin Magnussen,9,0,0,0
26457,1129,822,15,0,13,0.0,70,1,2024,9,7,Canadian Grand Prix,2024-06-09,Sauber,Swiss,Valtteri,Bottas,Finnish,Finished,Circuit Gilles Villeneuve,Montreal,Canada,45.5,-73.5228,-13,1,Valtteri Bottas,9,0,0,0
26458,1129,852,215,8,14,0.0,70,1,2024,9,7,Canadian Grand Prix,2024-06-09,RB F1 Team,Italian,Yuki,Tsunoda,Japanese,Finished,Circuit Gilles Villeneuve,Montreal,Canada,45.5,-73.5228,-6,1,Yuki Tsunoda,9,0,0,0
26459,1129,855,15,0,15,0.0,69,11,2024,9,7,Canadian Grand Prix,2024-06-09,Sauber,Swiss,Guanyu,Zhou,Chinese,+1 Lap,Circuit Gilles Villeneuve,Montreal,Canada,45.5,-73.5228,-15,1,Guanyu Zhou,9,0,0,0
26460,1129,832,6,12,16,0.0,52,4,2024,9,7,Canadian Grand Prix,2024-06-09,Ferrari,Italian,Carlos,Sainz,Spanish,Collision,Circuit Gilles Villeneuve,Montreal,Canada,45.5,-73.5228,-4,0,Carlos Sainz,9,0,0,0
26461,1129,848,3,10,17,0.0,52,4,2024,9,7,Canadian Grand Prix,2024-06-09,Williams,British,Alexander,Albon,Thai,Collision,Circuit Gilles Villeneuve,Montreal,Canada,45.5,-73.5228,-7,0,Alexander Albon,9,0,0,0
26462,1129,815,9,16,18,0.0,51,3,2024,9,7,Canadian Grand Prix,2024-06-09,Red Bull,Austrian,Sergio,Pérez,Mexican,Accident,Circuit Gilles Villeneuve,Montreal,Canada,45.5,-73.5228,-2,0,Sergio Pérez,9,0,0,0
26463,1129,844,6,11,19,0.0,40,5,2024,9,7,Canadian Grand Prix,2024-06-09,Ferrari,Italian,Charles,Leclerc,Monegasque,Engine,Circuit Gilles Villeneuve,Montreal,Canada,45.5,-73.5228,-8,0,Charles Leclerc,9,0,0,0
26464,1129,858,3,13,20,0.0,23,3,2024,9,7,Canadian Grand Prix,2024-06-09,Williams,British,Logan,Sargeant,American,Accident,Circuit Gilles Villeneuve,Montreal,Canada,45.5,-73.5228,-7,0,Logan Sargeant,9,0,0,0
26465,1130,830,9,2,1,25.0,66,1,2024,10,4,Spanish Grand Prix,2024-06-23,Red Bull,Austrian,Max,Verstappen,Dutch,Finished,Circuit de Barcelona-Catalunya,Montmeló,Spain,41.57,2.26111,1,1,Max Verstappen,10,1,1,1
26466,1130,846,1,1,2,19.0,66,1,2024,10,4,Spanish Grand Prix,2024-06-23,McLaren,British,Lando,Norris,British,Finished,Circuit de Barcelona-Catalunya,Montmeló,Spain,41.57,2.26111,-1,1,Lando Norris,10,1,0,1
26467,1130,1,131,3,3,15.0,66,1,2024,10,4,Spanish Grand Prix,2024-06-23,Mercedes,German,Lewis,Hamilton,British,Finished,Circuit de Barcelona-Catalunya,Montmeló,Spain,41.57,2.26111,0,1,Lewis Hamilton,10,1,0,1
26468,1130,847,131,4,4,12.0,66,1,2024,10,4,Spanish Grand Prix,2024-06-23,Mercedes,German,George,Russell,British,Finished,Circuit de Barcelona-Catalunya,Montmeló,Spain,41.57,2.26111,0,1,George Russell,10,0,0,1
26469,1130,844,6,5,5,10.0,66,1,2024,10,4,Spanish Grand Prix,2024-06-23,Ferrari,Italian,Charles,Leclerc,Monegasque,Finished,Circuit de Barcelona-Catalunya,Montmeló,Spain,41.57,2.26111,0,1,Charles Leclerc,10,0,0,1
26470,1130,832,6,6,6,8.0,66,1,2024,10,4,Spanish Grand Prix,2024-06-23,Ferrari,Italian,Carlos,Sainz,Spanish,Finished,Circuit de Barcelona-Catalunya,Montmeló,Spain,41.57,2.26111,0,1,Carlos Sainz,10,0,0,1
26471,1130,857,1,9,7,6.0,66,1,2024,10,4,Spanish Grand Prix,2024-06-23,McLaren,British,Oscar,Piastri,Australian,Finished,Circuit de Barcelona-Catalunya,Montmeló,Spain,41.57,2.26111,2,1,Oscar Piastri,10,0,0,1
26472,1130,815,9,11,8,4.0,66,1,2024,10,4,Spanish Grand Prix,2024-06-23,Red Bull,Austrian,Sergio,Pérez,Mexican,Finished,Circuit de Barcelona-Catalunya,Montmeló,Spain,41.57,2.26111,3,1,Sergio Pérez,10,0,0,1
26473,1130,842,214,7,9,2.0,66,1,2024,10,4,Spanish Grand Prix,2024-06-23,Alpine F1 Team,French,Pierre,Gasly,French,Finished,Circuit de Barcelona-Catalunya,Montmeló,Spain,41.57,2.26111,-2,1,Pierre Gasly,10,0,0,1
26474,1130,839,214,8,10,1.0,66,1,2024,10,4,Spanish Grand Prix,2024-06-23,Alpine F1 Team,French,Esteban,Ocon,French,Finished,Circuit de Barcelona-Catalunya,Montmeló,Spain,41.57,2.26111,-2,1,Esteban Ocon,10,0,0,1
26475,1130,807,210,13,11,0.0,66,1,2024,10,4,Spanish Grand Prix,2024-06-23,Haas F1 Team,American,Nico,Hülkenberg,German,Finished,Circuit de Barcelona-Catalunya,Montmeló,Spain,41.57,2.26111,2,1,Nico Hülkenberg,10,0,0,0
26476,1130,4,117,10,12,0.0,65,11,2024,10,4,Spanish Grand Prix,2024-06-23,Aston Martin,British,Fernando,Alonso,Spanish,+1 Lap,Circuit de Barcelona-Catalunya,Montmeló,Spain,41.57,2.26111,-2,1,Fernando Alonso,10,0,0,0
26477,1130,855,15,15,13,0.0,65,11,2024,10,4,Spanish Grand Prix,2024-06-23,Sauber,Swiss,Guanyu,Zhou,Chinese,+1 Lap,Circuit de Barcelona-Catalunya,Montmeló,Spain,41.57,2.26111,2,1,Guanyu Zhou,10,0,0,0
26478,1130,840,117,14,14,0.0,65,11,2024,10,4,Spanish Grand Prix,2024-06-23,Aston Martin,British,Lance,Stroll,Canadian,+1 Lap,Circuit de Barcelona-Catalunya,Montmeló,Spain,41.57,2.26111,0,1,Lance Stroll,10,0,0,0
26479,1130,817,215,18,15,0.0,65,11,2024,10,4,Spanish Grand Prix,2024-06-23,RB F1 Team,Italian,Daniel,Ricciardo,Australian,+1 Lap,Circuit de Barcelona-Catalunya,Montmeló,Spain,41.57,2.26111,3,1,Daniel Ricciardo,10,0,0,0
26480,1130,822,15,12,16,0.0,65,11,2024,10,4,Spanish Grand Prix,2024-06-23,Sauber,Swiss,Valtteri,Bottas,Finnish,+1 Lap,Circuit de Barcelona-Catalunya,Montmeló,Spain,41.57,2.26111,-4,1,Valtteri Bottas,10,0,0,0
26481,1130,825,210,16,17,0.0,65,11,2024,10,4,Spanish Grand Prix,2024-06-23,Haas F1 Team,American,Kevin,Magnussen,Danish,+1 Lap,Circuit de Barcelona-Catalunya,Montmeló,Spain,41.57,2.26111,-1,1,Kevin Magnussen,10,0,0,0
26482,1130,848,3,0,18,0.0,65,11,2024,10,4,Spanish Grand Prix,2024-06-23,Williams,British,Alexander,Albon,Thai,+1 Lap,Circuit de Barcelona-Catalunya,Montmeló,Spain,41.57,2.26111,-18,1,Alexander Albon,10,0,0,0
26483,1130,852,215,17,19,0.0,65,11,2024,10,4,Spanish Grand Prix,2024-06-23,RB F1 Team,Italian,Yuki,Tsunoda,Japanese,+1 Lap,Circuit de Barcelona-Catalunya,Montmeló,Spain,41.57,2.26111,-2,1,Yuki Tsunoda,10,0,0,0
26484,1130,858,3,19,20,0.0,64,12,2024,10,4,Spanish Grand Prix,2024-06-23,Williams,British,Logan,Sargeant,American,+2 Laps,Circuit de Barcelona-Catalunya,Montmeló,Spain,41.57,2.26111,-1,1,Logan Sargeant,10,0,0,0
26485,1131,847,131,3,1,25.0,71,1,2024,11,70,Austrian Grand Prix,2024-06-30,Mercedes,German,George,Russell,British,Finished,Red Bull Ring,Spielberg,Austria,47.2197,14.7647,2,1,George Russell,11,1,1,1
26486,1131,857,1,7,2,18.0,71,1,2024,11,70,Austrian Grand Prix,2024-06-30,McLaren,British,Oscar,Piastri,Australian,Finished,Red Bull Ring,Spielberg,Austria,47.2197,14.7647,5,1,Oscar Piastri,11,1,0,1
26487,1131,832,6,4,3,15.0,71,1,2024,11,70,Austrian Grand Prix,2024-06-30,Ferrari,Italian,Carlos,Sainz,Spanish,Finished,Red Bull Ring,Spielberg,Austria,47.2197,14.7647,1,1,Carlos Sainz,11,1,0,1
26488,1131,1,131,5,4,12.0,71,1,2024,11,70,Austrian Grand Prix,2024-06-30,Mercedes,German,Lewis,Hamilton,British,Finished,Red Bull Ring,Spielberg,Austria,47.2197,14.7647,1,1,Lewis Hamilton,11,0,0,1
26489,1131,830,9,1,5,10.0,71,1,2024,11,70,Austrian Grand Prix,2024-06-30,Red Bull,Austrian,Max,Verstappen,Dutch,Finished,Red Bull Ring,Spielberg,Austria,47.2197,14.7647,-4,1,Max Verstappen,11,0,0,1
26490,1131,807,210,9,6,8.0,71,1,2024,11,70,Austrian Grand Prix,2024-06-30,Haas F1 Team,American,Nico,Hülkenberg,German,Finished,Red Bull Ring,Spielberg,Austria,47.2197,14.7647,3,1,Nico Hülkenberg,11,0,0,1
26491,1131,815,9,8,7,6.0,71,1,2024,11,70,Austrian Grand Prix,2024-06-30,Red Bull,Austrian,Sergio,Pérez,Mexican,Finished,Red Bull Ring,Spielberg,Austria,47.2197,14.7647,1,1,Sergio Pérez,11,0,0,1
26492,1131,825,210,12,8,4.0,71,1,2024,11,70,Austrian Grand Prix,2024-06-30,Haas F1 Team,American,Kevin,Magnussen,Danish,Finished,Red Bull Ring,Spielberg,Austria,47.2197,14.7647,4,1,Kevin Magnussen,11,0,0,1
26493,1131,817,215,11,9,2.0,71,1,2024,11,70,Austrian Grand Prix,2024-06-30,RB F1 Team,Italian,Daniel,Ricciardo,Australian,Finished,Red Bull Ring,Spielberg,Austria,47.2197,14.7647,2,1,Daniel Ricciardo,11,0,0,1
26494,1131,842,214,13,10,1.0,71,1,2024,11,70,Austrian Grand Prix,2024-06-30,Alpine F1 Team,French,Pierre,Gasly,French,Finished,Red Bull Ring,Spielberg,Austria,47.2197,14.7647,3,1,Pierre Gasly,11,0,0,1
26495,1131,844,6,6,11,0.0,71,1,2024,11,70,Austrian Grand Prix,2024-06-30,Ferrari,Italian,Charles,Leclerc,Monegasque,Finished,Red Bull Ring,Spielberg,Austria,47.2197,14.7647,-5,1,Charles Leclerc,11,0,0,0
26496,1131,839,214,10,12,0.0,71,1,2024,11,70,Austrian Grand Prix,2024-06-30,Alpine F1 Team,French,Esteban,Ocon,French,Finished,Red Bull Ring,Spielberg,Austria,47.2197,14.7647,-2,1,Esteban Ocon,11,0,0,0
26497,1131,840,117,17,13,0.0,70,11,2024,11,70,Austrian Grand Prix,2024-06-30,Aston Martin,British,Lance,Stroll,Canadian,+1 Lap,Red Bull Ring,Spielberg,Austria,47.2197,14.7647,4,1,Lance Stroll,11,0,0,0
26498,1131,852,215,14,14,0.0,70,11,2024,11,70,Austrian Grand Prix,2024-06-30,RB F1 Team,Italian,Yuki,Tsunoda,Japanese,+1 Lap,Red Bull Ring,Spielberg,Austria,47.2197,14.7647,0,1,Yuki Tsunoda,11,0,0,0
26499,1131,848,3,16,15,0.0,70,11,2024,11,70,Austrian Grand Prix,2024-06-30,Williams,British,Alexander,Albon,Thai,+1 Lap,Red Bull Ring,Spielberg,Austria,47.2197,14.7647,1,1,Alexander Albon,11,0,0,0
26500,1131,822,15,18,16,0.0,70,11,2024,11,70,Austrian Grand Prix,2024-06-30,Sauber,Swiss,Valtteri,Bottas,Finnish,+1 Lap,Red Bull Ring,Spielberg,Austria,47.2197,14.7647,2,1,Valtteri Bottas,11,0,0,0
26501,1131,855,15,20,17,0.0,70,11,2024,11,70,Austrian Grand Prix,2024-06-30,Sauber,Swiss,Guanyu,Zhou,Chinese,+1 Lap,Red Bull Ring,Spielberg,Austria,47.2197,14.7647,3,1,Guanyu Zhou,11,0,0,0
26502,1131,4,117,15,18,0.0,70,11,2024,11,70,Austrian Grand Prix,2024-06-30,Aston Martin,British,Fernando,Alonso,Spanish,+1 Lap,Red Bull Ring,Spielberg,Austria,47.2197,14.7647,-3,1,Fernando Alonso,11,0,0,0
26503,1131,858,3,19,19,0.0,69,12,2024,11,70,Austrian Grand Prix,2024-06-30,Williams,British,Logan,Sargeant,American,+2 Laps,Red Bull Ring,Spielberg,Austria,47.2197,14.7647,0,1,Logan Sargeant,11,0,0,0
26504,1131,846,1,2,20,0.0,64,17,2024,11,70,Austrian Grand Prix,2024-06-30,McLaren,British,Lando,Norris,British,+7 Laps,Red Bull Ring,Spielberg,Austria,47.2197,14.7647,-18,1,Lando Norris,11,0,0,0
26505,1132,1,131,2,1,25.0,52,1,2024,12,9,British Grand Prix,2024-07-07,Mercedes,German,Lewis,Hamilton,British,Finished,Silverstone Circuit,Silverstone,UK,52.0786,-1.01694,1,1,Lewis Hamilton,12,1,1,1
26506,1132,830,9,4,2,18.0,52,1,2024,12,9,British Grand Prix,2024-07-07,Red Bull,Austrian,Max,Verstappen,Dutch,Finished,Silverstone Circuit,Silverstone,UK,52.0786,-1.01694,2,1,Max Verstappen,12,1,0,1
26507,1132,846,1,3,3,15.0,52,1,2024,12,9,British Grand Prix,2024-07-07,McLaren,British,Lando,Norris,British,Finished,Silverstone Circuit,Silverstone,UK,52.0786,-1.01694,0,1,Lando Norris,12,1,0,1
26508,1132,857,1,5,4,12.0,52,1,2024,12,9,British Grand Prix,2024-07-07,McLaren,British,Oscar,Piastri,Australian,Finished,Silverstone Circuit,Silverstone,UK,52.0786,-1.01694,1,1,Oscar Piastri,12,0,0,1
26509,1132,832,6,7,5,11.0,52,1,2024,12,9,British Grand Prix,2024-07-07,Ferrari,Italian,Carlos,Sainz,Spanish,Finished,Silverstone Circuit,Silverstone,UK,52.0786,-1.01694,2,1,Carlos Sainz,12,0,0,1
26510,1132,807,210,6,6,8.0,52,1,2024,12,9,British Grand Prix,2024-07-07,Haas F1 Team,American,Nico,Hülkenberg,German,Finished,Silverstone Circuit,Silverstone,UK,52.0786,-1.01694,0,1,Nico Hülkenberg,12,0,0,1
26511,1132,840,117,8,7,6.0,52,1,2024,12,9,British Grand Prix,2024-07-07,Aston Martin,British,Lance,Stroll,Canadian,Finished,Silverstone Circuit,Silverstone,UK,52.0786,-1.01694,1,1,Lance Stroll,12,0,0,1
26512,1132,4,117,10,8,4.0,52,1,2024,12,9,British Grand Prix,2024-07-07,Aston Martin,British,Fernando,Alonso,Spanish,Finished,Silverstone Circuit,Silverstone,UK,52.0786,-1.01694,2,1,Fernando Alonso,12,0,0,1
26513,1132,848,3,9,9,2.0,52,1,2024,12,9,British Grand Prix,2024-07-07,Williams,British,Alexander,Albon,Thai,Finished,Silverstone Circuit,Silverstone,UK,52.0786,-1.01694,0,1,Alexander Albon,12,0,0,1
26514,1132,852,215,13,10,1.0,52,1,2024,12,9,British Grand Prix,2024-07-07,RB F1 Team,Italian,Yuki,Tsunoda,Japanese,Finished,Silverstone Circuit,Silverstone,UK,52.0786,-1.01694,3,1,Yuki Tsunoda,12,0,0,1
26515,1132,858,3,12,11,0.0,52,1,2024,12,9,British Grand Prix,2024-07-07,Williams,British,Logan,Sargeant,American,Finished,Silverstone Circuit,Silverstone,UK,52.0786,-1.01694,1,1,Logan Sargeant,12,0,0,0
26516,1132,825,210,17,12,0.0,52,1,2024,12,9,British Grand Prix,2024-07-07,Haas F1 Team,American,Kevin,Magnussen,Danish,Finished,Silverstone Circuit,Silverstone,UK,52.0786,-1.01694,5,1,Kevin Magnussen,12,0,0,0
26517,1132,817,215,15,13,0.0,51,11,2024,12,9,British Grand Prix,2024-07-07,RB F1 Team,Italian,Daniel,Ricciardo,Australian,+1 Lap,Silverstone Circuit,Silverstone,UK,52.0786,-1.01694,2,1,Daniel Ricciardo,12,0,0,0
26518,1132,844,6,11,14,0.0,51,11,2024,12,9,British Grand Prix,2024-07-07,Ferrari,Italian,Charles,Leclerc,Monegasque,+1 Lap,Silverstone Circuit,Silverstone,UK,52.0786,-1.01694,-3,1,Charles Leclerc,12,0,0,0
26519,1132,822,15,16,15,0.0,51,11,2024,12,9,British Grand Prix,2024-07-07,Sauber,Swiss,Valtteri,Bottas,Finnish,+1 Lap,Silverstone Circuit,Silverstone,UK,52.0786,-1.01694,1,1,Valtteri Bottas,12,0,0,0
26520,1132,839,214,18,16,0.0,50,12,2024,12,9,British Grand Prix,2024-07-07,Alpine F1 Team,French,Esteban,Ocon,French,+2 Laps,Silverstone Circuit,Silverstone,UK,52.0786,-1.01694,2,1,Esteban Ocon,12,0,0,0
26521,1132,815,9,0,17,0.0,50,12,2024,12,9,British Grand Prix,2024-07-07,Red Bull,Austrian,Sergio,Pérez,Mexican,+2 Laps,Silverstone Circuit,Silverstone,UK,52.0786,-1.01694,-17,1,Sergio Pérez,12,0,0,0
26522,1132,855,15,14,18,0.0,50,12,2024,12,9,British Grand Prix,2024-07-07,Sauber,Swiss,Guanyu,Zhou,Chinese,+2 Laps,Silverstone Circuit,Silverstone,UK,52.0786,-1.01694,-4,1,Guanyu Zhou,12,0,0,0
26523,1132,847,131,1,19,0.0,33,34,2024,12,9,British Grand Prix,2024-07-07,Mercedes,German,George,Russell,British,Water pressure,Silverstone Circuit,Silverstone,UK,52.0786,-1.01694,-18,0,George Russell,12,0,0,0
26524,1132,842,214,19,20,0.0,0,6,2024,12,9,British Grand Prix,2024-07-07,Alpine F1 Team,French,Pierre,Gasly,French,Gearbox,Silverstone Circuit,Silverstone,UK,52.0786,-1.01694,-1,0,Pierre Gasly,12,0,0,0
26525,1133,857,1,2,1,25.0,70,1,2024,13,11,Hungarian Grand Prix,2024-07-21,McLaren,British,Oscar,Piastri,Australian,Finished,Hungaroring,Budapest,Hungary,47.5789,19.2486,1,1,Oscar Piastri,13,1,1,1
26526,1133,846,1,1,2,18.0,70,1,2024,13,11,Hungarian Grand Prix,2024-07-21,McLaren,British,Lando,Norris,British,Finished,Hungaroring,Budapest,Hungary,47.5789,19.2486,-1,1,Lando Norris,13,1,0,1
26527,1133,1,131,5,3,15.0,70,1,2024,13,11,Hungarian Grand Prix,2024-07-21,Mercedes,German,Lewis,Hamilton,British,Finished,Hungaroring,Budapest,Hungary,47.5789,19.2486,2,1,Lewis Hamilton,13,1,0,1
26528,1133,844,6,6,4,12.0,70,1,2024,13,11,Hungarian Grand Prix,2024-07-21,Ferrari,Italian,Charles,Leclerc,Monegasque,Finished,Hungaroring,Budapest,Hungary,47.5789,19.2486,2,1,Charles Leclerc,13,0,0,1
26529,1133,830,9,3,5,10.0,70,1,2024,13,11,Hungarian Grand Prix,2024-07-21,Red Bull,Austrian,Max,Verstappen,Dutch,Finished,Hungaroring,Budapest,Hungary,47.5789,19.2486,-2,1,Max Verstappen,13,0,0,1
26530,1133,832,6,4,6,8.0,70,1,2024,13,11,Hungarian Grand Prix,2024-07-21,Ferrari,Italian,Carlos,Sainz,Spanish,Finished,Hungaroring,Budapest,Hungary,47.5789,19.2486,-2,1,Carlos Sainz,13,0,0,1
26531,1133,815,9,16,7,6.0,70,1,2024,13,11,Hungarian Grand Prix,2024-07-21,Red Bull,Austrian,Sergio,Pérez,Mexican,Finished,Hungaroring,Budapest,Hungary,47.5789,19.2486,9,1,Sergio Pérez,13,0,0,1
26532,1133,847,131,17,8,5.0,70,1,2024,13,11,Hungarian Grand Prix,2024-07-21,Mercedes,German,George,Russell,British,Finished,Hungaroring,Budapest,Hungary,47.5789,19.2486,9,1,George Russell,13,0,0,1
26533,1133,852,215,10,9,2.0,70,1,2024,13,11,Hungarian Grand Prix,2024-07-21,RB F1 Team,Italian,Yuki,Tsunoda,Japanese,Finished,Hungaroring,Budapest,Hungary,47.5789,19.2486,1,1,Yuki Tsunoda,13,0,0,1
26534,1133,840,117,8,10,1.0,70,1,2024,13,11,Hungarian Grand Prix,2024-07-21,Aston Martin,British,Lance,Stroll,Canadian,Finished,Hungaroring,Budapest,Hungary,47.5789,19.2486,-2,1,Lance Stroll,13,0,0,1
26535,1133,4,117,7,11,0.0,70,1,2024,13,11,Hungarian Grand Prix,2024-07-21,Aston Martin,British,Fernando,Alonso,Spanish,Finished,Hungaroring,Budapest,Hungary,47.5789,19.2486,-4,1,Fernando Alonso,13,0,0,0
26536,1133,817,215,9,12,0.0,69,11,2024,13,11,Hungarian Grand Prix,2024-07-21,RB F1 Team,Italian,Daniel,Ricciardo,Australian,+1 Lap,Hungaroring,Budapest,Hungary,47.5789,19.2486,-3,1,Daniel Ricciardo,13,0,0,0
26537,1133,807,210,11,13,0.0,69,11,2024,13,11,Hungarian Grand Prix,2024-07-21,Haas F1 Team,American,Nico,Hülkenberg,German,+1 Lap,Hungaroring,Budapest,Hungary,47.5789,19.2486,-2,1,Nico Hülkenberg,13,0,0,0
26538,1133,848,3,13,14,0.0,69,11,2024,13,11,Hungarian Grand Prix,2024-07-21,Williams,British,Alexander,Albon,Thai,+1 Lap,Hungaroring,Budapest,Hungary,47.5789,19.2486,-1,1,Alexander Albon,13,0,0,0
26539,1133,825,210,15,15,0.0,69,11,2024,13,11,Hungarian Grand Prix,2024-07-21,Haas F1 Team,American,Kevin,Magnussen,Danish,+1 Lap,Hungaroring,Budapest,Hungary,47.5789,19.2486,0,1,Kevin Magnussen,13,0,0,0
26540,1133,822,15,12,16,0.0,69,11,2024,13,11,Hungarian Grand Prix,2024-07-21,Sauber,Swiss,Valtteri,Bottas,Finnish,+1 Lap,Hungaroring,Budapest,Hungary,47.5789,19.2486,-4,1,Valtteri Bottas,13,0,0,0
26541,1133,858,3,14,17,0.0,69,11,2024,13,11,Hungarian Grand Prix,2024-07-21,Williams,British,Logan,Sargeant,American,+1 Lap,Hungaroring,Budapest,Hungary,47.5789,19.2486,-3,1,Logan Sargeant,13,0,0,0
26542,1133,839,214,19,18,0.0,69,11,2024,13,11,Hungarian Grand Prix,2024-07-21,Alpine F1 Team,French,Esteban,Ocon,French,+1 Lap,Hungaroring,Budapest,Hungary,47.5789,19.2486,1,1,Esteban Ocon,13,0,0,0
26543,1133,855,15,18,19,0.0,69,11,2024,13,11,Hungarian Grand Prix,2024-07-21,Sauber,Swiss,Guanyu,Zhou,Chinese,+1 Lap,Hungaroring,Budapest,Hungary,47.5789,19.2486,-1,1,Guanyu Zhou,13,0,0,0
26544,1133,842,214,0,20,0.0,33,9,2024,13,11,Hungarian Grand Prix,2024-07-21,Alpine F1 Team,French,Pierre,Gasly,French,Hydraulics,Hungaroring,Budapest,Hungary,47.5789,19.2486,-20,0,Pierre Gasly,13,0,0,0
26545,1134,1,131,3,1,25.0,44,1,2024,14,13,Belgian Grand Prix,2024-07-28,Mercedes,German,Lewis,Hamilton,British,Finished,Circuit de Spa-Francorchamps,Spa,Belgium,50.4372,5.97139,2,1,Lewis Hamilton,14,1,1,1
26546,1134,857,1,5,2,18.0,44,1,2024,14,13,Belgian Grand Prix,2024-07-28,McLaren,British,Oscar,Piastri,Australian,Finished,Circuit de Spa-Francorchamps,Spa,Belgium,50.4372,5.97139,3,1,Oscar Piastri,14,1,0,1
26547,1134,844,6,1,3,15.0,44,1,2024,14,13,Belgian Grand Prix,2024-07-28,Ferrari,Italian,Charles,Leclerc,Monegasque,Finished,Circuit de Spa-Francorchamps,Spa,Belgium,50.4372,5.97139,-2,1,Charles Leclerc,14,1,0,1
26548,1134,830,9,11,4,12.0,44,1,2024,14,13,Belgian Grand Prix,2024-07-28,Red Bull,Austrian,Max,Verstappen,Dutch,Finished,Circuit de Spa-Francorchamps,Spa,Belgium,50.4372,5.97139,7,1,Max Verstappen,14,0,0,1
26549,1134,846,1,4,5,10.0,44,1,2024,14,13,Belgian Grand Prix,2024-07-28,McLaren,British,Lando,Norris,British,Finished,Circuit de Spa-Francorchamps,Spa,Belgium,50.4372,5.97139,-1,1,Lando Norris,14,0,0,1
26550,1134,832,6,7,6,8.0,44,1,2024,14,13,Belgian Grand Prix,2024-07-28,Ferrari,Italian,Carlos,Sainz,Spanish,Finished,Circuit de Spa-Francorchamps,Spa,Belgium,50.4372,5.97139,1,1,Carlos Sainz,14,0,0,1
26551,1134,815,9,2,7,7.0,44,1,2024,14,13,Belgian Grand Prix,2024-07-28,Red Bull,Austrian,Sergio,Pérez,Mexican,Finished,Circuit de Spa-Francorchamps,Spa,Belgium,50.4372,5.97139,-5,1,Sergio Pérez,14,0,0,1
26552,1134,4,117,8,8,4.0,44,1,2024,14,13,Belgian Grand Prix,2024-07-28,Aston Martin,British,Fernando,Alonso,Spanish,Finished,Circuit de Spa-Francorchamps,Spa,Belgium,50.4372,5.97139,0,1,Fernando Alonso,14,0,0,1
26553,1134,839,214,9,9,2.0,44,1,2024,14,13,Belgian Grand Prix,2024-07-28,Alpine F1 Team,French,Esteban,Ocon,French,Finished,Circuit de Spa-Francorchamps,Spa,Belgium,50.4372,5.97139,0,1,Esteban Ocon,14,0,0,1
26554,1134,817,215,13,10,1.0,44,1,2024,14,13,Belgian Grand Prix,2024-07-28,RB F1 Team,Italian,Daniel,Ricciardo,Australian,Finished,Circuit de Spa-Francorchamps,Spa,Belgium,50.4372,5.97139,3,1,Daniel Ricciardo,14,0,0,1
26555,1134,840,117,15,11,0.0,44,1,2024,14,13,Belgian Grand Prix,2024-07-28,Aston Martin,British,Lance,Stroll,Canadian,Finished,Circuit de Spa-Francorchamps,Spa,Belgium,50.4372,5.97139,4,1,Lance Stroll,14,0,0,0
26556,1134,848,3,10,12,0.0,44,1,2024,14,13,Belgian Grand Prix,2024-07-28,Williams,British,Alexander,Albon,Thai,Finished,Circuit de Spa-Francorchamps,Spa,Belgium,50.4372,5.97139,-2,1,Alexander Albon,14,0,0,0
26557,1134,842,214,12,13,0.0,44,1,2024,14,13,Belgian Grand Prix,2024-07-28,Alpine F1 Team,French,Pierre,Gasly,French,Finished,Circuit de Spa-Francorchamps,Spa,Belgium,50.4372,5.97139,-1,1,Pierre Gasly,14,0,0,0
26558,1134,825,210,17,14,0.0,44,1,2024,14,13,Belgian Grand Prix,2024-07-28,Haas F1 Team,American,Kevin,Magnussen,Danish,Finished,Circuit de Spa-Francorchamps,Spa,Belgium,50.4372,5.97139,3,1,Kevin Magnussen,14,0,0,0
26559,1134,822,15,14,15,0.0,44,1,2024,14,13,Belgian Grand Prix,2024-07-28,Sauber,Swiss,Valtteri,Bottas,Finnish,Finished,Circuit de Spa-Francorchamps,Spa,Belgium,50.4372,5.97139,-1,1,Valtteri Bottas,14,0,0,0
26560,1134,852,215,20,16,0.0,44,1,2024,14,13,Belgian Grand Prix,2024-07-28,RB F1 Team,Italian,Yuki,Tsunoda,Japanese,Finished,Circuit de Spa-Francorchamps,Spa,Belgium,50.4372,5.97139,4,1,Yuki Tsunoda,14,0,0,0
26561,1134,858,3,18,17,0.0,44,1,2024,14,13,Belgian Grand Prix,2024-07-28,Williams,British,Logan,Sargeant,American,Finished,Circuit de Spa-Francorchamps,Spa,Belgium,50.4372,5.97139,1,1,Logan Sargeant,14,0,0,0
26562,1134,807,210,16,18,0.0,44,1,2024,14,13,Belgian Grand Prix,2024-07-28,Haas F1 Team,American,Nico,Hülkenberg,German,Finished,Circuit de Spa-Francorchamps,Spa,Belgium,50.4372,5.97139,-2,1,Nico Hülkenberg,14,0,0,0
26563,1134,855,15,19,19,0.0,5,31,2024,14,13,Belgian Grand Prix,2024-07-28,Sauber,Swiss,Guanyu,Zhou,Chinese,Retired,Circuit de Spa-Francorchamps,Spa,Belgium,50.4372,5.97139,0,0,Guanyu Zhou,14,0,0,0
26564,1134,847,131,6,20,0.0,44,2,2024,14,13,Belgian Grand Prix,2024-07-28,Mercedes,German,George,Russell,British,Disqualified,Circuit de Spa-Francorchamps,Spa,Belgium,50.4372,5.97139,-14,0,George Russell,14,0,0,0
26565,1135,846,1,1,1,26.0,72,1,2024,15,39,Dutch Grand Prix,2024-08-25,McLaren,British,Lando,Norris,British,Finished,Circuit Park Zandvoort,Zandvoort,Netherlands,52.3888,4.54092,0,1,Lando Norris,15,1,1,1
26566,1135,830,9,2,2,18.0,72,1,2024,15,39,Dutch Grand Prix,2024-08-25,Red Bull,Austrian,Max,Verstappen,Dutch,Finished,Circuit Park Zandvoort,Zandvoort,Netherlands,52.3888,4.54092,0,1,Max Verstappen,15,1,0,1
26567,1135,844,6,6,3,15.0,72,1,2024,15,39,Dutch Grand Prix,2024-08-25,Ferrari,Italian,Charles,Leclerc,Monegasque,Finished,Circuit Park Zandvoort,Zandvoort,Netherlands,52.3888,4.54092,3,1,Charles Leclerc,15,1,0,1
26568,1135,857,1,3,4,12.0,72,1,2024,15,39,Dutch Grand Prix,2024-08-25,McLaren,British,Oscar,Piastri,Australian,Finished,Circuit Park Zandvoort,Zandvoort,Netherlands,52.3888,4.54092,-1,1,Oscar Piastri,15,0,0,1
26569,1135,832,6,10,5,10.0,72,1,2024,15,39,Dutch Grand Prix,2024-08-25,Ferrari,Italian,Carlos,Sainz,Spanish,Finished,Circuit Park Zandvoort,Zandvoort,Netherlands,52.3888,4.54092,5,1,Carlos Sainz,15,0,0,1
26570,1135,815,9,5,6,8.0,72,1,2024,15,39,Dutch Grand Prix,2024-08-25,Red Bull,Austrian,Sergio,Pérez,Mexican,Finished,Circuit Park Zandvoort,Zandvoort,Netherlands,52.3888,4.54092,-1,1,Sergio Pérez,15,0,0,1
26571,1135,847,131,4,7,6.0,72,1,2024,15,39,Dutch Grand Prix,2024-08-25,Mercedes,German,George,Russell,British,Finished,Circuit Park Zandvoort,Zandvoort,Netherlands,52.3888,4.54092,-3,1,George Russell,15,0,0,1
26572,1135,1,131,14,8,4.0,72,1,2024,15,39,Dutch Grand Prix,2024-08-25,Mercedes,German,Lewis,Hamilton,British,Finished,Circuit Park Zandvoort,Zandvoort,Netherlands,52.3888,4.54092,6,1,Lewis Hamilton,15,0,0,1
26573,1135,842,214,9,9,2.0,71,11,2024,15,39,Dutch Grand Prix,2024-08-25,Alpine F1 Team,French,Pierre,Gasly,French,+1 Lap,Circuit Park Zandvoort,Zandvoort,Netherlands,52.3888,4.54092,0,1,Pierre Gasly,15,0,0,1
26574,1135,4,117,7,10,1.0,71,11,2024,15,39,Dutch Grand Prix,2024-08-25,Aston Martin,British,Fernando,Alonso,Spanish,+1 Lap,Circuit Park Zandvoort,Zandvoort,Netherlands,52.3888,4.54092,-3,1,Fernando Alonso,15,0,0,1
26575,1135,807,210,12,11,0.0,71,11,2024,15,39,Dutch Grand Prix,2024-08-25,Haas F1 Team,American,Nico,Hülkenberg,German,+1 Lap,Circuit Park Zandvoort,Zandvoort,Netherlands,52.3888,4.54092,1,1,Nico Hülkenberg,15,0,0,0
26576,1135,817,215,13,12,0.0,71,11,2024,15,39,Dutch Grand Prix,2024-08-25,RB F1 Team,Italian,Daniel,Ricciardo,Australian,+1 Lap,Circuit Park Zandvoort,Zandvoort,Netherlands,52.3888,4.54092,1,1,Daniel Ricciardo,15,0,0,0
26577,1135,840,117,8,13,0.0,71,11,2024,15,39,Dutch Grand Prix,2024-08-25,Aston Martin,British,Lance,Stroll,Canadian,+1 Lap,Circuit Park Zandvoort,Zandvoort,Netherlands,52.3888,4.54092,-5,1,Lance Stroll,15,0,0,0
26578,1135,848,3,19,14,0.0,71,11,2024,15,39,Dutch Grand Prix,2024-08-25,Williams,British,Alexander,Albon,Thai,+1 Lap,Circuit Park Zandvoort,Zandvoort,Netherlands,52.3888,4.54092,5,1,Alexander Albon,15,0,0,0
26579,1135,839,214,15,15,0.0,71,11,2024,15,39,Dutch Grand Prix,2024-08-25,Alpine F1 Team,French,Esteban,Ocon,French,+1 Lap,Circuit Park Zandvoort,Zandvoort,Netherlands,52.3888,4.54092,0,1,Esteban Ocon,15,0,0,0
26580,1135,858,3,18,16,0.0,71,11,2024,15,39,Dutch Grand Prix,2024-08-25,Williams,British,Logan,Sargeant,American,+1 Lap,Circuit Park Zandvoort,Zandvoort,Netherlands,52.3888,4.54092,2,1,Logan Sargeant,15,0,0,0
26581,1135,852,215,11,17,0.0,71,11,2024,15,39,Dutch Grand Prix,2024-08-25,RB F1 Team,Italian,Yuki,Tsunoda,Japanese,+1 Lap,Circuit Park Zandvoort,Zandvoort,Netherlands,52.3888,4.54092,-6,1,Yuki Tsunoda,15,0,0,0
26582,1135,825,210,0,18,0.0,71,11,2024,15,39,Dutch Grand Prix,2024-08-25,Haas F1 Team,American,Kevin,Magnussen,Danish,+1 Lap,Circuit Park Zandvoort,Zandvoort,Netherlands,52.3888,4.54092,-18,1,Kevin Magnussen,15,0,0,0
26583,1135,822,15,16,19,0.0,70,12,2024,15,39,Dutch Grand Prix,2024-08-25,Sauber,Swiss,Valtteri,Bottas,Finnish,+2 Laps,Circuit Park Zandvoort,Zandvoort,Netherlands,52.3888,4.54092,-3,1,Valtteri Bottas,15,0,0,0
26584,1135,855,15,17,20,0.0,70,12,2024,15,39,Dutch Grand Prix,2024-08-25,Sauber,Swiss,Guanyu,Zhou,Chinese,+2 Laps,Circuit Park Zandvoort,Zandvoort,Netherlands,52.3888,4.54092,-3,1,Guanyu Zhou,15,0,0,0
26585,1136,844,6,4,1,25.0,53,1,2024,16,14,Italian Grand Prix,2024-09-01,Ferrari,Italian,Charles,Leclerc,Monegasque,Finished,Autodromo Nazionale di Monza,Monza,Italy,45.6156,9.28111,3,1,Charles Leclerc,16,1,1,1
26586,1136,857,1,2,2,18.0,53,1,2024,16,14,Italian Grand Prix,2024-09-01,McLaren,British,Oscar,Piastri,Australian,Finished,Autodromo Nazionale di Monza,Monza,Italy,45.6156,9.28111,0,1,Oscar Piastri,16,1,0,1
26587,1136,846,1,1,3,16.0,53,1,2024,16,14,Italian Grand Prix,2024-09-01,McLaren,British,Lando,Norris,British,Finished,Autodromo Nazionale di Monza,Monza,Italy,45.6156,9.28111,-2,1,Lando Norris,16,1,0,1
26588,1136,832,6,5,4,12.0,53,1,2024,16,14,Italian Grand Prix,2024-09-01,Ferrari,Italian,Carlos,Sainz,Spanish,Finished,Autodromo Nazionale di Monza,Monza,Italy,45.6156,9.28111,1,1,Carlos Sainz,16,0,0,1
26589,1136,1,131,6,5,10.0,53,1,2024,16,14,Italian Grand Prix,2024-09-01,Mercedes,German,Lewis,Hamilton,British,Finished,Autodromo Nazionale di Monza,Monza,Italy,45.6156,9.28111,1,1,Lewis Hamilton,16,0,0,1
26590,1136,830,9,7,6,8.0,53,1,2024,16,14,Italian Grand Prix,2024-09-01,Red Bull,Austrian,Max,Verstappen,Dutch,Finished,Autodromo Nazionale di Monza,Monza,Italy,45.6156,9.28111,1,1,Max Verstappen,16,0,0,1
26591,1136,847,131,3,7,6.0,53,1,2024,16,14,Italian Grand Prix,2024-09-01,Mercedes,German,George,Russell,British,Finished,Autodromo Nazionale di Monza,Monza,Italy,45.6156,9.28111,-4,1,George Russell,16,0,0,1
26592,1136,815,9,8,8,4.0,53,1,2024,16,14,Italian Grand Prix,2024-09-01,Red Bull,Austrian,Sergio,Pérez,Mexican,Finished,Autodromo Nazionale di Monza,Monza,Italy,45.6156,9.28111,0,1,Sergio Pérez,16,0,0,1
26593,1136,848,3,9,9,2.0,53,1,2024,16,14,Italian Grand Prix,2024-09-01,Williams,British,Alexander,Albon,Thai,Finished,Autodromo Nazionale di Monza,Monza,Italy,45.6156,9.28111,0,1,Alexander Albon,16,0,0,1
26594,1136,825,210,13,10,1.0,53,1,2024,16,14,Italian Grand Prix,2024-09-01,Haas F1 Team,American,Kevin,Magnussen,Danish,Finished,Autodromo Nazionale di Monza,Monza,Italy,45.6156,9.28111,3,1,Kevin Magnussen,16,0,0,1
26595,1136,4,117,11,11,0.0,53,1,2024,16,14,Italian Grand Prix,2024-09-01,Aston Martin,British,Fernando,Alonso,Spanish,Finished,Autodromo Nazionale di Monza,Monza,Italy,45.6156,9.28111,0,1,Fernando Alonso,16,0,0,0
26596,1136,861,3,18,12,0.0,53,1,2024,16,14,Italian Grand Prix,2024-09-01,Williams,British,Franco,Colapinto,Argentinian,Finished,Autodromo Nazionale di Monza,Monza,Italy,45.6156,9.28111,6,1,Franco Colapinto,16,0,0,0
26597,1136,817,215,12,13,0.0,53,1,2024,16,14,Italian Grand Prix,2024-09-01,RB F1 Team,Italian,Daniel,Ricciardo,Australian,Finished,Autodromo Nazionale di Monza,Monza,Italy,45.6156,9.28111,-1,1,Daniel Ricciardo,16,0,0,0
26598,1136,839,214,15,14,0.0,52,11,2024,16,14,Italian Grand Prix,2024-09-01,Alpine F1 Team,French,Esteban,Ocon,French,+1 Lap,Autodromo Nazionale di Monza,Monza,Italy,45.6156,9.28111,1,1,Esteban Ocon,16,0,0,0
26599,1136,842,214,14,15,0.0,52,11,2024,16,14,Italian Grand Prix,2024-09-01,Alpine F1 Team,French,Pierre,Gasly,French,+1 Lap,Autodromo Nazionale di Monza,Monza,Italy,45.6156,9.28111,-1,1,Pierre Gasly,16,0,0,0
26600,1136,822,15,19,16,0.0,52,11,2024,16,14,Italian Grand Prix,2024-09-01,Sauber,Swiss,Valtteri,Bottas,Finnish,+1 Lap,Autodromo Nazionale di Monza,Monza,Italy,45.6156,9.28111,3,1,Valtteri Bottas,16,0,0,0
26601,1136,807,210,10,17,0.0,52,11,2024,16,14,Italian Grand Prix,2024-09-01,Haas F1 Team,American,Nico,Hülkenberg,German,+1 Lap,Autodromo Nazionale di Monza,Monza,Italy,45.6156,9.28111,-7,1,Nico Hülkenberg,16,0,0,0
26602,1136,855,15,20,18,0.0,52,11,2024,16,14,Italian Grand Prix,2024-09-01,Sauber,Swiss,Guanyu,Zhou,Chinese,+1 Lap,Autodromo Nazionale di Monza,Monza,Italy,45.6156,9.28111,2,1,Guanyu Zhou,16,0,0,0
26603,1136,840,117,17,19,0.0,52,11,2024,16,14,Italian Grand Prix,2024-09-01,Aston Martin,British,Lance,Stroll,Canadian,+1 Lap,Autodromo Nazionale di Monza,Monza,Italy,45.6156,9.28111,-2,1,Lance Stroll,16,0,0,0
26604,1136,852,215,16,20,0.0,7,25,2024,16,14,Italian Grand Prix,2024-09-01,RB F1 Team,Italian,Yuki,Tsunoda,Japanese,Overheating,Autodromo Nazionale di Monza,Monza,Italy,45.6156,9.28111,-4,0,Yuki Tsunoda,16,0,0,0
26605,1137,857,1,2,1,25.0,51,1,2024,17,73,Azerbaijan Grand Prix,2024-09-15,McLaren,British,Oscar,Piastri,Australian,Finished,Baku City Circuit,Baku,Azerbaijan,40.3725,49.8533,1,1,Oscar Piastri,17,1,1,1
26606,1137,844,6,1,2,18.0,51,1,2024,17,73,Azerbaijan Grand Prix,2024-09-15,Ferrari,Italian,Charles,Leclerc,Monegasque,Finished,Baku City Circuit,Baku,Azerbaijan,40.3725,49.8533,-1,1,Charles Leclerc,17,1,0,1
26607,1137,847,131,5,3,15.0,51,1,2024,17,73,Azerbaijan Grand Prix,2024-09-15,Mercedes,German,George,Russell,British,Finished,Baku City Circuit,Baku,Azerbaijan,40.3725,49.8533,2,1,George Russell,17,1,0,1
26608,1137,846,1,15,4,13.0,51,1,2024,17,73,Azerbaijan Grand Prix,2024-09-15,McLaren,British,Lando,Norris,British,Finished,Baku City Circuit,Baku,Azerbaijan,40.3725,49.8533,11,1,Lando Norris,17,0,0,1
26609,1137,830,9,6,5,10.0,51,1,2024,17,73,Azerbaijan Grand Prix,2024-09-15,Red Bull,Austrian,Max,Verstappen,Dutch,Finished,Baku City Circuit,Baku,Azerbaijan,40.3725,49.8533,1,1,Max Verstappen,17,0,0,1
26610,1137,4,117,7,6,8.0,51,1,2024,17,73,Azerbaijan Grand Prix,2024-09-15,Aston Martin,British,Fernando,Alonso,Spanish,Finished,Baku City Circuit,Baku,Azerbaijan,40.3725,49.8533,1,1,Fernando Alonso,17,0,0,1
26611,1137,848,3,9,7,6.0,51,1,2024,17,73,Azerbaijan Grand Prix,2024-09-15,Williams,British,Alexander,Albon,Thai,Finished,Baku City Circuit,Baku,Azerbaijan,40.3725,49.8533,2,1,Alexander Albon,17,0,0,1
26612,1137,861,3,8,8,4.0,51,1,2024,17,73,Azerbaijan Grand Prix,2024-09-15,Williams,British,Franco,Colapinto,Argentinian,Finished,Baku City Circuit,Baku,Azerbaijan,40.3725,49.8533,0,1,Franco Colapinto,17,0,0,1
26613,1137,1,131,0,9,2.0,51,1,2024,17,73,Azerbaijan Grand Prix,2024-09-15,Mercedes,German,Lewis,Hamilton,British,Finished,Baku City Circuit,Baku,Azerbaijan,40.3725,49.8533,-9,1,Lewis Hamilton,17,0,0,1
26614,1137,860,210,10,10,1.0,51,1,2024,17,73,Azerbaijan Grand Prix,2024-09-15,Haas F1 Team,American,Oliver,Bearman,British,Finished,Baku City Circuit,Baku,Azerbaijan,40.3725,49.8533,0,1,Oliver Bearman,17,0,0,1
26615,1137,807,210,12,11,0.0,51,1,2024,17,73,Azerbaijan Grand Prix,2024-09-15,Haas F1 Team,American,Nico,Hülkenberg,German,Finished,Baku City Circuit,Baku,Azerbaijan,40.3725,49.8533,1,1,Nico Hülkenberg,17,0,0,0
26616,1137,842,214,18,12,0.0,51,1,2024,17,73,Azerbaijan Grand Prix,2024-09-15,Alpine F1 Team,French,Pierre,Gasly,French,Finished,Baku City Circuit,Baku,Azerbaijan,40.3725,49.8533,6,1,Pierre Gasly,17,0,0,0
26617,1137,817,215,14,13,0.0,51,1,2024,17,73,Azerbaijan Grand Prix,2024-09-15,RB F1 Team,Italian,Daniel,Ricciardo,Australian,Finished,Baku City Circuit,Baku,Azerbaijan,40.3725,49.8533,1,1,Daniel Ricciardo,17,0,0,0
26618,1137,855,15,17,14,0.0,51,1,2024,17,73,Azerbaijan Grand Prix,2024-09-15,Sauber,Swiss,Guanyu,Zhou,Chinese,Finished,Baku City Circuit,Baku,Azerbaijan,40.3725,49.8533,3,1,Guanyu Zhou,17,0,0,0
26619,1137,839,214,0,15,0.0,50,11,2024,17,73,Azerbaijan Grand Prix,2024-09-15,Alpine F1 Team,French,Esteban,Ocon,French,+1 Lap,Baku City Circuit,Baku,Azerbaijan,40.3725,49.8533,-15,1,Esteban Ocon,17,0,0,0
26620,1137,822,15,16,16,0.0,50,11,2024,17,73,Azerbaijan Grand Prix,2024-09-15,Sauber,Swiss,Valtteri,Bottas,Finnish,+1 Lap,Baku City Circuit,Baku,Azerbaijan,40.3725,49.8533,0,1,Valtteri Bottas,17,0,0,0
26621,1137,815,9,4,17,0.0,49,31,2024,17,73,Azerbaijan Grand Prix,2024-09-15,Red Bull,Austrian,Sergio,Pérez,Mexican,Retired,Baku City Circuit,Baku,Azerbaijan,40.3725,49.8533,-13,0,Sergio Pérez,17,0,0,0
26622,1137,832,6,3,18,0.0,49,31,2024,17,73,Azerbaijan Grand Prix,2024-09-15,Ferrari,Italian,Carlos,Sainz,Spanish,Retired,Baku City Circuit,Baku,Azerbaijan,40.3725,49.8533,-15,0,Carlos Sainz,17,0,0,0
26623,1137,840,117,13,19,0.0,45,31,2024,17,73,Azerbaijan Grand Prix,2024-09-15,Aston Martin,British,Lance,Stroll,Canadian,Retired,Baku City Circuit,Baku,Azerbaijan,40.3725,49.8533,-6,0,Lance Stroll,17,0,0,0
26624,1137,852,215,11,20,0.0,14,31,2024,17,73,Azerbaijan Grand Prix,2024-09-15,RB F1 Team,Italian,Yuki,Tsunoda,Japanese,Retired,Baku City Circuit,Baku,Azerbaijan,40.3725,49.8533,-9,0,Yuki Tsunoda,17,0,0,0
26625,1138,846,1,1,1,25.0,62,1,2024,18,15,Singapore Grand Prix,2024-09-22,McLaren,British,Lando,Norris,British,Finished,Marina Bay Street Circuit,Marina Bay,Singapore,1.2914,103.864,0,1,Lando Norris,18,1,1,1
26626,1138,830,9,2,2,18.0,62,1,2024,18,15,Singapore Grand Prix,2024-09-22,Red Bull,Austrian,Max,Verstappen,Dutch,Finished,Marina Bay Street Circuit,Marina Bay,Singapore,1.2914,103.864,0,1,Max Verstappen,18,1,0,1
26627,1138,857,1,5,3,15.0,62,1,2024,18,15,Singapore Grand Prix,2024-09-22,McLaren,British,Oscar,Piastri,Australian,Finished,Marina Bay Street Circuit,Marina Bay,Singapore,1.2914,103.864,2,1,Oscar Piastri,18,1,0,1
26628,1138,847,131,4,4,12.0,62,1,2024,18,15,Singapore Grand Prix,2024-09-22,Mercedes,German,George,Russell,British,Finished,Marina Bay Street Circuit,Marina Bay,Singapore,1.2914,103.864,0,1,George Russell,18,0,0,1
26629,1138,844,6,9,5,10.0,62,1,2024,18,15,Singapore Grand Prix,2024-09-22,Ferrari,Italian,Charles,Leclerc,Monegasque,Finished,Marina Bay Street Circuit,Marina Bay,Singapore,1.2914,103.864,4,1,Charles Leclerc,18,0,0,1
26630,1138,1,131,3,6,8.0,62,1,2024,18,15,Singapore Grand Prix,2024-09-22,Mercedes,German,Lewis,Hamilton,British,Finished,Marina Bay Street Circuit,Marina Bay,Singapore,1.2914,103.864,-3,1,Lewis Hamilton,18,0,0,1
26631,1138,832,6,10,7,6.0,62,1,2024,18,15,Singapore Grand Prix,2024-09-22,Ferrari,Italian,Carlos,Sainz,Spanish,Finished,Marina Bay Street Circuit,Marina Bay,Singapore,1.2914,103.864,3,1,Carlos Sainz,18,0,0,1
26632,1138,4,117,7,8,4.0,61,11,2024,18,15,Singapore Grand Prix,2024-09-22,Aston Martin,British,Fernando,Alonso,Spanish,+1 Lap,Marina Bay Street Circuit,Marina Bay,Singapore,1.2914,103.864,-1,1,Fernando Alonso,18,0,0,1
26633,1138,807,210,6,9,2.0,61,11,2024,18,15,Singapore Grand Prix,2024-09-22,Haas F1 Team,American,Nico,Hülkenberg,German,+1 Lap,Marina Bay Street Circuit,Marina Bay,Singapore,1.2914,103.864,-3,1,Nico Hülkenberg,18,0,0,1
26634,1138,815,9,13,10,1.0,61,11,2024,18,15,Singapore Grand Prix,2024-09-22,Red Bull,Austrian,Sergio,Pérez,Mexican,+1 Lap,Marina Bay Street Circuit,Marina Bay,Singapore,1.2914,103.864,3,1,Sergio Pérez,18,0,0,1
26635,1138,861,3,12,11,0.0,61,11,2024,18,15,Singapore Grand Prix,2024-09-22,Williams,British,Franco,Colapinto,Argentinian,+1 Lap,Marina Bay Street Circuit,Marina Bay,Singapore,1.2914,103.864,1,1,Franco Colapinto,18,0,0,0
26636,1138,852,215,8,12,0.0,61,11,2024,18,15,Singapore Grand Prix,2024-09-22,RB F1 Team,Italian,Yuki,Tsunoda,Japanese,+1 Lap,Marina Bay Street Circuit,Marina Bay,Singapore,1.2914,103.864,-4,1,Yuki Tsunoda,18,0,0,0
26637,1138,839,214,15,13,0.0,61,11,2024,18,15,Singapore Grand Prix,2024-09-22,Alpine F1 Team,French,Esteban,Ocon,French,+1 Lap,Marina Bay Street Circuit,Marina Bay,Singapore,1.2914,103.864,2,1,Esteban Ocon,18,0,0,0
26638,1138,840,117,17,14,0.0,61,11,2024,18,15,Singapore Grand Prix,2024-09-22,Aston Martin,British,Lance,Stroll,Canadian,+1 Lap,Marina Bay Street Circuit,Marina Bay,Singapore,1.2914,103.864,3,1,Lance Stroll,18,0,0,0
26639,1138,855,15,20,15,0.0,61,11,2024,18,15,Singapore Grand Prix,2024-09-22,Sauber,Swiss,Guanyu,Zhou,Chinese,+1 Lap,Marina Bay Street Circuit,Marina Bay,Singapore,1.2914,103.864,5,1,Guanyu Zhou,18,0,0,0
26640,1138,822,15,19,16,0.0,61,11,2024,18,15,Singapore Grand Prix,2024-09-22,Sauber,Swiss,Valtteri,Bottas,Finnish,+1 Lap,Marina Bay Street Circuit,Marina Bay,Singapore,1.2914,103.864,3,1,Valtteri Bottas,18,0,0,0
26641,1138,842,214,18,17,0.0,61,11,2024,18,15,Singapore Grand Prix,2024-09-22,Alpine F1 Team,French,Pierre,Gasly,French,+1 Lap,Marina Bay Street Circuit,Marina Bay,Singapore,1.2914,103.864,1,1,Pierre Gasly,18,0,0,0
26642,1138,817,215,16,18,0.0,61,11,2024,18,15,Singapore Grand Prix,2024-09-22,RB F1 Team,Italian,Daniel,Ricciardo,Australian,+1 Lap,Marina Bay Street Circuit,Marina Bay,Singapore,1.2914,103.864,-2,1,Daniel Ricciardo,18,0,0,0
26643,1138,825,210,14,19,0.0,57,3,2024,18,15,Singapore Grand Prix,2024-09-22,Haas F1 Team,American,Kevin,Magnussen,Danish,Accident,Marina Bay Street Circuit,Marina Bay,Singapore,1.2914,103.864,-5,0,Kevin Magnussen,18,0,0,0
26644,1138,848,3,11,20,0.0,15,131,2024,18,15,Singapore Grand Prix,2024-09-22,Williams,British,Alexander,Albon,Thai,Power Unit,Marina Bay Street Circuit,Marina Bay,Singapore,1.2914,103.864,-9,0,Alexander Albon,18,0,0,0
26645,1139,844,6,4,1,25.0,56,1,2024,19,69,United States Grand Prix,2024-10-20,Ferrari,Italian,Charles,Leclerc,Monegasque,Finished,Circuit of the Americas,Austin,USA,30.1328,-97.6411,3,1,Charles Leclerc,19,1,1,1
26646,1139,832,6,3,2,18.0,56,1,2024,19,69,United States Grand Prix,2024-10-20,Ferrari,Italian,Carlos,Sainz,Spanish,Finished,Circuit of the Americas,Austin,USA,30.1328,-97.6411,1,1,Carlos Sainz,19,1,0,1
26647,1139,830,9,2,3,15.0,56,1,2024,19,69,United States Grand Prix,2024-10-20,Red Bull,Austrian,Max,Verstappen,Dutch,Finished,Circuit of the Americas,Austin,USA,30.1328,-97.6411,-1,1,Max Verstappen,19,1,0,1
26648,1139,846,1,1,4,12.0,56,1,2024,19,69,United States Grand Prix,2024-10-20,McLaren,British,Lando,Norris,British,Finished,Circuit of the Americas,Austin,USA,30.1328,-97.6411,-3,1,Lando Norris,19,0,0,1
26649,1139,857,1,5,5,10.0,56,1,2024,19,69,United States Grand Prix,2024-10-20,McLaren,British,Oscar,Piastri,Australian,Finished,Circuit of the Americas,Austin,USA,30.1328,-97.6411,0,1,Oscar Piastri,19,0,0,1
26650,1139,847,131,20,6,8.0,56,1,2024,19,69,United States Grand Prix,2024-10-20,Mercedes,German,George,Russell,British,Finished,Circuit of the Americas,Austin,USA,30.1328,-97.6411,14,1,George Russell,19,0,0,1
26651,1139,815,9,9,7,6.0,56,1,2024,19,69,United States Grand Prix,2024-10-20,Red Bull,Austrian,Sergio,Pérez,Mexican,Finished,Circuit of the Americas,Austin,USA,30.1328,-97.6411,2,1,Sergio Pérez,19,0,0,1
26652,1139,807,210,11,8,4.0,56,1,2024,19,69,United States Grand Prix,2024-10-20,Haas F1 Team,American,Nico,Hülkenberg,German,Finished,Circuit of the Americas,Austin,USA,30.1328,-97.6411,3,1,Nico Hülkenberg,19,0,0,1
26653,1139,859,215,19,9,2.0,56,1,2024,19,69,United States Grand Prix,2024-10-20,RB F1 Team,Italian,Liam,Lawson,New Zealander,Finished,Circuit of the Americas,Austin,USA,30.1328,-97.6411,10,1,Liam Lawson,19,0,0,1
26654,1139,861,3,15,10,1.0,56,1,2024,19,69,United States Grand Prix,2024-10-20,Williams,British,Franco,Colapinto,Argentinian,Finished,Circuit of the Americas,Austin,USA,30.1328,-97.6411,5,1,Franco Colapinto,19,0,0,1
26655,1139,825,210,8,11,0.0,56,1,2024,19,69,United States Grand Prix,2024-10-20,Haas F1 Team,American,Kevin,Magnussen,Danish,Finished,Circuit of the Americas,Austin,USA,30.1328,-97.6411,-3,1,Kevin Magnussen,19,0,0,0
26656,1139,842,214,6,12,0.0,56,1,2024,19,69,United States Grand Prix,2024-10-20,Alpine F1 Team,French,Pierre,Gasly,French,Finished,Circuit of the Americas,Austin,USA,30.1328,-97.6411,-6,1,Pierre Gasly,19,0,0,0
26657,1139,4,117,7,13,0.0,55,11,2024,19,69,United States Grand Prix,2024-10-20,Aston Martin,British,Fernando,Alonso,Spanish,+1 Lap,Circuit of the Americas,Austin,USA,30.1328,-97.6411,-6,1,Fernando Alonso,19,0,0,0
26658,1139,852,215,10,14,0.0,55,11,2024,19,69,United States Grand Prix,2024-10-20,RB F1 Team,Italian,Yuki,Tsunoda,Japanese,+1 Lap,Circuit of the Americas,Austin,USA,30.1328,-97.6411,-4,1,Yuki Tsunoda,19,0,0,0
26659,1139,840,117,13,15,0.0,55,11,2024,19,69,United States Grand Prix,2024-10-20,Aston Martin,British,Lance,Stroll,Canadian,+1 Lap,Circuit of the Americas,Austin,USA,30.1328,-97.6411,-2,1,Lance Stroll,19,0,0,0
26660,1139,848,3,14,16,0.0,55,11,2024,19,69,United States Grand Prix,2024-10-20,Williams,British,Alexander,Albon,Thai,+1 Lap,Circuit of the Americas,Austin,USA,30.1328,-97.6411,-2,1,Alexander Albon,19,0,0,0
26661,1139,822,15,16,17,0.0,55,11,2024,19,69,United States Grand Prix,2024-10-20,Sauber,Swiss,Valtteri,Bottas,Finnish,+1 Lap,Circuit of the Americas,Austin,USA,30.1328,-97.6411,-1,1,Valtteri Bottas,19,0,0,0
26662,1139,839,214,12,18,0.0,55,11,2024,19,69,United States Grand Prix,2024-10-20,Alpine F1 Team,French,Esteban,Ocon,French,+1 Lap,Circuit of the Americas,Austin,USA,30.1328,-97.6411,-6,1,Esteban Ocon,19,0,0,0
26663,1139,855,15,18,19,0.0,55,11,2024,19,69,United States Grand Prix,2024-10-20,Sauber,Swiss,Guanyu,Zhou,Chinese,+1 Lap,Circuit of the Americas,Austin,USA,30.1328,-97.6411,-1,1,Guanyu Zhou,19,0,0,0
26664,1139,1,131,17,20,0.0,1,20,2024,19,69,United States Grand Prix,2024-10-20,Mercedes,German,Lewis,Hamilton,British,Spun off,Circuit of the Americas,Austin,USA,30.1328,-97.6411,-3,0,Lewis Hamilton,19,0,0,0
26665,1140,832,6,1,1,25.0,71,1,2024,20,32,Mexico City Grand Prix,2024-10-27,Ferrari,Italian,Carlos,Sainz,Spanish,Finished,Autódromo Hermanos Rodríguez,Mexico City,Mexico,19.4042,-99.0907,0,1,Carlos Sainz,20,1,1,1
26666,1140,846,1,3,2,18.0,71,1,2024,20,32,Mexico City Grand Prix,2024-10-27,McLaren,British,Lando,Norris,British,Finished,Autódromo Hermanos Rodríguez,Mexico City,Mexico,19.4042,-99.0907,1,1,Lando Norris,20,1,0,1
26667,1140,844,6,4,3,16.0,71,1,2024,20,32,Mexico City Grand Prix,2024-10-27,Ferrari,Italian,Charles,Leclerc,Monegasque,Finished,Autódromo Hermanos Rodríguez,Mexico City,Mexico,19.4042,-99.0907,1,1,Charles Leclerc,20,1,0,1
26668,1140,1,131,6,4,12.0,71,1,2024,20,32,Mexico City Grand Prix,2024-10-27,Mercedes,German,Lewis,Hamilton,British,Finished,Autódromo Hermanos Rodríguez,Mexico City,Mexico,19.4042,-99.0907,2,1,Lewis Hamilton,20,0,0,1
26669,1140,847,131,5,5,10.0,71,1,2024,20,32,Mexico City Grand Prix,2024-10-27,Mercedes,German,George,Russell,British,Finished,Autódromo Hermanos Rodríguez,Mexico City,Mexico,19.4042,-99.0907,0,1,George Russell,20,0,0,1
26670,1140,830,9,2,6,8.0,71,1,2024,20,32,Mexico City Grand Prix,2024-10-27,Red Bull,Austrian,Max,Verstappen,Dutch,Finished,Autódromo Hermanos Rodríguez,Mexico City,Mexico,19.4042,-99.0907,-4,1,Max Verstappen,20,0,0,1
26671,1140,825,210,7,7,6.0,71,1,2024,20,32,Mexico City Grand Prix,2024-10-27,Haas F1 Team,American,Kevin,Magnussen,Danish,Finished,Autódromo Hermanos Rodríguez,Mexico City,Mexico,19.4042,-99.0907,0,1,Kevin Magnussen,20,0,0,1
26672,1140,857,1,17,8,4.0,71,1,2024,20,32,Mexico City Grand Prix,2024-10-27,McLaren,British,Oscar,Piastri,Australian,Finished,Autódromo Hermanos Rodríguez,Mexico City,Mexico,19.4042,-99.0907,9,1,Oscar Piastri,20,0,0,1
26673,1140,807,210,10,9,2.0,70,11,2024,20,32,Mexico City Grand Prix,2024-10-27,Haas F1 Team,American,Nico,Hülkenberg,German,+1 Lap,Autódromo Hermanos Rodríguez,Mexico City,Mexico,19.4042,-99.0907,1,1,Nico Hülkenberg,20,0,0,1
26674,1140,842,214,8,10,1.0,70,11,2024,20,32,Mexico City Grand Prix,2024-10-27,Alpine F1 Team,French,Pierre,Gasly,French,+1 Lap,Autódromo Hermanos Rodríguez,Mexico City,Mexico,19.4042,-99.0907,-2,1,Pierre Gasly,20,0,0,1
26675,1140,840,117,14,11,0.0,70,11,2024,20,32,Mexico City Grand Prix,2024-10-27,Aston Martin,British,Lance,Stroll,Canadian,+1 Lap,Autódromo Hermanos Rodríguez,Mexico City,Mexico,19.4042,-99.0907,3,1,Lance Stroll,20,0,0,0
26676,1140,861,3,16,12,0.0,70,11,2024,20,32,Mexico City Grand Prix,2024-10-27,Williams,British,Franco,Colapinto,Argentinian,+1 Lap,Autódromo Hermanos Rodríguez,Mexico City,Mexico,19.4042,-99.0907,4,1,Franco Colapinto,20,0,0,0
26677,1140,839,214,0,13,0.0,70,11,2024,20,32,Mexico City Grand Prix,2024-10-27,Alpine F1 Team,French,Esteban,Ocon,French,+1 Lap,Autódromo Hermanos Rodríguez,Mexico City,Mexico,19.4042,-99.0907,-13,1,Esteban Ocon,20,0,0,0
26678,1140,822,15,15,14,0.0,70,11,2024,20,32,Mexico City Grand Prix,2024-10-27,Sauber,Swiss,Valtteri,Bottas,Finnish,+1 Lap,Autódromo Hermanos Rodríguez,Mexico City,Mexico,19.4042,-99.0907,1,1,Valtteri Bottas,20,0,0,0
26679,1140,855,15,19,15,0.0,70,11,2024,20,32,Mexico City Grand Prix,2024-10-27,Sauber,Swiss,Guanyu,Zhou,Chinese,+1 Lap,Autódromo Hermanos Rodríguez,Mexico City,Mexico,19.4042,-99.0907,4,1,Guanyu Zhou,20,0,0,0
26680,1140,859,215,12,16,0.0,70,11,2024,20,32,Mexico City Grand Prix,2024-10-27,RB F1 Team,Italian,Liam,Lawson,New Zealander,+1 Lap,Autódromo Hermanos Rodríguez,Mexico City,Mexico,19.4042,-99.0907,-4,1,Liam Lawson,20,0,0,0
26681,1140,815,9,18,17,0.0,70,11,2024,20,32,Mexico City Grand Prix,2024-10-27,Red Bull,Austrian,Sergio,Pérez,Mexican,+1 Lap,Autódromo Hermanos Rodríguez,Mexico City,Mexico,19.4042,-99.0907,1,1,Sergio Pérez,20,0,0,0
26682,1140,4,117,13,18,0.0,15,23,2024,20,32,Mexico City Grand Prix,2024-10-27,Aston Martin,British,Fernando,Alonso,Spanish,Brakes,Autódromo Hermanos Rodríguez,Mexico City,Mexico,19.4042,-99.0907,-5,0,Fernando Alonso,20,0,0,0
26683,1140,848,3,9,19,0.0,0,4,2024,20,32,Mexico City Grand Prix,2024-10-27,Williams,British,Alexander,Albon,Thai,Collision,Autódromo Hermanos Rodríguez,Mexico City,Mexico,19.4042,-99.0907,-10,0,Alexander Albon,20,0,0,0
26684,1140,852,215,11,20,0.0,0,4,2024,20,32,Mexico City Grand Prix,2024-10-27,RB F1 Team,Italian,Yuki,Tsunoda,Japanese,Collision,Autódromo Hermanos Rodríguez,Mexico City,Mexico,19.4042,-99.0907,-9,0,Yuki Tsunoda,20,0,0,0
26685,1141,830,9,17,1,26.0,69,1,2024,21,18,São Paulo Grand Prix,2024-11-03,Red Bull,Austrian,Max,Verstappen,Dutch,Finished,Autódromo José Carlos Pace,São Paulo,Brazil,-23.7036,-46.6997,16,1,Max Verstappen,21,1,1,1
26686,1141,839,214,4,2,18.0,69,1,2024,21,18,São Paulo Grand Prix,2024-11-03,Alpine F1 Team,French,Esteban,Ocon,French,Finished,Autódromo José Carlos Pace,São Paulo,Brazil,-23.7036,-46.6997,2,1,Esteban Ocon,21,1,0,1
26687,1141,842,214,13,3,15.0,69,1,2024,21,18,São Paulo Grand Prix,2024-11-03,Alpine F1 Team,French,Pierre,Gasly,French,Finished,Autódromo José Carlos Pace,São Paulo,Brazil,-23.7036,-46.6997,10,1,Pierre Gasly,21,1,0,1
26688,1141,847,131,2,4,12.0,69,1,2024,21,18,São Paulo Grand Prix,2024-11-03,Mercedes,German,George,Russell,British,Finished,Autódromo José Carlos Pace,São Paulo,Brazil,-23.7036,-46.6997,-2,1,George Russell,21,0,0,1
26689,1141,844,6,6,5,10.0,69,1,2024,21,18,São Paulo Grand Prix,2024-11-03,Ferrari,Italian,Charles,Leclerc,Monegasque,Finished,Autódromo José Carlos Pace,São Paulo,Brazil,-23.7036,-46.6997,1,1,Charles Leclerc,21,0,0,1
26690,1141,846,1,1,6,8.0,69,1,2024,21,18,São Paulo Grand Prix,2024-11-03,McLaren,British,Lando,Norris,British,Finished,Autódromo José Carlos Pace,São Paulo,Brazil,-23.7036,-46.6997,-5,1,Lando Norris,21,0,0,1
26691,1141,852,215,3,7,6.0,69,1,2024,21,18,São Paulo Grand Prix,2024-11-03,RB F1 Team,Italian,Yuki,Tsunoda,Japanese,Finished,Autódromo José Carlos Pace,São Paulo,Brazil,-23.7036,-46.6997,-4,1,Yuki Tsunoda,21,0,0,1
26692,1141,857,1,8,8,4.0,69,1,2024,21,18,São Paulo Grand Prix,2024-11-03,McLaren,British,Oscar,Piastri,Australian,Finished,Autódromo José Carlos Pace,São Paulo,Brazil,-23.7036,-46.6997,0,1,Oscar Piastri,21,0,0,1
26693,1141,859,215,5,9,2.0,69,1,2024,21,18,São Paulo Grand Prix,2024-11-03,RB F1 Team,Italian,Liam,Lawson,New Zealander,Finished,Autódromo José Carlos Pace,São Paulo,Brazil,-23.7036,-46.6997,-4,1,Liam Lawson,21,0,0,1
26694,1141,1,131,14,10,1.0,69,1,2024,21,18,São Paulo Grand Prix,2024-11-03,Mercedes,German,Lewis,Hamilton,British,Finished,Autódromo José Carlos Pace,São Paulo,Brazil,-23.7036,-46.6997,4,1,Lewis Hamilton,21,0,0,1
26695,1141,815,9,12,11,0.0,69,1,2024,21,18,São Paulo Grand Prix,2024-11-03,Red Bull,Austrian,Sergio,Pérez,Mexican,Finished,Autódromo José Carlos Pace,São Paulo,Brazil,-23.7036,-46.6997,1,1,Sergio Pérez,21,0,0,0
26696,1141,860,210,15,12,0.0,69,1,2024,21,18,São Paulo Grand Prix,2024-11-03,Haas F1 Team,American,Oliver,Bearman,British,Finished,Autódromo José Carlos Pace,São Paulo,Brazil,-23.7036,-46.6997,3,1,Oliver Bearman,21,0,0,0
26697,1141,822,15,11,13,0.0,69,1,2024,21,18,São Paulo Grand Prix,2024-11-03,Sauber,Swiss,Valtteri,Bottas,Finnish,Finished,Autódromo José Carlos Pace,São Paulo,Brazil,-23.7036,-46.6997,-2,1,Valtteri Bottas,21,0,0,0
26698,1141,4,117,9,14,0.0,69,1,2024,21,18,São Paulo Grand Prix,2024-11-03,Aston Martin,British,Fernando,Alonso,Spanish,Finished,Autódromo José Carlos Pace,São Paulo,Brazil,-23.7036,-46.6997,-5,1,Fernando Alonso,21,0,0,0
26699,1141,855,15,19,15,0.0,69,1,2024,21,18,São Paulo Grand Prix,2024-11-03,Sauber,Swiss,Guanyu,Zhou,Chinese,Finished,Autódromo José Carlos Pace,São Paulo,Brazil,-23.7036,-46.6997,4,1,Guanyu Zhou,21,0,0,0
26700,1141,832,6,0,16,0.0,38,3,2024,21,18,São Paulo Grand Prix,2024-11-03,Ferrari,Italian,Carlos,Sainz,Spanish,Accident,Autódromo José Carlos Pace,São Paulo,Brazil,-23.7036,-46.6997,-16,0,Carlos Sainz,21,0,0,0
26701,1141,861,3,16,17,0.0,30,3,2024,21,18,São Paulo Grand Prix,2024-11-03,Williams,British,Franco,Colapinto,Argentinian,Accident,Autódromo José Carlos Pace,São Paulo,Brazil,-23.7036,-46.6997,-1,0,Franco Colapinto,21,0,0,0
26702,1141,848,3,7,18,0.0,0,54,2024,21,18,São Paulo Grand Prix,2024-11-03,Williams,British,Alexander,Albon,Thai,Withdrew,Autódromo José Carlos Pace,São Paulo,Brazil,-23.7036,-46.6997,-11,0,Alexander Albon,21,0,0,0
26703,1141,840,117,10,19,0.0,0,54,2024,21,18,São Paulo Grand Prix,2024-11-03,Aston Martin,British,Lance,Stroll,Canadian,Withdrew,Autódromo José Carlos Pace,São Paulo,Brazil,-23.7036,-46.6997,-9,0,Lance Stroll,21,0,0,0
26704,1141,807,210,17,20,0.0,0,2,2024,21,18,São Paulo Grand Prix,2024-11-03,Haas F1 Team,American,Nico,Hülkenberg,German,Disqualified,Autódromo José Carlos Pace,São Paulo,Brazil,-23.7036,-46.6997,-3,0,Nico Hülkenberg,21,0,0,0
26705,1142,847,131,1,1,25.0,50,1,2024,22,80,Las Vegas Grand Prix,2024-11-23,Mercedes,German,George,Russell,British,Finished,Las Vegas Strip Street Circuit,Las Vegas,United States,36.1147,-115.173,0,1,George Russell,22,1,1,1
26706,1142,1,131,10,2,18.0,50,1,2024,22,80,Las Vegas Grand Prix,2024-11-23,Mercedes,German,Lewis,Hamilton,British,Finished,Las Vegas Strip Street Circuit,Las Vegas,United States,36.1147,-115.173,8,1,Lewis Hamilton,22,1,0,1
26707,1142,832,6,2,3,15.0,50,1,2024,22,80,Las Vegas Grand Prix,2024-11-23,Ferrari,Italian,Carlos,Sainz,Spanish,Finished,Las Vegas Strip Street Circuit,Las Vegas,United States,36.1147,-115.173,-1,1,Carlos Sainz,22,1,0,1
26708,1142,844,6,4,4,12.0,50,1,2024,22,80,Las Vegas Grand Prix,2024-11-23,Ferrari,Italian,Charles,Leclerc,Monegasque,Finished,Las Vegas Strip Street Circuit,Las Vegas,United States,36.1147,-115.173,0,1,Charles Leclerc,22,0,0,1
26709,1142,830,9,5,5,10.0,50,1,2024,22,80,Las Vegas Grand Prix,2024-11-23,Red Bull,Austrian,Max,Verstappen,Dutch,Finished,Las Vegas Strip Street Circuit,Las Vegas,United States,36.1147,-115.173,0,1,Max Verstappen,22,0,0,1
26710,1142,846,1,6,6,9.0,50,1,2024,22,80,Las Vegas Grand Prix,2024-11-23,McLaren,British,Lando,Norris,British,Finished,Las Vegas Strip Street Circuit,Las Vegas,United States,36.1147,-115.173,0,1,Lando Norris,22,0,0,1
26711,1142,857,1,8,7,6.0,50,1,2024,22,80,Las Vegas Grand Prix,2024-11-23,McLaren,British,Oscar,Piastri,Australian,Finished,Las Vegas Strip Street Circuit,Las Vegas,United States,36.1147,-115.173,1,1,Oscar Piastri,22,0,0,1
26712,1142,807,210,9,8,4.0,50,1,2024,22,80,Las Vegas Grand Prix,2024-11-23,Haas F1 Team,American,Nico,Hülkenberg,German,Finished,Las Vegas Strip Street Circuit,Las Vegas,United States,36.1147,-115.173,1,1,Nico Hülkenberg,22,0,0,1
26713,1142,852,215,7,9,2.0,50,1,2024,22,80,Las Vegas Grand Prix,2024-11-23,RB F1 Team,Italian,Yuki,Tsunoda,Japanese,Finished,Las Vegas Strip Street Circuit,Las Vegas,United States,36.1147,-115.173,-2,1,Yuki Tsunoda,22,0,0,1
26714,1142,815,9,15,10,1.0,50,1,2024,22,80,Las Vegas Grand Prix,2024-11-23,Red Bull,Austrian,Sergio,Pérez,Mexican,Finished,Las Vegas Strip Street Circuit,Las Vegas,United States,36.1147,-115.173,5,1,Sergio Pérez,22,0,0,1
26715,1142,4,117,16,11,0.0,50,1,2024,22,80,Las Vegas Grand Prix,2024-11-23,Aston Martin,British,Fernando,Alonso,Spanish,Finished,Las Vegas Strip Street Circuit,Las Vegas,United States,36.1147,-115.173,5,1,Fernando Alonso,22,0,0,0
26716,1142,825,210,12,12,0.0,50,1,2024,22,80,Las Vegas Grand Prix,2024-11-23,Haas F1 Team,American,Kevin,Magnussen,Danish,Finished,Las Vegas Strip Street Circuit,Las Vegas,United States,36.1147,-115.173,0,1,Kevin Magnussen,22,0,0,0
26717,1142,855,15,13,13,0.0,50,1,2024,22,80,Las Vegas Grand Prix,2024-11-23,Sauber,Swiss,Guanyu,Zhou,Chinese,Finished,Las Vegas Strip Street Circuit,Las Vegas,United States,36.1147,-115.173,0,1,Guanyu Zhou,22,0,0,0
26718,1142,861,3,0,14,0.0,50,1,2024,22,80,Las Vegas Grand Prix,2024-11-23,Williams,British,Franco,Colapinto,Argentinian,Finished,Las Vegas Strip Street Circuit,Las Vegas,United States,36.1147,-115.173,-14,1,Franco Colapinto,22,0,0,0
26719,1142,840,117,18,15,0.0,50,1,2024,22,80,Las Vegas Grand Prix,2024-11-23,Aston Martin,British,Lance,Stroll,Canadian,Finished,Las Vegas Strip Street Circuit,Las Vegas,United States,36.1147,-115.173,3,1,Lance Stroll,22,0,0,0
26720,1142,859,215,14,16,0.0,50,1,2024,22,80,Las Vegas Grand Prix,2024-11-23,RB F1 Team,Italian,Liam,Lawson,New Zealander,Finished,Las Vegas Strip Street Circuit,Las Vegas,United States,36.1147,-115.173,-2,1,Liam Lawson,22,0,0,0
26721,1142,839,214,11,17,0.0,49,11,2024,22,80,Las Vegas Grand Prix,2024-11-23,Alpine F1 Team,French,Esteban,Ocon,French,+1 Lap,Las Vegas Strip Street Circuit,Las Vegas,United States,36.1147,-115.173,-6,1,Esteban Ocon,22,0,0,0
26722,1142,822,15,19,18,0.0,49,11,2024,22,80,Las Vegas Grand Prix,2024-11-23,Sauber,Swiss,Valtteri,Bottas,Finnish,+1 Lap,Las Vegas Strip Street Circuit,Las Vegas,United States,36.1147,-115.173,1,1,Valtteri Bottas,22,0,0,0
26723,1142,848,3,17,19,0.0,25,21,2024,22,80,Las Vegas Grand Prix,2024-11-23,Williams,British,Alexander,Albon,Thai,Radiator,Las Vegas Strip Street Circuit,Las Vegas,United States,36.1147,-115.173,-2,0,Alexander Albon,22,0,0,0
26724,1142,842,214,3,20,0.0,15,5,2024,22,80,Las Vegas Grand Prix,2024-11-23,Alpine F1 Team,French,Pierre,Gasly,French,Engine,Las Vegas Strip Street Circuit,Las Vegas,United States,36.1147,-115.173,-17,0,Pierre Gasly,22,0,0,0
26725,1143,830,9,2,1,25.0,57,1,2024,23,78,Qatar Grand Prix,2024-12-01,Red Bull,Austrian,Max,Verstappen,Dutch,Finished,Losail International Circuit,Al Daayen,Qatar,25.49,51.4542,1,1,Max Verstappen,23,1,1,1
26726,1143,844,6,5,2,18.0,57,1,2024,23,78,Qatar Grand Prix,2024-12-01,Ferrari,Italian,Charles,Leclerc,Monegasque,Finished,Losail International Circuit,Al Daayen,Qatar,25.49,51.4542,3,1,Charles Leclerc,23,1,0,1
26727,1143,857,1,4,3,15.0,57,1,2024,23,78,Qatar Grand Prix,2024-12-01,McLaren,British,Oscar,Piastri,Australian,Finished,Losail International Circuit,Al Daayen,Qatar,25.49,51.4542,1,1,Oscar Piastri,23,1,0,1
26728,1143,847,131,1,4,12.0,57,1,2024,23,78,Qatar Grand Prix,2024-12-01,Mercedes,German,George,Russell,British,Finished,Losail International Circuit,Al Daayen,Qatar,25.49,51.4542,-3,1,George Russell,23,0,0,1
26729,1143,842,214,11,5,10.0,57,1,2024,23,78,Qatar Grand Prix,2024-12-01,Alpine F1 Team,French,Pierre,Gasly,French,Finished,Losail International Circuit,Al Daayen,Qatar,25.49,51.4542,6,1,Pierre Gasly,23,0,0,1
26730,1143,832,6,7,6,8.0,57,1,2024,23,78,Qatar Grand Prix,2024-12-01,Ferrari,Italian,Carlos,Sainz,Spanish,Finished,Losail International Circuit,Al Daayen,Qatar,25.49,51.4542,1,1,Carlos Sainz,23,0,0,1
26731,1143,4,117,8,7,6.0,57,1,2024,23,78,Qatar Grand Prix,2024-12-01,Aston Martin,British,Fernando,Alonso,Spanish,Finished,Losail International Circuit,Al Daayen,Qatar,25.49,51.4542,1,1,Fernando Alonso,23,0,0,1
26732,1143,855,15,12,8,4.0,57,1,2024,23,78,Qatar Grand Prix,2024-12-01,Sauber,Swiss,Guanyu,Zhou,Chinese,Finished,Losail International Circuit,Al Daayen,Qatar,25.49,51.4542,4,1,Guanyu Zhou,23,0,0,1
26733,1143,825,210,10,9,2.0,57,1,2024,23,78,Qatar Grand Prix,2024-12-01,Haas F1 Team,American,Kevin,Magnussen,Danish,Finished,Losail International Circuit,Al Daayen,Qatar,25.49,51.4542,1,1,Kevin Magnussen,23,0,0,1
26734,1143,846,1,3,10,2.0,57,1,2024,23,78,Qatar Grand Prix,2024-12-01,McLaren,British,Lando,Norris,British,Finished,Losail International Circuit,Al Daayen,Qatar,25.49,51.4542,-7,1,Lando Norris,23,0,0,1
26735,1143,822,15,13,11,0.0,57,1,2024,23,78,Qatar Grand Prix,2024-12-01,Sauber,Swiss,Valtteri,Bottas,Finnish,Finished,Losail International Circuit,Al Daayen,Qatar,25.49,51.4542,2,1,Valtteri Bottas,23,0,0,0
26736,1143,1,131,6,12,0.0,57,1,2024,23,78,Qatar Grand Prix,2024-12-01,Mercedes,German,Lewis,Hamilton,British,Finished,Losail International Circuit,Al Daayen,Qatar,25.49,51.4542,-6,1,Lewis Hamilton,23,0,0,0
26737,1143,852,215,14,13,0.0,57,1,2024,23,78,Qatar Grand Prix,2024-12-01,RB F1 Team,Italian,Yuki,Tsunoda,Japanese,Finished,Losail International Circuit,Al Daayen,Qatar,25.49,51.4542,1,1,Yuki Tsunoda,23,0,0,0
26738,1143,859,215,17,14,0.0,57,1,2024,23,78,Qatar Grand Prix,2024-12-01,RB F1 Team,Italian,Liam,Lawson,New Zealander,Finished,Losail International Circuit,Al Daayen,Qatar,25.49,51.4542,3,1,Liam Lawson,23,0,0,0
26739,1143,848,3,16,15,0.0,56,11,2024,23,78,Qatar Grand Prix,2024-12-01,Williams,British,Alexander,Albon,Thai,+1 Lap,Losail International Circuit,Al Daayen,Qatar,25.49,51.4542,1,1,Alexander Albon,23,0,0,0
26740,1143,807,210,18,16,0.0,39,20,2024,23,78,Qatar Grand Prix,2024-12-01,Haas F1 Team,American,Nico,Hülkenberg,German,Spun off,Losail International Circuit,Al Daayen,Qatar,25.49,51.4542,2,0,Nico Hülkenberg,23,0,0,0
26741,1143,815,9,9,17,0.0,38,20,2024,23,78,Qatar Grand Prix,2024-12-01,Red Bull,Austrian,Sergio,Pérez,Mexican,Spun off,Losail International Circuit,Al Daayen,Qatar,25.49,51.4542,-8,0,Sergio Pérez,23,0,0,0
26742,1143,840,117,15,18,0.0,8,130,2024,23,78,Qatar Grand Prix,2024-12-01,Aston Martin,British,Lance,Stroll,Canadian,Collision damage,Losail International Circuit,Al Daayen,Qatar,25.49,51.4542,-3,0,Lance Stroll,23,0,0,0
26743,1143,861,3,19,19,0.0,0,4,2024,23,78,Qatar Grand Prix,2024-12-01,Williams,British,Franco,Colapinto,Argentinian,Collision,Losail International Circuit,Al Daayen,Qatar,25.49,51.4542,0,0,Franco Colapinto,23,0,0,0
26744,1143,839,214,20,20,0.0,0,4,2024,23,78,Qatar Grand Prix,2024-12-01,Alpine F1 Team,French,Esteban,Ocon,French,Collision,Losail International Circuit,Al Daayen,Qatar,25.49,51.4542,0,0,Esteban Ocon,23,0,0,0
26745,1144,846,1,1,1,25.0,58,1,2024,24,24,Abu Dhabi Grand Prix,2024-12-08,McLaren,British,Lando,Norris,British,Finished,Yas Marina Circuit,Abu Dhabi,UAE,24.4672,54.6031,0,1,Lando Norris,24,1,1,1
26746,1144,832,6,3,2,18.0,58,1,2024,24,24,Abu Dhabi Grand Prix,2024-12-08,Ferrari,Italian,Carlos,Sainz,Spanish,Finished,Yas Marina Circuit,Abu Dhabi,UAE,24.4672,54.6031,1,1,Carlos Sainz,24,1,0,1
26747,1144,844,6,19,3,15.0,58,1,2024,24,24,Abu Dhabi Grand Prix,2024-12-08,Ferrari,Italian,Charles,Leclerc,Monegasque,Finished,Yas Marina Circuit,Abu Dhabi,UAE,24.4672,54.6031,16,1,Charles Leclerc,24,1,0,1
26748,1144,1,131,16,4,12.0,58,1,2024,24,24,Abu Dhabi Grand Prix,2024-12-08,Mercedes,German,Lewis,Hamilton,British,Finished,Yas Marina Circuit,Abu Dhabi,UAE,24.4672,54.6031,12,1,Lewis Hamilton,24,0,0,1
26749,1144,847,131,6,5,10.0,58,1,2024,24,24,Abu Dhabi Grand Prix,2024-12-08,Mercedes,German,George,Russell,British,Finished,Yas Marina Circuit,Abu Dhabi,UAE,24.4672,54.6031,1,1,George Russell,24,0,0,1
26750,1144,830,9,4,6,8.0,58,1,2024,24,24,Abu Dhabi Grand Prix,2024-12-08,Red Bull,Austrian,Max,Verstappen,Dutch,Finished,Yas Marina Circuit,Abu Dhabi,UAE,24.4672,54.6031,-2,1,Max Verstappen,24,0,0,1
26751,1144,842,214,5,7,6.0,58,1,2024,24,24,Abu Dhabi Grand Prix,2024-12-08,Alpine F1 Team,French,Pierre,Gasly,French,Finished,Yas Marina Circuit,Abu Dhabi,UAE,24.4672,54.6031,-2,1,Pierre Gasly,24,0,0,1
26752,1144,807,210,7,8,4.0,58,1,2024,24,24,Abu Dhabi Grand Prix,2024-12-08,Haas F1 Team,American,Nico,Hülkenberg,German,Finished,Yas Marina Circuit,Abu Dhabi,UAE,24.4672,54.6031,-1,1,Nico Hülkenberg,24,0,0,1
26753,1144,4,117,8,9,2.0,58,1,2024,24,24,Abu Dhabi Grand Prix,2024-12-08,Aston Martin,British,Fernando,Alonso,Spanish,Finished,Yas Marina Circuit,Abu Dhabi,UAE,24.4672,54.6031,-1,1,Fernando Alonso,24,0,0,1
26754,1144,857,1,2,10,1.0,58,1,2024,24,24,Abu Dhabi Grand Prix,2024-12-08,McLaren,British,Oscar,Piastri,Australian,Finished,Yas Marina Circuit,Abu Dhabi,UAE,24.4672,54.6031,-8,1,Oscar Piastri,24,0,0,1
26755,1144,848,3,18,11,0.0,57,11,2024,24,24,Abu Dhabi Grand Prix,2024-12-08,Williams,British,Alexander,Albon,Thai,+1 Lap,Yas Marina Circuit,Abu Dhabi,UAE,24.4672,54.6031,7,1,Alexander Albon,24,0,0,0
26756,1144,852,215,11,12,0.0,57,11,2024,24,24,Abu Dhabi Grand Prix,2024-12-08,RB F1 Team,Italian,Yuki,Tsunoda,Japanese,+1 Lap,Yas Marina Circuit,Abu Dhabi,UAE,24.4672,54.6031,-1,1,Yuki Tsunoda,24,0,0,0
26757,1144,855,15,15,13,0.0,57,11,2024,24,24,Abu Dhabi Grand Prix,2024-12-08,Sauber,Swiss,Guanyu,Zhou,Chinese,+1 Lap,Yas Marina Circuit,Abu Dhabi,UAE,24.4672,54.6031,2,1,Guanyu Zhou,24,0,0,0
26758,1144,840,117,13,14,0.0,57,11,2024,24,24,Abu Dhabi Grand Prix,2024-12-08,Aston Martin,British,Lance,Stroll,Canadian,+1 Lap,Yas Marina Circuit,Abu Dhabi,UAE,24.4672,54.6031,-1,1,Lance Stroll,24,0,0,0
26759,1144,862,214,17,15,0.0,57,11,2024,24,24,Abu Dhabi Grand Prix,2024-12-08,Alpine F1 Team,French,Jack,Doohan,Australian,+1 Lap,Yas Marina Circuit,Abu Dhabi,UAE,24.4672,54.6031,2,1,Jack Doohan,24,0,0,0
26760,1144,825,210,14,16,0.0,57,11,2024,24,24,Abu Dhabi Grand Prix,2024-12-08,Haas F1 Team,American,Kevin,Magnussen,Danish,+1 Lap,Yas Marina Circuit,Abu Dhabi,UAE,24.4672,54.6031,-2,1,Kevin Magnussen,24,0,0,0
26761,1144,859,215,12,17,0.0,55,5,2024,24,24,Abu Dhabi Grand Prix,2024-12-08,RB F1 Team,Italian,Liam,Lawson,New Zealander,Engine,Yas Marina Circuit,Abu Dhabi,UAE,24.4672,54.6031,-5,0,Liam Lawson,24,0,0,0
26762,1144,822,15,9,18,0.0,30,130,2024,24,24,Abu Dhabi Grand Prix,2024-12-08,Sauber,Swiss,Valtteri,Bottas,Finnish,Collision damage,Yas Marina Circuit,Abu Dhabi,UAE,24.4672,54.6031,-9,0,Valtteri Bottas,24,0,0,0
26763,1144,861,3,20,19,0.0,26,5,2024,24,24,Abu Dhabi Grand Prix,2024-12-08,Williams,British,Franco,Colapinto,Argentinian,Engine,Yas Marina Circuit,Abu Dhabi,UAE,24.4672,54.6031,1,0,Franco Colapinto,24,0,0,0
26764,1144,815,9,10,20,0.0,0,4,2024,24,24,Abu Dhabi Grand Prix,2024-12-08,Red Bull,Austrian,Sergio,Pérez,Mexican,Collision,Yas Marina Circuit,Abu Dhabi,UAE,24.4672,54.6031,-10,0,Sergio Pérez,24,0,0,0
